{
  "cells": [
    {
      "raw": "import os\nimport pandas as pd\nimport numpy as np\nimport matplotlib.pyplot as plt\nimport seaborn as sns",
      "total-ns": 1725412896,
      "vars": {},
      "p2m": {},
      "m2p": {}
    },
    {
      "raw": "course = pd.read_csv(\"../input/course-reviews-university-of-waterloo/course_data_clean.csv\")",
      "total-ns": 110339319,
      "vars": {
        "course": 10523391
      },
      "p2m": {},
      "m2p": {}
    },
    {
      "raw": "course.info()",
      "total-ns": 32253629,
      "vars": {
        "course": 10523391
      },
      "p2m": {},
      "m2p": {}
    },
    {
      "raw": "course.shape",
      "total-ns": 619300,
      "vars": {
        "course": 10523391
      },
      "p2m": {},
      "m2p": {}
    },
    {
      "raw": "course.head(10)",
      "total-ns": 660530,
      "vars": {
        "course": 10523391
      },
      "p2m": {},
      "m2p": {}
    },
    {
      "raw": "course.tail(10)",
      "total-ns": 539340,
      "vars": {
        "course": 10523391
      },
      "p2m": {},
      "m2p": {}
    },
    {
      "raw": "course.describe()",
      "total-ns": 11934340,
      "vars": {
        "course": 10523391
      },
      "p2m": {},
      "m2p": {}
    },
    {
      "raw": "course.info()",
      "total-ns": 17139619,
      "vars": {
        "course": 10523391
      },
      "p2m": {},
      "m2p": {}
    },
    {
      "raw": "course = course.dropna()",
      "total-ns": 17168880,
      "vars": {
        "course": 10493144
      },
      "p2m": {},
      "m2p": {}
    },
    {
      "raw": "course[[\"course_unit\", \"course_num\"]] = course[\"course_code\"].str.split(\" \", expand=True)",
      "total-ns": 15675540,
      "vars": {
        "course": 12253703
      },
      "p2m": {},
      "m2p": {}
    },
    {
      "raw": "course",
      "total-ns": 538690,
      "vars": {
        "course": 12253703
      },
      "p2m": {},
      "m2p": {}
    },
    {
      "raw": "course[course[\"num_reviews\"] < 10].index",
      "total-ns": 4228110,
      "vars": {
        "course": 12253703
      },
      "p2m": {},
      "m2p": {}
    },
    {
      "raw": "course.drop(course[course[\"num_reviews\"] < 10].index, inplace=True)",
      "total-ns": 4137100,
      "vars": {
        "course": 8381965
      },
      "p2m": {},
      "m2p": {}
    },
    {
      "raw": "course",
      "total-ns": 550280,
      "vars": {
        "course": 8381965
      },
      "p2m": {},
      "m2p": {}
    },
    {
      "raw": "for i in [\"useful\", \"easy\", \"liked\"]:\n    course[i] = course[i].str.replace(\"%\", \"\")\n    course[i] = course[i].astype(\"int\")",
      "total-ns": 13258390,
      "vars": {
        "course": 6810418
      },
      "p2m": {},
      "m2p": {}
    },
    {
      "raw": "course.set_index(\"course_unit\", inplace=True)",
      "total-ns": 1053700,
      "vars": {
        "course": 6729818
      },
      "p2m": {},
      "m2p": {}
    },
    {
      "raw": "course",
      "total-ns": 475590,
      "vars": {
        "course": 6729818
      },
      "p2m": {},
      "m2p": {}
    },
    {
      "raw": "course.drop([\"course_title\", \"reviews\", \"course_rating\"], axis=1, inplace=True)",
      "total-ns": 1915150,
      "vars": {
        "course": 2347306
      },
      "p2m": {},
      "m2p": {}
    },
    {
      "raw": "course",
      "total-ns": 461300,
      "vars": {
        "course": 2347306
      },
      "p2m": {},
      "m2p": {}
    },
    {
      "raw": "course.info()",
      "total-ns": 6879180,
      "vars": {
        "course": 2347306
      },
      "p2m": {},
      "m2p": {}
    },
    {
      "raw": "course_gp = course.groupby(\"course_unit\").mean()",
      "total-ns": 4953340,
      "vars": {
        "course": 2347306,
        "course_gp": 7520
      },
      "p2m": {},
      "m2p": {}
    },
    {
      "raw": "course_gp",
      "total-ns": 519300,
      "vars": {
        "course": 2347306,
        "course_gp": 7520
      },
      "p2m": {},
      "m2p": {}
    },
    {
      "raw": "# STEFANOS-DISABLE-FOR-MODIN: Modin seems to fail in the LHS, giving an error that \"course_rating_mean\" is\n# not in the DF. Of course, it's valid code because we're creating this column here.\n# The problem we cannot just disable this code because follow-up code depends on this column. So, we will create\n# the column before the loop so that indexing in the LHS does not fail.\n\n###### ORIGINAL CODE ###########\n# for i in course_gp.index:\n#     course.loc[i, \"course_rating_mean\"] = course_gp.loc[i, \"course_rating_int\"]\n\n###### CODE THAT MODIN CAN RUN ########\ncourse[\"course_rating_mean\"] = None\nfor i in course_gp.index:\n    course.loc[i, \"course_rating_mean\"] = course_gp.loc[i, \"course_rating_int\"]",
      "total-ns": 21504570,
      "vars": {
        "course": 3014538,
        "course_gp": 9624
      },
      "p2m": {},
      "m2p": {}
    },
    {
      "raw": "course",
      "total-ns": 489180,
      "vars": {
        "course": 3014538,
        "course_gp": 9624
      },
      "p2m": {},
      "m2p": {}
    },
    {
      "raw": "course.reset_index(inplace=True)",
      "total-ns": 1401240,
      "vars": {
        "course": 2750434,
        "course_gp": 9624
      },
      "p2m": {},
      "m2p": {}
    },
    {
      "raw": "course",
      "total-ns": 497250,
      "vars": {
        "course": 2750434,
        "course_gp": 9624
      },
      "p2m": {},
      "m2p": {}
    },
    {
      "raw": "course.groupby(\"course_unit\").mean()[\"course_rating_int\"]",
      "total-ns": 3451420,
      "vars": {
        "course": 2750434,
        "course_gp": 9624
      },
      "p2m": {},
      "m2p": {}
    },
    {
      "raw": "course[course[\"course_code\"].str.startswith(\"CS\")].value_counts()",
      "total-ns": 9921940,
      "vars": {
        "course": 2750434,
        "course_gp": 9624
      },
      "p2m": {},
      "m2p": {}
    },
    {
      "raw": "course",
      "total-ns": 533730,
      "vars": {
        "course": 2750434,
        "course_gp": 9624
      },
      "p2m": {},
      "m2p": {}
    },
    {
      "raw": "# STEFANOS: Disable plotting\n# plt.figure(figsize=(25,20))\n# sns.pairplot(data=course)\n# plt.show()",
      "total-ns": 271730,
      "vars": {
        "course": 2750434,
        "course_gp": 9624
      },
      "p2m": {},
      "m2p": {}
    },
    {
      "raw": "# STEFANOS: Disable plotting\n# plt.figure(figsize=(12,10))\n# sns.scatterplot(x=\"num_ratings\", y=\"course_rating_mean\", data=course)\n# plt.show()",
      "total-ns": 288220,
      "vars": {
        "course": 2750434,
        "course_gp": 9624
      },
      "p2m": {},
      "m2p": {}
    },
    {
      "raw": "# STEFANOS: Disable plotting\n# plt.figure(figsize=(12,10))\n# sns.scatterplot(x=\"num_reviews\", y=\"course_rating_mean\", data=course)\n# plt.show()",
      "total-ns": 312450,
      "vars": {
        "course": 2750434,
        "course_gp": 9624
      },
      "p2m": {},
      "m2p": {}
    },
    {
      "raw": "# STEFANOS: Disable plotting\n# plt.figure(figsize=(25,20))\n# sns.scatterplot(x=\"useful\", y=\"course_rating_mean\", hue=\"course_unit\", data=course)\n# plt.xlabel(\"useful\", fontsize = 20)\n# plt.ylabel(\"Course Rating Mean\", fontsize = 20)\n# plt.show()",
      "total-ns": 260530,
      "vars": {
        "course": 2750434,
        "course_gp": 9624
      },
      "p2m": {},
      "m2p": {}
    },
    {
      "raw": "# STEFANOS: Disable plotting\n# plt.figure(figsize=(25,20))\n# sns.scatterplot(x=\"easy\", y=\"course_rating_mean\", hue=\"course_unit\", data=course)\n# plt.xlabel(\"easy\", fontsize = 20)\n# plt.ylabel(\"Course Rating Mean\", fontsize = 20)\n# plt.show()",
      "total-ns": 278370,
      "vars": {
        "course": 2750434,
        "course_gp": 9624
      },
      "p2m": {},
      "m2p": {}
    },
    {
      "raw": "# STEFANOS: Disable plotting\n# plt.figure(figsize=(25,20))\n# sns.scatterplot(x=\"liked\", y=\"course_rating_mean\", hue=\"course_unit\", data=course)\n# plt.xlabel(\"liked\", fontsize = 20)\n# plt.ylabel(\"Course Rating Mean\", fontsize = 20)\n# plt.show()",
      "total-ns": 269250,
      "vars": {
        "course": 2750434,
        "course_gp": 9624
      },
      "p2m": {},
      "m2p": {}
    },
    {
      "raw": "course.sort_values(\"course_rating_mean\", ascending=False, inplace=True)\n\n# STEFANOS: Disable plotting\n# plt.figure(figsize=(25,20))\n# sns.set_palette(\"Pastel1\")\n# sns.barplot(x=\"course_rating_mean\", y=\"course_unit\", data=course)\n# plt.xlabel(\"Course Rating Mean\", fontsize = 20)\n# plt.ylabel(\"Course Unit\", fontsize = 20)\n# plt.show()",
      "total-ns": 7817650,
      "vars": {
        "course": 2830906,
        "course_gp": 9624
      },
      "p2m": {},
      "m2p": {}
    },
    {
      "raw": "course.reset_index(inplace=True)",
      "total-ns": 958009,
      "vars": {
        "course": 2831034,
        "course_gp": 9624
      },
      "p2m": {},
      "m2p": {}
    },
    {
      "raw": "course.set_index(\"course_unit\", inplace=True)",
      "total-ns": 951250,
      "vars": {
        "course": 2830906,
        "course_gp": 9624
      },
      "p2m": {},
      "m2p": {}
    },
    {
      "raw": "course.loc[\"KOREA\", \"course_rating_mean\"].value_counts()",
      "total-ns": 3320410,
      "vars": {
        "course": 3095138,
        "course_gp": 9624
      },
      "p2m": {},
      "m2p": {}
    },
    {
      "raw": "KOREA = course.loc[\"KOREA\", :]",
      "total-ns": 1199290,
      "vars": {
        "course": 3095138,
        "course_gp": 9624,
        "KOREA": 4878
      },
      "p2m": {},
      "m2p": {}
    },
    {
      "raw": "# STEFANOS: Disable plotting\n# plt.figure(figsize=(10,10))\n# sns.barplot(x=\"course_code\", y=\"course_rating_mean\", data=KOREA)\n# plt.xlabel(\"KOREA course\", fontsize = 20)\n# plt.ylabel(\"Course Rating Mean\", fontsize = 20)\n# plt.show()",
      "total-ns": 311660,
      "vars": {
        "course": 3095138,
        "course_gp": 9624,
        "KOREA": 4878
      },
      "p2m": {},
      "m2p": {}
    },
    {
      "raw": "course.loc[\"CHINA\", \"course_rating_mean\"].value_counts()",
      "total-ns": 2183230,
      "vars": {
        "course": 3095138,
        "course_gp": 9624,
        "KOREA": 4878
      },
      "p2m": {},
      "m2p": {}
    },
    {
      "raw": "china = course.loc[\"CHINA\", :]",
      "total-ns": 1560060,
      "vars": {
        "course": 3095138,
        "course_gp": 9624,
        "KOREA": 4878,
        "china": 3162
      },
      "p2m": {},
      "m2p": {}
    },
    {
      "raw": "# STEFANOS: Disable plotting\n# plt.figure(figsize=(10,10))\n# sns.barplot(x=\"course_code\", y=\"course_rating_mean\", data=china)\n# plt.xlabel(\"CHINA course\", fontsize = 20)\n# plt.ylabel(\"Course Rating Mean\", fontsize = 20)\n# plt.show()",
      "total-ns": 318710,
      "vars": {
        "course": 3095138,
        "course_gp": 9624,
        "KOREA": 4878,
        "china": 3162
      },
      "p2m": {},
      "m2p": {}
    },
    {
      "raw": "course.loc[\"CHINA\", \"course_rating_mean\"].value_counts()",
      "total-ns": 2219240,
      "vars": {
        "course": 3095138,
        "course_gp": 9624,
        "KOREA": 4878,
        "china": 3162
      },
      "p2m": {},
      "m2p": {}
    },
    {
      "raw": "span = course.loc[\"SPAN\", :]\n\n# STEFANOS: Disable plotting\n# plt.figure(figsize=(10,10))\n# sns.barplot(x=\"course_code\", y=\"course_rating_mean\", data=span)\n# plt.xlabel(\"SPANISH course\", fontsize = 20)\n# plt.ylabel(\"Course Rating Mean\", fontsize = 20)\n# plt.show()",
      "total-ns": 1610429,
      "vars": {
        "course": 3095138,
        "course_gp": 9624,
        "KOREA": 4878,
        "china": 3162,
        "span": 6220
      },
      "p2m": {},
      "m2p": {}
    },
    {
      "raw": "course.loc[\"CS\", \"course_rating_mean\"].value_counts()",
      "total-ns": 2341980,
      "vars": {
        "course": 3095138,
        "course_gp": 9624,
        "KOREA": 4878,
        "china": 3162,
        "span": 6220
      },
      "p2m": {},
      "m2p": {}
    },
    {
      "raw": "cs = course.loc[\"CS\", :]\ncs",
      "total-ns": 1575590,
      "vars": {
        "course": 3095138,
        "course_gp": 9624,
        "KOREA": 4878,
        "china": 3162,
        "span": 6220,
        "cs": 441788
      },
      "p2m": {},
      "m2p": {}
    },
    {
      "raw": "cs_mean = cs.groupby(\"course_code\").mean().sort_values(\"course_rating_int\", ascending=False)\ncs_mean",
      "total-ns": 2598490,
      "vars": {
        "course": 3095138,
        "course_gp": 9624,
        "KOREA": 4878,
        "china": 3162,
        "span": 6220,
        "cs": 441788,
        "cs_mean": 4301
      },
      "p2m": {},
      "m2p": {}
    },
    {
      "raw": "# STEFANOS: Disable plotting\n# plt.figure(figsize=(15,10))\n# sns.barplot(x=\"course_rating_int\", y=cs_mean.index, data=cs_mean)\n# plt.xlabel(\"Course Rating Mean\", fontsize = 20)\n# plt.ylabel(\"CS Course\", fontsize = 20)\n# plt.show()",
      "total-ns": 351890,
      "vars": {
        "course": 3095138,
        "course_gp": 9624,
        "KOREA": 4878,
        "china": 3162,
        "span": 6220,
        "cs": 441788,
        "cs_mean": 4301
      },
      "p2m": {},
      "m2p": {}
    },
    {
      "raw": "course.loc[\"WKRPT\", \"course_rating_mean\"].value_counts()",
      "total-ns": 2083310,
      "vars": {
        "course": 3095138,
        "course_gp": 9624,
        "KOREA": 4878,
        "china": 3162,
        "span": 6220,
        "cs": 441788,
        "cs_mean": 4301
      },
      "p2m": {},
      "m2p": {}
    },
    {
      "raw": "wkrpt = course.loc[\"WKRPT\", :]\nwkrpt",
      "total-ns": 1429090,
      "vars": {
        "course": 3095138,
        "course_gp": 9624,
        "KOREA": 4878,
        "china": 3162,
        "span": 6220,
        "cs": 441788,
        "cs_mean": 4301,
        "wkrpt": 7684
      },
      "p2m": {},
      "m2p": {}
    },
    {
      "raw": "wkrpt_mean = wkrpt.groupby(\"course_code\").mean().sort_values(\"course_rating_int\", ascending=False)\nwkrpt_mean",
      "total-ns": 2397600,
      "vars": {
        "course": 3095138,
        "course_gp": 9624,
        "KOREA": 4878,
        "china": 3162,
        "span": 6220,
        "cs": 441788,
        "cs_mean": 4301,
        "wkrpt": 7684,
        "wkrpt_mean": 260
      },
      "p2m": {},
      "m2p": {}
    },
    {
      "raw": "# STEFANOS: Disable plotting\n# plt.figure(figsize=(15,10))\n# sns.barplot(x=\"course_rating_int\", y=wkrpt_mean.index, data=wkrpt_mean)\n# plt.xlabel(\"Course Rating Mean\", fontsize = 20)\n# plt.ylabel(\"WKRPT Course\", fontsize = 20)\n# plt.show()",
      "total-ns": 357660,
      "vars": {
        "course": 3095138,
        "course_gp": 9624,
        "KOREA": 4878,
        "china": 3162,
        "span": 6220,
        "cs": 441788,
        "cs_mean": 4301,
        "wkrpt": 7684,
        "wkrpt_mean": 260
      },
      "p2m": {},
      "m2p": {}
    },
    {
      "raw": "course.loc[\"PD\", \"course_rating_mean\"].value_counts()",
      "total-ns": 2081820,
      "vars": {
        "course": 3095138,
        "course_gp": 9624,
        "KOREA": 4878,
        "china": 3162,
        "span": 6220,
        "cs": 441788,
        "cs_mean": 4301,
        "wkrpt": 7684,
        "wkrpt_mean": 260
      },
      "p2m": {},
      "m2p": {}
    },
    {
      "raw": "pd = course.loc[\"PD\", :]\npd",
      "total-ns": 1451260,
      "vars": {
        "pd": 55470,
        "course": 3095138,
        "course_gp": 9624,
        "KOREA": 4878,
        "china": 3162,
        "span": 6220,
        "cs": 441788,
        "cs_mean": 4301,
        "wkrpt": 7684,
        "wkrpt_mean": 260
      },
      "p2m": {},
      "m2p": {}
    },
    {
      "raw": "pd_mean = pd.groupby(\"course_code\").mean().sort_values(\"course_rating_int\", ascending=False)\npd_mean",
      "total-ns": 2411970,
      "vars": {
        "pd": 55470,
        "course": 3095138,
        "course_gp": 9624,
        "KOREA": 4878,
        "china": 3162,
        "span": 6220,
        "cs": 441788,
        "cs_mean": 4301,
        "wkrpt": 7684,
        "wkrpt_mean": 260,
        "pd_mean": 721
      },
      "p2m": {},
      "m2p": {}
    },
    {
      "raw": "# STEFANOS: Disable plotting\n# plt.figure(figsize=(15,10))\n# sns.barplot(x=\"course_rating_int\", y=pd_mean.index, data=pd_mean)\n# plt.xlabel(\"Course Rating Mean\", fontsize = 20)\n# plt.ylabel(\"PD Course\", fontsize = 20)\n# plt.show()",
      "total-ns": 370290,
      "vars": {
        "pd": 55470,
        "course": 3095138,
        "course_gp": 9624,
        "KOREA": 4878,
        "china": 3162,
        "span": 6220,
        "cs": 441788,
        "cs_mean": 4301,
        "wkrpt": 7684,
        "wkrpt_mean": 260,
        "pd_mean": 721
      },
      "p2m": {},
      "m2p": {}
    }
  ]
}