{
  "cells": [
    {
      "raw": "import pandas as pd\nimport numpy as np",
      "total-ns": 2812870,
      "vars": {},
      "p2m": {},
      "m2p": {}
    },
    {
      "raw": "df = pd.read_csv('../input/annex1.csv')\ndf.head()",
      "total-ns": 4090860,
      "vars": {
        "df": 44092
      },
      "p2m": {},
      "m2p": {}
    },
    {
      "raw": "df1 = pd.read_csv('../input/annex2.csv')\ndf1.head()",
      "total-ns": 1047045346,
      "vars": {
        "df": 44092,
        "df1": 246008929
      },
      "p2m": {},
      "m2p": {}
    },
    {
      "raw": "# Join the both DataFrames\n\nmerge = pd.merge(df, df1, on ='Item Code')\nmerge.head()",
      "total-ns": 336865065,
      "vars": {
        "df": 44092,
        "df1": 246008929,
        "merge": 396247273
      },
      "p2m": {},
      "m2p": {}
    },
    {
      "raw": "merge.info()",
      "total-ns": 550667932,
      "vars": {
        "df": 44092,
        "df1": 246008929,
        "merge": 396247273
      },
      "p2m": {},
      "m2p": {}
    },
    {
      "raw": "# Rename Columns\nmerge = merge.rename(columns={'Quantity Sold (kilo)':'Quantity Sold', 'Unit Selling Price (RMB/kg)':'Unit Selling Price','Discount (Yes/No)':'Discount'})",
      "total-ns": 151927558,
      "vars": {
        "df": 44092,
        "df1": 246008929,
        "merge": 396247273
      },
      "p2m": {},
      "m2p": {}
    },
    {
      "raw": "#Change datatype of date column.\n\nmerge['Date'] = pd.to_datetime(merge['Date'])",
      "total-ns": 81752350,
      "vars": {
        "df": 44092,
        "df1": 246008929,
        "merge": 344415596
      },
      "p2m": {},
      "m2p": {}
    },
    {
      "raw": "merge.isnull().sum()",
      "total-ns": 469409954,
      "vars": {
        "df": 44092,
        "df1": 246008929,
        "merge": 344415596
      },
      "p2m": {},
      "m2p": {}
    },
    {
      "raw": "Category_count = merge['Category Name'].value_counts()\nCategory_count",
      "total-ns": 29966410,
      "vars": {
        "df": 44092,
        "df1": 246008929,
        "merge": 344415596,
        "Category_count": 516
      },
      "p2m": {},
      "m2p": {}
    },
    {
      "raw": "top_10_products = merge['Item Name'].value_counts()[:10]\ntop_10_products",
      "total-ns": 29624710,
      "vars": {
        "df": 44092,
        "df1": 246008929,
        "merge": 344415596,
        "Category_count": 516,
        "top_10_products": 820
      },
      "p2m": {},
      "m2p": {}
    },
    {
      "raw": "# Creating sales column\n\nmerge['Sales'] = merge['Unit Selling Price'] * merge['Quantity Sold']",
      "total-ns": 2496610,
      "vars": {
        "df": 44092,
        "df1": 246008929,
        "merge": 351443620,
        "Category_count": 516,
        "top_10_products": 820
      },
      "p2m": {},
      "m2p": {}
    },
    {
      "raw": "Item_sales = merge.groupby('Item Name',as_index=False)['Sales'].sum().sort_values(by='Sales',ascending=False).head(10)\nItem_sales",
      "total-ns": 45324319,
      "vars": {
        "df": 44092,
        "df1": 246008929,
        "merge": 351443620,
        "Category_count": 516,
        "top_10_products": 820,
        "Item_sales": 900
      },
      "p2m": {},
      "m2p": {}
    },
    {
      "raw": "#Add year column in dataframe\nmerge['Year'] = merge['Date'].dt.year",
      "total-ns": 23176860,
      "vars": {
        "df": 44092,
        "df1": 246008929,
        "merge": 358471644,
        "Category_count": 516,
        "top_10_products": 820,
        "Item_sales": 900
      },
      "p2m": {},
      "m2p": {}
    },
    {
      "raw": "Year_wise_sales=merge.groupby('Year')['Sales'].sum()\nYear_wise_sales",
      "total-ns": 12148490,
      "vars": {
        "df": 44092,
        "df1": 246008929,
        "merge": 358471644,
        "Category_count": 516,
        "top_10_products": 820,
        "Item_sales": 900,
        "Year_wise_sales": 80
      },
      "p2m": {},
      "m2p": {}
    },
    {
      "raw": "Sale_Or_Return = merge['Sale or Return'].value_counts()\nSale_Or_Return = pd.DataFrame(Sale_Or_Return)\nSale_Or_Return",
      "total-ns": 40042620,
      "vars": {
        "df": 44092,
        "df1": 246008929,
        "merge": 358471644,
        "Category_count": 516,
        "top_10_products": 820,
        "Item_sales": 900,
        "Year_wise_sales": 80,
        "Sale_Or_Return": 156
      },
      "p2m": {},
      "m2p": {}
    },
    {
      "raw": "Discount = merge['Discount'].value_counts()\nDiscount = pd.DataFrame(Discount)\nDiscount",
      "total-ns": 39830699,
      "vars": {
        "df": 44092,
        "df1": 246008929,
        "merge": 358471644,
        "Category_count": 516,
        "top_10_products": 820,
        "Item_sales": 900,
        "Year_wise_sales": 80,
        "Sale_Or_Return": 156,
        "Discount": 151
      },
      "p2m": {},
      "m2p": {}
    },
    {
      "raw": "",
      "total-ns": 215070,
      "vars": {
        "df": 44092,
        "df1": 246008929,
        "merge": 358471644,
        "Category_count": 516,
        "top_10_products": 820,
        "Item_sales": 900,
        "Year_wise_sales": 80,
        "Sale_Or_Return": 156,
        "Discount": 151
      },
      "p2m": {},
      "m2p": {}
    }
  ]
}