{
  "cells": [
    {
      "raw": "# This Python 3 environment comes with many helpful analytics libraries installed\n# It is defined by the kaggle/python Docker image: https://github.com/kaggle/docker-python\n# For example, here's several helpful packages to load\n\nimport numpy as np # linear algebra\nimport pandas as pd\nimport seaborn as sns \nimport matplotlib.pyplot as plt\n\n# Input data files are available in the read-only \"../input/\" directory\n# For example, running this (by clicking run or pressing Shift+Enter) will list all files under the input directory\n\nimport os\nfor dirname, _, filenames in os.walk('/kaggle/input'):\n    for filename in filenames:\n        print(os.path.join(dirname, filename))\n\n# You can write up to 20GB to the current directory (/kaggle/working/) that gets preserved as output when you create a version using \"Save & Run All\" \n# You can also write temporary files to /kaggle/temp/, but they won't be saved outside of the current session",
      "total-ns": 1020540496,
      "vars": {},
      "p2m": {},
      "m2p": {}
    },
    {
      "raw": "data = pd.read_csv(\"../input/Billionaires Statistics Dataset.csv\", index_col=\"rank\")",
      "total-ns": 22895081,
      "vars": {
        "data": 3218009
      },
      "p2m": {},
      "m2p": {}
    },
    {
      "raw": "data.info()",
      "total-ns": 9049511,
      "vars": {
        "data": 3218009
      },
      "p2m": {},
      "m2p": {}
    },
    {
      "raw": "data.head(5)",
      "total-ns": 465080,
      "vars": {
        "data": 3218009
      },
      "p2m": {},
      "m2p": {}
    },
    {
      "raw": "data.describe()",
      "total-ns": 24404570,
      "vars": {
        "data": 3218009
      },
      "p2m": {},
      "m2p": {}
    },
    {
      "raw": "country_names =data[\"country\"].value_counts() #List of how many billionaires there are in the country",
      "total-ns": 1005600,
      "vars": {
        "data": 3218009,
        "country_names": 5736
      },
      "p2m": {},
      "m2p": {}
    },
    {
      "raw": "country_names ",
      "total-ns": 369780,
      "vars": {
        "data": 3218009,
        "country_names": 5736
      },
      "p2m": {},
      "m2p": {}
    },
    {
      "raw": "data_100 = data.loc[:100,[\"finalWorth\",\"category\",\"country\"]]\n",
      "total-ns": 3240440,
      "vars": {
        "data": 3284097,
        "country_names": 5736,
        "data_100": 15339
      },
      "p2m": {},
      "m2p": {}
    },
    {
      "raw": "data_100_category = data_100[\"category\"].value_counts()",
      "total-ns": 796800,
      "vars": {
        "data": 3284097,
        "country_names": 5736,
        "data_100": 15339,
        "data_100_category": 1256
      },
      "p2m": {},
      "m2p": {}
    },
    {
      "raw": "data_usa = data[data[\"country\"]== \"United States\"] #We focus on billionaires based in United States\n",
      "total-ns": 1241570,
      "vars": {
        "data": 3284097,
        "country_names": 5736,
        "data_100": 15339,
        "data_100_category": 1256,
        "data_usa": 977499
      },
      "p2m": {},
      "m2p": {}
    },
    {
      "raw": "data_usa_category = data_usa[\"category\"].value_counts()\ndata_usa_category",
      "total-ns": 1745400,
      "vars": {
        "data": 3284097,
        "country_names": 5736,
        "data_100": 15339,
        "data_100_category": 1256,
        "data_usa": 977499,
        "data_usa_category": 1418
      },
      "p2m": {},
      "m2p": {}
    },
    {
      "raw": "data_usa_city = data_usa[\"city\"].value_counts()\nprint(data_usa_city)\ndata_usa_city.info()",
      "total-ns": 3630910,
      "vars": {
        "data": 3284097,
        "country_names": 5736,
        "data_100": 15339,
        "data_100_category": 1256,
        "data_usa": 977499,
        "data_usa_category": 1418,
        "data_usa_city": 19981
      },
      "p2m": {},
      "m2p": {}
    },
    {
      "raw": "data.head(5)",
      "total-ns": 397840,
      "vars": {
        "data": 3284097,
        "country_names": 5736,
        "data_100": 15339,
        "data_100_category": 1256,
        "data_usa": 977499,
        "data_usa_category": 1418,
        "data_usa_city": 19981
      },
      "p2m": {},
      "m2p": {}
    },
    {
      "raw": "category_list = list(data.category.unique())\ncategory_list",
      "total-ns": 479370,
      "vars": {
        "data": 3284097,
        "country_names": 5736,
        "data_100": 15339,
        "data_100_category": 1256,
        "data_usa": 977499,
        "data_usa_category": 1418,
        "data_usa_city": 19981
      },
      "p2m": {},
      "m2p": {}
    },
    {
      "raw": "data.finalWorth = data.finalWorth.astype(float)\nworth_average = []\nfor i in category_list:\n    x = data[data['category']==i]\n    worth_ratio = sum(x.finalWorth)/len(x)\n    worth_average.append(worth_ratio)\ndata2 = pd.DataFrame({'category_list': category_list,'worth_average':worth_average})\nnew_index = (data2['worth_average'].sort_values(ascending=False)).index.values\nnew_data = data2.reindex(new_index)",
      "total-ns": 9733271,
      "vars": {
        "data": 3284097,
        "country_names": 5736,
        "data_100": 15339,
        "data_100_category": 1256,
        "data_usa": 977499,
        "data_usa_category": 1418,
        "data_usa_city": 19981,
        "x": 49440,
        "data2": 1546,
        "new_data": 1562
      },
      "p2m": {},
      "m2p": {}
    },
    {
      "raw": "data3 =data.dropna(axis=\"index\",how=\"any\",inplace=False) # \u0131 created new df because so many nan values was exist",
      "total-ns": 5244571,
      "vars": {
        "data": 3284097,
        "country_names": 5736,
        "data_100": 15339,
        "data_100_category": 1256,
        "data_usa": 977499,
        "data_usa_category": 1418,
        "data_usa_city": 19981,
        "x": 49440,
        "data2": 1546,
        "new_data": 1562,
        "data3": 321534
      },
      "p2m": {},
      "m2p": {}
    },
    {
      "raw": "data3.head() ",
      "total-ns": 356871,
      "vars": {
        "data": 3284097,
        "country_names": 5736,
        "data_100": 15339,
        "data_100_category": 1256,
        "data_usa": 977499,
        "data_usa_category": 1418,
        "data_usa_city": 19981,
        "x": 49440,
        "data2": 1546,
        "new_data": 1562,
        "data3": 321534
      },
      "p2m": {},
      "m2p": {}
    },
    {
      "raw": "data3.info() #in the new df we have 238 rows for each column",
      "total-ns": 4378890,
      "vars": {
        "data": 3284097,
        "country_names": 5736,
        "data_100": 15339,
        "data_100_category": 1256,
        "data_usa": 977499,
        "data_usa_category": 1418,
        "data_usa_city": 19981,
        "x": 49440,
        "data2": 1546,
        "new_data": 1562,
        "data3": 321534
      },
      "p2m": {},
      "m2p": {}
    },
    {
      "raw": "data3.country.unique()  # and 238 billionaires in usa, others deleted.",
      "total-ns": 416490,
      "vars": {
        "data": 3284097,
        "country_names": 5736,
        "data_100": 15339,
        "data_100_category": 1256,
        "data_usa": 977499,
        "data_usa_category": 1418,
        "data_usa_city": 19981,
        "x": 49440,
        "data2": 1546,
        "new_data": 1562,
        "data3": 321534
      },
      "p2m": {},
      "m2p": {}
    }
  ]
}