{
  "cells": [
    {
      "raw": "# importing libraries\nimport numpy as np # linear algebra\nimport pandas as pd\nfrom datetime import datetime # datetime processing\n\n# setting path of the dataset\nimport os\nfor dirname, _, filenames in os.walk('../input'):\n    for filename in filenames:\n        print(os.path.join(dirname, filename))\n",
      "total-ns": 3914540,
      "vars": {},
      "p2m": {},
      "m2p": {}
    },
    {
      "raw": "melb_house = pd.read_csv(\"../input/melb_data.csv\")\n\n# checking the columns\nmelb_house.head()",
      "total-ns": 52995240,
      "vars": {
        "melb_house": 8531121
      },
      "p2m": {},
      "m2p": {}
    },
    {
      "raw": "melb_house.info()",
      "total-ns": 16491320,
      "vars": {
        "melb_house": 8531121
      },
      "p2m": {},
      "m2p": {}
    },
    {
      "raw": "melb_house.shape",
      "total-ns": 636340,
      "vars": {
        "melb_house": 8531121
      },
      "p2m": {},
      "m2p": {}
    },
    {
      "raw": "melb_house.info()",
      "total-ns": 16498910,
      "vars": {
        "melb_house": 8531121
      },
      "p2m": {},
      "m2p": {}
    },
    {
      "raw": "# checking for unique entries\n\nunique_val = []\nfor i in melb_house.columns:\n    u = melb_house[i].nunique()\n    unique_val.append(u)\n    \npd.DataFrame({\"No. of unique values\": unique_val}, index=melb_house.columns)",
      "total-ns": 9348129,
      "vars": {
        "melb_house": 8531121
      },
      "p2m": {},
      "m2p": {}
    },
    {
      "raw": "# Working dataset\ndataset = melb_house.copy()",
      "total-ns": 1420919,
      "vars": {
        "melb_house": 8531121,
        "dataset": 8531121
      },
      "p2m": {},
      "m2p": {}
    },
    {
      "raw": "# Features with missing values\nmiss = dataset.isnull().sum().sort_values(ascending = False).head(5)\nmiss_per = (miss/len(dataset))*100\n\n# Percentage of missing values\npd.DataFrame({'No. missing values': miss, '% of missind data': miss_per.values})",
      "total-ns": 13728640,
      "vars": {
        "melb_house": 8531121,
        "dataset": 8531121,
        "miss": 382,
        "miss_per": 382
      },
      "p2m": {},
      "m2p": {}
    },
    {
      "raw": "dataset['Car'].value_counts()",
      "total-ns": 3358130,
      "vars": {
        "melb_house": 8531121,
        "dataset": 8531121,
        "miss": 382,
        "miss_per": 382
      },
      "p2m": {},
      "m2p": {}
    },
    {
      "raw": "# Filling null value\ndataset['Car'].fillna(0, inplace = True)\n\n# confimation after filling the null values\nprint(\"Null values before replacement :\", melb_house['Car'].isnull().sum())\nprint(\"Null values after replacement :\", dataset['Car'].isnull().sum())",
      "total-ns": 1759300,
      "vars": {
        "melb_house": 8531121,
        "dataset": 8531121,
        "miss": 382,
        "miss_per": 382
      },
      "p2m": {},
      "m2p": {}
    },
    {
      "raw": "dataset['CouncilArea'].value_counts()",
      "total-ns": 1727480,
      "vars": {
        "melb_house": 8531121,
        "dataset": 8531121,
        "miss": 382,
        "miss_per": 382
      },
      "p2m": {},
      "m2p": {}
    },
    {
      "raw": "# Filling the null value \ndataset['CouncilArea'].fillna('Unavailable', inplace = True)\n\n\n# confimation after filling the null values\nprint(\"Null values before replacement :\", melb_house['CouncilArea'].isnull().sum())\nprint(\"Null values after replacement :\", dataset['CouncilArea'].isnull().sum())",
      "total-ns": 3296439,
      "vars": {
        "melb_house": 8531121,
        "dataset": 8580405,
        "miss": 382,
        "miss_per": 382
      },
      "p2m": {},
      "m2p": {}
    },
    {
      "raw": "# Filling the null value \ndataset['YearBuilt'].fillna(\"Unknown\", inplace=True)\n\n# confimation after filling the null values\nprint(\"Null values before replacement :\", melb_house['YearBuilt'].isnull().sum())\nprint(\"Null values after replacement :\", dataset['YearBuilt'].isnull().sum())",
      "total-ns": 3443770,
      "vars": {
        "melb_house": 8531121,
        "dataset": 9078325,
        "miss": 382,
        "miss_per": 382
      },
      "p2m": {},
      "m2p": {}
    },
    {
      "raw": "# Filling the null value \ndataset['BuildingArea'].fillna(0, inplace = True)\n\n# confimation after filling the null values\nprint(\"Null values before replacement :\", melb_house['BuildingArea'].isnull().sum())\nprint(\"Null values after replacement :\", dataset['BuildingArea'].isnull().sum())",
      "total-ns": 1807089,
      "vars": {
        "melb_house": 8531121,
        "dataset": 9078325,
        "miss": 382,
        "miss_per": 382
      },
      "p2m": {},
      "m2p": {}
    },
    {
      "raw": "# log transformation of price\ndataset['Price_trans'] = np.log(dataset['Price'])",
      "total-ns": 1263579,
      "vars": {
        "melb_house": 8531121,
        "dataset": 9186965,
        "miss": 382,
        "miss_per": 382
      },
      "p2m": {},
      "m2p": {}
    },
    {
      "raw": "# Grouping the numerical data\nnum =  dataset.select_dtypes(exclude=\"object\")\nnum = num.drop(['Price'], axis=1)",
      "total-ns": 4323880,
      "vars": {
        "melb_house": 8531121,
        "dataset": 9186965,
        "miss": 382,
        "miss_per": 382,
        "num": 1303824
      },
      "p2m": {},
      "m2p": {}
    },
    {
      "raw": "# coverting date into datetime format\ndataset['Date'] = pd.to_datetime(dataset['Date'])\nyear = dataset['Date'].map(lambda x: datetime.strftime(x, '%Y'))\ndataset['year'] = year\nmonth = dataset['Date'].map(lambda x: datetime.strftime(x, '%b'))\ndataset['month'] = month",
      "total-ns": 74747130,
      "vars": {
        "melb_house": 8531121,
        "dataset": 10032662,
        "miss": 382,
        "miss_per": 382,
        "num": 1303824,
        "year": 828524,
        "month": 814944
      },
      "p2m": {},
      "m2p": {}
    },
    {
      "raw": "# Dataset of Metropolitan area\nrm = dataset[dataset['Regionname'].map(lambda x: 'Metropolitan' in x)]\n\n# Dataset of Victoria area\nrv = dataset[dataset['Regionname'].map(lambda x: 'Victoria' in x)]",
      "total-ns": 9879911,
      "vars": {
        "melb_house": 8531121,
        "dataset": 10032662,
        "miss": 382,
        "miss_per": 382,
        "num": 1303824,
        "year": 828524,
        "month": 814944,
        "rm": 10047894,
        "rv": 93296
      },
      "p2m": {},
      "m2p": {}
    },
    {
      "raw": "",
      "total-ns": 242180,
      "vars": {
        "melb_house": 8531121,
        "dataset": 10032662,
        "miss": 382,
        "miss_per": 382,
        "num": 1303824,
        "year": 828524,
        "month": 814944,
        "rm": 10047894,
        "rv": 93296
      },
      "p2m": {},
      "m2p": {}
    }
  ]
}