{
  "cells": [
    {
      "raw": "# This Python 3 environment comes with many helpful analytics libraries installed\n# It is defined by the kaggle/python docker image: https://github.com/kaggle/docker-python\n# For example, here's several helpful packages to load in \n\nimport numpy as np # linear algebra\nimport pandas as pd\nimport matplotlib.pyplot as plt\nplt.style.use(\"seaborn-whitegrid\")\n\nimport seaborn as sns\n\nfrom collections import Counter\n\nimport warnings\nwarnings.filterwarnings(\"ignore\")\n\n# Input data files are available in the \"../input/\" directory.\n# For example, running this (by clicking run or pressing Shift+Enter) will list all files under the input directory\n\nimport os\nfor dirname, _, filenames in os.walk('../input'):\n    for filename in filenames:\n        print(os.path.join(dirname, filename))\n\n# Any results you write to the current directory are saved as output.",
      "total-ns": 3355608113,
      "vars": {},
      "p2m": {},
      "m2p": {}
    },
    {
      "raw": "train_df = pd.read_csv(\"../input/train.csv\")\ntest_df = pd.read_csv(\"../input/test.csv\")\ntest_PassengerId = test_df[\"PassengerId\"]",
      "total-ns": 30397187,
      "vars": {
        "train_df": 322604,
        "test_df": 148290,
        "test_PassengerId": 3488
      },
      "p2m": {},
      "m2p": {}
    },
    {
      "raw": "test_df.info()",
      "total-ns": 15585547,
      "vars": {
        "train_df": 322604,
        "test_df": 148290,
        "test_PassengerId": 3488
      },
      "p2m": {},
      "m2p": {}
    },
    {
      "raw": "train_df.columns",
      "total-ns": 1649786,
      "vars": {
        "train_df": 322604,
        "test_df": 148290,
        "test_PassengerId": 3488
      },
      "p2m": {},
      "m2p": {}
    },
    {
      "raw": "train_df.head()",
      "total-ns": 5170803,
      "vars": {
        "train_df": 322604,
        "test_df": 148290,
        "test_PassengerId": 3488
      },
      "p2m": {},
      "m2p": {}
    },
    {
      "raw": "train_df.describe()",
      "total-ns": 57281614,
      "vars": {
        "train_df": 322604,
        "test_df": 148290,
        "test_PassengerId": 3488
      },
      "p2m": {},
      "m2p": {}
    },
    {
      "raw": "train_df.info()",
      "total-ns": 17772351,
      "vars": {
        "train_df": 322604,
        "test_df": 148290,
        "test_PassengerId": 3488
      },
      "p2m": {},
      "m2p": {}
    },
    {
      "raw": "def bar_plot(variable):\n    \"\"\"\n        input: variable ex: \"Sex\"\n        output: bar plot & value count\n    \"\"\"\n    # get feature\n    var = train_df[variable]\n    # count number of categorical variable(value/sample)\n    varValue = var.value_counts()\n    \n    # visualize\n    # plt.figure(figsize = (9,3))\n    # plt.bar(varValue.index, varValue)\n    # plt.xticks(varValue.index, varValue.index.values)\n    # plt.ylabel(\"Frequency\")\n    # plt.title(variable)\n    # plt.show()\n    # print(\"{}: \\n {}\".format(variable,varValue))\n    ",
      "total-ns": 3313017,
      "vars": {
        "train_df": 322604,
        "test_df": 148290,
        "test_PassengerId": 3488
      },
      "p2m": {},
      "m2p": {}
    },
    {
      "raw": "category1 = [\"Survived\",\"Sex\",\"Pclass\",\"Embarked\",\"SibSp\", \"Parch\"]\n# for c in category1:\n#     bar_plot(c)",
      "total-ns": 1656581,
      "vars": {
        "train_df": 322604,
        "test_df": 148290,
        "test_PassengerId": 3488
      },
      "p2m": {},
      "m2p": {}
    },
    {
      "raw": "category2 = [\"Cabin\", \"Name\", \"Ticket\"]\nfor c in category2:\n    print(\"{} \\n\".format(train_df[c].value_counts()))",
      "total-ns": 10507695,
      "vars": {
        "train_df": 322604,
        "test_df": 148290,
        "test_PassengerId": 3488
      },
      "p2m": {},
      "m2p": {}
    },
    {
      "raw": "# def plot_hist(variable):\n#     plt.figure(figsize = (9,3))\n#     plt.hist(train_df[variable], bins = 50)\n#     plt.xlabel(variable)\n#     plt.ylabel(\"Frequency\")\n#     plt.title(\"{} distribution with hist\".format(variable))\n#     plt.show()",
      "total-ns": 542691,
      "vars": {
        "train_df": 322604,
        "test_df": 148290,
        "test_PassengerId": 3488
      },
      "p2m": {},
      "m2p": {}
    },
    {
      "raw": "numericVar = [\"Fare\", \"Age\",\"PassengerId\"]\n# for n in numericVar:\n#     plot_hist(n)",
      "total-ns": 1242814,
      "vars": {
        "train_df": 322604,
        "test_df": 148290,
        "test_PassengerId": 3488
      },
      "p2m": {},
      "m2p": {}
    },
    {
      "raw": "# Plcass vs Survived\ntrain_df[[\"Pclass\",\"Survived\"]].groupby([\"Pclass\"], as_index = False).mean().sort_values(by=\"Survived\",ascending = False)",
      "total-ns": 12584532,
      "vars": {
        "train_df": 322604,
        "test_df": 148290,
        "test_PassengerId": 3488
      },
      "p2m": {},
      "m2p": {}
    },
    {
      "raw": "# Sex vs Survived\ntrain_df[[\"Sex\",\"Survived\"]].groupby([\"Sex\"], as_index = False).mean().sort_values(by=\"Survived\",ascending = False)",
      "total-ns": 12705430,
      "vars": {
        "train_df": 322604,
        "test_df": 148290,
        "test_PassengerId": 3488
      },
      "p2m": {},
      "m2p": {}
    },
    {
      "raw": "# Sibsp vs Survived\ntrain_df[[\"SibSp\",\"Survived\"]].groupby([\"SibSp\"], as_index = False).mean().sort_values(by=\"Survived\",ascending = False)",
      "total-ns": 11225416,
      "vars": {
        "train_df": 322604,
        "test_df": 148290,
        "test_PassengerId": 3488
      },
      "p2m": {},
      "m2p": {}
    },
    {
      "raw": "# Parch vs Survived\ntrain_df[[\"Parch\",\"Survived\"]].groupby([\"Parch\"], as_index = False).mean().sort_values(by=\"Survived\",ascending = False)",
      "total-ns": 8641628,
      "vars": {
        "train_df": 322604,
        "test_df": 148290,
        "test_PassengerId": 3488
      },
      "p2m": {},
      "m2p": {}
    },
    {
      "raw": "def detect_outliers(df,features):\n    outlier_indices = []\n    \n    for c in features:\n        # 1st quartile\n        Q1 = np.percentile(df[c],25)\n        # 3rd quartile\n        Q3 = np.percentile(df[c],75)\n        # IQR\n        IQR = Q3 - Q1\n        # Outlier step\n        outlier_step = IQR * 1.5\n        # detect outlier and their indeces\n        outlier_list_col = df[(df[c] < Q1 - outlier_step) | (df[c] > Q3 + outlier_step)].index\n        # store indeces\n        outlier_indices.extend(outlier_list_col)\n    \n    outlier_indices = Counter(outlier_indices)\n    multiple_outliers = list(i for i, v in outlier_indices.items() if v > 2)\n    \n    return multiple_outliers",
      "total-ns": 3413158,
      "vars": {
        "train_df": 322604,
        "test_df": 148290,
        "test_PassengerId": 3488
      },
      "p2m": {},
      "m2p": {}
    },
    {
      "raw": "train_df.loc[detect_outliers(train_df,[\"Age\",\"SibSp\",\"Parch\",\"Fare\"])]",
      "total-ns": 20722518,
      "vars": {
        "train_df": 322604,
        "test_df": 148290,
        "test_PassengerId": 3488
      },
      "p2m": {},
      "m2p": {}
    },
    {
      "raw": "# drop outliers\ntrain_df = train_df.drop(detect_outliers(train_df,[\"Age\",\"SibSp\",\"Parch\",\"Fare\"]),axis = 0).reset_index(drop = True)",
      "total-ns": 19436938,
      "vars": {
        "train_df": 318942,
        "test_df": 148290,
        "test_PassengerId": 3488
      },
      "p2m": {},
      "m2p": {}
    },
    {
      "raw": "train_df_len = len(train_df)\ntrain_df = pd.concat([train_df,test_df],axis = 0).reset_index(drop = True)",
      "total-ns": 8454560,
      "vars": {
        "train_df": 470432,
        "test_df": 148290,
        "test_PassengerId": 3488
      },
      "p2m": {},
      "m2p": {}
    },
    {
      "raw": "train_df.head()",
      "total-ns": 1704322,
      "vars": {
        "train_df": 470432,
        "test_df": 148290,
        "test_PassengerId": 3488
      },
      "p2m": {},
      "m2p": {}
    },
    {
      "raw": "train_df.columns[train_df.isnull().any()]",
      "total-ns": 7184399,
      "vars": {
        "train_df": 470432,
        "test_df": 148290,
        "test_PassengerId": 3488
      },
      "p2m": {},
      "m2p": {}
    },
    {
      "raw": "train_df.isnull().sum()",
      "total-ns": 5156319,
      "vars": {
        "train_df": 470432,
        "test_df": 148290,
        "test_PassengerId": 3488
      },
      "p2m": {},
      "m2p": {}
    },
    {
      "raw": "train_df[train_df[\"Embarked\"].isnull()]",
      "total-ns": 4269515,
      "vars": {
        "train_df": 470432,
        "test_df": 148290,
        "test_PassengerId": 3488
      },
      "p2m": {},
      "m2p": {}
    },
    {
      "raw": "# train_df.boxplot(column=\"Fare\",by = \"Embarked\")\n# plt.show()",
      "total-ns": 923882,
      "vars": {
        "train_df": 470432,
        "test_df": 148290,
        "test_PassengerId": 3488
      },
      "p2m": {},
      "m2p": {}
    },
    {
      "raw": "train_df[\"Embarked\"] = train_df[\"Embarked\"].fillna(\"C\")\ntrain_df[train_df[\"Embarked\"].isnull()]",
      "total-ns": 4638770,
      "vars": {
        "train_df": 470484,
        "test_df": 148290,
        "test_PassengerId": 3488
      },
      "p2m": {},
      "m2p": {}
    },
    {
      "raw": "train_df[train_df[\"Fare\"].isnull()]",
      "total-ns": 2148655,
      "vars": {
        "train_df": 470484,
        "test_df": 148290,
        "test_PassengerId": 3488
      },
      "p2m": {},
      "m2p": {}
    },
    {
      "raw": "train_df[\"Fare\"] = train_df[\"Fare\"].fillna(np.mean(train_df[train_df[\"Pclass\"] == 3][\"Fare\"]))",
      "total-ns": 4358089,
      "vars": {
        "train_df": 470484,
        "test_df": 148290,
        "test_PassengerId": 3488
      },
      "p2m": {},
      "m2p": {}
    },
    {
      "raw": "train_df[train_df[\"Fare\"].isnull()]",
      "total-ns": 2923705,
      "vars": {
        "train_df": 470484,
        "test_df": 148290,
        "test_PassengerId": 3488
      },
      "p2m": {},
      "m2p": {}
    },
    {
      "raw": "list1 = [\"SibSp\", \"Parch\", \"Age\", \"Fare\", \"Survived\"]\n# sns.heatmap(train_df[list1].corr(), annot = True, fmt = \".2f\")\n# plt.show()",
      "total-ns": 807992,
      "vars": {
        "train_df": 470484,
        "test_df": 148290,
        "test_PassengerId": 3488
      },
      "p2m": {},
      "m2p": {}
    },
    {
      "raw": "# g = sns.factorplot(x = \"SibSp\", y = \"Survived\", data = train_df, kind = \"bar\", size = 6)\n# g.set_ylabels(\"Survived Probability\")\n# plt.show()",
      "total-ns": 755383,
      "vars": {
        "train_df": 470484,
        "test_df": 148290,
        "test_PassengerId": 3488
      },
      "p2m": {},
      "m2p": {}
    },
    {
      "raw": "# g = sns.factorplot(x = \"Parch\", y = \"Survived\", kind = \"bar\", data = train_df, size = 6)\n# g.set_ylabels(\"Survived Probability\")\n# plt.show()",
      "total-ns": 560078,
      "vars": {
        "train_df": 470484,
        "test_df": 148290,
        "test_PassengerId": 3488
      },
      "p2m": {},
      "m2p": {}
    },
    {
      "raw": "# g = sns.factorplot(x = \"Pclass\", y = \"Survived\", data = train_df, kind = \"bar\", size = 6)\n# g.set_ylabels(\"Survived Probability\")\n# plt.show()",
      "total-ns": 537762,
      "vars": {
        "train_df": 470484,
        "test_df": 148290,
        "test_PassengerId": 3488
      },
      "p2m": {},
      "m2p": {}
    },
    {
      "raw": "# g = sns.FacetGrid(train_df, col = \"Survived\")\n# g.map(sns.distplot, \"Age\", bins = 25)\n# plt.show()",
      "total-ns": 846664,
      "vars": {
        "train_df": 470484,
        "test_df": 148290,
        "test_PassengerId": 3488
      },
      "p2m": {},
      "m2p": {}
    },
    {
      "raw": "# g = sns.FacetGrid(train_df, col = \"Survived\", row = \"Pclass\", size = 2)\n# g.map(plt.hist, \"Age\", bins = 25)\n# g.add_legend()\n# plt.show()",
      "total-ns": 811097,
      "vars": {
        "train_df": 470484,
        "test_df": 148290,
        "test_PassengerId": 3488
      },
      "p2m": {},
      "m2p": {}
    },
    {
      "raw": "# g = sns.FacetGrid(train_df, row = \"Embarked\", size = 2)\n# g.map(sns.pointplot, \"Pclass\",\"Survived\",\"Sex\")\n# g.add_legend()\n# plt.show()",
      "total-ns": 511566,
      "vars": {
        "train_df": 470484,
        "test_df": 148290,
        "test_PassengerId": 3488
      },
      "p2m": {},
      "m2p": {}
    },
    {
      "raw": "# g = sns.FacetGrid(train_df, row = \"Embarked\", col = \"Survived\", size = 2.3)\n# g.map(sns.barplot, \"Sex\", \"Fare\")\n# g.add_legend()\n# plt.show()",
      "total-ns": 619642,
      "vars": {
        "train_df": 470484,
        "test_df": 148290,
        "test_PassengerId": 3488
      },
      "p2m": {},
      "m2p": {}
    },
    {
      "raw": "train_df[train_df[\"Age\"].isnull()]",
      "total-ns": 2239284,
      "vars": {
        "train_df": 470484,
        "test_df": 148290,
        "test_PassengerId": 3488
      },
      "p2m": {},
      "m2p": {}
    },
    {
      "raw": "# sns.factorplot(x = \"Sex\", y = \"Age\", data = train_df, kind = \"box\")\n# plt.show()",
      "total-ns": 812092,
      "vars": {
        "train_df": 470484,
        "test_df": 148290,
        "test_PassengerId": 3488
      },
      "p2m": {},
      "m2p": {}
    },
    {
      "raw": "# sns.factorplot(x = \"Sex\", y = \"Age\", hue = \"Pclass\",data = train_df, kind = \"box\")\n# plt.show()",
      "total-ns": 2027532,
      "vars": {
        "train_df": 470484,
        "test_df": 148290,
        "test_PassengerId": 3488
      },
      "p2m": {},
      "m2p": {}
    },
    {
      "raw": "# sns.factorplot(x = \"Parch\", y = \"Age\", data = train_df, kind = \"box\")\n# sns.factorplot(x = \"SibSp\", y = \"Age\", data = train_df, kind = \"box\")\n# plt.show()",
      "total-ns": 523126,
      "vars": {
        "train_df": 470484,
        "test_df": 148290,
        "test_PassengerId": 3488
      },
      "p2m": {},
      "m2p": {}
    },
    {
      "raw": "#train_df[\"Sex\"] = [1 if i == \"male\" else 0 for i in train_df[\"Sex\"]]",
      "total-ns": 1226562,
      "vars": {
        "train_df": 470484,
        "test_df": 148290,
        "test_PassengerId": 3488
      },
      "p2m": {},
      "m2p": {}
    },
    {
      "raw": "# sns.heatmap(train_df[[\"Age\",\"Sex\",\"SibSp\",\"Parch\",\"Pclass\"]].corr(), annot = True)\n# plt.show()",
      "total-ns": 803247,
      "vars": {
        "train_df": 470484,
        "test_df": 148290,
        "test_PassengerId": 3488
      },
      "p2m": {},
      "m2p": {}
    },
    {
      "raw": "index_nan_age = list(train_df[\"Age\"][train_df[\"Age\"].isnull()].index)\nfor i in index_nan_age:\n    age_pred = train_df[\"Age\"][((train_df[\"SibSp\"] == train_df.iloc[i][\"SibSp\"]) &(train_df[\"Parch\"] == train_df.iloc[i][\"Parch\"])& (train_df[\"Pclass\"] == train_df.iloc[i][\"Pclass\"]))].median()\n    age_med = train_df[\"Age\"].median()\n    if not np.isnan(age_pred):\n        train_df[\"Age\"].iloc[i] = age_pred\n    else:\n        train_df[\"Age\"].iloc[i] = age_med",
      "total-ns": 1708287451,
      "vars": {
        "train_df": 470484,
        "test_df": 148290,
        "test_PassengerId": 3488
      },
      "p2m": {},
      "m2p": {}
    },
    {
      "raw": "train_df[train_df[\"Age\"].isnull()]",
      "total-ns": 3447394,
      "vars": {
        "train_df": 470484,
        "test_df": 148290,
        "test_PassengerId": 3488
      },
      "p2m": {},
      "m2p": {}
    },
    {
      "raw": "train_df[\"Name\"].head(10)",
      "total-ns": 1057760,
      "vars": {
        "train_df": 470484,
        "test_df": 148290,
        "test_PassengerId": 3488
      },
      "p2m": {},
      "m2p": {}
    },
    {
      "raw": "name = train_df[\"Name\"]\ntrain_df[\"Title\"] = [i.split(\".\")[0].split(\",\")[-1].strip() for i in name]",
      "total-ns": 5615109,
      "vars": {
        "train_df": 548119,
        "test_df": 148290,
        "test_PassengerId": 3488,
        "name": 109438
      },
      "p2m": {},
      "m2p": {}
    },
    {
      "raw": "train_df[\"Title\"].head(10)",
      "total-ns": 1262487,
      "vars": {
        "train_df": 548119,
        "test_df": 148290,
        "test_PassengerId": 3488,
        "name": 109438
      },
      "p2m": {},
      "m2p": {}
    },
    {
      "raw": "# sns.countplot(x=\"Title\", data = train_df)\n# plt.xticks(rotation = 60)\n# plt.show()",
      "total-ns": 1313462,
      "vars": {
        "train_df": 548119,
        "test_df": 148290,
        "test_PassengerId": 3488,
        "name": 109438
      },
      "p2m": {},
      "m2p": {}
    },
    {
      "raw": "# convert to categorical\ntrain_df[\"Title\"] = train_df[\"Title\"].replace([\"Lady\",\"the Countess\",\"Capt\",\"Col\",\"Don\",\"Dr\",\"Major\",\"Rev\",\"Sir\",\"Jonkheer\",\"Dona\"],\"other\")\ntrain_df[\"Title\"] = [0 if i == \"Master\" else 1 if i == \"Miss\" or i == \"Ms\" or i == \"Mlle\" or i == \"Mrs\" else 2 if i == \"Mr\" else 3 for i in train_df[\"Title\"]]\ntrain_df[\"Title\"].head(20)",
      "total-ns": 10598263,
      "vars": {
        "train_df": 480876,
        "test_df": 148290,
        "test_PassengerId": 3488,
        "name": 109438
      },
      "p2m": {},
      "m2p": {}
    },
    {
      "raw": "# sns.countplot(x=\"Title\", data = train_df)\n# plt.xticks(rotation = 60)\n# plt.show()",
      "total-ns": 467819,
      "vars": {
        "train_df": 480876,
        "test_df": 148290,
        "test_PassengerId": 3488,
        "name": 109438
      },
      "p2m": {},
      "m2p": {}
    },
    {
      "raw": "# g = sns.factorplot(x = \"Title\", y = \"Survived\", data = train_df, kind = \"bar\")\n# g.set_xticklabels([\"Master\",\"Mrs\",\"Mr\",\"Other\"])\n# g.set_ylabels(\"Survival Probability\")\n# plt.show()",
      "total-ns": 614466,
      "vars": {
        "train_df": 480876,
        "test_df": 148290,
        "test_PassengerId": 3488,
        "name": 109438
      },
      "p2m": {},
      "m2p": {}
    },
    {
      "raw": "train_df.drop(labels = [\"Name\"], axis = 1, inplace = True)",
      "total-ns": 4378094,
      "vars": {
        "train_df": 371582,
        "test_df": 148290,
        "test_PassengerId": 3488,
        "name": 109438
      },
      "p2m": {},
      "m2p": {}
    },
    {
      "raw": "train_df.head()",
      "total-ns": 1911090,
      "vars": {
        "train_df": 371582,
        "test_df": 148290,
        "test_PassengerId": 3488,
        "name": 109438
      },
      "p2m": {},
      "m2p": {}
    },
    {
      "raw": "train_df = pd.get_dummies(train_df,columns=[\"Title\"])\ntrain_df.head()",
      "total-ns": 11200858,
      "vars": {
        "train_df": 366386,
        "test_df": 148290,
        "test_PassengerId": 3488,
        "name": 109438
      },
      "p2m": {},
      "m2p": {}
    },
    {
      "raw": "train_df.head()",
      "total-ns": 952308,
      "vars": {
        "train_df": 366386,
        "test_df": 148290,
        "test_PassengerId": 3488,
        "name": 109438
      },
      "p2m": {},
      "m2p": {}
    },
    {
      "raw": "train_df[\"Fsize\"] = train_df[\"SibSp\"] + train_df[\"Parch\"] + 1",
      "total-ns": 2628100,
      "vars": {
        "train_df": 376778,
        "test_df": 148290,
        "test_PassengerId": 3488,
        "name": 109438
      },
      "p2m": {},
      "m2p": {}
    },
    {
      "raw": "train_df.head()",
      "total-ns": 6052266,
      "vars": {
        "train_df": 376778,
        "test_df": 148290,
        "test_PassengerId": 3488,
        "name": 109438
      },
      "p2m": {},
      "m2p": {}
    },
    {
      "raw": "# g = sns.factorplot(x = \"Fsize\", y = \"Survived\", data = train_df, kind = \"bar\")\n# g.set_ylabels(\"Survival\")\n# plt.show()",
      "total-ns": 714671,
      "vars": {
        "train_df": 376778,
        "test_df": 148290,
        "test_PassengerId": 3488,
        "name": 109438
      },
      "p2m": {},
      "m2p": {}
    },
    {
      "raw": "train_df[\"family_size\"] = [1 if i < 5 else 0 for i in train_df[\"Fsize\"]]",
      "total-ns": 4519193,
      "vars": {
        "train_df": 387170,
        "test_df": 148290,
        "test_PassengerId": 3488,
        "name": 109438
      },
      "p2m": {},
      "m2p": {}
    },
    {
      "raw": "train_df.head(10)",
      "total-ns": 1125665,
      "vars": {
        "train_df": 387170,
        "test_df": 148290,
        "test_PassengerId": 3488,
        "name": 109438
      },
      "p2m": {},
      "m2p": {}
    },
    {
      "raw": "# sns.countplot(x = \"family_size\", data = train_df)\n# plt.show()",
      "total-ns": 544069,
      "vars": {
        "train_df": 387170,
        "test_df": 148290,
        "test_PassengerId": 3488,
        "name": 109438
      },
      "p2m": {},
      "m2p": {}
    },
    {
      "raw": "# g = sns.factorplot(x = \"family_size\", y = \"Survived\", data = train_df, kind = \"bar\")\n# g.set_ylabels(\"Survival\")\n# plt.show()",
      "total-ns": 622013,
      "vars": {
        "train_df": 387170,
        "test_df": 148290,
        "test_PassengerId": 3488,
        "name": 109438
      },
      "p2m": {},
      "m2p": {}
    },
    {
      "raw": "train_df = pd.get_dummies(train_df, columns= [\"family_size\"])\ntrain_df.head()",
      "total-ns": 10012792,
      "vars": {
        "train_df": 379376,
        "test_df": 148290,
        "test_PassengerId": 3488,
        "name": 109438
      },
      "p2m": {},
      "m2p": {}
    },
    {
      "raw": "train_df[\"Embarked\"].head()",
      "total-ns": 1325204,
      "vars": {
        "train_df": 379376,
        "test_df": 148290,
        "test_PassengerId": 3488,
        "name": 109438
      },
      "p2m": {},
      "m2p": {}
    },
    {
      "raw": "# sns.countplot(x = \"Embarked\", data = train_df)\n# plt.show()",
      "total-ns": 425117,
      "vars": {
        "train_df": 379376,
        "test_df": 148290,
        "test_PassengerId": 3488,
        "name": 109438
      },
      "p2m": {},
      "m2p": {}
    },
    {
      "raw": "train_df = pd.get_dummies(train_df, columns=[\"Embarked\"])\ntrain_df.head()",
      "total-ns": 8566080,
      "vars": {
        "train_df": 307931,
        "test_df": 148290,
        "test_PassengerId": 3488,
        "name": 109438
      },
      "p2m": {},
      "m2p": {}
    },
    {
      "raw": "train_df[\"Ticket\"].head(20)",
      "total-ns": 1692930,
      "vars": {
        "train_df": 307931,
        "test_df": 148290,
        "test_PassengerId": 3488,
        "name": 109438
      },
      "p2m": {},
      "m2p": {}
    },
    {
      "raw": "a = \"A/5. 2151\"\na.replace(\".\",\"\").replace(\"/\",\"\").strip().split(\" \")[0]",
      "total-ns": 1381996,
      "vars": {
        "train_df": 307931,
        "test_df": 148290,
        "test_PassengerId": 3488,
        "name": 109438
      },
      "p2m": {},
      "m2p": {}
    },
    {
      "raw": "tickets = []\nfor i in list(train_df.Ticket):\n    if not i.isdigit():\n        tickets.append(i.replace(\".\",\"\").replace(\"/\",\"\").strip().split(\" \")[0])\n    else:\n        tickets.append(\"x\")\ntrain_df[\"Ticket\"] = tickets",
      "total-ns": 8708381,
      "vars": {
        "train_df": 301127,
        "test_df": 148290,
        "test_PassengerId": 3488,
        "name": 109438
      },
      "p2m": {},
      "m2p": {}
    },
    {
      "raw": "train_df[\"Ticket\"].head(20)",
      "total-ns": 1203786,
      "vars": {
        "train_df": 301127,
        "test_df": 148290,
        "test_PassengerId": 3488,
        "name": 109438
      },
      "p2m": {},
      "m2p": {}
    },
    {
      "raw": "train_df.head()",
      "total-ns": 959040,
      "vars": {
        "train_df": 301127,
        "test_df": 148290,
        "test_PassengerId": 3488,
        "name": 109438
      },
      "p2m": {},
      "m2p": {}
    },
    {
      "raw": "train_df = pd.get_dummies(train_df, columns= [\"Ticket\"], prefix = \"T\")\ntrain_df.head(10)",
      "total-ns": 17165759,
      "vars": {
        "train_df": 273133,
        "test_df": 148290,
        "test_PassengerId": 3488,
        "name": 109438
      },
      "p2m": {},
      "m2p": {}
    },
    {
      "raw": "# # sns.countplot(x = \"Pclass\", data = train_df)\n# plt.show()",
      "total-ns": 554086,
      "vars": {
        "train_df": 273133,
        "test_df": 148290,
        "test_PassengerId": 3488,
        "name": 109438
      },
      "p2m": {},
      "m2p": {}
    },
    {
      "raw": "train_df[\"Pclass\"] = train_df[\"Pclass\"].astype(\"category\")\ntrain_df = pd.get_dummies(train_df, columns= [\"Pclass\"])\ntrain_df.head()",
      "total-ns": 10198937,
      "vars": {
        "train_df": 266638,
        "test_df": 148290,
        "test_PassengerId": 3488,
        "name": 109438
      },
      "p2m": {},
      "m2p": {}
    },
    {
      "raw": "train_df[\"Sex\"] = train_df[\"Sex\"].astype(\"category\")\ntrain_df = pd.get_dummies(train_df, columns=[\"Sex\"])\ntrain_df.head()",
      "total-ns": 11665504,
      "vars": {
        "train_df": 189075,
        "test_df": 148290,
        "test_PassengerId": 3488,
        "name": 109438
      },
      "p2m": {},
      "m2p": {}
    },
    {
      "raw": "train_df.drop(labels = [\"PassengerId\", \"Cabin\"], axis = 1, inplace = True)",
      "total-ns": 4031503,
      "vars": {
        "train_df": 128745,
        "test_df": 148290,
        "test_PassengerId": 3488,
        "name": 109438
      },
      "p2m": {},
      "m2p": {}
    },
    {
      "raw": "train_df.columns",
      "total-ns": 780707,
      "vars": {
        "train_df": 128745,
        "test_df": 148290,
        "test_PassengerId": 3488,
        "name": 109438
      },
      "p2m": {},
      "m2p": {}
    },
    {
      "raw": "# from sklearn.model_selection import train_test_split, StratifiedKFold, GridSearchCV\n# from sklearn.linear_model import LogisticRegression\n# from sklearn.svm import SVC\n# from sklearn.ensemble import RandomForestClassifier, VotingClassifier\n# from sklearn.neighbors import KNeighborsClassifier\n# from sklearn.tree import DecisionTreeClassifier\n# from sklearn.metrics import accuracy_score",
      "total-ns": 553801,
      "vars": {
        "train_df": 128745,
        "test_df": 148290,
        "test_PassengerId": 3488,
        "name": 109438
      },
      "p2m": {},
      "m2p": {}
    },
    {
      "raw": "train_df_len",
      "total-ns": 1165585,
      "vars": {
        "train_df": 128745,
        "test_df": 148290,
        "test_PassengerId": 3488,
        "name": 109438
      },
      "p2m": {},
      "m2p": {}
    },
    {
      "raw": "test = train_df[train_df_len:]\ntest.drop(labels = [\"Survived\"],axis = 1, inplace = True)\n",
      "total-ns": 2855817,
      "vars": {
        "train_df": 128745,
        "test_df": 148290,
        "test_PassengerId": 3488,
        "name": 109438,
        "test": 38186
      },
      "p2m": {},
      "m2p": {}
    },
    {
      "raw": "test.head()",
      "total-ns": 1120100,
      "vars": {
        "train_df": 128745,
        "test_df": 148290,
        "test_PassengerId": 3488,
        "name": 109438,
        "test": 38186
      },
      "p2m": {},
      "m2p": {}
    },
    {
      "raw": "# train = train_df[:train_df_len]\n# X_train = train.drop(labels = \"Survived\", axis = 1)\n# y_train = train[\"Survived\"]\n# X_train, X_test, y_train, y_test = train_test_split(X_train, y_train, test_size = 0.33, random_state = 42)\n# print(\"X_train\",len(X_train))\n# print(\"X_test\",len(X_test))\n# print(\"y_train\",len(y_train))\n# print(\"y_test\",len(y_test))\n# print(\"test\",len(test))",
      "total-ns": 461081,
      "vars": {
        "train_df": 128745,
        "test_df": 148290,
        "test_PassengerId": 3488,
        "name": 109438,
        "test": 38186
      },
      "p2m": {},
      "m2p": {}
    },
    {
      "raw": "# logreg = LogisticRegression()\n# logreg.fit(X_train, y_train)\n# acc_log_train = round(logreg.score(X_train, y_train)*100,2) \n# acc_log_test = round(logreg.score(X_test,y_test)*100,2)\n# print(\"Training Accuracy: % {}\".format(acc_log_train))\n# print(\"Testing Accuracy: % {}\".format(acc_log_test))",
      "total-ns": 777335,
      "vars": {
        "train_df": 128745,
        "test_df": 148290,
        "test_PassengerId": 3488,
        "name": 109438,
        "test": 38186
      },
      "p2m": {},
      "m2p": {}
    },
    {
      "raw": "# random_state = 42\n# classifier = [DecisionTreeClassifier(random_state = random_state),\n#              SVC(random_state = random_state),\n#              RandomForestClassifier(random_state = random_state),\n#              LogisticRegression(random_state = random_state),\n#              KNeighborsClassifier()]\n\n# dt_param_grid = {\"min_samples_split\" : range(10,500,20),\n#                 \"max_depth\": range(1,20,2)}\n\n# svc_param_grid = {\"kernel\" : [\"rbf\"],\n#                  \"gamma\": [0.001, 0.01, 0.1, 1],\n#                  \"C\": [1,10,50,100,200,300,1000]}\n\n# rf_param_grid = {\"max_features\": [1,3,10],\n#                 \"min_samples_split\":[2,3,10],\n#                 \"min_samples_leaf\":[1,3,10],\n#                 \"bootstrap\":[False],\n#                 \"n_estimators\":[100,300],\n#                 \"criterion\":[\"gini\"]}\n\n# logreg_param_grid = {\"C\":np.logspace(-3,3,7),\n#                     \"penalty\": [\"l1\",\"l2\"]}\n\n# knn_param_grid = {\"n_neighbors\": np.linspace(1,19,10, dtype = int).tolist(),\n#                  \"weights\": [\"uniform\",\"distance\"],\n#                  \"metric\":[\"euclidean\",\"manhattan\"]}\n# classifier_param = [dt_param_grid,\n#                    svc_param_grid,\n#                    rf_param_grid,\n#                    logreg_param_grid,\n#                    knn_param_grid]",
      "total-ns": 1339769,
      "vars": {
        "train_df": 128745,
        "test_df": 148290,
        "test_PassengerId": 3488,
        "name": 109438,
        "test": 38186
      },
      "p2m": {},
      "m2p": {}
    },
    {
      "raw": "# cv_result = []\n# best_estimators = []\n# for i in range(len(classifier)):\n#     clf = GridSearchCV(classifier[i], param_grid=classifier_param[i], cv = StratifiedKFold(n_splits = 10), scoring = \"accuracy\", n_jobs = -1,verbose = 1)\n#     clf.fit(X_train,y_train)\n#     cv_result.append(clf.best_score_)\n#     best_estimators.append(clf.best_estimator_)\n#     print(cv_result[i])",
      "total-ns": 860116,
      "vars": {
        "train_df": 128745,
        "test_df": 148290,
        "test_PassengerId": 3488,
        "name": 109438,
        "test": 38186
      },
      "p2m": {},
      "m2p": {}
    },
    {
      "raw": "# cv_results = pd.DataFrame({\"Cross Validation Means\":cv_result, \"ML Models\":[\"DecisionTreeClassifier\", \"SVM\",\"RandomForestClassifier\",\n#              \"LogisticRegression\",\n#              \"KNeighborsClassifier\"]})\n\n# g = sns.barplot(\"Cross Validation Means\", \"ML Models\", data = cv_results)\n# g.set_xlabel(\"Mean Accuracy\")\n# g.set_title(\"Cross Validation Scores\")",
      "total-ns": 593247,
      "vars": {
        "train_df": 128745,
        "test_df": 148290,
        "test_PassengerId": 3488,
        "name": 109438,
        "test": 38186
      },
      "p2m": {},
      "m2p": {}
    },
    {
      "raw": "# votingC = VotingClassifier(estimators = [(\"dt\",best_estimators[0]),\n#                                         (\"rfc\",best_estimators[2]),\n#                                         (\"lr\",best_estimators[3])],\n#                                         voting = \"soft\", n_jobs = -1)\n# votingC = votingC.fit(X_train, y_train)\n# print(accuracy_score(votingC.predict(X_test),y_test))",
      "total-ns": 639631,
      "vars": {
        "train_df": 128745,
        "test_df": 148290,
        "test_PassengerId": 3488,
        "name": 109438,
        "test": 38186
      },
      "p2m": {},
      "m2p": {}
    },
    {
      "raw": "# test_survived = pd.Series(votingC.predict(test), name = \"Survived\").astype(int)\n# results = pd.concat([test_PassengerId, test_survived],axis = 1)\n# results.to_csv(\"titanic.csv\", index = False)",
      "total-ns": 713778,
      "vars": {
        "train_df": 128745,
        "test_df": 148290,
        "test_PassengerId": 3488,
        "name": 109438,
        "test": 38186
      },
      "p2m": {},
      "m2p": {}
    }
  ]
}