{
  "cells": [
    {
      "raw": "# This Python 3 environment comes with many helpful analytics libraries installed\n# It is defined by the kaggle/python Docker image: https://github.com/kaggle/docker-python\n# For example, here's several helpful packages to load\n\nimport numpy as np # linear algebra\nimport pandas as pd\n# Input data files are available in the read-only \"../input/\" directory\n# For example, running this (by clicking run or pressing Shift+Enter) will list all files under the input directory\n\nimport os\nfor dirname, _, filenames in os.walk('../input'):\n    for filename in filenames:\n        print(os.path.join(dirname, filename))\n        \n        \n# You can write up to 5GB to the current directory (/kaggle/working/) that gets preserved as output when you create a version using \"Save & Run All\" \n# You can also write temporary files to /kaggle/temp/, but they won't be saved outside of the current session",
      "total-ns": 4078849,
      "vars": {},
      "p2m": {},
      "m2p": {}
    },
    {
      "raw": "training = pd.read_csv('../input/train.csv')\ntest = pd.read_csv('../input/test.csv')",
      "total-ns": 9444070,
      "vars": {
        "training": 322604,
        "test": 148290
      },
      "p2m": {},
      "m2p": {}
    },
    {
      "raw": "test.info()",
      "total-ns": 4336440,
      "vars": {
        "training": 322604,
        "test": 148290
      },
      "p2m": {},
      "m2p": {}
    },
    {
      "raw": "training['train_test'] = 1\ntest['train_test'] = 0\ntest['Survived'] = np.NaN\nall_data = pd.concat([training,test])\n\nall_data.columns",
      "total-ns": 2660680,
      "vars": {
        "training": 329732,
        "test": 154978,
        "all_data": 494910
      },
      "p2m": {},
      "m2p": {}
    },
    {
      "raw": "# Understand nature of the data .info() .describe()\n# Histograms and boxplots \n# Value counts \n# Missing data \n# Correlation between the metrics \n# Explore interesting themes \n    # Wealthy survive? \n    # By location \n    # Age scatterplot with ticket price \n    # Young and wealthy Variable? \n    # Total spent? \n# Feature engineering \n# preprocess data together or use a transformer? \n    # use label for train and test   \n# Scaling?\n\n# Model Baseline \n# Model comparison with CV ",
      "total-ns": 203620,
      "vars": {
        "training": 329732,
        "test": 154978,
        "all_data": 494910
      },
      "p2m": {},
      "m2p": {}
    },
    {
      "raw": "#quick look at our data types & null counts \ntraining.info()",
      "total-ns": 3774640,
      "vars": {
        "training": 329732,
        "test": 154978,
        "all_data": 494910
      },
      "p2m": {},
      "m2p": {}
    },
    {
      "raw": "# to better understand the numeric data, we want to use the .describe() method. This gives us an understanding of the central tendencies of the data \ntraining.describe()",
      "total-ns": 11265910,
      "vars": {
        "training": 329732,
        "test": 154978,
        "all_data": 494910
      },
      "p2m": {},
      "m2p": {}
    },
    {
      "raw": "#quick way to separate numeric columns\ntraining.describe().columns",
      "total-ns": 10783630,
      "vars": {
        "training": 329732,
        "test": 154978,
        "all_data": 494910
      },
      "p2m": {},
      "m2p": {}
    },
    {
      "raw": "# look at numeric and categorical values separately \ndf_num = training[['Age','SibSp','Parch','Fare']]\ndf_cat = training[['Survived','Pclass','Sex','Ticket','Cabin','Embarked']]",
      "total-ns": 1554060,
      "vars": {
        "training": 329732,
        "test": 154978,
        "all_data": 494910,
        "df_num": 28656,
        "df_cat": 212151
      },
      "p2m": {},
      "m2p": {}
    },
    {
      "raw": "",
      "total-ns": 101180,
      "vars": {
        "training": 329732,
        "test": 154978,
        "all_data": 494910,
        "df_num": 28656,
        "df_cat": 212151
      },
      "p2m": {},
      "m2p": {}
    },
    {
      "raw": "",
      "total-ns": 83831,
      "vars": {
        "training": 329732,
        "test": 154978,
        "all_data": 494910,
        "df_num": 28656,
        "df_cat": 212151
      },
      "p2m": {},
      "m2p": {}
    },
    {
      "raw": "",
      "total-ns": 87051,
      "vars": {
        "training": 329732,
        "test": 154978,
        "all_data": 494910,
        "df_num": 28656,
        "df_cat": 212151
      },
      "p2m": {},
      "m2p": {}
    },
    {
      "raw": "\n    ",
      "total-ns": 91430,
      "vars": {
        "training": 329732,
        "test": 154978,
        "all_data": 494910,
        "df_num": 28656,
        "df_cat": 212151
      },
      "p2m": {},
      "m2p": {}
    },
    {
      "raw": "# Comparing survival and each of these categorical variables \nprint(pd.pivot_table(training, index = 'Survived', columns = 'Pclass', values = 'Ticket' ,aggfunc ='count'))\nprint()\nprint(pd.pivot_table(training, index = 'Survived', columns = 'Sex', values = 'Ticket' ,aggfunc ='count'))\nprint()\nprint(pd.pivot_table(training, index = 'Survived', columns = 'Embarked', values = 'Ticket' ,aggfunc ='count'))",
      "total-ns": 27299611,
      "vars": {
        "training": 329732,
        "test": 154978,
        "all_data": 494910,
        "df_num": 28656,
        "df_cat": 212151
      },
      "p2m": {},
      "m2p": {}
    },
    {
      "raw": "df_cat.Cabin\ntraining['cabin_multiple'] = training.Cabin.apply(lambda x: 0 if pd.isna(x) else len(x.split(' ')))\n# after looking at this, we may want to look at cabin by letter or by number. Let's create some categories for this \n# letters \n# multiple letters \ntraining['cabin_multiple'].value_counts()",
      "total-ns": 1961380,
      "vars": {
        "training": 336860,
        "test": 154978,
        "all_data": 494910,
        "df_num": 28656,
        "df_cat": 212151
      },
      "p2m": {},
      "m2p": {}
    },
    {
      "raw": "pd.pivot_table(training, index = 'Survived', columns = 'cabin_multiple', values = 'Ticket' ,aggfunc ='count')",
      "total-ns": 6546710,
      "vars": {
        "training": 336860,
        "test": 154978,
        "all_data": 494910,
        "df_num": 28656,
        "df_cat": 212151
      },
      "p2m": {},
      "m2p": {}
    },
    {
      "raw": "#creates categories based on the cabin letter (n stands for null)\n#in this case we will treat null values like it's own category\n\ntraining['cabin_adv'] = training.Cabin.apply(lambda x: str(x)[0])\n",
      "total-ns": 1035990,
      "vars": {
        "training": 388538,
        "test": 154978,
        "all_data": 494910,
        "df_num": 28656,
        "df_cat": 212151
      },
      "p2m": {},
      "m2p": {}
    },
    {
      "raw": "#comparing surivial rate by cabin\nprint(training.cabin_adv.value_counts())\npd.pivot_table(training,index='Survived',columns='cabin_adv', values = 'Name', aggfunc='count')",
      "total-ns": 5614190,
      "vars": {
        "training": 388538,
        "test": 154978,
        "all_data": 494910,
        "df_num": 28656,
        "df_cat": 212151
      },
      "p2m": {},
      "m2p": {}
    },
    {
      "raw": "#understand ticket values better \n#numeric vs non numeric \ntraining['numeric_ticket'] = training.Ticket.apply(lambda x: 1 if x.isnumeric() else 0)\ntraining['ticket_letters'] = training.Ticket.apply(lambda x: ''.join(x.split(' ')[:-1]).replace('.','').replace('/','').lower() if len(x.split(' ')[:-1]) >0 else 0)\n",
      "total-ns": 2167140,
      "vars": {
        "training": 430534,
        "test": 154978,
        "all_data": 494910,
        "df_num": 28656,
        "df_cat": 212151
      },
      "p2m": {},
      "m2p": {}
    },
    {
      "raw": "training['numeric_ticket'].value_counts()",
      "total-ns": 660200,
      "vars": {
        "training": 430534,
        "test": 154978,
        "all_data": 494910,
        "df_num": 28656,
        "df_cat": 212151
      },
      "p2m": {},
      "m2p": {}
    },
    {
      "raw": "#lets us view all rows in dataframe through scrolling. This is for convenience \ntraining['ticket_letters'].value_counts()\n",
      "total-ns": 606180,
      "vars": {
        "training": 430534,
        "test": 154978,
        "all_data": 494910,
        "df_num": 28656,
        "df_cat": 212151
      },
      "p2m": {},
      "m2p": {}
    },
    {
      "raw": "#difference in numeric vs non-numeric tickets in survival rate \npd.pivot_table(training,index='Survived',columns='numeric_ticket', values = 'Ticket', aggfunc='count')",
      "total-ns": 4893610,
      "vars": {
        "training": 430534,
        "test": 154978,
        "all_data": 494910,
        "df_num": 28656,
        "df_cat": 212151
      },
      "p2m": {},
      "m2p": {}
    },
    {
      "raw": "#survival rate across different tyicket types \npd.pivot_table(training,index='Survived',columns='ticket_letters', values = 'Ticket', aggfunc='count')",
      "total-ns": 5799030,
      "vars": {
        "training": 430534,
        "test": 154978,
        "all_data": 494910,
        "df_num": 28656,
        "df_cat": 212151
      },
      "p2m": {},
      "m2p": {}
    },
    {
      "raw": "#feature engineering on person's title \ntraining.Name.head(50)\ntraining['name_title'] = training.Name.apply(lambda x: x.split(',')[1].split('.')[0].strip())\n#mr., ms., master. etc",
      "total-ns": 2749670,
      "vars": {
        "training": 483793,
        "test": 154978,
        "all_data": 494910,
        "df_num": 28656,
        "df_cat": 212151
      },
      "p2m": {},
      "m2p": {}
    },
    {
      "raw": "training['name_title'].value_counts()",
      "total-ns": 794850,
      "vars": {
        "training": 483793,
        "test": 154978,
        "all_data": 494910,
        "df_num": 28656,
        "df_cat": 212151
      },
      "p2m": {},
      "m2p": {}
    },
    {
      "raw": "#create all categorical variables that we did above for both training and test sets \nall_data['cabin_multiple'] = all_data.Cabin.apply(lambda x: 0 if pd.isna(x) else len(x.split(' ')))\nall_data['cabin_adv'] = all_data.Cabin.apply(lambda x: str(x)[0])\nall_data['numeric_ticket'] = all_data.Ticket.apply(lambda x: 1 if x.isnumeric() else 0)\nall_data['ticket_letters'] = all_data.Ticket.apply(lambda x: ''.join(x.split(' ')[:-1]).replace('.','').replace('/','').lower() if len(x.split(' ')[:-1]) >0 else 0)\nall_data['name_title'] = all_data.Name.apply(lambda x: x.split(',')[1].split('.')[0].strip())\n\n#impute nulls for continuous data \n#all_data.Age = all_data.Age.fillna(training.Age.mean())\nall_data.Age = all_data.Age.fillna(training.Age.median())\n#all_data.Fare = all_data.Fare.fillna(training.Fare.mean())\nall_data.Fare = all_data.Fare.fillna(training.Fare.median())\n\n#drop null 'embarked' rows. Only 2 instances of this in training and 0 in test \nall_data.dropna(subset=['Embarked'],inplace = True)\n\n#tried log norm of sibsp (not used)\nall_data['norm_sibsp'] = np.log(all_data.SibSp+1)\n# all_data['norm_sibsp'].hist()\n\n# log norm of fare (used)\nall_data['norm_fare'] = np.log(all_data.Fare+1)\n# all_data['norm_fare'].hist()\n\n# converted fare to category for pd.get_dummies()\nall_data.Pclass = all_data.Pclass.astype(str)\n\n#created dummy variables from categories (also can use OneHotEncoder)\nall_dummies = pd.get_dummies(all_data[['Pclass','Sex','Age','SibSp','Parch','norm_fare','Embarked','cabin_adv','cabin_multiple','numeric_ticket','name_title','train_test']])\n\n#Split to train test again\nX_train = all_dummies[all_dummies.train_test == 1].drop(['train_test'], axis =1)\nX_test = all_dummies[all_dummies.train_test == 0].drop(['train_test'], axis =1)\n\n\ny_train = all_data[all_data.train_test==1].Survived\ny_train.shape",
      "total-ns": 19404890,
      "vars": {
        "training": 483793,
        "test": 154978,
        "all_data": 806856,
        "df_num": 28656,
        "df_cat": 212151,
        "all_dummies": 129409,
        "X_train": 80915,
        "X_test": 38054,
        "y_train": 14240
      },
      "p2m": {},
      "m2p": {}
    },
    {
      "raw": "# Scale data \nfrom sklearn.preprocessing import StandardScaler\nscale = StandardScaler()\nall_dummies_scaled = all_dummies.copy()\nall_dummies_scaled[['Age','SibSp','Parch','norm_fare']]= scale.fit_transform(all_dummies_scaled[['Age','SibSp','Parch','norm_fare']])\nall_dummies_scaled\n\nX_train_scaled = all_dummies_scaled[all_dummies_scaled.train_test == 1].drop(['train_test'], axis =1)\nX_test_scaled = all_dummies_scaled[all_dummies_scaled.train_test == 0].drop(['train_test'], axis =1)\n\ny_train = all_data[all_data.train_test==1].Survived\n",
      "total-ns": 486577894,
      "vars": {
        "training": 483793,
        "test": 154978,
        "all_data": 806856,
        "df_num": 28656,
        "df_cat": 212151,
        "all_dummies": 129409,
        "X_train": 80915,
        "X_test": 38054,
        "y_train": 14240,
        "all_dummies_scaled": 129409,
        "X_train_scaled": 80915,
        "X_test_scaled": 38054
      },
      "p2m": {},
      "m2p": {}
    },
    {
      "raw": "",
      "total-ns": 281600,
      "vars": {
        "training": 483793,
        "test": 154978,
        "all_data": 806856,
        "df_num": 28656,
        "df_cat": 212151,
        "all_dummies": 129409,
        "X_train": 80915,
        "X_test": 38054,
        "y_train": 14240,
        "all_dummies_scaled": 129409,
        "X_train_scaled": 80915,
        "X_test_scaled": 38054
      },
      "p2m": {},
      "m2p": {}
    },
    {
      "raw": "",
      "total-ns": 269280,
      "vars": {
        "training": 483793,
        "test": 154978,
        "all_data": 806856,
        "df_num": 28656,
        "df_cat": 212151,
        "all_dummies": 129409,
        "X_train": 80915,
        "X_test": 38054,
        "y_train": 14240,
        "all_dummies_scaled": 129409,
        "X_train_scaled": 80915,
        "X_test_scaled": 38054
      },
      "p2m": {},
      "m2p": {}
    },
    {
      "raw": "",
      "total-ns": 278789,
      "vars": {
        "training": 483793,
        "test": 154978,
        "all_data": 806856,
        "df_num": 28656,
        "df_cat": 212151,
        "all_dummies": 129409,
        "X_train": 80915,
        "X_test": 38054,
        "y_train": 14240,
        "all_dummies_scaled": 129409,
        "X_train_scaled": 80915,
        "X_test_scaled": 38054
      },
      "p2m": {},
      "m2p": {}
    },
    {
      "raw": "",
      "total-ns": 269821,
      "vars": {
        "training": 483793,
        "test": 154978,
        "all_data": 806856,
        "df_num": 28656,
        "df_cat": 212151,
        "all_dummies": 129409,
        "X_train": 80915,
        "X_test": 38054,
        "y_train": 14240,
        "all_dummies_scaled": 129409,
        "X_train_scaled": 80915,
        "X_test_scaled": 38054
      },
      "p2m": {},
      "m2p": {}
    },
    {
      "raw": "",
      "total-ns": 256670,
      "vars": {
        "training": 483793,
        "test": 154978,
        "all_data": 806856,
        "df_num": 28656,
        "df_cat": 212151,
        "all_dummies": 129409,
        "X_train": 80915,
        "X_test": 38054,
        "y_train": 14240,
        "all_dummies_scaled": 129409,
        "X_train_scaled": 80915,
        "X_test_scaled": 38054
      },
      "p2m": {},
      "m2p": {}
    },
    {
      "raw": "",
      "total-ns": 230730,
      "vars": {
        "training": 483793,
        "test": 154978,
        "all_data": 806856,
        "df_num": 28656,
        "df_cat": 212151,
        "all_dummies": 129409,
        "X_train": 80915,
        "X_test": 38054,
        "y_train": 14240,
        "all_dummies_scaled": 129409,
        "X_train_scaled": 80915,
        "X_test_scaled": 38054
      },
      "p2m": {},
      "m2p": {}
    },
    {
      "raw": "",
      "total-ns": 241430,
      "vars": {
        "training": 483793,
        "test": 154978,
        "all_data": 806856,
        "df_num": 28656,
        "df_cat": 212151,
        "all_dummies": 129409,
        "X_train": 80915,
        "X_test": 38054,
        "y_train": 14240,
        "all_dummies_scaled": 129409,
        "X_train_scaled": 80915,
        "X_test_scaled": 38054
      },
      "p2m": {},
      "m2p": {}
    },
    {
      "raw": "",
      "total-ns": 230540,
      "vars": {
        "training": 483793,
        "test": 154978,
        "all_data": 806856,
        "df_num": 28656,
        "df_cat": 212151,
        "all_dummies": 129409,
        "X_train": 80915,
        "X_test": 38054,
        "y_train": 14240,
        "all_dummies_scaled": 129409,
        "X_train_scaled": 80915,
        "X_test_scaled": 38054
      },
      "p2m": {},
      "m2p": {}
    },
    {
      "raw": "",
      "total-ns": 185540,
      "vars": {
        "training": 483793,
        "test": 154978,
        "all_data": 806856,
        "df_num": 28656,
        "df_cat": 212151,
        "all_dummies": 129409,
        "X_train": 80915,
        "X_test": 38054,
        "y_train": 14240,
        "all_dummies_scaled": 129409,
        "X_train_scaled": 80915,
        "X_test_scaled": 38054
      },
      "p2m": {},
      "m2p": {}
    },
    {
      "raw": "",
      "total-ns": 205710,
      "vars": {
        "training": 483793,
        "test": 154978,
        "all_data": 806856,
        "df_num": 28656,
        "df_cat": 212151,
        "all_dummies": 129409,
        "X_train": 80915,
        "X_test": 38054,
        "y_train": 14240,
        "all_dummies_scaled": 129409,
        "X_train_scaled": 80915,
        "X_test_scaled": 38054
      },
      "p2m": {},
      "m2p": {}
    },
    {
      "raw": "",
      "total-ns": 212000,
      "vars": {
        "training": 483793,
        "test": 154978,
        "all_data": 806856,
        "df_num": 28656,
        "df_cat": 212151,
        "all_dummies": 129409,
        "X_train": 80915,
        "X_test": 38054,
        "y_train": 14240,
        "all_dummies_scaled": 129409,
        "X_train_scaled": 80915,
        "X_test_scaled": 38054
      },
      "p2m": {},
      "m2p": {}
    },
    {
      "raw": "",
      "total-ns": 197550,
      "vars": {
        "training": 483793,
        "test": 154978,
        "all_data": 806856,
        "df_num": 28656,
        "df_cat": 212151,
        "all_dummies": 129409,
        "X_train": 80915,
        "X_test": 38054,
        "y_train": 14240,
        "all_dummies_scaled": 129409,
        "X_train_scaled": 80915,
        "X_test_scaled": 38054
      },
      "p2m": {},
      "m2p": {}
    },
    {
      "raw": "",
      "total-ns": 228830,
      "vars": {
        "training": 483793,
        "test": 154978,
        "all_data": 806856,
        "df_num": 28656,
        "df_cat": 212151,
        "all_dummies": 129409,
        "X_train": 80915,
        "X_test": 38054,
        "y_train": 14240,
        "all_dummies_scaled": 129409,
        "X_train_scaled": 80915,
        "X_test_scaled": 38054
      },
      "p2m": {},
      "m2p": {}
    },
    {
      "raw": "",
      "total-ns": 242230,
      "vars": {
        "training": 483793,
        "test": 154978,
        "all_data": 806856,
        "df_num": 28656,
        "df_cat": 212151,
        "all_dummies": 129409,
        "X_train": 80915,
        "X_test": 38054,
        "y_train": 14240,
        "all_dummies_scaled": 129409,
        "X_train_scaled": 80915,
        "X_test_scaled": 38054
      },
      "p2m": {},
      "m2p": {}
    },
    {
      "raw": "",
      "total-ns": 255031,
      "vars": {
        "training": 483793,
        "test": 154978,
        "all_data": 806856,
        "df_num": 28656,
        "df_cat": 212151,
        "all_dummies": 129409,
        "X_train": 80915,
        "X_test": 38054,
        "y_train": 14240,
        "all_dummies_scaled": 129409,
        "X_train_scaled": 80915,
        "X_test_scaled": 38054
      },
      "p2m": {},
      "m2p": {}
    },
    {
      "raw": "",
      "total-ns": 243339,
      "vars": {
        "training": 483793,
        "test": 154978,
        "all_data": 806856,
        "df_num": 28656,
        "df_cat": 212151,
        "all_dummies": 129409,
        "X_train": 80915,
        "X_test": 38054,
        "y_train": 14240,
        "all_dummies_scaled": 129409,
        "X_train_scaled": 80915,
        "X_test_scaled": 38054
      },
      "p2m": {},
      "m2p": {}
    },
    {
      "raw": "",
      "total-ns": 235611,
      "vars": {
        "training": 483793,
        "test": 154978,
        "all_data": 806856,
        "df_num": 28656,
        "df_cat": 212151,
        "all_dummies": 129409,
        "X_train": 80915,
        "X_test": 38054,
        "y_train": 14240,
        "all_dummies_scaled": 129409,
        "X_train_scaled": 80915,
        "X_test_scaled": 38054
      },
      "p2m": {},
      "m2p": {}
    },
    {
      "raw": "",
      "total-ns": 226201,
      "vars": {
        "training": 483793,
        "test": 154978,
        "all_data": 806856,
        "df_num": 28656,
        "df_cat": 212151,
        "all_dummies": 129409,
        "X_train": 80915,
        "X_test": 38054,
        "y_train": 14240,
        "all_dummies_scaled": 129409,
        "X_train_scaled": 80915,
        "X_test_scaled": 38054
      },
      "p2m": {},
      "m2p": {}
    },
    {
      "raw": "",
      "total-ns": 248489,
      "vars": {
        "training": 483793,
        "test": 154978,
        "all_data": 806856,
        "df_num": 28656,
        "df_cat": 212151,
        "all_dummies": 129409,
        "X_train": 80915,
        "X_test": 38054,
        "y_train": 14240,
        "all_dummies_scaled": 129409,
        "X_train_scaled": 80915,
        "X_test_scaled": 38054
      },
      "p2m": {},
      "m2p": {}
    },
    {
      "raw": "",
      "total-ns": 228399,
      "vars": {
        "training": 483793,
        "test": 154978,
        "all_data": 806856,
        "df_num": 28656,
        "df_cat": 212151,
        "all_dummies": 129409,
        "X_train": 80915,
        "X_test": 38054,
        "y_train": 14240,
        "all_dummies_scaled": 129409,
        "X_train_scaled": 80915,
        "X_test_scaled": 38054
      },
      "p2m": {},
      "m2p": {}
    },
    {
      "raw": "#Because the total feature space is so large, I used a randomized search to narrow down the paramters for the model. I took the best model from this and did a more granular search \n\"\"\"\nrf = RandomForestClassifier(random_state = 1)\nparam_grid =  {'n_estimators': [100,500,1000], \n                                  'bootstrap': [True,False],\n                                  'max_depth': [3,5,10,20,50,75,100,None],\n                                  'max_features': ['auto','sqrt'],\n                                  'min_samples_leaf': [1,2,4,10],\n                                  'min_samples_split': [2,5,10]}\n                                  \nclf_rf_rnd = RandomizedSearchCV(rf, param_distributions = param_grid, n_iter = 100, cv = 5, verbose = True, n_jobs = -1)\nbest_clf_rf_rnd = clf_rf_rnd.fit(X_train_scaled,y_train)\nclf_performance(best_clf_rf_rnd,'Random Forest')\"\"\"",
      "total-ns": 848820,
      "vars": {
        "training": 483793,
        "test": 154978,
        "all_data": 806856,
        "df_num": 28656,
        "df_cat": 212151,
        "all_dummies": 129409,
        "X_train": 80915,
        "X_test": 38054,
        "y_train": 14240,
        "all_dummies_scaled": 129409,
        "X_train_scaled": 80915,
        "X_test_scaled": 38054
      },
      "p2m": {},
      "m2p": {}
    },
    {
      "raw": "",
      "total-ns": 206960,
      "vars": {
        "training": 483793,
        "test": 154978,
        "all_data": 806856,
        "df_num": 28656,
        "df_cat": 212151,
        "all_dummies": 129409,
        "X_train": 80915,
        "X_test": 38054,
        "y_train": 14240,
        "all_dummies_scaled": 129409,
        "X_train_scaled": 80915,
        "X_test_scaled": 38054
      },
      "p2m": {},
      "m2p": {}
    },
    {
      "raw": "",
      "total-ns": 242300,
      "vars": {
        "training": 483793,
        "test": 154978,
        "all_data": 806856,
        "df_num": 28656,
        "df_cat": 212151,
        "all_dummies": 129409,
        "X_train": 80915,
        "X_test": 38054,
        "y_train": 14240,
        "all_dummies_scaled": 129409,
        "X_train_scaled": 80915,
        "X_test_scaled": 38054
      },
      "p2m": {},
      "m2p": {}
    },
    {
      "raw": "\"\"\"xgb = XGBClassifier(random_state = 1)\n\nparam_grid = {\n    'n_estimators': [20, 50, 100, 250, 500,1000],\n    'colsample_bytree': [0.2, 0.5, 0.7, 0.8, 1],\n    'max_depth': [2, 5, 10, 15, 20, 25, None],\n    'reg_alpha': [0, 0.5, 1],\n    'reg_lambda': [1, 1.5, 2],\n    'subsample': [0.5,0.6,0.7, 0.8, 0.9],\n    'learning_rate':[.01,0.1,0.2,0.3,0.5, 0.7, 0.9],\n    'gamma':[0,.01,.1,1,10,100],\n    'min_child_weight':[0,.01,0.1,1,10,100],\n    'sampling_method': ['uniform', 'gradient_based']\n}\n\n#clf_xgb = GridSearchCV(xgb, param_grid = param_grid, cv = 5, verbose = True, n_jobs = -1)\n#best_clf_xgb = clf_xgb.fit(X_train_scaled,y_train)\n#clf_performance(best_clf_xgb,'XGB')\nclf_xgb_rnd = RandomizedSearchCV(xgb, param_distributions = param_grid, n_iter = 1000, cv = 5, verbose = True, n_jobs = -1)\nbest_clf_xgb_rnd = clf_xgb_rnd.fit(X_train_scaled,y_train)\nclf_performance(best_clf_xgb_rnd,'XGB')\"\"\"",
      "total-ns": 524760,
      "vars": {
        "training": 483793,
        "test": 154978,
        "all_data": 806856,
        "df_num": 28656,
        "df_cat": 212151,
        "all_dummies": 129409,
        "X_train": 80915,
        "X_test": 38054,
        "y_train": 14240,
        "all_dummies_scaled": 129409,
        "X_train_scaled": 80915,
        "X_test_scaled": 38054
      },
      "p2m": {},
      "m2p": {}
    },
    {
      "raw": "",
      "total-ns": 195130,
      "vars": {
        "training": 483793,
        "test": 154978,
        "all_data": 806856,
        "df_num": 28656,
        "df_cat": 212151,
        "all_dummies": 129409,
        "X_train": 80915,
        "X_test": 38054,
        "y_train": 14240,
        "all_dummies_scaled": 129409,
        "X_train_scaled": 80915,
        "X_test_scaled": 38054
      },
      "p2m": {},
      "m2p": {}
    },
    {
      "raw": "",
      "total-ns": 306690,
      "vars": {
        "training": 483793,
        "test": 154978,
        "all_data": 806856,
        "df_num": 28656,
        "df_cat": 212151,
        "all_dummies": 129409,
        "X_train": 80915,
        "X_test": 38054,
        "y_train": 14240,
        "all_dummies_scaled": 129409,
        "X_train_scaled": 80915,
        "X_test_scaled": 38054
      },
      "p2m": {},
      "m2p": {}
    },
    {
      "raw": "\n",
      "total-ns": 235130,
      "vars": {
        "training": 483793,
        "test": 154978,
        "all_data": 806856,
        "df_num": 28656,
        "df_cat": 212151,
        "all_dummies": 129409,
        "X_train": 80915,
        "X_test": 38054,
        "y_train": 14240,
        "all_dummies_scaled": 129409,
        "X_train_scaled": 80915,
        "X_test_scaled": 38054
      },
      "p2m": {},
      "m2p": {}
    },
    {
      "raw": "",
      "total-ns": 183880,
      "vars": {
        "training": 483793,
        "test": 154978,
        "all_data": 806856,
        "df_num": 28656,
        "df_cat": 212151,
        "all_dummies": 129409,
        "X_train": 80915,
        "X_test": 38054,
        "y_train": 14240,
        "all_dummies_scaled": 129409,
        "X_train_scaled": 80915,
        "X_test_scaled": 38054
      },
      "p2m": {},
      "m2p": {}
    },
    {
      "raw": "",
      "total-ns": 136280,
      "vars": {
        "training": 483793,
        "test": 154978,
        "all_data": 806856,
        "df_num": 28656,
        "df_cat": 212151,
        "all_dummies": 129409,
        "X_train": 80915,
        "X_test": 38054,
        "y_train": 14240,
        "all_dummies_scaled": 129409,
        "X_train_scaled": 80915,
        "X_test_scaled": 38054
      },
      "p2m": {},
      "m2p": {}
    },
    {
      "raw": "",
      "total-ns": 135550,
      "vars": {
        "training": 483793,
        "test": 154978,
        "all_data": 806856,
        "df_num": 28656,
        "df_cat": 212151,
        "all_dummies": 129409,
        "X_train": 80915,
        "X_test": 38054,
        "y_train": 14240,
        "all_dummies_scaled": 129409,
        "X_train_scaled": 80915,
        "X_test_scaled": 38054
      },
      "p2m": {},
      "m2p": {}
    },
    {
      "raw": "",
      "total-ns": 130800,
      "vars": {
        "training": 483793,
        "test": 154978,
        "all_data": 806856,
        "df_num": 28656,
        "df_cat": 212151,
        "all_dummies": 129409,
        "X_train": 80915,
        "X_test": 38054,
        "y_train": 14240,
        "all_dummies_scaled": 129409,
        "X_train_scaled": 80915,
        "X_test_scaled": 38054
      },
      "p2m": {},
      "m2p": {}
    },
    {
      "raw": "",
      "total-ns": 137220,
      "vars": {
        "training": 483793,
        "test": 154978,
        "all_data": 806856,
        "df_num": 28656,
        "df_cat": 212151,
        "all_dummies": 129409,
        "X_train": 80915,
        "X_test": 38054,
        "y_train": 14240,
        "all_dummies_scaled": 129409,
        "X_train_scaled": 80915,
        "X_test_scaled": 38054
      },
      "p2m": {},
      "m2p": {}
    },
    {
      "raw": "",
      "total-ns": 168170,
      "vars": {
        "training": 483793,
        "test": 154978,
        "all_data": 806856,
        "df_num": 28656,
        "df_cat": 212151,
        "all_dummies": 129409,
        "X_train": 80915,
        "X_test": 38054,
        "y_train": 14240,
        "all_dummies_scaled": 129409,
        "X_train_scaled": 80915,
        "X_test_scaled": 38054
      },
      "p2m": {},
      "m2p": {}
    }
  ]
}