{
  "cells": [
    {
      "raw": "import numpy as np\nimport os\nimport pandas as pd\n",
      "total-ns": 10256189,
      "vars": {},
      "p2m": {},
      "m2p": {}
    },
    {
      "raw": "train_df = pd.read_csv('../input/feedback-prize-english-language-learning/train.csv')\ntest_df = pd.read_csv('../input/feedback-prize-english-language-learning/test.csv')",
      "total-ns": 278362427,
      "vars": {
        "train_df": 9810975,
        "test_df": 9274
      },
      "p2m": {},
      "m2p": {}
    },
    {
      "raw": "test_df.info()",
      "total-ns": 13451713,
      "vars": {
        "train_df": 9810975,
        "test_df": 9274
      },
      "p2m": {},
      "m2p": {}
    },
    {
      "raw": "train_df.head()",
      "total-ns": 1367122,
      "vars": {
        "train_df": 9810975,
        "test_df": 9274
      },
      "p2m": {},
      "m2p": {}
    },
    {
      "raw": "test_df.head()",
      "total-ns": 1393353,
      "vars": {
        "train_df": 9810975,
        "test_df": 9274
      },
      "p2m": {},
      "m2p": {}
    },
    {
      "raw": "len(train_df), len(test_df)",
      "total-ns": 1035876,
      "vars": {
        "train_df": 9810975,
        "test_df": 9274
      },
      "p2m": {},
      "m2p": {}
    },
    {
      "raw": "LABEL_COLUMNS = ['cohesion', 'syntax', 'vocabulary', 'phraseology', 'grammar', 'conventions']",
      "total-ns": 1033083,
      "vars": {
        "train_df": 9810975,
        "test_df": 9274
      },
      "p2m": {},
      "m2p": {}
    },
    {
      "raw": "## ORIGINAL:\n# texts = train_df.sample(frac=1, random_state=420).head(4)\n## TO RUN WITH KOALAS\ntexts = train_df.sample(frac=1.0, random_state=420).head(4)",
      "total-ns": 6800184,
      "vars": {
        "train_df": 9810975,
        "test_df": 9274,
        "texts": 12528
      },
      "p2m": {},
      "m2p": {}
    },
    {
      "raw": "train_df['total_score'] = train_df[LABEL_COLUMNS].sum(axis=1)\nlowest_df = train_df.sort_values('total_score').head(4)",
      "total-ns": 14595431,
      "vars": {
        "train_df": 9842263,
        "test_df": 9274,
        "texts": 12528,
        "lowest_df": 5837
      },
      "p2m": {},
      "m2p": {}
    },
    {
      "raw": "train_df['total_score'] = train_df[LABEL_COLUMNS].sum(axis=1)\nhighest_df = train_df.sort_values('total_score', ascending=False).head(4)",
      "total-ns": 14217863,
      "vars": {
        "train_df": 9842263,
        "test_df": 9274,
        "texts": 12528,
        "lowest_df": 5837,
        "highest_df": 17150
      },
      "p2m": {},
      "m2p": {}
    },
    {
      "raw": "train_df['word_count'] = train_df.full_text.apply(lambda x: len(x.split()))",
      "total-ns": 220683295,
      "vars": {
        "train_df": 9873551,
        "test_df": 9274,
        "texts": 12528,
        "lowest_df": 5837,
        "highest_df": 17150
      },
      "p2m": {},
      "m2p": {}
    },
    {
      "raw": "train_df['word_count'].mean()",
      "total-ns": 2104624,
      "vars": {
        "train_df": 9873551,
        "test_df": 9274,
        "texts": 12528,
        "lowest_df": 5837,
        "highest_df": 17150
      },
      "p2m": {},
      "m2p": {}
    },
    {
      "raw": "train_df['word_count'].max()",
      "total-ns": 1309902,
      "vars": {
        "train_df": 9873551,
        "test_df": 9274,
        "texts": 12528,
        "lowest_df": 5837,
        "highest_df": 17150
      },
      "p2m": {},
      "m2p": {}
    }
  ]
}