{
  "cells": [
    {
      "raw": "import pandas as pd\ndf = pd.read_csv(filepath_or_buffer='../input/Airline Dataset.csv', parse_dates=['Departure Date'])\ndf.head()",
      "total-ns": 335503442,
      "vars": {
        "df": 79400144
      },
      "p2m": {},
      "m2p": {}
    },
    {
      "raw": "df.info()",
      "total-ns": 112271750,
      "vars": {
        "df": 79400144
      },
      "p2m": {},
      "m2p": {}
    },
    {
      "raw": "df.info()",
      "total-ns": 111813051,
      "vars": {
        "df": 79400144
      },
      "p2m": {},
      "m2p": {}
    },
    {
      "raw": "df.nunique()",
      "total-ns": 67685800,
      "vars": {
        "df": 79586072
      },
      "p2m": {},
      "m2p": {}
    },
    {
      "raw": "df['Departure Date'].dt.year.value_counts()",
      "total-ns": 8650840,
      "vars": {
        "df": 79586072
      },
      "p2m": {},
      "m2p": {}
    },
    {
      "raw": "df['Last Name'].value_counts().nlargest(n=10)",
      "total-ns": 30065141,
      "vars": {
        "df": 79586072
      },
      "p2m": {},
      "m2p": {}
    }
  ]
}