{
  "cells": [
    {
      "raw": "import pandas as pd\nimport numpy as np\n\npd.plotting.register_matplotlib_converters()\nimport matplotlib.pyplot as plt\n%matplotlib inline\nimport seaborn as sns",
      "total-ns": 937932222,
      "vars": {},
      "p2m": {},
      "m2p": {}
    },
    {
      "raw": "data =  pd.read_csv('../input/used_cars_Pakistan.csv',index_col=0)\ndata",
      "total-ns": 87248616,
      "vars": {
        "data": 20489427
      },
      "p2m": {},
      "m2p": {}
    },
    {
      "raw": "data.info()",
      "total-ns": 28084082,
      "vars": {
        "data": 20489427
      },
      "p2m": {},
      "m2p": {}
    },
    {
      "raw": "data.make.value_counts().head(10)",
      "total-ns": 4181311,
      "vars": {
        "data": 20489427
      },
      "p2m": {},
      "m2p": {}
    },
    {
      "raw": "data.model.value_counts().head(10)",
      "total-ns": 4201220,
      "vars": {
        "data": 20489427
      },
      "p2m": {},
      "m2p": {}
    },
    {
      "raw": "data.city.value_counts().head(10)",
      "total-ns": 4219720,
      "vars": {
        "data": 20489427
      },
      "p2m": {},
      "m2p": {}
    },
    {
      "raw": "data.year.value_counts().head(10)",
      "total-ns": 1426461,
      "vars": {
        "data": 20489427
      },
      "p2m": {},
      "m2p": {}
    },
    {
      "raw": "data.Engine_displacement.value_counts().head(5)",
      "total-ns": 1691601,
      "vars": {
        "data": 20489427
      },
      "p2m": {},
      "m2p": {}
    },
    {
      "raw": "data.Battery.value_counts().head()",
      "total-ns": 1138480,
      "vars": {
        "data": 20489427
      },
      "p2m": {},
      "m2p": {}
    },
    {
      "raw": "100*(len(data)-data.Battery.isnull().sum())/len(data)",
      "total-ns": 893290,
      "vars": {
        "data": 20489427
      },
      "p2m": {},
      "m2p": {}
    },
    {
      "raw": "data.Price_Rs.mean()",
      "total-ns": 775980,
      "vars": {
        "data": 20489427
      },
      "p2m": {},
      "m2p": {}
    },
    {
      "raw": "data.Price_Rs.median()",
      "total-ns": 2347540,
      "vars": {
        "data": 20489427
      },
      "p2m": {},
      "m2p": {}
    },
    {
      "raw": "",
      "total-ns": 221249,
      "vars": {
        "data": 20489427
      },
      "p2m": {},
      "m2p": {}
    }
  ]
}