{
  "cells": [
    {
      "raw": "import pandas as pd\nimport numpy as np\n",
      "total-ns": 13917935,
      "vars": {},
      "p2m": {},
      "m2p": {}
    },
    {
      "raw": "df = pd.read_csv(\"../input/student_data.csv\")",
      "total-ns": 937985480,
      "vars": {
        "df": 67014636
      },
      "p2m": {},
      "m2p": {}
    },
    {
      "raw": "df.info()",
      "total-ns": 249750770,
      "vars": {
        "df": 67014636
      },
      "p2m": {},
      "m2p": {}
    },
    {
      "raw": "df.head()",
      "total-ns": 1706061,
      "vars": {
        "df": 67014636
      },
      "p2m": {},
      "m2p": {}
    },
    {
      "raw": "df.columns =['student_id','student_name', 'DOB', 'field_of_study', 'year_of_admission', 'expected_graduation', 'current_sem', 'specialization', 'fees', 'discount']\ndf.describe()",
      "total-ns": 195887110,
      "vars": {
        "df": 67014636
      },
      "p2m": {},
      "m2p": {}
    },
    {
      "raw": "#Check for missing values \ndf.isna().any()",
      "total-ns": 303735001,
      "vars": {
        "df": 67014636
      },
      "p2m": {},
      "m2p": {}
    },
    {
      "raw": "#Check for duplicated rows\ndf.duplicated().value_counts()",
      "total-ns": 495309605,
      "vars": {
        "df": 67014636
      },
      "p2m": {},
      "m2p": {}
    },
    {
      "raw": "df.info()",
      "total-ns": 272409066,
      "vars": {
        "df": 67014636
      },
      "p2m": {},
      "m2p": {}
    },
    {
      "raw": "cross_tab = pd.crosstab(df['field_of_study'], df['specialization'])\ncross_tab",
      "total-ns": 119203745,
      "vars": {
        "df": 67014636,
        "cross_tab": 598
      },
      "p2m": {},
      "m2p": {}
    },
    {
      "raw": "#Distribution of students across different 'field_of_study'\ncounts = df['field_of_study'].value_counts()\n",
      "total-ns": 31338381,
      "vars": {
        "df": 67014636,
        "cross_tab": 598,
        "counts": 438
      },
      "p2m": {},
      "m2p": {}
    },
    {
      "raw": "#Students enrolled in each specialization\ndf['specialization'].value_counts()",
      "total-ns": 27483688,
      "vars": {
        "df": 67014636,
        "cross_tab": 598,
        "counts": 438
      },
      "p2m": {},
      "m2p": {}
    },
    {
      "raw": "#Exploring any relationship between the field of study and the average age of the students\ndf['DOB'] = pd.to_datetime(df['DOB'])\ndf['age'] = (pd.to_datetime('today') - df['DOB'])\n\n#Calculate the age based on current date\ncurrent_year = pd.to_datetime('today').year\ndf['age'] = current_year - df['DOB'].dt.year\n\ndf.groupby('field_of_study')['age'].mean()",
      "total-ns": 216496063,
      "vars": {
        "df": 56814636,
        "cross_tab": 598,
        "counts": 438
      },
      "p2m": {},
      "m2p": {}
    },
    {
      "raw": "#Students admitted each year\nadmission_counts = df['year_of_admission'].value_counts().sort_index()\nprint(admission_counts)",
      "total-ns": 8804297,
      "vars": {
        "df": 56814636,
        "cross_tab": 598,
        "counts": 438,
        "admission_counts": 128
      },
      "p2m": {},
      "m2p": {}
    },
    {
      "raw": "#Current semester distribution among the students\nsemester_counts = df['current_sem'].value_counts().sort_index()",
      "total-ns": 10845871,
      "vars": {
        "df": 56814636,
        "cross_tab": 598,
        "counts": 438,
        "admission_counts": 128,
        "semester_counts": 80
      },
      "p2m": {},
      "m2p": {}
    },
    {
      "raw": "#Exploring the correlation between the field of study and the fees paid\nselected_columns = df[['field_of_study','fees']]\n\n#Converting the values in 'field_of_study' to numerical values\nfield_map = {'Chemical Engineering' : 0, 'Civil Engineering' : 1, 'Computer Science' : 2, 'Electrical Engineering' :3, 'Mechanical Engineering' :4}\nselected_columns['field_of_study'] = selected_columns['field_of_study'].map(field_map)\n\ncorr_matrix = selected_columns.corr()",
      "total-ns": 117759156,
      "vars": {
        "df": 56814636,
        "cross_tab": 598,
        "counts": 438,
        "admission_counts": 128,
        "semester_counts": 80,
        "selected_columns": 3200144,
        "corr_matrix": 288
      },
      "p2m": {},
      "m2p": {}
    },
    {
      "raw": "#Exploring the correlation between fees and the discount on the fees\ncorrelation_matrix = df[['fees','discount']].corr()",
      "total-ns": 25164764,
      "vars": {
        "df": 56814636,
        "cross_tab": 598,
        "counts": 438,
        "admission_counts": 128,
        "semester_counts": 80,
        "selected_columns": 3200144,
        "corr_matrix": 288,
        "correlation_matrix": 282
      },
      "p2m": {},
      "m2p": {}
    }
  ]
}