{
  "cells": [
    {
      "raw": "#invite people for the Kaggle party\nimport os\nimport pandas as pd\nimport matplotlib.pyplot as plt\nimport seaborn as sns\nimport numpy as np\n# STEFANOS: Unneeded\n# from scipy.stats import norm\nfrom sklearn.preprocessing import StandardScaler\n# from scipy import stats\nimport warnings\nwarnings.filterwarnings('ignore')\n# STEFANOS: Disable magic functions\n# %matplotlib inline",
      "total-ns": 980900390,
      "vars": {},
      "p2m": {},
      "m2p": {}
    },
    {
      "raw": "#bring in the six packs\ndf_train = pd.read_csv('../input/train.csv')",
      "total-ns": 18871509,
      "vars": {
        "df_train": 4068302
      },
      "p2m": {},
      "m2p": {}
    },
    {
      "raw": "df_train.info()",
      "total-ns": 10893229,
      "vars": {
        "df_train": 4068302
      },
      "p2m": {},
      "m2p": {}
    },
    {
      "raw": "#check the decoration\ndf_train.columns",
      "total-ns": 314249,
      "vars": {
        "df_train": 4068302
      },
      "p2m": {},
      "m2p": {}
    },
    {
      "raw": "#descriptive statistics summary\ndf_train['SalePrice'].describe()",
      "total-ns": 1951770,
      "vars": {
        "df_train": 4068302
      },
      "p2m": {},
      "m2p": {}
    },
    {
      "raw": "\n#histogram\n# STEFANOS: Disable plotting\n# sns.distplot(df_train['SalePrice']);",
      "total-ns": 183080,
      "vars": {
        "df_train": 4068302
      },
      "p2m": {},
      "m2p": {}
    },
    {
      "raw": "#skewness and kurtosis\nprint(\"Skewness: %f\" % df_train['SalePrice'].skew())\nprint(\"Kurtosis: %f\" % df_train['SalePrice'].kurt())",
      "total-ns": 739600,
      "vars": {
        "df_train": 4068302
      },
      "p2m": {},
      "m2p": {}
    },
    {
      "raw": "#scatter plot grlivarea/saleprice\nvar = 'GrLivArea'\ndata = pd.concat([df_train['SalePrice'], df_train[var]], axis=1)\n# STEFANOS: Disable plotting\n# data.plot.scatter(x=var, y='SalePrice', ylim=(0,800000));",
      "total-ns": 912360,
      "vars": {
        "df_train": 4068302,
        "data": 23504
      },
      "p2m": {},
      "m2p": {}
    },
    {
      "raw": "#scatter plot totalbsmtsf/saleprice\nvar = 'TotalBsmtSF'\ndata = pd.concat([df_train['SalePrice'], df_train[var]], axis=1)\n# STEFANOS: Disable plotting\n# data.plot.scatter(x=var, y='SalePrice', ylim=(0,800000));",
      "total-ns": 850990,
      "vars": {
        "df_train": 4068302,
        "data": 23504
      },
      "p2m": {},
      "m2p": {}
    },
    {
      "raw": "#box plot overallqual/saleprice\nvar = 'OverallQual'\ndata = pd.concat([df_train['SalePrice'], df_train[var]], axis=1)\n# STEFANOS: Disable plotting\n# f, ax = plt.subplots(figsize=(8, 6))\n# fig = sns.boxplot(x=var, y=\"SalePrice\", data=data)\n# fig.axis(ymin=0, ymax=800000);",
      "total-ns": 821950,
      "vars": {
        "df_train": 4068302,
        "data": 23504
      },
      "p2m": {},
      "m2p": {}
    },
    {
      "raw": "var = 'YearBuilt'\ndata = pd.concat([df_train['SalePrice'], df_train[var]], axis=1)\n# STEFANOS: Disable plotting\n# f, ax = plt.subplots(figsize=(16, 8))\n# fig = sns.boxplot(x=var, y=\"SalePrice\", data=data)\n# fig.axis(ymin=0, ymax=800000);\n# plt.xticks(rotation=90);",
      "total-ns": 802200,
      "vars": {
        "df_train": 4068302,
        "data": 23504
      },
      "p2m": {},
      "m2p": {}
    },
    {
      "raw": "#correlation matrix\ncorrmat = df_train.corr()\n# STEFANOS: Disable plotting\n# f, ax = plt.subplots(figsize=(12, 9))\n# sns.heatmap(corrmat, vmax=.8, square=True);",
      "total-ns": 4423240,
      "vars": {
        "df_train": 4068302,
        "data": 23504,
        "corrmat": 15173
      },
      "p2m": {},
      "m2p": {}
    },
    {
      "raw": "#saleprice correlation matrix\nk = 10 #number of variables for heatmap\n# STEFANOS-DISABLE-FOR-MODIN: Seems it doesn't support nlargest()\n#### ORIGINAL CODE ####\n# cols = corrmat.nlargest(k, 'SalePrice')['SalePrice'].index\n#### COMPATIBLE FOR MODIN ####\ncols = corrmat.sort_values(by='SalePrice', ascending=False).head(k)['SalePrice'].index\n\n\ncm = np.corrcoef(df_train[cols].values.T)\n# STEFANOS: Disable plotting\n# sns.set(font_scale=1.25)\n# hm = sns.heatmap(cm, cbar=True, annot=True, square=True, fmt='.2f', annot_kws={'size': 10}, yticklabels=cols.values, xticklabels=cols.values)\n# plt.show()",
      "total-ns": 5388160,
      "vars": {
        "df_train": 4068302,
        "data": 23504,
        "corrmat": 15173
      },
      "p2m": {},
      "m2p": {}
    },
    {
      "raw": "#scatterplot\n# STEFANOS: Disable plotting\n# sns.set()\n# cols = ['SalePrice', 'OverallQual', 'GrLivArea', 'GarageCars', 'TotalBsmtSF', 'FullBath', 'YearBuilt']\n# sns.pairplot(df_train[cols], size = 2.5)\n# plt.show();",
      "total-ns": 215140,
      "vars": {
        "df_train": 4068302,
        "data": 23504,
        "corrmat": 15173
      },
      "p2m": {},
      "m2p": {}
    },
    {
      "raw": "#missing data\ntotal = df_train.isnull().sum().sort_values(ascending=False)\npercent = (df_train.isnull().sum()/df_train.isnull().count()).sort_values(ascending=False)\nmissing_data = pd.concat([total, percent], axis=1, keys=['Total', 'Percent'])\nmissing_data.head(20)",
      "total-ns": 20183170,
      "vars": {
        "df_train": 4068302,
        "data": 23504,
        "corrmat": 15173,
        "total": 6055,
        "percent": 6055,
        "missing_data": 6703
      },
      "p2m": {},
      "m2p": {}
    },
    {
      "raw": "#dealing with missing data\ndf_train = df_train.drop((missing_data[missing_data['Total'] > 1]).index,1)\n# STEFANOS: Disabled this line because for some it raises an exception when we replicate data.\n# I think it's better to disable one line in order to replicate data, so that we are fair to other\n# notebooks (e.g., if we don't replicate data, the cells of this notebook might be fast enough that they're all\n# discarded as very fast cells in the stats)\n# df_train = df_train.drop(df_train.loc[df_train['Electrical'].isnull()].index)\ndf_train.isnull().sum().max() #just checking that there's no missing data missing...",
      "total-ns": 5925100,
      "vars": {
        "df_train": 2904473,
        "data": 23504,
        "corrmat": 15173,
        "total": 6055,
        "percent": 6055,
        "missing_data": 6703
      },
      "p2m": {},
      "m2p": {}
    },
    {
      "raw": "#standardizing data\nsaleprice_scaled = StandardScaler().fit_transform(df_train['SalePrice'][:,np.newaxis]);\nlow_range = saleprice_scaled[saleprice_scaled[:,0].argsort()][:10]\nhigh_range= saleprice_scaled[saleprice_scaled[:,0].argsort()][-10:]\nprint('outer range (low) of the distribution:')\nprint(low_range)\nprint('\\nouter range (high) of the distribution:')\nprint(high_range)",
      "total-ns": 2234130,
      "vars": {
        "df_train": 2904473,
        "data": 23504,
        "corrmat": 15173,
        "total": 6055,
        "percent": 6055,
        "missing_data": 6703
      },
      "p2m": {},
      "m2p": {}
    },
    {
      "raw": "#bivariate analysis saleprice/grlivarea\nvar = 'GrLivArea'\ndata = pd.concat([df_train['SalePrice'], df_train[var]], axis=1)\n# STEFANOS: Disable plotting\n# data.plot.scatter(x=var, y='SalePrice', ylim=(0,800000));",
      "total-ns": 886420,
      "vars": {
        "df_train": 2904473,
        "data": 23504,
        "corrmat": 15173,
        "total": 6055,
        "percent": 6055,
        "missing_data": 6703
      },
      "p2m": {},
      "m2p": {}
    },
    {
      "raw": "#deleting points\ndf_train.sort_values(by = 'GrLivArea', ascending = False)[:2]\ndf_train = df_train.drop(df_train[df_train['Id'] == 1299].index)\ndf_train = df_train.drop(df_train[df_train['Id'] == 524].index)",
      "total-ns": 3743690,
      "vars": {
        "df_train": 2912032,
        "data": 23504,
        "corrmat": 15173,
        "total": 6055,
        "percent": 6055,
        "missing_data": 6703
      },
      "p2m": {},
      "m2p": {}
    },
    {
      "raw": "#bivariate analysis saleprice/grlivarea\nvar = 'TotalBsmtSF'\ndata = pd.concat([df_train['SalePrice'], df_train[var]], axis=1)\n# STEFANOS: Disable plotting\n# data.plot.scatter(x=var, y='SalePrice', ylim=(0,800000));",
      "total-ns": 922010,
      "vars": {
        "df_train": 2912032,
        "data": 35008,
        "corrmat": 15173,
        "total": 6055,
        "percent": 6055,
        "missing_data": 6703
      },
      "p2m": {},
      "m2p": {}
    },
    {
      "raw": "#histogram and normal probability plot\n# STEFANOS: Disable plotting\n# sns.distplot(df_train['SalePrice'], fit=norm);\n# fig = plt.figure()\n# res = stats.probplot(df_train['SalePrice'], plot=plt)",
      "total-ns": 175830,
      "vars": {
        "df_train": 2912032,
        "data": 35008,
        "corrmat": 15173,
        "total": 6055,
        "percent": 6055,
        "missing_data": 6703
      },
      "p2m": {},
      "m2p": {}
    },
    {
      "raw": "#applying log transformation\ndf_train['SalePrice'] = np.log(df_train['SalePrice'])",
      "total-ns": 728400,
      "vars": {
        "df_train": 2912032,
        "data": 35008,
        "corrmat": 15173,
        "total": 6055,
        "percent": 6055,
        "missing_data": 6703
      },
      "p2m": {},
      "m2p": {}
    },
    {
      "raw": "#transformed histogram and normal probability plot\n# STEFANOS: Disable plotting\n# sns.distplot(df_train['SalePrice'], fit=norm);\n# fig = plt.figure()\n# res = stats.probplot(df_train['SalePrice'], plot=plt)",
      "total-ns": 180261,
      "vars": {
        "df_train": 2912032,
        "data": 35008,
        "corrmat": 15173,
        "total": 6055,
        "percent": 6055,
        "missing_data": 6703
      },
      "p2m": {},
      "m2p": {}
    },
    {
      "raw": "#histogram and normal probability plot\n# STEFANOS: Disable plotting\n# sns.distplot(df_train['GrLivArea'], fit=norm);\n# fig = plt.figure()\n# res = stats.probplot(df_train['GrLivArea'], plot=plt)",
      "total-ns": 156740,
      "vars": {
        "df_train": 2912032,
        "data": 35008,
        "corrmat": 15173,
        "total": 6055,
        "percent": 6055,
        "missing_data": 6703
      },
      "p2m": {},
      "m2p": {}
    },
    {
      "raw": "#data transformation\ndf_train['GrLivArea'] = np.log(df_train['GrLivArea'])",
      "total-ns": 706000,
      "vars": {
        "df_train": 2912032,
        "data": 35008,
        "corrmat": 15173,
        "total": 6055,
        "percent": 6055,
        "missing_data": 6703
      },
      "p2m": {},
      "m2p": {}
    },
    {
      "raw": "#transformed histogram and normal probability plot\n# STEFANOS: Disable plotting\n# sns.distplot(df_train['GrLivArea'], fit=norm);\n# fig = plt.figure()\n# res = stats.probplot(df_train['GrLivArea'], plot=plt)",
      "total-ns": 157370,
      "vars": {
        "df_train": 2912032,
        "data": 35008,
        "corrmat": 15173,
        "total": 6055,
        "percent": 6055,
        "missing_data": 6703
      },
      "p2m": {},
      "m2p": {}
    },
    {
      "raw": "#histogram and normal probability plot\n# STEFANOS: Disable plotting\n# sns.distplot(df_train['TotalBsmtSF'], fit=norm);\n# fig = plt.figure()\n# res = stats.probplot(df_train['TotalBsmtSF'], plot=plt)",
      "total-ns": 153960,
      "vars": {
        "df_train": 2912032,
        "data": 35008,
        "corrmat": 15173,
        "total": 6055,
        "percent": 6055,
        "missing_data": 6703
      },
      "p2m": {},
      "m2p": {}
    },
    {
      "raw": "#create column for new variable (one is enough because it's a binary categorical feature)\n#if area>0 it gets 1, for area==0 it gets 0\ndf_train['HasBsmt'] = pd.Series(len(df_train['TotalBsmtSF']), index=df_train.index)\ndf_train['HasBsmt'] = 0 \ndf_train.loc[df_train['TotalBsmtSF']>0,'HasBsmt'] = 1",
      "total-ns": 1428290,
      "vars": {
        "df_train": 2923696,
        "data": 35008,
        "corrmat": 15173,
        "total": 6055,
        "percent": 6055,
        "missing_data": 6703
      },
      "p2m": {},
      "m2p": {}
    },
    {
      "raw": "#transform data\ndf_train.loc[df_train['HasBsmt']==1,'TotalBsmtSF'] = np.log(df_train['TotalBsmtSF'])",
      "total-ns": 1426140,
      "vars": {
        "df_train": 2956760,
        "data": 68072,
        "corrmat": 15173,
        "total": 6055,
        "percent": 6055,
        "missing_data": 6703
      },
      "p2m": {},
      "m2p": {}
    },
    {
      "raw": "#histogram and normal probability plot\n# STEFANOS: Disable plotting\n# sns.distplot(df_train[df_train['TotalBsmtSF']>0]['TotalBsmtSF'], fit=norm);\n# fig = plt.figure()\n# res = stats.probplot(df_train[df_train['TotalBsmtSF']>0]['TotalBsmtSF'], plot=plt)\n_ = df_train[df_train['TotalBsmtSF']>0]['TotalBsmtSF']\n_ = df_train[df_train['TotalBsmtSF']>0]['TotalBsmtSF']",
      "total-ns": 2106060,
      "vars": {
        "_": 22752,
        "df_train": 2956760,
        "data": 68072,
        "corrmat": 15173,
        "total": 6055,
        "percent": 6055,
        "missing_data": 6703
      },
      "p2m": {},
      "m2p": {}
    },
    {
      "raw": "#scatter plot\n# STEFANOS: Disable plotting\n# plt.scatter(df_train['GrLivArea'], df_train['SalePrice']);",
      "total-ns": 151180,
      "vars": {
        "_": 22752,
        "df_train": 2956760,
        "data": 68072,
        "corrmat": 15173,
        "total": 6055,
        "percent": 6055,
        "missing_data": 6703
      },
      "p2m": {},
      "m2p": {}
    },
    {
      "raw": "#scatter plot\n# STEFANOS: Disable plotting\n# plt.scatter(df_train[df_train['TotalBsmtSF']>0]['TotalBsmtSF'], df_train[df_train['TotalBsmtSF']>0]['SalePrice']);\n_ = df_train[df_train['TotalBsmtSF']>0]['TotalBsmtSF']\n_ = df_train[df_train['TotalBsmtSF']>0]['SalePrice']",
      "total-ns": 1706320,
      "vars": {
        "_": 22752,
        "df_train": 2956760,
        "data": 68072,
        "corrmat": 15173,
        "total": 6055,
        "percent": 6055,
        "missing_data": 6703
      },
      "p2m": {},
      "m2p": {}
    },
    {
      "raw": "#convert categorical variable into dummy\ndf_train = pd.get_dummies(df_train)",
      "total-ns": 93840979,
      "vars": {
        "_": 22752,
        "df_train": 735836,
        "data": 68072,
        "corrmat": 15173,
        "total": 6055,
        "percent": 6055,
        "missing_data": 6703
      },
      "p2m": {},
      "m2p": {}
    }
  ]
}