{
  "cells": [
    {
      "raw": "import pandas as pd\nimport numpy as np\n\n# pd.set_option('max_columns', 100) # So we can see more columns\n\n# Read in the training data\ntrain = pd.read_csv('../input/train.csv', low_memory=False)",
      "total-ns": 6013506326,
      "vars": {
        "train": 1208245674
      },
      "p2m": {},
      "m2p": {}
    },
    {
      "raw": "train.info()",
      "total-ns": 1408399538,
      "vars": {
        "train": 1208245674
      },
      "p2m": {},
      "m2p": {}
    },
    {
      "raw": "# https://stackoverflow.com/questions/30228069/how-to-display-the-value-of-the-bar-on-each-bar-with-pyplot-barh\ndef label_bars(ax, bars, text_format, **kwargs):\n    \"\"\"\n    Attaches a label on every bar of a regular or horizontal bar chart\n    \"\"\"\n    ys = [bar.get_y() for bar in bars]\n    y_is_constant = all(y == ys[0] for y in ys)  # -> regular bar chart, since all all bars start on the same y level (0)\n\n    if y_is_constant:\n        _label_bar(ax, bars, text_format, **kwargs)\n    else:\n        _label_barh(ax, bars, text_format, **kwargs)\n\n\ndef _label_bar(ax, bars, text_format, **kwargs):\n    \"\"\"\n    Attach a text label to each bar displaying its y value\n    \"\"\"\n    max_y_value = ax.get_ylim()[1]\n    inside_distance = max_y_value * 0.05\n    outside_distance = max_y_value * 0.01\n\n    for bar in bars:\n        text = text_format.format(bar.get_height())\n        text_x = bar.get_x() + bar.get_width() / 2\n\n        is_inside = bar.get_height() >= max_y_value * 0.15\n        if is_inside:\n            color = \"white\"\n            text_y = bar.get_height() - inside_distance\n        else:\n            color = \"black\"\n            text_y = bar.get_height() + outside_distance\n\n        ax.text(text_x, text_y, text, ha='center', va='bottom', color=color, **kwargs)\n\n\ndef _label_barh(ax, bars, text_format, **kwargs):\n    \"\"\"\n    Attach a text label to each bar displaying its y value\n    Note: label always outside. otherwise it's too hard to control as numbers can be very long\n    \"\"\"\n    max_x_value = ax.get_xlim()[1]\n    distance = max_x_value * 0.0025\n\n    for bar in bars:\n        text = text_format.format(bar.get_width())\n\n        text_x = bar.get_width() + distance\n        text_y = bar.get_y() + bar.get_height() / 2\n\n        ax.text(text_x, text_y, text, va='center', **kwargs)",
      "total-ns": 3149190,
      "vars": {
        "train": 1208245674
      },
      "p2m": {},
      "m2p": {}
    },
    {
      "raw": "train.groupby('PlayId').first()['Yards'] ",
      "total-ns": 523231608,
      "vars": {
        "train": 1208245674
      },
      "p2m": {},
      "m2p": {}
    },
    {
      "raw": "# fig, axes = plt.subplots(4, 1, figsize=(15, 8), sharex=True)\n# n = 0\n# for i, d in train.groupby('Down'):\n#     d['Yards'].plot(kind='hist',\n#                     bins=30,\n#                    color=color_pal[n],\n#                    ax=axes[n],\n#                    title=f'Yards Gained on down {i}')\n#     n+=1",
      "total-ns": 436960,
      "vars": {
        "train": 1208245674
      },
      "p2m": {},
      "m2p": {}
    },
    {
      "raw": "# fig, ax = plt.subplots(figsize=(20, 5))\n# sns.violinplot(x='Distance-to-Gain',\n#                y='Yards',\n#                data=train.rename(columns={'Distance':'Distance-to-Gain'}),\n#                ax=ax)\n# plt.ylim(-10, 20)\n# plt.title('Yards vs Distance-to-Gain')\n# plt.show()",
      "total-ns": 285970,
      "vars": {
        "train": 1208245674
      },
      "p2m": {},
      "m2p": {}
    },
    {
      "raw": "print('Unique game data provided: {}'.format(train['GameId'].nunique()))\nprint('Unique play data provided: {}'.format(train['PlayId'].nunique()))",
      "total-ns": 9755630,
      "vars": {
        "train": 1208245674
      },
      "p2m": {},
      "m2p": {}
    },
    {
      "raw": "train.groupby('GameId')['PlayId'] \\\n    .nunique()",
      "total-ns": 18570119,
      "vars": {
        "train": 1208245674
      },
      "p2m": {},
      "m2p": {}
    },
    {
      "raw": "# fig, (ax1, ax2) = plt.subplots(1, 2, figsize=(15, 5))\n# sns.boxplot(data=train.groupby('PlayId').first()[['Distance','Down']],\n#             x='Down', y='Distance', ax=ax1)\n# ax1.set_title('Distance-to-Gain by Down')\n# sns.boxplot(data=train.groupby('PlayId').first()[['Yards','Down']],\n#             x='Down', y='Yards', ax=ax2)\n# ax2.set_title('Yards Gained by Down')\n# plt.show()",
      "total-ns": 427610,
      "vars": {
        "train": 1208245674
      },
      "p2m": {},
      "m2p": {}
    },
    {
      "raw": "train['Distance']",
      "total-ns": 486280,
      "vars": {
        "train": 1208245674
      },
      "p2m": {},
      "m2p": {}
    },
    {
      "raw": "# fig, (ax1, ax2, ax3) = plt.subplots(1, 3, figsize=(16, 4))\n# train['S'].plot(kind='hist', ax=ax1,\n#                 title='Distribution of Speed',\n#                 bins=20,\n#                 color=color_pal[0])\n# train['A'].plot(kind='hist',\n#                 ax=ax2,\n#                 title='Distribution of Acceleration',\n#                 bins=20,\n#                 color=color_pal[1])\n# train['Dis'].plot(kind='hist',\n#                   ax=ax3,\n#                   title='Distribution of Distance',\n#                   bins=20,\n#                   color=color_pal[2])\n# plt.show()",
      "total-ns": 487780,
      "vars": {
        "train": 1208245674
      },
      "p2m": {},
      "m2p": {}
    },
    {
      "raw": "\ntrain.query(\"NflIdRusher == NflId\")['S'] \ntrain.query(\"NflIdRusher == NflId\")['A'] \ntrain.query(\"NflIdRusher == NflId\")['Dis'] ",
      "total-ns": 134374417,
      "vars": {
        "train": 1208245674
      },
      "p2m": {},
      "m2p": {}
    },
    {
      "raw": "",
      "total-ns": 190619,
      "vars": {
        "train": 1208245674
      },
      "p2m": {},
      "m2p": {}
    },
    {
      "raw": "train.groupby('PlayId') \\\n    .first() \\\n    .groupby('OffensePersonnel') \\\n    .count()['GameId'] \\\n    .sort_values(ascending=False) \\\n    .head(15) \\\n    .sort_values() \ntrain.groupby('PlayId') \\\n    .first() \\\n    .groupby('DefensePersonnel') \\\n    .count()['GameId'] \\\n    .sort_values(ascending=False) \\\n    .head(15) \\\n    .sort_values()",
      "total-ns": 1194964103,
      "vars": {
        "train": 1208245674
      },
      "p2m": {},
      "m2p": {}
    },
    {
      "raw": "top_10_defenses = train.groupby('DefensePersonnel')['GameId'] \\\n    .count() \\\n    .sort_values(ascending=False).index[:10] \\\n    .tolist()",
      "total-ns": 29036569,
      "vars": {
        "train": 1208245674
      },
      "p2m": {},
      "m2p": {}
    },
    {
      "raw": "train_play = train.groupby('PlayId').first()\ntrain_top10_def = train_play.loc[train_play['DefensePersonnel'].isin(top_10_defenses)]",
      "total-ns": 533475338,
      "vars": {
        "train": 1208245674,
        "train_play": 54791291,
        "train_top10_def": 53314156
      },
      "p2m": {},
      "m2p": {}
    },
    {
      "raw": "# fig, ax = plt.subplots(figsize=(15, 5))\n# ax.set_ylim(-10, 60)\n# ax.set_title('Yards vs Quarter')\n# sns.boxenplot(x='Quarter',\n#             y='Yards',\n#             data=train.sample(5000),\n#             ax=ax)\n# plt.show()",
      "total-ns": 418031,
      "vars": {
        "train": 1208245674,
        "train_play": 54791291,
        "train_top10_def": 53314156
      },
      "p2m": {},
      "m2p": {}
    },
    {
      "raw": "# fig, ax = plt.subplots(figsize=(15, 5))\n# ax.set_ylim(-10, 60)\n# sns.boxenplot(x='DefendersInTheBox',\n#                y='Yards',\n#                data=train.query('DefendersInTheBox > 2'),\n#                ax=ax)\n# plt.title('Yards vs Defenders in the Box')\n# plt.show()",
      "total-ns": 450670,
      "vars": {
        "train": 1208245674,
        "train_play": 54791291,
        "train_top10_def": 53314156
      },
      "p2m": {},
      "m2p": {}
    },
    {
      "raw": "# fig, axes = plt.subplots(3, 2, constrained_layout=True, figsize=(15 , 10))\n# #fig.tight_layout()\n# ax_idx = 0\n# ax_idx2 = 0\n# for i in range(4, 10):\n#     this_ax = axes[ax_idx2][ax_idx]\n#     #print(ax_idx, ax_idx2)\n#     sns.distplot(train.query('DefendersInTheBox == @i')['Yards'],\n#                 ax=this_ax,\n#                 color=color_pal[ax_idx2])\n#     this_ax.set_title(f'{i} Defenders in the box')\n#     this_ax.set_xlim(-10, 20)\n#     ax_idx += 1\n#     if ax_idx == 2:\n#         ax_idx = 0\n#         ax_idx2 += 1\n# plt.show()",
      "total-ns": 334720,
      "vars": {
        "train": 1208245674,
        "train_play": 54791291,
        "train_top10_def": 53314156
      },
      "p2m": {},
      "m2p": {}
    },
    {
      "raw": "train.query(\"NflIdRusher == NflId\") \\\n    .groupby('DisplayName')['Yards'] \\\n    .agg(['count','mean']) \\\n    .query('count > 100') \\\n    .sort_values('mean', ascending=True) \\\n    .tail(10)['mean'] \ntrain.query(\"NflIdRusher == NflId\") \\\n    .groupby('DisplayName')['Yards'] \\\n    .agg(['count','mean']) \\\n    .query('count > 100') \\\n    .sort_values('mean', ascending=True) \\\n    .head(10)['mean']",
      "total-ns": 92282198,
      "vars": {
        "train": 1208245674,
        "train_play": 54791291,
        "train_top10_def": 53314156
      },
      "p2m": {},
      "m2p": {}
    },
    {
      "raw": "# Create the DL-LB combos\ntrain['DL_LB'] = train['DefensePersonnel'] \\\n    .str[:10] \\\n    .str.replace(' DL, ','-') \\\n    .str.replace(' LB','') # Clean up and convert to DL-LB combo\ntop_5_dl_lb_combos = train.groupby('DL_LB').count()['GameId'] \\\n    .sort_values() \\\n    .tail(10).index.tolist()\nax = train.loc[train['DL_LB'].isin(top_5_dl_lb_combos)] \\\n    .groupby('DL_LB')",
      "total-ns": 2668924620,
      "vars": {
        "train": 1249174914,
        "train_play": 54791291,
        "train_top10_def": 53314156
      },
      "p2m": {},
      "m2p": {}
    },
    {
      "raw": "def create_football_field(linenumbers=True,\n                          endzones=True,\n                          highlight_line=False,\n                          highlight_line_number=50,\n                          highlighted_name='Line of Scrimmage',\n                          fifty_is_los=False,\n                          figsize=(12*2, 6.33*2)):\n    \"\"\"\n    Function that plots the football field for viewing plays.\n    Allows for showing or hiding endzones.\n    \"\"\"\n    # rect = patches.Rectangle((0, 0), 120, 53.3, linewidth=0.1,\n    #                          edgecolor='r', facecolor='darkgreen', zorder=0)\n\n    # fig, ax = plt.subplots(1, figsize=figsize)\n    # ax.add_patch(rect)\n\n    # plt.plot([10, 10, 10, 20, 20, 30, 30, 40, 40, 50, 50, 60, 60, 70, 70, 80,\n    #           80, 90, 90, 100, 100, 110, 110, 120, 0, 0, 120, 120],\n    #          [0, 0, 53.3, 53.3, 0, 0, 53.3, 53.3, 0, 0, 53.3, 53.3, 0, 0, 53.3,\n    #           53.3, 0, 0, 53.3, 53.3, 0, 0, 53.3, 53.3, 53.3, 0, 0, 53.3],\n    #          color='white')\n    # if fifty_is_los:\n    #     plt.plot([60, 60], [0, 53.3], color='gold')\n    #     plt.text(62, 50, '<- Player Yardline at Snap', color='gold')\n    # # Endzones\n    # if endzones:\n    #     ez1 = patches.Rectangle((0, 0), 10, 53.3,\n    #                             linewidth=0.1,\n    #                             edgecolor='r',\n    #                             facecolor='blue',\n    #                             alpha=0.2,\n    #                             zorder=0)\n    #     ez2 = patches.Rectangle((110, 0), 120, 53.3,\n    #                             linewidth=0.1,\n    #                             edgecolor='r',\n    #                             facecolor='blue',\n    #                             alpha=0.2,\n    #                             zorder=0)\n    #     ax.add_patch(ez1)\n    #     ax.add_patch(ez2)\n    # plt.xlim(0, 120)\n    # plt.ylim(-5, 58.3)\n    # plt.axis('off')\n    if linenumbers:\n        for x in range(20, 110, 10):\n            numb = x\n            if x > 50:\n                numb = 120 - x\n            # plt.text(x, 5, str(numb - 10),\n            #          horizontalalignment='center',\n            #          fontsize=20,  # fontname='Arial',\n            #          color='white')\n            # plt.text(x - 0.95, 53.3 - 5, str(numb - 10),\n            #          horizontalalignment='center',\n            #          fontsize=20,  # fontname='Arial',\n            #          color='white', rotation=180)\n    if endzones:\n        hash_range = range(11, 110)\n    else:\n        hash_range = range(1, 120)\n\n    # for x in hash_range:\n    #     ax.plot([x, x], [0.4, 0.7], color='white')\n    #     ax.plot([x, x], [53.0, 52.5], color='white')\n    #     ax.plot([x, x], [22.91, 23.57], color='white')\n    #     ax.plot([x, x], [29.73, 30.39], color='white')\n\n    # if highlight_line:\n    #     hl = highlight_line_number + 10\n    #     plt.plot([hl, hl], [0, 53.3], color='yellow')\n    #     plt.text(hl + 2, 50, '<- {}'.format(highlighted_name),\n    #              color='yellow')\n    # return fig, ax\n\nimport math\ndef get_dx_dy(angle, dist):\n    cartesianAngleRadians = (450-angle)*math.pi/180.0\n    dx = dist * math.cos(cartesianAngleRadians)\n    dy = dist * math.sin(cartesianAngleRadians)\n    return dx, dy",
      "total-ns": 1643200,
      "vars": {
        "train": 1249174914,
        "train_play": 54791291,
        "train_top10_def": 53314156
      },
      "p2m": {},
      "m2p": {}
    },
    {
      "raw": "play_id = train.query(\"DL_LB == '3-4'\")['PlayId'].reset_index(drop=True)[500]\ntrain.query(\"PlayId == @play_id and Team == 'away'\") \ntrain.query(\"PlayId == @play_id and Team == 'home'\") \ntrain.query(\"PlayId == @play_id and NflIdRusher == NflId\") \nrusher_row = train.query(\"PlayId == @play_id and NflIdRusher == NflId\")\nyards_covered = rusher_row[\"Yards\"].values[0]\n\nx = rusher_row[\"X\"].values[0]\ny = rusher_row[\"Y\"].values[0]\nrusher_dir = rusher_row[\"Dir\"].values[0]\nrusher_speed = rusher_row[\"S\"].values[0]\ndx, dy = get_dx_dy(rusher_dir, rusher_speed)\nyards_gained = train.query(\"PlayId == @play_id\")['Yards'].tolist()[0]",
      "total-ns": 88607408,
      "vars": {
        "train": 1249174914,
        "train_play": 54791291,
        "train_top10_def": 53314156,
        "rusher_row": 1851
      },
      "p2m": {},
      "m2p": {}
    },
    {
      "raw": "play_id = train.query(\"DL_LB == '4-3'\")['PlayId'].reset_index(drop=True)[500]\ntrain.query(\"PlayId == @play_id and Team == 'away'\") \ntrain.query(\"PlayId == @play_id and Team == 'home'\")\ntrain.query(\"PlayId == @play_id and NflIdRusher == NflId\")\nrusher_row = train.query(\"PlayId == @play_id and NflIdRusher == NflId\")\nyards_covered = rusher_row[\"Yards\"].values[0]\n\nx = rusher_row[\"X\"].values[0]\ny = rusher_row[\"Y\"].values[0]\nrusher_dir = rusher_row[\"Dir\"].values[0]\nrusher_speed = rusher_row[\"S\"].values[0]\ndx, dy = get_dx_dy(rusher_dir, rusher_speed)\nyards_gained = train.query(\"PlayId == @play_id\")['Yards'].tolist()[0]",
      "total-ns": 108087698,
      "vars": {
        "train": 1249174914,
        "train_play": 54791291,
        "train_top10_def": 53314156,
        "rusher_row": 1875
      },
      "p2m": {},
      "m2p": {}
    },
    {
      "raw": "play_id = train.query(\"DL_LB == '4-2'\")['PlayId'].reset_index(drop=True)[500]\ntrain.query(\"PlayId == @play_id and Team == 'away'\")\ntrain.query(\"PlayId == @play_id and Team == 'home'\") \ntrain.query(\"PlayId == @play_id and NflIdRusher == NflId\")\nrusher_row = train.query(\"PlayId == @play_id and NflIdRusher == NflId\")\nyards_covered = rusher_row[\"Yards\"].values[0]\n\nx = rusher_row[\"X\"].values[0]\ny = rusher_row[\"Y\"].values[0]\nrusher_dir = rusher_row[\"Dir\"].values[0]\nrusher_speed = rusher_row[\"S\"].values[0]\ndx, dy = get_dx_dy(rusher_dir, rusher_speed)\nyards_gained = train.query(\"PlayId == @play_id\")['Yards'].tolist()[0]",
      "total-ns": 110228108,
      "vars": {
        "train": 1249174914,
        "train_play": 54791291,
        "train_top10_def": 53314156,
        "rusher_row": 1818
      },
      "p2m": {},
      "m2p": {}
    },
    {
      "raw": "train['SnapHandoffSeconds'] = (pd.to_datetime(train['TimeHandoff']) - \\\n                               pd.to_datetime(train['TimeSnap'])).dt.total_seconds()\n\n(train.groupby('SnapHandoffSeconds').count() / 22 )['GameId']",
      "total-ns": 1706016031,
      "vars": {
        "train": 1254632146,
        "train_play": 54791291,
        "train_top10_def": 53314156,
        "rusher_row": 1818
      },
      "p2m": {},
      "m2p": {}
    },
    {
      "raw": "train.groupby('SnapHandoffSeconds')['Yards'].mean()",
      "total-ns": 12681250,
      "vars": {
        "train": 1254632146,
        "train_play": 54791291,
        "train_top10_def": 53314156,
        "rusher_row": 1818
      },
      "p2m": {},
      "m2p": {}
    },
    {
      "raw": "",
      "total-ns": 254430,
      "vars": {
        "train": 1254632146,
        "train_play": 54791291,
        "train_top10_def": 53314156,
        "rusher_row": 1818
      },
      "p2m": {},
      "m2p": {}
    },
    {
      "raw": "",
      "total-ns": 190500,
      "vars": {
        "train": 1254632146,
        "train_play": 54791291,
        "train_top10_def": 53314156,
        "rusher_row": 1818
      },
      "p2m": {},
      "m2p": {}
    }
  ]
}