{
  "cells": [
    {
      "raw": "\nimport matplotlib.pyplot as plt\nimport os\nimport pandas as pd\n",
      "total-ns": 462325320,
      "vars": {},
      "p2m": {},
      "m2p": {}
    },
    {
      "raw": "data=pd.read_csv(\"../input/superstore/SampleSuperstore.csv\")",
      "total-ns": 25094239,
      "vars": {
        "data": 5730025
      },
      "p2m": {},
      "m2p": {}
    },
    {
      "raw": "data.info()",
      "total-ns": 13527010,
      "vars": {
        "data": 5730025
      },
      "p2m": {},
      "m2p": {}
    },
    {
      "raw": "data.head()",
      "total-ns": 555420,
      "vars": {
        "data": 5730025
      },
      "p2m": {},
      "m2p": {}
    },
    {
      "raw": "data.info()",
      "total-ns": 11180680,
      "vars": {
        "data": 5730025
      },
      "p2m": {},
      "m2p": {}
    },
    {
      "raw": "data.duplicated().sum()",
      "total-ns": 5864920,
      "vars": {
        "data": 5730025
      },
      "p2m": {},
      "m2p": {}
    },
    {
      "raw": "# STEFANOS: Disable this. It undos the data replication.\n# data.drop_duplicates(inplace= True)",
      "total-ns": 198421,
      "vars": {
        "data": 5730025
      },
      "p2m": {},
      "m2p": {}
    },
    {
      "raw": "data.info()",
      "total-ns": 11417550,
      "vars": {
        "data": 5730025
      },
      "p2m": {},
      "m2p": {}
    },
    {
      "raw": "data.drop([\"Postal Code\"], axis=1,inplace= True)",
      "total-ns": 1443370,
      "vars": {
        "data": 5650073
      },
      "p2m": {},
      "m2p": {}
    },
    {
      "raw": "data.info()",
      "total-ns": 11493730,
      "vars": {
        "data": 5650073
      },
      "p2m": {},
      "m2p": {}
    },
    {
      "raw": "data.corr()",
      "total-ns": 1341190,
      "vars": {
        "data": 5650073
      },
      "p2m": {},
      "m2p": {}
    },
    {
      "raw": "# STEFANOS: Disable plotting\n# sns.heatmap(data.corr(), annot=True)",
      "total-ns": 170090,
      "vars": {
        "data": 5650073
      },
      "p2m": {},
      "m2p": {}
    },
    {
      "raw": "data[\"Ship Mode\"].value_counts()",
      "total-ns": 1035841,
      "vars": {
        "data": 5650073
      },
      "p2m": {},
      "m2p": {}
    },
    {
      "raw": "# STEFANOS: Disable plotting\n# sns.countplot(x= data['Ship Mode'])",
      "total-ns": 173470,
      "vars": {
        "data": 5650073
      },
      "p2m": {},
      "m2p": {}
    },
    {
      "raw": "data[\"Segment\"].value_counts()",
      "total-ns": 1022580,
      "vars": {
        "data": 5650073
      },
      "p2m": {},
      "m2p": {}
    },
    {
      "raw": "# STEFANOS: Disable plotting\n# sns.countplot(x= data['Segment'])",
      "total-ns": 153070,
      "vars": {
        "data": 5650073
      },
      "p2m": {},
      "m2p": {}
    },
    {
      "raw": "data[\"Category\"].value_counts()",
      "total-ns": 1013060,
      "vars": {
        "data": 5650073
      },
      "p2m": {},
      "m2p": {}
    },
    {
      "raw": "# STEFANOS: Disable plotting\n# sns.countplot(x= data['Category'])",
      "total-ns": 145769,
      "vars": {
        "data": 5650073
      },
      "p2m": {},
      "m2p": {}
    },
    {
      "raw": "data[\"Sub-Category\"].value_counts()\n",
      "total-ns": 1098340,
      "vars": {
        "data": 5650073
      },
      "p2m": {},
      "m2p": {}
    },
    {
      "raw": "# STEFANOS: Disable plotting\n# plt.figure(figsize=(15,15))\n# plt.pie(data[\"Sub-Category\"].value_counts(), labels= data[\"Sub-Category\"].value_counts().index, autopct =\"%2f\")\n# plt.show()",
      "total-ns": 153650,
      "vars": {
        "data": 5650073
      },
      "p2m": {},
      "m2p": {}
    },
    {
      "raw": "st_profit=data.groupby([\"State\"])[\"Profit\"].sum().nlargest(20)",
      "total-ns": 2411990,
      "vars": {
        "data": 5650073,
        "st_profit": 1493
      },
      "p2m": {},
      "m2p": {}
    },
    {
      "raw": "st_profit",
      "total-ns": 490320,
      "vars": {
        "data": 5650073,
        "st_profit": 1493
      },
      "p2m": {},
      "m2p": {}
    },
    {
      "raw": "# STEFANOS: Disable plotting\n# plt.figure(figsize=(15,8))\n# st_profit.plot.bar()",
      "total-ns": 223690,
      "vars": {
        "data": 5650073,
        "st_profit": 1493
      },
      "p2m": {},
      "m2p": {}
    },
    {
      "raw": "# STEFANOS: Disable plotting\n# sns.lineplot(data=data, x=\"Discount\", y= \"Profit\")",
      "total-ns": 312600,
      "vars": {
        "data": 5650073,
        "st_profit": 1493
      },
      "p2m": {},
      "m2p": {}
    },
    {
      "raw": "# STEFANOS: Disable plotting\n# data.plot(kind=\"scatter\",x=\"Sales\",y=\"Profit\", c=\"Discount\", colormap=\"Set1\",figsize=(10,10))",
      "total-ns": 228630,
      "vars": {
        "data": 5650073,
        "st_profit": 1493
      },
      "p2m": {},
      "m2p": {}
    },
    {
      "raw": "# %%time\ndata1= data.groupby(\"State\")[[\"Sales\",\"Profit\"]].sum().sort_values(by=\"Sales\", ascending=False)\n# STEFANOS: Disable plotting\n# data1[:].plot.bar(color = [\"Green\",\"Red\"], figsize=(20,12))\n# plt.title(\"Profit-Loss and Sales across States\")\n# plt.show()",
      "total-ns": 3237020,
      "vars": {
        "data": 5650073,
        "st_profit": 1493,
        "data1": 4023
      },
      "p2m": {},
      "m2p": {}
    },
    {
      "raw": "data1= data.groupby(\"Region\")[[\"Sales\",\"Profit\"]].sum().sort_values(by=\"Sales\", ascending=False)\n# STEFANOS: Disable plotting\n# data1[:].plot.bar(color = [\"Blue\",\"Red\"], figsize=(10,7))\n# plt.title(\"Profit-Loss and Sales across Region\")\n# plt.show()",
      "total-ns": 2495030,
      "vars": {
        "data": 5650073,
        "st_profit": 1493,
        "data1": 328
      },
      "p2m": {},
      "m2p": {}
    }
  ]
}