{
  "cells": [
    {
      "raw": "import pandas as pd\nimport numpy as np\npd.set_option('display.max_columns', 50)",
      "total-ns": 9712635,
      "vars": {},
      "p2m": {},
      "m2p": {}
    },
    {
      "raw": "df = pd.read_csv('../input/cybersecurity_attacks.csv', parse_dates=['Timestamp'], dtype={'Protocol':'category', 'Packet Type':'category', 'Traffic Type':'category', 'Attack Type':'category', 'Attack Signature':'category', 'Action Taken':'category', 'Severity Level':'category', 'Network Segment':'category', 'Log Source':'category'}).drop(columns=['Malware Indicators', 'Alerts/Warnings', 'Proxy Information', 'Firewall Logs', 'IDS/IPS Alerts'])",
      "total-ns": 1414861999,
      "vars": {
        "df": 27286749
      },
      "p2m": {},
      "m2p": {}
    },
    {
      "raw": "df.info()",
      "total-ns": 128197290,
      "vars": {
        "df": 27286749
      },
      "p2m": {},
      "m2p": {}
    },
    {
      "raw": "df.head()",
      "total-ns": 1647662,
      "vars": {
        "df": 27286749
      },
      "p2m": {},
      "m2p": {}
    },
    {
      "raw": "df.describe().T",
      "total-ns": 44090378,
      "vars": {
        "df": 27286749
      },
      "p2m": {},
      "m2p": {}
    },
    {
      "raw": "df.resample('M', on='Timestamp')['Attack Type']\n\ndf.resample('Y', on='Timestamp')['Attack Type']",
      "total-ns": 297549572,
      "vars": {
        "df": 27286749
      },
      "p2m": {},
      "m2p": {}
    },
    {
      "raw": "data = pd.crosstab(df['Timestamp'], df['Attack Type']).resample('M').count().melt(ignore_index=False)",
      "total-ns": 1957609631,
      "vars": {
        "df": 27286749,
        "data": 11010
      },
      "p2m": {},
      "m2p": {}
    },
    {
      "raw": "df.groupby(df['Timestamp'].dt.time).agg({'Attack Type':'count'}).nlargest(10, 'Attack Type')",
      "total-ns": 163265100,
      "vars": {
        "df": 27286749,
        "data": 11010
      },
      "p2m": {},
      "m2p": {}
    },
    {
      "raw": "df.groupby('Attack Type')['Anomaly Scores'].mean().reset_index()",
      "total-ns": 4299429,
      "vars": {
        "df": 27286749,
        "data": 11010
      },
      "p2m": {},
      "m2p": {}
    },
    {
      "raw": "pd.crosstab(df['Geo-location Data'], df['Attack Type']).nlargest(5, columns='DDoS')['DDoS']",
      "total-ns": 1067548340,
      "vars": {
        "df": 27290352,
        "data": 11010
      },
      "p2m": {},
      "m2p": {}
    },
    {
      "raw": "pd.crosstab(df['Geo-location Data'], df['Attack Type']).nlargest(5, columns='Malware')['Malware']",
      "total-ns": 1029862778,
      "vars": {
        "df": 27290352,
        "data": 11010
      },
      "p2m": {},
      "m2p": {}
    },
    {
      "raw": "pd.crosstab(df['Geo-location Data'], df['Attack Type']).nlargest(5, columns='Intrusion')['Intrusion']",
      "total-ns": 1227623950,
      "vars": {
        "df": 27290352,
        "data": 11010
      },
      "p2m": {},
      "m2p": {}
    }
  ]
}