{
  "cells": [
    {
      "raw": "import numpy as np # linear algebra\nimport pandas as pd\nimport datetime\nimport os\n#print(os.listdir(\"../input\"))\n\nimport time\n\nimport matplotlib.pyplot as plt\nimport seaborn as sns\n%matplotlib inline",
      "total-ns": 1830508068,
      "vars": {},
      "p2m": {},
      "m2p": {}
    },
    {
      "raw": "#make wider graphs\nsns.set(rc={'figure.figsize':(12,5)});\nplt.figure(figsize=(12,5));",
      "total-ns": 16326610,
      "vars": {},
      "p2m": {},
      "m2p": {}
    },
    {
      "raw": "#import first 10,000,000 rows of train and all test data\ntrain = pd.read_csv('../input/train.csv', nrows=10000000)\ntest = pd.read_csv('../input/test.csv')",
      "total-ns": 22263748250,
      "vars": {
        "train": 1560823692,
        "test": 2330018300
      },
      "p2m": {},
      "m2p": {}
    },
    {
      "raw": "test.info()",
      "total-ns": 3873000,
      "vars": {
        "train": 1560823692,
        "test": 2330018300
      },
      "p2m": {},
      "m2p": {}
    },
    {
      "raw": "train.head()",
      "total-ns": 599310,
      "vars": {
        "train": 1560823692,
        "test": 2330018300
      },
      "p2m": {},
      "m2p": {}
    },
    {
      "raw": "test.head()",
      "total-ns": 834960,
      "vars": {
        "train": 1560823692,
        "test": 2330018300
      },
      "p2m": {},
      "m2p": {}
    },
    {
      "raw": "variables = ['ip', 'app', 'device', 'os', 'channel']\nfor v in variables:\n    train[v] = train[v].astype('category')\n    test[v]=test[v].astype('category')",
      "total-ns": 2450398915,
      "vars": {
        "train": 1283554884,
        "test": 1806877392
      },
      "p2m": {},
      "m2p": {}
    },
    {
      "raw": "#set click_time and attributed_time as timeseries\ntrain['click_time'] = pd.to_datetime(train['click_time'])\ntrain['attributed_time'] = pd.to_datetime(train['attributed_time'])\ntest['click_time'] = pd.to_datetime(test['click_time'])\n\n#set as_attributed in train as a categorical\ntrain['is_attributed']=train['is_attributed'].astype('category')",
      "total-ns": 3061814511,
      "vars": {
        "train": 292731460,
        "test": 529125500
      },
      "p2m": {},
      "m2p": {}
    },
    {
      "raw": "train.describe()",
      "total-ns": 704935464,
      "vars": {
        "train": 292731460,
        "test": 529125500
      },
      "p2m": {},
      "m2p": {}
    },
    {
      "raw": "plt.figure(figsize=(10, 6))\ncols = ['ip', 'app', 'device', 'os', 'channel']\nuniques = [len(train[col].unique()) for col in cols]\n# sns.set(font_scale=1.2)\n# ax = sns.barplot(cols, uniques, log=True)\n# ax.set(xlabel='Feature', ylabel='log(unique count)', title='Number of unique values per feature (from 10,000,000 samples)')\n# for p, uniq in zip(ax.patches, uniques):\n#     height = p.get_height()\n#     ax.text(p.get_x()+p.get_width()/2.,\n#             height + 10,\n#             uniq,\n#             ha=\"center\") \n# for col, uniq in zip(cols, uniques):\n#     ax.text(col, uniq, uniq, color='black', ha=\"center\")",
      "total-ns": 151643567,
      "vars": {
        "train": 292731460,
        "test": 529125500
      },
      "p2m": {},
      "m2p": {}
    },
    {
      "raw": "#double check that 'attributed_time' is not Null for all values that resulted in download (i.e. is_attributed == 1)\ntrain[['attributed_time', 'is_attributed']][train['is_attributed']==1].describe()",
      "total-ns": 72702058,
      "vars": {
        "train": 292731460,
        "test": 529125500
      },
      "p2m": {},
      "m2p": {}
    },
    {
      "raw": "#set click_id to categorical, for cleaner statistics view\ntest['click_id']=test['click_id'].astype('category')\ntest.describe()",
      "total-ns": 5241060222,
      "vars": {
        "train": 292731460,
        "test": 1145352632
      },
      "p2m": {},
      "m2p": {}
    },
    {
      "raw": "plt.figure(figsize=(6,6))\n#sns.set(font_scale=1.2)\nmean = (train.is_attributed.values == 1).mean()\n# ax = sns.barplot(['App Downloaded (1)', 'Not Downloaded (0)'], [mean, 1-mean])\n# ax.set(ylabel='Proportion', title='App Downloaded vs Not Downloaded')\n# for p, uniq in zip(ax.patches, [mean, 1-mean]):\n#     height = p.get_height()\n#     ax.text(p.get_x()+p.get_width()/2.,\n#             height+0.01,\n#             '{}%'.format(round(uniq * 100, 2)),\n#             ha=\"center\")",
      "total-ns": 9172260,
      "vars": {
        "train": 292731460,
        "test": 1145352632
      },
      "p2m": {},
      "m2p": {}
    },
    {
      "raw": "#temporary table to see ips with their associated count frequencies\ntemp = train['ip'].value_counts().reset_index(name='counts')\ntemp.columns = ['ip', 'counts']\ntemp[:10]",
      "total-ns": 49885339,
      "vars": {
        "train": 292731460,
        "test": 1145352632,
        "temp": 3488520
      },
      "p2m": {},
      "m2p": {}
    },
    {
      "raw": "#add temporary counts of ip feature ('counts') to the train table, to see if IPs with high counts have conversions\ntrain= train.merge(temp, on='ip', how='left')",
      "total-ns": 1457523737,
      "vars": {
        "train": 452731332,
        "test": 1145352632,
        "temp": 3488520
      },
      "p2m": {},
      "m2p": {}
    },
    {
      "raw": "#check top 10 values\ntrain[train['is_attributed']==1].sort_values('counts', ascending=False)[:10]",
      "total-ns": 12403700,
      "vars": {
        "train": 452731332,
        "test": 1145352632,
        "temp": 3488520
      },
      "p2m": {},
      "m2p": {}
    },
    {
      "raw": "train[train['is_attributed']==1].ip.describe()",
      "total-ns": 13417540,
      "vars": {
        "train": 452731332,
        "test": 1145352632,
        "temp": 3488520
      },
      "p2m": {},
      "m2p": {}
    },
    {
      "raw": "#convert 'is_attributed' back to numeric for proportion calculations\ntrain['is_attributed']=train['is_attributed'].astype(int)",
      "total-ns": 59961159,
      "vars": {
        "train": 522731208,
        "test": 1145352632,
        "temp": 3488520
      },
      "p2m": {},
      "m2p": {}
    },
    {
      "raw": "proportion = train[['ip', 'is_attributed']].groupby('ip', as_index=False).mean().sort_values('is_attributed', ascending=False)\ncounts = train[['ip', 'is_attributed']].groupby('ip', as_index=False).count().sort_values('is_attributed', ascending=False)\nmerge = counts.merge(proportion, on='ip', how='left')\nmerge.columns = ['ip', 'click_count', 'prop_downloaded']\n\n# ax = merge[:300].plot(secondary_y='prop_downloaded')\n# plt.title('Conversion Rates over Counts of 300 Most Popular IPs')\n# ax.set(ylabel='Count of clicks')\n# plt.ylabel('Proportion Downloaded')\n# plt.show()\n\nprint('Counversion Rates over Counts of Most Popular IPs')\nprint(merge[:20])\n",
      "total-ns": 256851714,
      "vars": {
        "train": 522731208,
        "test": 1145352632,
        "temp": 3488520,
        "proportion": 4038312,
        "counts": 4038312,
        "merge": 4588232
      },
      "p2m": {},
      "m2p": {}
    },
    {
      "raw": "proportion = train[['app', 'is_attributed']].groupby('app', as_index=False).mean().sort_values('is_attributed', ascending=False)\ncounts = train[['app', 'is_attributed']].groupby('app', as_index=False).count().sort_values('is_attributed', ascending=False)\nmerge = counts.merge(proportion, on='app', how='left')\nmerge.columns = ['app', 'click_count', 'prop_downloaded']\n\n# ax = merge[:100].plot(secondary_y='prop_downloaded')\n# plt.title('Conversion Rates over Counts of 100 Most Popular Apps')\n# ax.set(ylabel='Count of clicks')\n# plt.ylabel('Proportion Downloaded')\n# plt.show()\n\nprint('Counversion Rates over Counts of Most Popular Apps')\nprint(merge[:20])",
      "total-ns": 198193816,
      "vars": {
        "train": 522731208,
        "test": 1145352632,
        "temp": 3488520,
        "proportion": 16944,
        "counts": 16944,
        "merge": 19600
      },
      "p2m": {},
      "m2p": {}
    },
    {
      "raw": "proportion = train[['os', 'is_attributed']].groupby('os', as_index=False).mean().sort_values('is_attributed', ascending=False)\ncounts = train[['os', 'is_attributed']].groupby('os', as_index=False).count().sort_values('is_attributed', ascending=False)\nmerge = counts.merge(proportion, on='os', how='left')\nmerge.columns = ['os', 'click_count', 'prop_downloaded']\n\n# ax = merge[:100].plot(secondary_y='prop_downloaded')\n# plt.title('Conversion Rates over Counts of 100 Most Popular Operating Systems')\n# ax.set(ylabel='Count of clicks')\n# plt.ylabel('Proportion Downloaded')\n# plt.show()\n\nprint('Counversion Rates over Counts of Most Popular Operating Systems')\nprint(merge[:20])",
      "total-ns": 206779796,
      "vars": {
        "train": 522731208,
        "test": 1145352632,
        "temp": 3488520,
        "proportion": 15904,
        "counts": 15904,
        "merge": 18240
      },
      "p2m": {},
      "m2p": {}
    },
    {
      "raw": "proportion = train[['device', 'is_attributed']].groupby('device', as_index=False).mean().sort_values('is_attributed', ascending=False)\ncounts = train[['device', 'is_attributed']].groupby('device', as_index=False).count().sort_values('is_attributed', ascending=False)\nmerge = counts.merge(proportion, on='device', how='left')\nmerge.columns = ['device', 'click_count', 'prop_downloaded']\n\nprint('Count of clicks and proportion of downloads by device:')\nprint(merge)",
      "total-ns": 240694435,
      "vars": {
        "train": 522731208,
        "test": 1145352632,
        "temp": 3488520,
        "proportion": 57520,
        "counts": 57520,
        "merge": 65040
      },
      "p2m": {},
      "m2p": {}
    },
    {
      "raw": "proportion = train[['channel', 'is_attributed']].groupby('channel', as_index=False).mean().sort_values('is_attributed', ascending=False)\ncounts = train[['channel', 'is_attributed']].groupby('channel', as_index=False).count().sort_values('is_attributed', ascending=False)\nmerge = counts.merge(proportion, on='channel', how='left')\nmerge.columns = ['channel', 'click_count', 'prop_downloaded']\n\n# ax = merge[:100].plot(secondary_y='prop_downloaded')\n# plt.title('Conversion Rates over Counts of 100 Most Popular Apps')\n# ax.set(ylabel='Count of clicks')\n# plt.ylabel('Proportion Downloaded')\n# plt.show()\n\nprint('Counversion Rates over Counts of Most Popular Channels')\nprint(merge[:20])",
      "total-ns": 194679906,
      "vars": {
        "train": 522731208,
        "test": 1145352632,
        "temp": 3488520,
        "proportion": 8604,
        "counts": 8604,
        "merge": 9964
      },
      "p2m": {},
      "m2p": {}
    },
    {
      "raw": "train_smp = pd.read_csv('../input/train_sample.csv')",
      "total-ns": 109861578,
      "vars": {
        "train": 522731208,
        "test": 1145352632,
        "temp": 3488520,
        "proportion": 8604,
        "counts": 8604,
        "merge": 9964,
        "train_smp": 15610132
      },
      "p2m": {},
      "m2p": {}
    },
    {
      "raw": "train_smp.head(7)",
      "total-ns": 1096270,
      "vars": {
        "train": 522731208,
        "test": 1145352632,
        "temp": 3488520,
        "proportion": 8604,
        "counts": 8604,
        "merge": 9964,
        "train_smp": 15610132
      },
      "p2m": {},
      "m2p": {}
    },
    {
      "raw": "#convert click_time and attributed_time to time series\ntrain_smp['click_time'] = pd.to_datetime(train_smp['click_time'])\ntrain_smp['attributed_time'] = pd.to_datetime(train_smp['attributed_time'])",
      "total-ns": 23340739,
      "vars": {
        "train": 522731208,
        "test": 1145352632,
        "temp": 3488520,
        "proportion": 8604,
        "counts": 8604,
        "merge": 9964,
        "train_smp": 6400144
      },
      "p2m": {},
      "m2p": {}
    },
    {
      "raw": "#round the time to nearest hour\ntrain_smp['click_rnd']=train_smp['click_time'].dt.round('H')  \n\n#check for hourly patterns\ntrain_smp[['click_rnd','is_attributed']].groupby(['click_rnd'], as_index=True).count()\n# plt.title('HOURLY CLICK FREQUENCY');\n# plt.ylabel('Number of Clicks');\n\ntrain_smp[['click_rnd','is_attributed']].groupby(['click_rnd'], as_index=True).mean()\n# plt.title('HOURLY CONVERSION RATIO');\n# plt.ylabel('Converted Ratio');",
      "total-ns": 12155650,
      "vars": {
        "train": 522731208,
        "test": 1145352632,
        "temp": 3488520,
        "proportion": 8604,
        "counts": 8604,
        "merge": 9964,
        "train_smp": 7200144
      },
      "p2m": {},
      "m2p": {}
    },
    {
      "raw": "#extract hour as a feature\ntrain_smp['click_hour']=train_smp['click_time'].dt.hour",
      "total-ns": 4120300,
      "vars": {
        "train": 522731208,
        "test": 1145352632,
        "temp": 3488520,
        "proportion": 8604,
        "counts": 8604,
        "merge": 9964,
        "train_smp": 8000144
      },
      "p2m": {},
      "m2p": {}
    },
    {
      "raw": "train_smp.head(7)",
      "total-ns": 599620,
      "vars": {
        "train": 522731208,
        "test": 1145352632,
        "temp": 3488520,
        "proportion": 8604,
        "counts": 8604,
        "merge": 9964,
        "train_smp": 8000144
      },
      "p2m": {},
      "m2p": {}
    },
    {
      "raw": "train_smp[['click_hour','is_attributed']].groupby(['click_hour'], as_index=True).count()\n# .plot(kind='bar', color='#a675a1')\n# plt.title('HOURLY CLICK FREQUENCY Barplot');\n# plt.ylabel('Number of Clicks');\n\ntrain_smp[['click_hour','is_attributed']].groupby(['click_hour'], as_index=True).count()\n# .plot(color='#a675a1')\n# plt.title('HOURLY CLICK FREQUENCY Lineplot');\n# plt.ylabel('Number of Clicks');",
      "total-ns": 7212619,
      "vars": {
        "train": 522731208,
        "test": 1145352632,
        "temp": 3488520,
        "proportion": 8604,
        "counts": 8604,
        "merge": 9964,
        "train_smp": 8000144
      },
      "p2m": {},
      "m2p": {}
    },
    {
      "raw": "train_smp[['click_hour','is_attributed']].groupby(['click_hour'], as_index=True).mean()\n# .plot(kind='bar', color='#75a1a6')\n# plt.title('HOURLY CONVERSION RATIO Barplot');\n# plt.ylabel('Converted Ratio');\n\ntrain_smp[['click_hour','is_attributed']].groupby(['click_hour'], as_index=True).mean()\n# .plot( color='#75a1a6')\n# plt.title('HOURLY CONVERSION RATIO Lineplot');\n# plt.ylabel('Converted Ratio');",
      "total-ns": 7357029,
      "vars": {
        "train": 522731208,
        "test": 1145352632,
        "temp": 3488520,
        "proportion": 8604,
        "counts": 8604,
        "merge": 9964,
        "train_smp": 8000144
      },
      "p2m": {},
      "m2p": {}
    },
    {
      "raw": "#adapted from https://stackoverflow.com/questions/9103166/multiple-axis-in-matplotlib-with-different-scales\n#smonek's answer\n\n\ngroup = train_smp[['click_hour','is_attributed']].groupby(['click_hour'], as_index=False).mean()\nx = group['click_hour']\nymean = group['is_attributed']\ngroup = train_smp[['click_hour','is_attributed']].groupby(['click_hour'], as_index=False).count()\nycount = group['is_attributed']\n\n\n# fig = plt.figure()\n# host = fig.add_subplot(111)\n\n# par1 = host.twinx()\n\n# host.set_xlabel(\"Time\")\n# host.set_ylabel(\"Proportion Converted\")\n# par1.set_ylabel(\"Click Count\")\n\n# #color1 = plt.cm.viridis(0)\n# #color2 = plt.cm.viridis(0.5)\n# color1 = '#75a1a6'\n# color2 = '#a675a1'\n\n# p1, = host.plot(x, ymean, color=color1,label=\"Proportion Converted\")\n# p2, = par1.plot(x, ycount, color=color2, label=\"Click Count\")\n\n# lns = [p1, p2]\n# host.legend(handles=lns, loc='best')\n\n# host.yaxis.label.set_color(p1.get_color())\n# par1.yaxis.label.set_color(p2.get_color())\n\n# plt.savefig(\"pyplot_multiple_y-axis.png\", bbox_inches='tight')",
      "total-ns": 8448310,
      "vars": {
        "train": 522731208,
        "test": 1145352632,
        "temp": 3488520,
        "proportion": 8604,
        "counts": 8604,
        "merge": 9964,
        "train_smp": 8000144,
        "group": 528,
        "x": 336,
        "ymean": 336,
        "ycount": 336
      },
      "p2m": {},
      "m2p": {}
    },
    {
      "raw": "# sns.barplot('click_hour', 'is_attributed', data=train_smp)\n# plt.title('HOURLY CONVERSION RATIO');\n# plt.ylabel('Converted Ratio');",
      "total-ns": 292230,
      "vars": {
        "train": 522731208,
        "test": 1145352632,
        "temp": 3488520,
        "proportion": 8604,
        "counts": 8604,
        "merge": 9964,
        "train_smp": 8000144,
        "group": 528,
        "x": 336,
        "ymean": 336,
        "ycount": 336
      },
      "p2m": {},
      "m2p": {}
    },
    {
      "raw": "train_smp['timePass']= train_smp['attributed_time']-train_smp['click_time']\n#check:\ntrain_smp[train_smp['is_attributed']==1][:15]",
      "total-ns": 2989880,
      "vars": {
        "train": 522731208,
        "test": 1145352632,
        "temp": 3488520,
        "proportion": 8604,
        "counts": 8604,
        "merge": 9964,
        "train_smp": 8800144,
        "group": 528,
        "x": 336,
        "ymean": 336,
        "ycount": 336
      },
      "p2m": {},
      "m2p": {}
    },
    {
      "raw": "train_smp['timePass'].describe()",
      "total-ns": 5497399,
      "vars": {
        "train": 522731208,
        "test": 1145352632,
        "temp": 3488520,
        "proportion": 8604,
        "counts": 8604,
        "merge": 9964,
        "train_smp": 8800144,
        "group": 528,
        "x": 336,
        "ymean": 336,
        "ycount": 336
      },
      "p2m": {},
      "m2p": {}
    },
    {
      "raw": "#check first 10,000,000 of actual train data\ntrain['timePass']= train['attributed_time']-train['click_time']\ntrain['timePass'].describe()",
      "total-ns": 495945448,
      "vars": {
        "train": 602731208,
        "test": 1145352632,
        "temp": 3488520,
        "proportion": 8604,
        "counts": 8604,
        "merge": 9964,
        "train_smp": 8800144,
        "group": 528,
        "x": 336,
        "ymean": 336,
        "ycount": 336
      },
      "p2m": {},
      "m2p": {}
    },
    {
      "raw": "",
      "total-ns": 268090,
      "vars": {
        "train": 602731208,
        "test": 1145352632,
        "temp": 3488520,
        "proportion": 8604,
        "counts": 8604,
        "merge": 9964,
        "train_smp": 8800144,
        "group": 528,
        "x": 336,
        "ymean": 336,
        "ycount": 336
      },
      "p2m": {},
      "m2p": {}
    }
  ]
}