{
  "cells": [
    {
      "raw": "import os\n\nimport pandas as pd\nimport functools\n\nimport os\nos.environ[\"MODIN_ENGINE\"] = \"ray\"\nimport ray\nos.environ['MODIN_CPUS'] = \"4\"\nray.init(num_cpus=4, runtime_env={'env_vars': {'__MODIN_AUTOIMPORT_PANDAS__': '1'}})\nimport modin.pandas as modin_pd\n\n\nos.environ[\"USE_MODIN\"]=\"True\"\n\nfrom typing import Dict, List, Optional, Tuple, Any, Literal, Callable\nfrom pandas._typing import AggFuncType, Axis, IndexLabel, Suffixes\n\n_CS598_save_DataFrame_apply = pd.DataFrame.apply\n_CS598_save_DataFrame_merge = pd.DataFrame.merge\n_CS598_save_Series_apply = pd.Series.apply\n_CS598_save_to_datetime = pd.to_datetime\n\ndef _CS598_Series_apply(self, func: AggFuncType, convert_dtype: bool = True,\n                        args: tuple[Any, ...] = (), **kwargs):\n  default_call = functools.partial(_CS598_save_Series_apply, self, func, convert_dtype, args, **kwargs)\n  assert isinstance(self, pd.Series)\n  \n  if os.environ[\"USE_MODIN\"] == \"True\":\n    modin_ser = modin_pd.Series(self)\n    # TODO: We need a generic way to deal with this.\n    # Problem: pd.numeric is passed which doesn't work on a modin dataframe.\n    if func == pd.to_numeric:\n      assert false\n      func = modin_pd.to_numeric\n    modin_res = modin_ser.apply(func, convert_dtype, args, **kwargs)\n    return modin_res._to_pandas()\n  return default_call()\n\ndef _CS598_DataFrame_apply(\n    self,\n    func: AggFuncType,\n    axis: Axis = 0,\n    raw: bool = False,\n    result_type: Literal[\"expand\", \"reduce\", \"broadcast\"] | None = None,\n    args=(),\n    **kwargs,\n):\n  default_call = functools.partial(_CS598_save_DataFrame_apply, self, func, axis, raw, result_type, args, **kwargs)\n  assert isinstance(self, pd.DataFrame)\n  \n  if os.environ[\"USE_MODIN\"] == \"True\":\n    modin_df = modin_pd.DataFrame(self)\n    modin_res = modin_df.apply(func, axis, raw, result_type, args, **kwargs)\n    return modin_res._to_pandas()\n  return default_call()\n\ndef _CS598_DataFrame_merge(\n    self,\n    right: pd.DataFrame | pd.Series,\n    how: str = \"inner\",\n    on: IndexLabel | None = None,\n    left_on: IndexLabel | None = None,\n    right_on: IndexLabel | None = None,\n    left_index: bool = False,\n    right_index: bool = False,\n    sort: bool = False,\n    suffixes: Suffixes = (\"_x\", \"_y\"),\n    copy: bool = True,\n    indicator: bool = False,\n    validate: str | None = None,\n) -> pd.DataFrame:\n  assert isinstance(self, pd.DataFrame)        \n  default_call = functools.partial(_CS598_save_DataFrame_merge, self, right, how, on, \n      left_on, right_on, left_index, right_index, sort, suffixes, copy, indicator, validate)\n  \n  if os.environ[\"USE_MODIN\"] == \"True\":\n    modin_df = modin_pd.DataFrame(self)\n    modin_res = modin_df.merge(right, how, on, \n      left_on, right_on, left_index, right_index, sort, suffixes, copy, indicator, validate)\n    return modin_res._to_pandas()\n  return default_call()\n\n\ndef _CS598_to_datetime(\n    arg,\n    errors = \"raise\",\n    dayfirst: bool = False,\n    yearfirst: bool = False,\n    utc: bool | None = None,\n    format: str | None = None,\n    exact: bool = True,\n    unit: str | None = None,\n    infer_datetime_format: bool = False,\n    origin=\"unix\",\n    cache: bool = True,\n):\n  default_call = functools.partial(_CS598_save_to_datetime, arg, errors, dayfirst,\n      yearfirst, utc, format, exact, unit,infer_datetime_format, origin, cache)\n  \n  if os.environ[\"USE_MODIN\"] == \"True\":\n    if type(arg) == pd.DataFrame:\n      arg = modin_pd.DataFrame(arg)\n    elif type(arg) == pd.Series:\n      arg = modin_pd.Series(arg)\n\n    modin_res = modin_pd.to_datetime(arg, errors, dayfirst,\n      yearfirst, utc, format, exact, unit,infer_datetime_format, origin, cache)\n    return modin_res._to_pandas()\n  return default_call()\n\nassert pd.Series.apply != _CS598_Series_apply\nassert pd.DataFrame.apply != _CS598_DataFrame_apply\nassert pd.DataFrame.merge != _CS598_DataFrame_merge\nassert pd.to_datetime != _CS598_to_datetime\n# Overwriting is not trivial. Thanks to:\n# https://github.com/lux-org/lux/blob/550a2eca90b26c944ebe8600df7a51907bc851be/lux/core/__init__.py#L27\npd.Series.apply = pd.core.frame.Series.apply = pd.core.series.Series.apply = _CS598_Series_apply\npd.DataFrame.apply = pd.core.frame.DataFrame.apply = _CS598_DataFrame_apply\npd.DataFrame.merge = pd.core.frame.DataFrame.merge = _CS598_save_DataFrame_merge\npd.to_datetime = _CS598_to_datetime\nimport numpy as np\nimport matplotlib.pyplot as plt\nimport seaborn as sns",
      "total-ns": 5057341114
    },
    {
      "raw": "course = pd.read_csv(\"../input/course-reviews-university-of-waterloo/course_data_clean.csv\")",
      "total-ns": 81638989
    },
    {
      "raw": "df = course\nintended_df_size_in_MB = 256\nfactor = intended_df_size_in_MB*(2**20)/df.memory_usage(index=True).sum()\nif int(factor) > 0:\n    df = pd.concat([df]*int(factor), ignore_index=True)\nelse:\n    rowCount = int(df.shape[0]*factor)\n    df = df[0:rowCount]\ncourse = df\ncourse.info()",
      "total-ns": 456711066
    },
    {
      "raw": "course.shape",
      "total-ns": 367940
    },
    {
      "raw": "course.head(10)",
      "total-ns": 301640
    },
    {
      "raw": "course.tail(10)",
      "total-ns": 243670
    },
    {
      "raw": "course.describe()",
      "total-ns": 255652948
    },
    {
      "raw": "course.info()",
      "total-ns": 3981840
    },
    {
      "raw": "course = course.dropna()",
      "total-ns": 2860451794
    },
    {
      "raw": "course[[\"course_unit\", \"course_num\"]] = course[\"course_code\"].str.split(\" \", expand=True)",
      "total-ns": 4856451526
    },
    {
      "raw": "course",
      "total-ns": 449350
    },
    {
      "raw": "course[course[\"num_reviews\"] < 10].index",
      "total-ns": 833879052
    },
    {
      "raw": "course.drop(course[course[\"num_reviews\"] < 10].index, inplace=True)",
      "total-ns": 737200634
    },
    {
      "raw": "course",
      "total-ns": 415620
    },
    {
      "raw": "for i in [\"useful\", \"easy\", \"liked\"]:\n    course[i] = course[i].str.replace(\"%\", \"\")\n    course[i] = course[i].astype(\"int\")",
      "total-ns": 2336413609
    },
    {
      "raw": "course.set_index(\"course_unit\", inplace=True)",
      "total-ns": 1531370
    },
    {
      "raw": "course",
      "total-ns": 176970
    },
    {
      "raw": "course.drop([\"course_title\", \"reviews\", \"course_rating\"], axis=1, inplace=True)",
      "total-ns": 87683249
    },
    {
      "raw": "course",
      "total-ns": 580990
    },
    {
      "raw": "course.info()",
      "total-ns": 4591920
    },
    {
      "raw": "course_gp = course.groupby(\"course_unit\").mean()",
      "total-ns": 224683528
    },
    {
      "raw": "course_gp",
      "total-ns": 345780
    },
    {
      "raw": "# STEFANOS-DISABLE-FOR-MODIN: Modin seems to fail in the LHS, giving an error that \"course_rating_mean\" is\n# not in the DF. Of course, it's valid code because we're creating this column here.\n# The problem we cannot just disable this code because follow-up code depends on this column. So, we will create\n# the column before the loop so that indexing in the LHS does not fail.\n\n###### ORIGINAL CODE ###########\n# for i in course_gp.index:\n#     course.loc[i, \"course_rating_mean\"] = course_gp.loc[i, \"course_rating_int\"]\n\n###### CODE THAT MODIN CAN RUN ########\ncourse[\"course_rating_mean\"] = None\nfor i in course_gp.index:\n    course.loc[i, \"course_rating_mean\"] = course_gp.loc[i, \"course_rating_int\"]",
      "total-ns": 3321538890
    },
    {
      "raw": "course",
      "total-ns": 354490
    },
    {
      "raw": "course.reset_index(inplace=True)",
      "total-ns": 71480209
    },
    {
      "raw": "course",
      "total-ns": 390900
    },
    {
      "raw": "course.groupby(\"course_unit\").mean()[\"course_rating_int\"]",
      "total-ns": 220887718
    },
    {
      "raw": "course[course[\"course_code\"].str.startswith(\"CS\")].value_counts()",
      "total-ns": 930103682
    },
    {
      "raw": "course",
      "total-ns": 556590
    },
    {
      "raw": "# STEFANOS: Disable plotting\n# plt.figure(figsize=(25,20))\n# sns.pairplot(data=course)\n# plt.show()",
      "total-ns": 146490
    },
    {
      "raw": "# STEFANOS: Disable plotting\n# plt.figure(figsize=(12,10))\n# sns.scatterplot(x=\"num_ratings\", y=\"course_rating_mean\", data=course)\n# plt.show()",
      "total-ns": 92170
    },
    {
      "raw": "# STEFANOS: Disable plotting\n# plt.figure(figsize=(12,10))\n# sns.scatterplot(x=\"num_reviews\", y=\"course_rating_mean\", data=course)\n# plt.show()",
      "total-ns": 78100
    },
    {
      "raw": "# STEFANOS: Disable plotting\n# plt.figure(figsize=(25,20))\n# sns.scatterplot(x=\"useful\", y=\"course_rating_mean\", hue=\"course_unit\", data=course)\n# plt.xlabel(\"useful\", fontsize = 20)\n# plt.ylabel(\"Course Rating Mean\", fontsize = 20)\n# plt.show()",
      "total-ns": 87210
    },
    {
      "raw": "# STEFANOS: Disable plotting\n# plt.figure(figsize=(25,20))\n# sns.scatterplot(x=\"easy\", y=\"course_rating_mean\", hue=\"course_unit\", data=course)\n# plt.xlabel(\"easy\", fontsize = 20)\n# plt.ylabel(\"Course Rating Mean\", fontsize = 20)\n# plt.show()",
      "total-ns": 87610
    },
    {
      "raw": "# STEFANOS: Disable plotting\n# plt.figure(figsize=(25,20))\n# sns.scatterplot(x=\"liked\", y=\"course_rating_mean\", hue=\"course_unit\", data=course)\n# plt.xlabel(\"liked\", fontsize = 20)\n# plt.ylabel(\"Course Rating Mean\", fontsize = 20)\n# plt.show()",
      "total-ns": 81410
    },
    {
      "raw": "course.sort_values(\"course_rating_mean\", ascending=False, inplace=True)\n\n# STEFANOS: Disable plotting\n# plt.figure(figsize=(25,20))\n# sns.set_palette(\"Pastel1\")\n# sns.barplot(x=\"course_rating_mean\", y=\"course_unit\", data=course)\n# plt.xlabel(\"Course Rating Mean\", fontsize = 20)\n# plt.ylabel(\"Course Unit\", fontsize = 20)\n# plt.show()",
      "total-ns": 2291905159
    },
    {
      "raw": "course.reset_index(inplace=True)",
      "total-ns": 2797180
    },
    {
      "raw": "course.set_index(\"course_unit\", inplace=True)",
      "total-ns": 1634240
    },
    {
      "raw": "course.loc[\"KOREA\", \"course_rating_mean\"].value_counts()",
      "total-ns": 482154016
    },
    {
      "raw": "KOREA = course.loc[\"KOREA\", :]",
      "total-ns": 103375939
    },
    {
      "raw": "# STEFANOS: Disable plotting\n# plt.figure(figsize=(10,10))\n# sns.barplot(x=\"course_code\", y=\"course_rating_mean\", data=KOREA)\n# plt.xlabel(\"KOREA course\", fontsize = 20)\n# plt.ylabel(\"Course Rating Mean\", fontsize = 20)\n# plt.show()",
      "total-ns": 233340
    },
    {
      "raw": "course.loc[\"CHINA\", \"course_rating_mean\"].value_counts()",
      "total-ns": 102850429
    },
    {
      "raw": "china = course.loc[\"CHINA\", :]",
      "total-ns": 99084309
    },
    {
      "raw": "# STEFANOS: Disable plotting\n# plt.figure(figsize=(10,10))\n# sns.barplot(x=\"course_code\", y=\"course_rating_mean\", data=china)\n# plt.xlabel(\"CHINA course\", fontsize = 20)\n# plt.ylabel(\"Course Rating Mean\", fontsize = 20)\n# plt.show()",
      "total-ns": 221590
    },
    {
      "raw": "course.loc[\"CHINA\", \"course_rating_mean\"].value_counts()",
      "total-ns": 99865219
    },
    {
      "raw": "span = course.loc[\"SPAN\", :]\n\n# STEFANOS: Disable plotting\n# plt.figure(figsize=(10,10))\n# sns.barplot(x=\"course_code\", y=\"course_rating_mean\", data=span)\n# plt.xlabel(\"SPANISH course\", fontsize = 20)\n# plt.ylabel(\"Course Rating Mean\", fontsize = 20)\n# plt.show()",
      "total-ns": 101721680
    },
    {
      "raw": "course.loc[\"CS\", \"course_rating_mean\"].value_counts()",
      "total-ns": 148126609
    },
    {
      "raw": "cs = course.loc[\"CS\", :]\ncs",
      "total-ns": 133222249
    },
    {
      "raw": "cs_mean = cs.groupby(\"course_code\").mean().sort_values(\"course_rating_int\", ascending=False)\ncs_mean",
      "total-ns": 22816619
    },
    {
      "raw": "# STEFANOS: Disable plotting\n# plt.figure(figsize=(15,10))\n# sns.barplot(x=\"course_rating_int\", y=cs_mean.index, data=cs_mean)\n# plt.xlabel(\"Course Rating Mean\", fontsize = 20)\n# plt.ylabel(\"CS Course\", fontsize = 20)\n# plt.show()",
      "total-ns": 211489
    },
    {
      "raw": "course.loc[\"WKRPT\", \"course_rating_mean\"].value_counts()",
      "total-ns": 109883050
    },
    {
      "raw": "wkrpt = course.loc[\"WKRPT\", :]\nwkrpt",
      "total-ns": 108872059
    },
    {
      "raw": "wkrpt_mean = wkrpt.groupby(\"course_code\").mean().sort_values(\"course_rating_int\", ascending=False)\nwkrpt_mean",
      "total-ns": 2610580
    },
    {
      "raw": "# STEFANOS: Disable plotting\n# plt.figure(figsize=(15,10))\n# sns.barplot(x=\"course_rating_int\", y=wkrpt_mean.index, data=wkrpt_mean)\n# plt.xlabel(\"Course Rating Mean\", fontsize = 20)\n# plt.ylabel(\"WKRPT Course\", fontsize = 20)\n# plt.show()",
      "total-ns": 162430
    },
    {
      "raw": "course.loc[\"PD\", \"course_rating_mean\"].value_counts()",
      "total-ns": 124341268
    },
    {
      "raw": "pd = course.loc[\"PD\", :]\npd",
      "total-ns": 139348459
    },
    {
      "raw": "pd_mean = pd.groupby(\"course_code\").mean().sort_values(\"course_rating_int\", ascending=False)\npd_mean",
      "total-ns": 7121760
    },
    {
      "raw": "# STEFANOS: Disable plotting\n# plt.figure(figsize=(15,10))\n# sns.barplot(x=\"course_rating_int\", y=pd_mean.index, data=pd_mean)\n# plt.xlabel(\"Course Rating Mean\", fontsize = 20)\n# plt.ylabel(\"PD Course\", fontsize = 20)\n# plt.show()",
      "total-ns": 234170
    }
  ]
}