{
  "cells": [
    {
      "raw": "import numpy as np\n\nimport pandas as pd\nimport functools\n\nimport os\nos.environ[\"MODIN_ENGINE\"] = \"ray\"\nimport ray\nos.environ['MODIN_CPUS'] = \"4\"\nray.init(num_cpus=4, runtime_env={'env_vars': {'__MODIN_AUTOIMPORT_PANDAS__': '1'}})\nimport modin.pandas as modin_pd\n\n\nos.environ[\"USE_MODIN\"]=\"True\"\n\nfrom typing import Dict, List, Optional, Tuple, Any, Literal, Callable\nfrom pandas._typing import AggFuncType, Axis, IndexLabel, Suffixes\n\n_CS598_save_DataFrame_apply = pd.DataFrame.apply\n_CS598_save_DataFrame_merge = pd.DataFrame.merge\n_CS598_save_Series_apply = pd.Series.apply\n_CS598_save_to_datetime = pd.to_datetime\n\ndef _CS598_Series_apply(self, func: AggFuncType, convert_dtype: bool = True,\n                        args: tuple[Any, ...] = (), **kwargs):\n  default_call = functools.partial(_CS598_save_Series_apply, self, func, convert_dtype, args, **kwargs)\n  assert isinstance(self, pd.Series)\n  \n  if os.environ[\"USE_MODIN\"] == \"True\":\n    modin_ser = modin_pd.Series(self)\n    # TODO: We need a generic way to deal with this.\n    # Problem: pd.numeric is passed which doesn't work on a modin dataframe.\n    if func == pd.to_numeric:\n      assert false\n      func = modin_pd.to_numeric\n    modin_res = modin_ser.apply(func, convert_dtype, args, **kwargs)\n    return modin_res._to_pandas()\n  return default_call()\n\ndef _CS598_DataFrame_apply(\n    self,\n    func: AggFuncType,\n    axis: Axis = 0,\n    raw: bool = False,\n    result_type: Literal[\"expand\", \"reduce\", \"broadcast\"] | None = None,\n    args=(),\n    **kwargs,\n):\n  default_call = functools.partial(_CS598_save_DataFrame_apply, self, func, axis, raw, result_type, args, **kwargs)\n  assert isinstance(self, pd.DataFrame)\n  \n  if os.environ[\"USE_MODIN\"] == \"True\":\n    modin_df = modin_pd.DataFrame(self)\n    modin_res = modin_df.apply(func, axis, raw, result_type, args, **kwargs)\n    return modin_res._to_pandas()\n  return default_call()\n\ndef _CS598_DataFrame_merge(\n    self,\n    right: pd.DataFrame | pd.Series,\n    how: str = \"inner\",\n    on: IndexLabel | None = None,\n    left_on: IndexLabel | None = None,\n    right_on: IndexLabel | None = None,\n    left_index: bool = False,\n    right_index: bool = False,\n    sort: bool = False,\n    suffixes: Suffixes = (\"_x\", \"_y\"),\n    copy: bool = True,\n    indicator: bool = False,\n    validate: str | None = None,\n) -> pd.DataFrame:\n  assert isinstance(self, pd.DataFrame)        \n  default_call = functools.partial(_CS598_save_DataFrame_merge, self, right, how, on, \n      left_on, right_on, left_index, right_index, sort, suffixes, copy, indicator, validate)\n  \n  if os.environ[\"USE_MODIN\"] == \"True\":\n    modin_df = modin_pd.DataFrame(self)\n    modin_res = modin_df.merge(right, how, on, \n      left_on, right_on, left_index, right_index, sort, suffixes, copy, indicator, validate)\n    return modin_res._to_pandas()\n  return default_call()\n\n\ndef _CS598_to_datetime(\n    arg,\n    errors = \"raise\",\n    dayfirst: bool = False,\n    yearfirst: bool = False,\n    utc: bool | None = None,\n    format: str | None = None,\n    exact: bool = True,\n    unit: str | None = None,\n    infer_datetime_format: bool = False,\n    origin=\"unix\",\n    cache: bool = True,\n):\n  default_call = functools.partial(_CS598_save_to_datetime, arg, errors, dayfirst,\n      yearfirst, utc, format, exact, unit,infer_datetime_format, origin, cache)\n  \n  if os.environ[\"USE_MODIN\"] == \"True\":\n    if type(arg) == pd.DataFrame:\n      arg = modin_pd.DataFrame(arg)\n    elif type(arg) == pd.Series:\n      arg = modin_pd.Series(arg)\n\n    modin_res = modin_pd.to_datetime(arg, errors, dayfirst,\n      yearfirst, utc, format, exact, unit,infer_datetime_format, origin, cache)\n    return modin_res._to_pandas()\n  return default_call()\n\nassert pd.Series.apply != _CS598_Series_apply\nassert pd.DataFrame.apply != _CS598_DataFrame_apply\nassert pd.DataFrame.merge != _CS598_DataFrame_merge\nassert pd.to_datetime != _CS598_to_datetime\n# Overwriting is not trivial. Thanks to:\n# https://github.com/lux-org/lux/blob/550a2eca90b26c944ebe8600df7a51907bc851be/lux/core/__init__.py#L27\npd.Series.apply = pd.core.frame.Series.apply = pd.core.series.Series.apply = _CS598_Series_apply\npd.DataFrame.apply = pd.core.frame.DataFrame.apply = _CS598_DataFrame_apply\npd.DataFrame.merge = pd.core.frame.DataFrame.merge = _CS598_save_DataFrame_merge\npd.to_datetime = _CS598_to_datetime\nimport matplotlib.pyplot as plt\nimport seaborn as sns \nimport warnings\nwarnings.filterwarnings(\"ignore\")",
      "total-ns": 4295768362
    },
    {
      "raw": "train = pd.read_csv('../input/train.csv')",
      "total-ns": 12162162480
    },
    {
      "raw": "df = train\nintended_df_size_in_MB = 256\nfactor = intended_df_size_in_MB*(2**20)/df.memory_usage(index=True).sum()\nif int(factor) > 0:\n    df = pd.concat([df]*int(factor), ignore_index=True)\nelse:\n    rowCount = int(df.shape[0]*factor)\n    df = df[0:rowCount]\ntrain = df\ntrain.info()",
      "total-ns": 445144926
    },
    {
      "raw": "train.info()",
      "total-ns": 436755977
    },
    {
      "raw": "train.head()",
      "total-ns": 516509
    },
    {
      "raw": "print(\"The average person kills {:.4f} players, 99% of people have {} kills or less, while the most kills ever recorded is {}.\".format(train['kills'].mean(),train['kills'].quantile(0.99), train['kills'].max()))",
      "total-ns": 12848710
    },
    {
      "raw": "data = train.copy()\ndata.loc[data['kills'] > data['kills'].quantile(0.99)] = '8+'\n# plt.figure(figsize=(15,10))\n# sns.countplot(data['kills'].astype('str').sort_values())\n# plt.title(\"Kill Count\",fontsize=15)\n# plt.show()",
      "total-ns": 638063025
    },
    {
      "raw": "data = train.copy()\ndata = data[data['kills']==0]\n# plt.figure(figsize=(15,10))\n# plt.title(\"Damage Dealt by 0 killers\",fontsize=15)\n# sns.distplot(data['damageDealt'])\n# plt.show()",
      "total-ns": 258263797
    },
    {
      "raw": "print(\"{} players ({:.4f}%) have won without a single kill!\".format(len(data[data['winPlacePerc']==1]), 100*len(data[data['winPlacePerc']==1])/len(train)))\n\ndata1 = train[train['damageDealt'] == 0].copy()\nprint(\"{} players ({:.4f}%) have won without dealing damage!\".format(len(data1[data1['winPlacePerc']==1]), 100*len(data1[data1['winPlacePerc']==1])/len(train)))",
      "total-ns": 82441490
    },
    {
      "raw": "# sns.jointplot(x=\"winPlacePerc\", y=\"kills\", data=train, height=10, ratio=3, color=\"r\")\n# plt.show()",
      "total-ns": 213010
    },
    {
      "raw": "kills = train.copy()\n\nkills['killsCategories'] = pd.cut(kills['kills'], [-1, 0, 2, 5, 10, 60], labels=['0_kills','1-2_kills', '3-5_kills', '6-10_kills', '10+_kills'])\n\n# plt.figure(figsize=(15,8))\n# sns.boxplot(x=\"killsCategories\", y=\"winPlacePerc\", data=kills)\n# plt.show()",
      "total-ns": 56462180
    },
    {
      "raw": "print(\"The average person walks for {:.1f}m, 99% of people have walked {}m or less, while the marathoner champion walked for {}m.\".format(train['walkDistance'].mean(), train['walkDistance'].quantile(0.99), train['walkDistance'].max()))",
      "total-ns": 16454070
    },
    {
      "raw": "data = train.copy()\ndata = data[data['walkDistance'] < train['walkDistance'].quantile(0.99)]\n# plt.figure(figsize=(15,10))\n# plt.title(\"Walking Distance Distribution\",fontsize=15)\n# sns.distplot(data['walkDistance'])\n# plt.show()",
      "total-ns": 164645699
    },
    {
      "raw": "print(\"{} players ({:.4f}%) walked 0 meters. This means that they die before even taking a step or they are afk (more possible).\".format(len(data[data['walkDistance'] == 0]), 100*len(data1[data1['walkDistance']==0])/len(train)))",
      "total-ns": 24091940
    },
    {
      "raw": "# sns.jointplot(x=\"winPlacePerc\", y=\"walkDistance\",  data=train, height=10, ratio=3, color=\"lime\")\n# plt.show()",
      "total-ns": 217720
    },
    {
      "raw": "print(\"The average person drives for {:.1f}m, 99% of people have drived {}m or less, while the formula 1 champion drived for {}m.\".format(train['rideDistance'].mean(), train['rideDistance'].quantile(0.99), train['rideDistance'].max()))",
      "total-ns": 16162990
    },
    {
      "raw": "data = train.copy()\ndata = data[data['rideDistance'] < train['rideDistance'].quantile(0.9)]\n# plt.figure(figsize=(15,10))\n# plt.title(\"Ride Distance Distribution\",fontsize=15)\n# sns.distplot(data['rideDistance'])\n# plt.show()",
      "total-ns": 143387209
    },
    {
      "raw": "print(\"{} players ({:.4f}%) drived for 0 meters. This means that they don't have a driving licence yet.\".format(len(data[data['rideDistance'] == 0]), 100*len(data1[data1['rideDistance']==0])/len(train)))",
      "total-ns": 108031428
    },
    {
      "raw": "# sns.jointplot(x=\"winPlacePerc\", y=\"rideDistance\", data=train, height=10, ratio=3, color=\"y\")\n# plt.show()",
      "total-ns": 218671
    },
    {
      "raw": "# f,ax1 = plt.subplots(figsize =(20,10))\n# sns.pointplot(x='vehicleDestroys',y='winPlacePerc',data=data,color='#606060',alpha=0.8)\n# plt.xlabel('Number of Vehicle Destroys',fontsize = 15,color='blue')\n# plt.ylabel('Win Percentage',fontsize = 15,color='blue')\n# plt.title('Vehicle Destroys/ Win Ratio',fontsize = 20,color='blue')\n# plt.grid()\n# plt.show()",
      "total-ns": 125361
    },
    {
      "raw": "print(\"The average person swims for {:.1f}m, 99% of people have swimemd {}m or less, while the olympic champion swimmed for {}m.\".format(train['swimDistance'].mean(), train['swimDistance'].quantile(0.99), train['swimDistance'].max()))",
      "total-ns": 12589629
    },
    {
      "raw": "data = train.copy()\ndata = data[data['swimDistance'] < train['swimDistance'].quantile(0.95)]\n# plt.figure(figsize=(15,10))\n# plt.title(\"Swim Distance Distribution\",fontsize=15)\n# sns.distplot(data['swimDistance'])\n# plt.show()",
      "total-ns": 164367979
    },
    {
      "raw": "swim = train.copy()\n\nswim['swimDistance'] = pd.cut(swim['swimDistance'], [-1, 0, 5, 20, 5286], labels=['0m','1-5m', '6-20m', '20m+'])\n\n# plt.figure(figsize=(15,8))\n# sns.boxplot(x=\"swimDistance\", y=\"winPlacePerc\", data=swim)\n# plt.show()",
      "total-ns": 57417820
    },
    {
      "raw": "print(\"The average person uses {:.1f} heal items, 99% of people use {} or less, while the doctor used {}.\".format(train['heals'].mean(), train['heals'].quantile(0.99), train['heals'].max()))\nprint(\"The average person uses {:.1f} boost items, 99% of people use {} or less, while the doctor used {}.\".format(train['boosts'].mean(), train['boosts'].quantile(0.99), train['boosts'].max()))",
      "total-ns": 23775299
    },
    {
      "raw": "data = train.copy()\ndata = data[data['heals'] < data['heals'].quantile(0.99)]\ndata = data[data['boosts'] < data['boosts'].quantile(0.99)]\n\n# f,ax1 = plt.subplots(figsize =(20,10))\n# sns.pointplot(x='heals',y='winPlacePerc',data=data,color='lime',alpha=0.8)\n# sns.pointplot(x='boosts',y='winPlacePerc',data=data,color='blue',alpha=0.8)\n# plt.text(4,0.6,'Heals',color='lime',fontsize = 17,style = 'italic')\n# plt.text(4,0.55,'Boosts',color='blue',fontsize = 17,style = 'italic')\n# plt.xlabel('Number of heal/boost items',fontsize = 15,color='blue')\n# plt.ylabel('Win Percentage',fontsize = 15,color='blue')\n# plt.title('Heals vs Boosts',fontsize = 20,color='blue')\n# plt.grid()\n# plt.show()",
      "total-ns": 281124097
    },
    {
      "raw": "# sns.jointplot(x=\"winPlacePerc\", y=\"heals\", data=train, height=10, ratio=3, color=\"lime\")\n# plt.show()",
      "total-ns": 256620
    },
    {
      "raw": "# sns.jointplot(x=\"winPlacePerc\", y=\"boosts\", data=train, height=10, ratio=3, color=\"blue\")\n# plt.show()",
      "total-ns": 100330
    },
    {
      "raw": "solos = train[train['numGroups']>50]\nduos = train[(train['numGroups']>25) & (train['numGroups']<=50)]\nsquads = train[train['numGroups']<=25]\nprint(\"There are {} ({:.2f}%) solo games, {} ({:.2f}%) duo games and {} ({:.2f}%) squad games.\".format(len(solos), 100*len(solos)/len(train), len(duos), 100*len(duos)/len(train), len(squads), 100*len(squads)/len(train),))",
      "total-ns": 123080839
    },
    {
      "raw": "# f,ax1 = plt.subplots(figsize =(20,10))\n# sns.pointplot(x='kills',y='winPlacePerc',data=solos,color='black',alpha=0.8)\n# sns.pointplot(x='kills',y='winPlacePerc',data=duos,color='#CC0000',alpha=0.8)\n# sns.pointplot(x='kills',y='winPlacePerc',data=squads,color='#3399FF',alpha=0.8)\n# plt.text(37,0.6,'Solos',color='black',fontsize = 17,style = 'italic')\n# plt.text(37,0.55,'Duos',color='#CC0000',fontsize = 17,style = 'italic')\n# plt.text(37,0.5,'Squads',color='#3399FF',fontsize = 17,style = 'italic')\n# plt.xlabel('Number of kills',fontsize = 15,color='blue')\n# plt.ylabel('Win Percentage',fontsize = 15,color='blue')\n# plt.title('Solo vs Duo vs Squad Kills',fontsize = 20,color='blue')\n# plt.grid()\n# plt.show()",
      "total-ns": 233910
    },
    {
      "raw": "# f,ax1 = plt.subplots(figsize =(20,10))\n# sns.pointplot(x='DBNOs',y='winPlacePerc',data=duos,color='#CC0000',alpha=0.8)\n# sns.pointplot(x='DBNOs',y='winPlacePerc',data=squads,color='#3399FF',alpha=0.8)\n# sns.pointplot(x='assists',y='winPlacePerc',data=duos,color='#FF6666',alpha=0.8)\n# sns.pointplot(x='assists',y='winPlacePerc',data=squads,color='#CCE5FF',alpha=0.8)\n# sns.pointplot(x='revives',y='winPlacePerc',data=duos,color='#660000',alpha=0.8)\n# sns.pointplot(x='revives',y='winPlacePerc',data=squads,color='#000066',alpha=0.8)\n# plt.text(14,0.5,'Duos - Assists',color='#FF6666',fontsize = 17,style = 'italic')\n# plt.text(14,0.45,'Duos - DBNOs',color='#CC0000',fontsize = 17,style = 'italic')\n# plt.text(14,0.4,'Duos - Revives',color='#660000',fontsize = 17,style = 'italic')\n# plt.text(14,0.35,'Squads - Assists',color='#CCE5FF',fontsize = 17,style = 'italic')\n# plt.text(14,0.3,'Squads - DBNOs',color='#3399FF',fontsize = 17,style = 'italic')\n# plt.text(14,0.25,'Squads - Revives',color='#000066',fontsize = 17,style = 'italic')\n# plt.xlabel('Number of DBNOs/Assits/Revives',fontsize = 15,color='blue')\n# plt.ylabel('Win Percentage',fontsize = 15,color='blue')\n# plt.title('Duo vs Squad DBNOs, Assists, and Revives',fontsize = 20,color='blue')\n# plt.grid()\n# plt.show()",
      "total-ns": 168330
    },
    {
      "raw": "# f,ax = plt.subplots(figsize=(15, 15))\n# sns.heatmap(train.corr(), annot=True, linewidths=.5, fmt= '.1f',ax=ax)\n# plt.show()",
      "total-ns": 87720
    },
    {
      "raw": "k = 5 #number of variables for heatmap\n# f,ax = plt.subplots(figsize=(11, 11))\ncols = train.corr().nlargest(k, 'winPlacePerc')['winPlacePerc'].index\ncm = np.corrcoef(train[cols].values.T)\n# sns.set(font_scale=1.25)\n# hm = sns.heatmap(cm, cbar=True, annot=True, square=True, fmt='.2f', annot_kws={'size': 10}, yticklabels=cols.values, xticklabels=cols.values)\n# plt.show()",
      "total-ns": 1404463277
    },
    {
      "raw": "# sns.set()\n# cols = ['winPlacePerc', 'walkDistance', 'boosts', 'weaponsAcquired', 'damageDealt', 'killPlace']\n# sns.pairplot(train[cols], size = 2.5)\n# plt.show()",
      "total-ns": 242530
    },
    {
      "raw": "train['playersJoined'] = train.groupby('matchId')['matchId'].transform('count')",
      "total-ns": 185932269
    },
    {
      "raw": "data = train.copy()\ndata = data[data['playersJoined']>49]\n# plt.figure(figsize=(15,10))\n# sns.countplot(data['playersJoined'])\n# plt.title(\"Players Joined\",fontsize=15)\n# plt.show()",
      "total-ns": 147047389
    },
    {
      "raw": "train['killsNorm'] = train['kills']*((100-train['playersJoined'])/100 + 1)\ntrain['damageDealtNorm'] = train['damageDealt']*((100-train['playersJoined'])/100 + 1)\ntrain[['playersJoined', 'kills', 'killsNorm', 'damageDealt', 'damageDealtNorm']][5:8]",
      "total-ns": 101737899
    },
    {
      "raw": "train['healsAndBoosts'] = train['heals']+train['boosts']\ntrain['totalDistance'] = train['walkDistance']+train['rideDistance']+train['swimDistance']",
      "total-ns": 6070110
    },
    {
      "raw": "train['boostsPerWalkDistance'] = train['boosts']/(train['walkDistance']+1) #The +1 is to avoid infinity, because there are entries where boosts>0 and walkDistance=0. Strange.\ntrain['boostsPerWalkDistance'].fillna(0, inplace=True)\ntrain['healsPerWalkDistance'] = train['heals']/(train['walkDistance']+1) #The +1 is to avoid infinity, because there are entries where heals>0 and walkDistance=0. Strange.\ntrain['healsPerWalkDistance'].fillna(0, inplace=True)\ntrain['healsAndBoostsPerWalkDistance'] = train['healsAndBoosts']/(train['walkDistance']+1) #The +1 is to avoid infinity.\ntrain['healsAndBoostsPerWalkDistance'].fillna(0, inplace=True)\ntrain[['walkDistance', 'boosts', 'boostsPerWalkDistance' ,'heals',  'healsPerWalkDistance', 'healsAndBoosts', 'healsAndBoostsPerWalkDistance']][40:45]",
      "total-ns": 116422069
    },
    {
      "raw": "train['killsPerWalkDistance'] = train['kills']/(train['walkDistance']+1) #The +1 is to avoid infinity, because there are entries where kills>0 and walkDistance=0. Strange.\ntrain['killsPerWalkDistance'].fillna(0, inplace=True)\ntrain[['kills', 'walkDistance', 'rideDistance', 'killsPerWalkDistance', 'winPlacePerc']].sort_values(by='killsPerWalkDistance').tail(10)",
      "total-ns": 177204578
    },
    {
      "raw": "train['team'] = [1 if i>50 else 2 if (i>25 & i<=50) else 4 for i in train['numGroups']]",
      "total-ns": 318885337
    },
    {
      "raw": "train.head()",
      "total-ns": 638769
    }
  ]
}