{
  "cells": [
    {
      "raw": "# This Python 3 environment comes with many helpful analytics libraries installed\n# It is defined by the kaggle/python Docker image: https://github.com/kaggle/docker-python\n# For example, here's several helpful packages to load\n\nimport numpy as np # linear algebra\nimport os\n\nimport pandas as pd\nimport functools\n\nimport os\nos.environ[\"MODIN_ENGINE\"] = \"ray\"\nimport ray\nos.environ['MODIN_CPUS'] = \"4\"\nray.init(num_cpus=4, runtime_env={'env_vars': {'__MODIN_AUTOIMPORT_PANDAS__': '1'}})\nimport modin.pandas as modin_pd\n\n\nos.environ[\"USE_MODIN\"]=\"True\"\n\nfrom typing import Dict, List, Optional, Tuple, Any, Literal, Callable\nfrom pandas._typing import AggFuncType, Axis, IndexLabel, Suffixes\n\n_CS598_save_DataFrame_apply = pd.DataFrame.apply\n_CS598_save_DataFrame_merge = pd.DataFrame.merge\n_CS598_save_Series_apply = pd.Series.apply\n_CS598_save_to_datetime = pd.to_datetime\n\ndef _CS598_Series_apply(self, func: AggFuncType, convert_dtype: bool = True,\n                        args: tuple[Any, ...] = (), **kwargs):\n  default_call = functools.partial(_CS598_save_Series_apply, self, func, convert_dtype, args, **kwargs)\n  assert isinstance(self, pd.Series)\n  \n  if os.environ[\"USE_MODIN\"] == \"True\":\n    modin_ser = modin_pd.Series(self)\n    # TODO: We need a generic way to deal with this.\n    # Problem: pd.numeric is passed which doesn't work on a modin dataframe.\n    if func == pd.to_numeric:\n      assert false\n      func = modin_pd.to_numeric\n    modin_res = modin_ser.apply(func, convert_dtype, args, **kwargs)\n    return modin_res._to_pandas()\n  return default_call()\n\ndef _CS598_DataFrame_apply(\n    self,\n    func: AggFuncType,\n    axis: Axis = 0,\n    raw: bool = False,\n    result_type: Literal[\"expand\", \"reduce\", \"broadcast\"] | None = None,\n    args=(),\n    **kwargs,\n):\n  default_call = functools.partial(_CS598_save_DataFrame_apply, self, func, axis, raw, result_type, args, **kwargs)\n  assert isinstance(self, pd.DataFrame)\n  \n  if os.environ[\"USE_MODIN\"] == \"True\":\n    modin_df = modin_pd.DataFrame(self)\n    modin_res = modin_df.apply(func, axis, raw, result_type, args, **kwargs)\n    return modin_res._to_pandas()\n  return default_call()\n\ndef _CS598_DataFrame_merge(\n    self,\n    right: pd.DataFrame | pd.Series,\n    how: str = \"inner\",\n    on: IndexLabel | None = None,\n    left_on: IndexLabel | None = None,\n    right_on: IndexLabel | None = None,\n    left_index: bool = False,\n    right_index: bool = False,\n    sort: bool = False,\n    suffixes: Suffixes = (\"_x\", \"_y\"),\n    copy: bool = True,\n    indicator: bool = False,\n    validate: str | None = None,\n) -> pd.DataFrame:\n  assert isinstance(self, pd.DataFrame)        \n  default_call = functools.partial(_CS598_save_DataFrame_merge, self, right, how, on, \n      left_on, right_on, left_index, right_index, sort, suffixes, copy, indicator, validate)\n  \n  if os.environ[\"USE_MODIN\"] == \"True\":\n    modin_df = modin_pd.DataFrame(self)\n    modin_res = modin_df.merge(right, how, on, \n      left_on, right_on, left_index, right_index, sort, suffixes, copy, indicator, validate)\n    return modin_res._to_pandas()\n  return default_call()\n\n\ndef _CS598_to_datetime(\n    arg,\n    errors = \"raise\",\n    dayfirst: bool = False,\n    yearfirst: bool = False,\n    utc: bool | None = None,\n    format: str | None = None,\n    exact: bool = True,\n    unit: str | None = None,\n    infer_datetime_format: bool = False,\n    origin=\"unix\",\n    cache: bool = True,\n):\n  default_call = functools.partial(_CS598_save_to_datetime, arg, errors, dayfirst,\n      yearfirst, utc, format, exact, unit,infer_datetime_format, origin, cache)\n  \n  if os.environ[\"USE_MODIN\"] == \"True\":\n    if type(arg) == pd.DataFrame:\n      arg = modin_pd.DataFrame(arg)\n    elif type(arg) == pd.Series:\n      arg = modin_pd.Series(arg)\n\n    modin_res = modin_pd.to_datetime(arg, errors, dayfirst,\n      yearfirst, utc, format, exact, unit,infer_datetime_format, origin, cache)\n    return modin_res._to_pandas()\n  return default_call()\n\nassert pd.Series.apply != _CS598_Series_apply\nassert pd.DataFrame.apply != _CS598_DataFrame_apply\nassert pd.DataFrame.merge != _CS598_DataFrame_merge\nassert pd.to_datetime != _CS598_to_datetime\n# Overwriting is not trivial. Thanks to:\n# https://github.com/lux-org/lux/blob/550a2eca90b26c944ebe8600df7a51907bc851be/lux/core/__init__.py#L27\npd.Series.apply = pd.core.frame.Series.apply = pd.core.series.Series.apply = _CS598_Series_apply\npd.DataFrame.apply = pd.core.frame.DataFrame.apply = _CS598_DataFrame_apply\npd.DataFrame.merge = pd.core.frame.DataFrame.merge = _CS598_save_DataFrame_merge\npd.to_datetime = _CS598_to_datetime\nimport regex as re # For String searches\nimport plotly.graph_objects as go\nimport plotly.express as px\n# Input data files are available in the read-only \"../input/\" directory\n# For example, running this (by clicking run or pressing Shift+Enter) will list all files under the input directory\n\nimport os\nfor dirname, _, filenames in os.walk('../input'):\n    for filename in filenames:\n        print(os.path.join(dirname, filename))\n\n# You can write up to 20GB to the current directory (/kaggle/working/) that gets preserved as output when you create a version using \"Save & Run All\" \n# You can also write temporary files to /kaggle/temp/, but they won't be saved outside of the current session",
      "total-ns": 2556156326
    },
    {
      "raw": "data = pd.read_csv('../input/speedtest-data-by-ookla/fixed_year_2021_quarter_03.csv')\ndata.head()",
      "total-ns": 17393011
    },
    {
      "raw": "data.info()",
      "total-ns": 13160640
    },
    {
      "raw": "Mobile_df = pd.DataFrame([],columns=data.columns)\nBroadband_df = pd.DataFrame([],columns=data.columns)\n\ndef col_name_corrections(df,correction_pair):\n    if set(df.columns).intersection(set(correction_pair.keys())):\n        df.rename(columns=correction_pair,inplace=True)\n    return df\n\nfor dirname, _, filenames in os.walk('../input'):\n    for filename in filenames:\n        meta_info = filename.split('/')[-1]\n        data = pd.read_csv(dirname+'/'+filename,thousands=r',').convert_dtypes()\n        data = col_name_corrections(data,{'Number of Record':'Number of Records'})\n        data['Year'] = np.int64(re.search('year_(.*)_quarter',meta_info).group(1))\n        data['Quarter'] = np.int64(re.search('quarter_(.*).csv',meta_info).group(1))\n        if 'mobile' in meta_info:\n            Mobile_df = pd.concat([Mobile_df,data])\n        else:\n            Broadband_df = pd.concat([Broadband_df,data]) \nprint(Broadband_df.shape)\nprint(Mobile_df.shape)\nMobile_df = Mobile_df.astype({'Year':np.int64,'Quarter':np.int64})\nBroadband_df = Broadband_df.astype({'Year':np.int64,'Quarter':np.int64})\nMobile_df.sort_values(by=['Year','Quarter'],ascending=[True,True],inplace=True)\nBroadband_df.sort_values(by=['Year','Quarter'],ascending=[True,True],inplace=True)",
      "total-ns": 436587516
    },
    {
      "raw": "Mobile_df.info()",
      "total-ns": 7946800
    },
    {
      "raw": "df = Mobile_df\nintended_df_size_in_MB = 256\nfactor = intended_df_size_in_MB*(2**20)/(Mobile_df.memory_usage(index=True).sum()+Broadband_df.memory_usage(index=True).sum())\nif int(factor) > 0:\n    df = pd.concat([df]*int(factor), ignore_index=True)\nelse:\n    rowCount = int(df.shape[0]*factor)\n    df = df[0:rowCount]\nMobile_df = df\n\ndf = Broadband_df\nif int(factor) > 0:\n    df = pd.concat([df]*int(factor), ignore_index=True)\nelse:\n    rowCount = int(df.shape[0]*factor)\n    df = df[0:rowCount]\nBroadband_df = df\n    \nMobile_df.info()\nBroadband_df.info()",
      "total-ns": 523740866
    },
    {
      "raw": "Mobile_df.head()",
      "total-ns": 797060
    },
    {
      "raw": "unique_countries_broadband = Broadband_df.groupby('Name').count()\nunique_countries_broadband.head()",
      "total-ns": 120263719
    },
    {
      "raw": "unique_countries_mobile = Mobile_df.groupby('Name').count()\nunique_countries_mobile.head()",
      "total-ns": 107477778
    },
    {
      "raw": "# Check for missing values\nMobile_df.isna().any()",
      "total-ns": 42550790
    },
    {
      "raw": "Broadband_df.isna().any()",
      "total-ns": 42244620
    },
    {
      "raw": "unique_countries_mobile[unique_countries_mobile.Year < 10]['Year']",
      "total-ns": 1212650
    },
    {
      "raw": "unique_countries_broadband[unique_countries_broadband.Year < 10]['Year']",
      "total-ns": 852840
    },
    {
      "raw": "Mobile_Stats = Mobile_df.groupby('Name').agg(\n    Change_Download=('Avg. Avg D Kbps', lambda x: list(x)[-1] - list(x)[0]),\n    Change_Upload=('Avg. Avg U Kbps', lambda x: list(x)[-1] - list(x)[0]),\n    Change_Latency=('Avg Lat Ms', lambda x: list(x)[-1] - list(x)[0])\n)\nBroadband_Stats = Broadband_df.groupby('Name').agg(\n    Change_Download=('Avg. Avg D Kbps', lambda x: list(x)[-1] - list(x)[0]),\n    Change_Upload=('Avg. Avg U Kbps', lambda x: list(x)[-1] - list(x)[0]),\n    Change_Latency=('Avg Lat Ms', lambda x: list(x)[-1] - list(x)[0])\n)\n# fig = px.histogram(Mobile_Stats['Change_Download'],title='Frequency distribution of Mobile Speed change',\n#                    labels={'count':'Frequency','value':'$\\Delta Speed (Kpbs)$','variable':'property'},\n#                    nbins=100)\n# fig.show()\n\n# fig = px.histogram(Broadband_Stats['Change_Download'],title='Frequency distribution of Broadband Speed change',\n#                    labels={'count':'Frequency','value':'$\\Delta Speed (Kpbs)$','variable':'property'},\n#                    nbins=100)\n# fig.show()\nTotal_Stats = pd.concat([Broadband_Stats['Change_Download'],Mobile_Stats['Change_Download']],axis=1)\nTotal_Stats.columns=['Mobile','Broadband']\n\n# STEFANOS: Disable plotting\n# fig = go.Figure(data=[go.Histogram(x=Broadband_Stats['Change_Download'],opacity=0.65,name='Broadband')])\n# fig.add_trace(go.Histogram(x=Mobile_Stats['Change_Download'],opacity=0.65,name='Mobile'))\n# fig.update_layout(barmode='overlay',\n#                   title='Frequency Distribution of Speed change',\n#                   xaxis_title=\"$\\Delta\\ Speed\\ (Kbps)$\", yaxis_title=\"Number of Countries\",\n#                   legend_title='Color')\n# fig.show()",
      "total-ns": 2403333198
    },
    {
      "raw": "# STEFANOS: Disable plotting\n# px.bar(Mobile_Stats,y='Change_Download',labels={'Name':'Country','Change_Download':'Observed Change'},title='Summary of all changes 2020 Q1 - 2022 Q2 ')",
      "total-ns": 212320
    },
    {
      "raw": "#ImprovedCountries_M = Mobile_Stats[(Mobile_Stats['Change_Download'] < 3000) &\n#                                (Mobile_Stats['Change_Download'] >0)]\n#px.bar(ImprovedCountries_M,y='Change_Download',labels={'Name':'Country','Change_Download':'Improved Download Speed'},title='Countries that improved download speeds')\n\nImprovedCountries_B = Broadband_Stats[(Broadband_Stats['Change_Download'] < 3000) &\n                                (Broadband_Stats['Change_Download'] > 0)]\n\n# STEFANOS: Disable plotting\n# fig = go.Figure()\n# fig.add_trace(go.Bar(x=ImprovedCountries_B.index,y=ImprovedCountries_B['Change_Download'],opacity=0.6,name='Broadband'))\n# fig.add_trace(go.Bar(x=ImprovedCountries_B.index,y=Mobile_Stats.query(\"index in @ImprovedCountries_B.index\")['Change_Download'],opacity=0.6,name='Mobile'))\n# fig.update_layout(barmode='group',\n#                   title='Bar Chart of Speed change',\n#                   xaxis_title=\"Country\", yaxis_title=\"Improved Speed (Kbps)\",\n#                   legend_title='Color')\n# fig.show()",
      "total-ns": 1317200
    },
    {
      "raw": "#ImprovedCountries2 = Mobile_Stats[(Mobile_Stats['Change_Download'] >= 10000)]\n#px.bar(ImprovedCountries2,y='Change_Download',labels={'Name':'Country','Change_Download':'Improved Download Speed'},title='Countries that improved download speeds')\n#ImprovedCountries_M = Mobile_Stats[(Mobile_Stats['Change_Download'] < 8000) &\n#                                (Mobile_Stats['Change_Download'] >3000)]\n#px.bar(ImprovedCountries_M,y='Change_Download',labels={'Name':'Country','Change_Download':'Improved Download Speed'},title='Countries that improved download speeds')\n\nImprovedCountries_B = Broadband_Stats[(Broadband_Stats['Change_Download'] < 8000) &\n                                (Broadband_Stats['Change_Download'] > 3000)]\n# STEFANOS: Disable plotting\n# fig = go.Figure()\n# fig.add_trace(go.Bar(x=ImprovedCountries_B.index,y=ImprovedCountries_B['Change_Download'],opacity=0.6,name='Broadband'))\n# fig.add_trace(go.Bar(x=ImprovedCountries_B.index,y=Mobile_Stats.query(\"index in @ImprovedCountries_B.index\")['Change_Download'],opacity=0.6,name='Mobile'))\n# fig.update_layout(barmode='group',\n#                   title='Bar Chart of Speed change',\n#                   xaxis_title=\"Country\", yaxis_title=\"Improved Speed (Kbps)\",\n#                   legend_title='Color')\n# fig.show()",
      "total-ns": 1140930
    },
    {
      "raw": "ImprovedCountries_B = Broadband_Stats[(Broadband_Stats['Change_Download'] < 16000) &\n                                (Broadband_Stats['Change_Download'] > 8000)]\n# STEFANOS: Disable plotting\n# fig = go.Figure()\n# fig.add_trace(go.Bar(x=ImprovedCountries_B.index,y=ImprovedCountries_B['Change_Download'],opacity=0.6,name='Broadband'))\n# fig.add_trace(go.Bar(x=ImprovedCountries_B.index,y=Mobile_Stats.query(\"index in @ImprovedCountries_B.index\")['Change_Download'],opacity=0.6,name='Mobile'))\n# fig.update_layout(barmode='group',\n#                   title='Bar Chart of Speed change',\n#                   xaxis_title=\"Country\", yaxis_title=\"Improved Speed (Kbps)\",\n#                   legend_title='Color')\n# fig.show()",
      "total-ns": 981350
    },
    {
      "raw": "ImprovedCountries_B = Broadband_Stats[(Broadband_Stats['Change_Download'] < 60000) &\n                                (Broadband_Stats['Change_Download'] > 16000)]\n# STEFANOS: Disable plotting\n# fig = go.Figure()\n# fig.add_trace(go.Bar(x=ImprovedCountries_B.index,y=ImprovedCountries_B['Change_Download'],opacity=0.6,name='Broadband'))\n# fig.add_trace(go.Bar(x=ImprovedCountries_B.index,y=Mobile_Stats.query(\"index in @ImprovedCountries_B.index\")['Change_Download'],opacity=0.6,name='Mobile'))\n# fig.update_layout(barmode='group',\n#                   title='Bar Chart of Speed change',\n#                   xaxis_title=\"Country\", yaxis_title=\"Improved Speed (Kbps)\",\n#                   legend_title='Color')\n# fig.show()",
      "total-ns": 1003230
    },
    {
      "raw": "ImprovedCountries_B = Broadband_Stats[(Broadband_Stats['Change_Download'] >= 60000)]\n# STEFANOS: Disable plotting\n# fig = go.Figure()\n# fig.add_trace(go.Bar(x=ImprovedCountries_B.index,y=ImprovedCountries_B['Change_Download'],opacity=0.6,name='Broadband'))\n# fig.add_trace(go.Bar(x=ImprovedCountries_B.index,y=Mobile_Stats.query(\"index in @ImprovedCountries_B.index\")['Change_Download'],opacity=0.6,name='Mobile'))\n# fig.update_layout(barmode='group',\n#                   title='Bar Chart of Speed change',\n#                   xaxis_title=\"Country\", yaxis_title=\"Improved Speed (Kbps)\",\n#                   legend_title='Color')\n# fig.show()",
      "total-ns": 707340
    },
    {
      "raw": "#DeterioratedSpeeds = Mobile_Stats[(Mobile_Stats['Change_Download'] < 0 )]\n#px.bar(DeterioratedSpeeds,y='Change_Download',labels={'Name':'Country','Change_Download':'Improved Download Speed'},title='Decreasing Countries\\' download speeds')\nImprovedCountries_B = Broadband_Stats[(Broadband_Stats['Change_Download'] < 0)]\nCountries = ImprovedCountries_B.index\n\n# STEFANOS: Disable plotting\n# fig = go.Figure()\n# fig.add_trace(go.Bar(x=ImprovedCountries_B.index,y=ImprovedCountries_B['Change_Download'],opacity=0.6,name='Broadband'))\n# fig.add_trace(go.Bar(x=ImprovedCountries_B.index,y=Mobile_Stats.query(\"index in @ImprovedCountries_B.index\")['Change_Download'],opacity=0.6,name='Mobile'))\n# fig.update_layout(barmode='group',\n#                   title='Bar Chart of Speed change',\n#                   xaxis_title=\"Country\", yaxis_title=\"Improved Speed (Kbps)\",\n#                   legend_title='Color')\n# fig.show()",
      "total-ns": 791540
    },
    {
      "raw": "Mobile_Stats.sort_values(by=['Change_Download'])",
      "total-ns": 641520
    },
    {
      "raw": "Broadband_Stats.sort_values(by=['Change_Download'])",
      "total-ns": 617410
    },
    {
      "raw": "Mobile_Stats_relative = Mobile_df.groupby('Name').agg(\n    Change_Download=('Avg. Avg D Kbps', lambda x: (list(x)[-1] - list(x)[0])/list(x)[0]),\n    Change_Upload=('Avg. Avg U Kbps', lambda x: (list(x)[-1] - list(x)[0])/list(x)[0]),\n    Change_Latency=('Avg Lat Ms', lambda x: (list(x)[-1] - list(x)[0])/list(x)[0])\n)\nBroadband_Stats_relative = Broadband_df.groupby('Name').agg(\n    Change_Download=('Avg. Avg D Kbps', lambda x: (list(x)[-1] - list(x)[0])/list(x)[0]),\n    Change_Upload=('Avg. Avg U Kbps', lambda x: (list(x)[-1] - list(x)[0])/list(x)[0]),\n    Change_Latency=('Avg Lat Ms', lambda x: (list(x)[-1] - list(x)[0])/list(x)[0])\n)",
      "total-ns": 3314798400
    },
    {
      "raw": "ImprovedCountries_B = Broadband_Stats_relative[(Broadband_Stats_relative['Change_Download'] >= 2)]\n# STEFANOS: Disable plotting\n# fig = go.Figure()\n# fig.add_trace(go.Bar(x=ImprovedCountries_B.index,y=ImprovedCountries_B['Change_Download'],opacity=0.6,name='Broadband'))\n# fig.add_trace(go.Bar(x=ImprovedCountries_B.index,y=Mobile_Stats_relative.query(\"index in @ImprovedCountries_B.index\")['Change_Download'],opacity=0.6,name='Mobile'))\n# fig.update_layout(barmode='group',\n#                   title='Bar Chart of Relative Speed change',\n#                   xaxis_title=\"Country\", yaxis_title=\"Relative Improvement of Speed\",\n#                   legend_title='Color')\n# fig.show()",
      "total-ns": 942750
    },
    {
      "raw": "ImprovedCountries_B = Broadband_Stats_relative[(Broadband_Stats_relative['Change_Download'] >= 1) & (Broadband_Stats_relative['Change_Download'] < 2)]\n# STEFANOS: Disable plotting\n# fig = go.Figure()\n# fig.add_trace(go.Bar(x=ImprovedCountries_B.index,y=ImprovedCountries_B['Change_Download'],opacity=0.6,name='Broadband'))\n# fig.add_trace(go.Bar(x=ImprovedCountries_B.index,y=Mobile_Stats_relative.query(\"index in @ImprovedCountries_B.index\")['Change_Download'],opacity=0.6,name='Mobile'))\n# fig.update_layout(barmode='group',\n#                   title='Bar Chart of Relative Speed change',\n#                   xaxis_title=\"Country\", yaxis_title=\"Relative Improvement of Speed\",\n#                   legend_title='Color')\n# fig.show()",
      "total-ns": 846680
    },
    {
      "raw": "ImprovedCountries_B = Broadband_Stats_relative[(Broadband_Stats_relative['Change_Download'] >= 0.5) & (Broadband_Stats_relative['Change_Download'] < 1)]\n# STEFANOS: Disable plotting\n# fig = go.Figure()\n# fig.add_trace(go.Bar(x=ImprovedCountries_B.index,y=ImprovedCountries_B['Change_Download'],opacity=0.6,name='Broadband'))\n# fig.add_trace(go.Bar(x=ImprovedCountries_B.index,y=Mobile_Stats_relative.query(\"index in @ImprovedCountries_B.index\")['Change_Download'],opacity=0.6,name='Mobile'))\n# fig.update_layout(barmode='group',\n#                   title='Bar Chart of Relative Speed change',\n#                   xaxis_title=\"Country\", yaxis_title=\"Relative Improvement of Speed\",\n#                   legend_title='Color')\n# fig.show()",
      "total-ns": 867030
    },
    {
      "raw": "ImprovedCountries_B = Broadband_Stats_relative[(Broadband_Stats_relative['Change_Download'] >= 0.2) & (Broadband_Stats_relative['Change_Download'] < 0.5)]\n# STEFANOS: Disable plotting\n# fig = go.Figure()\n# fig.add_trace(go.Bar(x=ImprovedCountries_B.index,y=ImprovedCountries_B['Change_Download'],opacity=0.6,name='Broadband'))\n# fig.add_trace(go.Bar(x=ImprovedCountries_B.index,y=Mobile_Stats_relative.query(\"index in @ImprovedCountries_B.index\")['Change_Download'],opacity=0.6,name='Mobile'))\n# fig.update_layout(barmode='group',\n#                   title='Bar Chart of Relative Speed change',\n#                   xaxis_title=\"Country\", yaxis_title=\"Relative Improvement of Speed\",\n#                   legend_title='Color')\n# fig.show()",
      "total-ns": 836680
    },
    {
      "raw": "ImprovedCountries_B = Broadband_Stats_relative[(Broadband_Stats_relative['Change_Download'] >= 0) & (Broadband_Stats_relative['Change_Download'] < 0.2)]\n# STEFANOS: Disable plotting\n# fig = go.Figure()\n# fig.add_trace(go.Bar(x=ImprovedCountries_B.index,y=ImprovedCountries_B['Change_Download'],opacity=0.6,name='Broadband'))\n# fig.add_trace(go.Bar(x=ImprovedCountries_B.index,y=Mobile_Stats_relative.query(\"index in @ImprovedCountries_B.index\")['Change_Download'],opacity=0.6,name='Mobile'))\n# fig.update_layout(barmode='group',\n#                   title='Bar Chart of Relative Speed change',\n#                   xaxis_title=\"Country\", yaxis_title=\"Relative Improvement of Speed\",\n#                   legend_title='Color')\n# fig.show()",
      "total-ns": 793530
    },
    {
      "raw": "ImprovedCountries_B = Broadband_Stats_relative[(Broadband_Stats_relative['Change_Download'] < 0)]\n# STEFANOS: Disable plotting\n# fig = go.Figure()\n# fig.add_trace(go.Bar(x=ImprovedCountries_B.index,y=ImprovedCountries_B['Change_Download'],opacity=0.6,name='Broadband'))\n# fig.add_trace(go.Bar(x=ImprovedCountries_B.index,y=Mobile_Stats_relative.query(\"index in @ImprovedCountries_B.index\")['Change_Download'],opacity=0.6,name='Mobile'))\n# fig.update_layout(barmode='group',\n#                   title='Bar Chart of Relative Speed change',\n#                   xaxis_title=\"Country\", yaxis_title=\"Relative Improvement of Speed\",\n#                   legend_title='Color')\n# fig.show()",
      "total-ns": 595400
    },
    {
      "raw": "Broadband_Stats_relative.sort_values(by=['Change_Download'])",
      "total-ns": 608450
    },
    {
      "raw": "Mobile_Stats_relative.sort_values(by=['Change_Download'])",
      "total-ns": 517240
    }
  ]
}