{
  "cells": [
    {
      "raw": "import numpy as np\n\n\nimport pandas as pd\nimport functools\n\nimport os\nos.environ[\"MODIN_ENGINE\"] = \"ray\"\nimport ray\nos.environ['MODIN_CPUS'] = \"4\"\nray.init(num_cpus=4, runtime_env={'env_vars': {'__MODIN_AUTOIMPORT_PANDAS__': '1'}})\nimport modin.pandas as modin_pd\n\n\nos.environ[\"USE_MODIN\"]=\"True\"\n\nfrom typing import Dict, List, Optional, Tuple, Any, Literal, Callable\nfrom pandas._typing import AggFuncType, Axis, IndexLabel, Suffixes\n\n_CS598_save_DataFrame_apply = pd.DataFrame.apply\n_CS598_save_DataFrame_merge = pd.DataFrame.merge\n_CS598_save_Series_apply = pd.Series.apply\n_CS598_save_to_datetime = pd.to_datetime\n\ndef _CS598_Series_apply(self, func: AggFuncType, convert_dtype: bool = True,\n                        args: tuple[Any, ...] = (), **kwargs):\n  default_call = functools.partial(_CS598_save_Series_apply, self, func, convert_dtype, args, **kwargs)\n  assert isinstance(self, pd.Series)\n  \n  if os.environ[\"USE_MODIN\"] == \"True\":\n    modin_ser = modin_pd.Series(self)\n    # TODO: We need a generic way to deal with this.\n    # Problem: pd.numeric is passed which doesn't work on a modin dataframe.\n    if func == pd.to_numeric:\n      assert false\n      func = modin_pd.to_numeric\n    modin_res = modin_ser.apply(func, convert_dtype, args, **kwargs)\n    return modin_res._to_pandas()\n  return default_call()\n\ndef _CS598_DataFrame_apply(\n    self,\n    func: AggFuncType,\n    axis: Axis = 0,\n    raw: bool = False,\n    result_type: Literal[\"expand\", \"reduce\", \"broadcast\"] | None = None,\n    args=(),\n    **kwargs,\n):\n  default_call = functools.partial(_CS598_save_DataFrame_apply, self, func, axis, raw, result_type, args, **kwargs)\n  assert isinstance(self, pd.DataFrame)\n  \n  if os.environ[\"USE_MODIN\"] == \"True\":\n    modin_df = modin_pd.DataFrame(self)\n    modin_res = modin_df.apply(func, axis, raw, result_type, args, **kwargs)\n    return modin_res._to_pandas()\n  return default_call()\n\ndef _CS598_DataFrame_merge(\n    self,\n    right: pd.DataFrame | pd.Series,\n    how: str = \"inner\",\n    on: IndexLabel | None = None,\n    left_on: IndexLabel | None = None,\n    right_on: IndexLabel | None = None,\n    left_index: bool = False,\n    right_index: bool = False,\n    sort: bool = False,\n    suffixes: Suffixes = (\"_x\", \"_y\"),\n    copy: bool = True,\n    indicator: bool = False,\n    validate: str | None = None,\n) -> pd.DataFrame:\n  assert isinstance(self, pd.DataFrame)        \n  default_call = functools.partial(_CS598_save_DataFrame_merge, self, right, how, on, \n      left_on, right_on, left_index, right_index, sort, suffixes, copy, indicator, validate)\n  \n  if os.environ[\"USE_MODIN\"] == \"True\":\n    modin_df = modin_pd.DataFrame(self)\n    modin_res = modin_df.merge(right, how, on, \n      left_on, right_on, left_index, right_index, sort, suffixes, copy, indicator, validate)\n    return modin_res._to_pandas()\n  return default_call()\n\n\ndef _CS598_to_datetime(\n    arg,\n    errors = \"raise\",\n    dayfirst: bool = False,\n    yearfirst: bool = False,\n    utc: bool | None = None,\n    format: str | None = None,\n    exact: bool = True,\n    unit: str | None = None,\n    infer_datetime_format: bool = False,\n    origin=\"unix\",\n    cache: bool = True,\n):\n  default_call = functools.partial(_CS598_save_to_datetime, arg, errors, dayfirst,\n      yearfirst, utc, format, exact, unit,infer_datetime_format, origin, cache)\n  \n  if os.environ[\"USE_MODIN\"] == \"True\":\n    if type(arg) == pd.DataFrame:\n      arg = modin_pd.DataFrame(arg)\n    elif type(arg) == pd.Series:\n      arg = modin_pd.Series(arg)\n\n    modin_res = modin_pd.to_datetime(arg, errors, dayfirst,\n      yearfirst, utc, format, exact, unit,infer_datetime_format, origin, cache)\n    return modin_res._to_pandas()\n  return default_call()\n\nassert pd.Series.apply != _CS598_Series_apply\nassert pd.DataFrame.apply != _CS598_DataFrame_apply\nassert pd.DataFrame.merge != _CS598_DataFrame_merge\nassert pd.to_datetime != _CS598_to_datetime\n# Overwriting is not trivial. Thanks to:\n# https://github.com/lux-org/lux/blob/550a2eca90b26c944ebe8600df7a51907bc851be/lux/core/__init__.py#L27\npd.Series.apply = pd.core.frame.Series.apply = pd.core.series.Series.apply = _CS598_Series_apply\npd.DataFrame.apply = pd.core.frame.DataFrame.apply = _CS598_DataFrame_apply\npd.DataFrame.merge = pd.core.frame.DataFrame.merge = _CS598_save_DataFrame_merge\npd.to_datetime = _CS598_to_datetime\nfrom pandas.plotting import scatter_matrix\n\nfrom IPython.display import HTML\n\nimport warnings\nwarnings.filterwarnings('ignore')",
      "total-ns": 5711532663
    },
    {
      "raw": "",
      "total-ns": 262551
    },
    {
      "raw": "pd.options.display.float_format = '{:,.2f}'.format\n# pd.set_option('precision', 2)\nfont_size = 17",
      "total-ns": 1761210
    },
    {
      "raw": "df_m = pd.read_csv('../input/housing_in_london_monthly_variables.csv', parse_dates = ['date'])\ndf_y = pd.read_csv('../input/housing_in_london_yearly_variables.csv', parse_dates = ['date'])",
      "total-ns": 153542048
    },
    {
      "raw": "df = df_m\nintended_df_size_in_MB = 256\nfactor = intended_df_size_in_MB*(2**20)/(df_m.memory_usage(index=True).sum()+df_y.memory_usage(index=True).sum())\nif int(factor) > 0:\n    df = pd.concat([df]*int(factor), ignore_index=True)\nelse:\n    rowCount = int(df.shape[0]*factor)\n    df = df[0:rowCount]\ndf_m = df\n\ndf = df_y\nif int(factor) > 0:\n    df = pd.concat([df]*int(factor), ignore_index=True)\nelse:\n    rowCount = int(df.shape[0]*factor)\n    df = df[0:rowCount]\ndf_y = df\n    \ndf_m.info()\ndf_y.info()",
      "total-ns": 3405807246
    },
    {
      "raw": "#df_m = pd.read_csv('../input/housing_in_london_monthly_variables.csv', parse_dates = ['date'])\n\nprint ('This dataset contains {} rows and {} columns.'.format(df_m.shape[0], df_m.shape[1]))\ndf_m.head()",
      "total-ns": 1454260
    },
    {
      "raw": "df_m.info()",
      "total-ns": 3675111
    },
    {
      "raw": "null_df_m = df_m.isnull().sum().sort_values(ascending = False)\npercent = (df_m.isnull().sum()/df_m.isnull().count()).sort_values(ascending = False)*100\n\nnull_df_m = pd.concat([null_df_m, percent], axis = 1, keys = ['Counts', '% Missing'])\nprint ('Missing: ')\nnull_df_m.head()",
      "total-ns": 5347769427
    },
    {
      "raw": "df_m.drop('no_of_crimes', axis = 1, inplace = True)   # drop the 'no_of_crimes column\n\ndf_m['houses_sold'].fillna(df_m.groupby('area')['houses_sold'].transform('mean'), inplace = True) # fill NaN values with the mean of that particular area",
      "total-ns": 805750392
    },
    {
      "raw": "df_m['year'] = df_m['date'].dt.year\ndf_m.iloc[[0, -1]]",
      "total-ns": 562436905
    },
    {
      "raw": "df_m = df_m[df_m['year'] < 2020]\ndf_m['year'].max()",
      "total-ns": 246386037
    },
    {
      "raw": "lnd_boroughs = df_m[df_m['borough_flag'] == 1]['area'].unique()\nlen(lnd_boroughs)",
      "total-ns": 261880928
    },
    {
      "raw": "df_m[df_m['borough_flag'] == 0]['area'].nunique()",
      "total-ns": 100815948
    },
    {
      "raw": "df_m[df_m['borough_flag'] == 0]['area'].unique()",
      "total-ns": 97257890
    },
    {
      "raw": "eng_regions = ['south west', 'south east', 'east of england', 'west midlands', 'east midlands', 'yorks and the humber', 'north west', 'north east']",
      "total-ns": 499909
    },
    {
      "raw": "lnd = df_m[df_m['area'].isin(lnd_boroughs)]\neng = df_m[df_m['area'].isin(eng_regions)]",
      "total-ns": 288547818
    },
    {
      "raw": "lnd_pr = lnd.groupby('date')['average_price'].mean()\neng_pr = eng.groupby('date')['average_price'].mean()",
      "total-ns": 112296079
    },
    {
      "raw": "",
      "total-ns": 183130
    },
    {
      "raw": "",
      "total-ns": 53860
    },
    {
      "raw": "# frames = []\n# for months in pd.date_range(start = lnd_pr.index[0], end = lnd_pr.index[-1], freq = '3MS'): # 3MS --> every three months\n#     frame = plot(lnd_pr, eng_pr, months)\n#     frames.append(frame)\n    \n# gif.save(frames, 'Price-Lnd_vs_Eng.gif', duration = 1, unit = 's', between = 'startend')",
      "total-ns": 193589
    },
    {
      "raw": "# HTML('<img src=\"./Price-Lnd_vs_Eng.gif\" />')",
      "total-ns": 130569
    },
    {
      "raw": "lnd_b_prices = lnd.groupby('area')['average_price'].mean()\nlnd_top10_pr = lnd_b_prices.sort_values(ascending = False).to_frame()\n\nprint ('\\nThe 10 most expensive boroughs in London are:')\nlnd_top10_pr.head(10)",
      "total-ns": 199194558
    },
    {
      "raw": "lnd_top10_pr.head(10).sort_values(by = 'average_price', ascending = True)",
      "total-ns": 1230040
    },
    {
      "raw": "top5_indeces = lnd_top10_pr.head().index\ncolors = ['#e74c3c', '#3498db', '#95a5a6', '#34495e', '#2ecc71']\n\n\nfor index, i in enumerate(top5_indeces):\n    df_ = lnd[lnd['area'] == i]\n    df_ = df_.groupby('date')['average_price'].mean()",
      "total-ns": 663197114
    },
    {
      "raw": "eng_prices = eng.groupby('area')['average_price'].mean()\neng_top3_pr = eng_prices.sort_values(ascending = False).to_frame()\n\nprint('The top 3 most expensive regions in England are:')\neng_top3_pr.head(3)",
      "total-ns": 33721850
    },
    {
      "raw": "top3_indeces = eng_top3_pr.head(3).index\ncolors = ['darkorange', '#8EB8E5', 'forestgreen', ]\n\nfor index, i in enumerate(top3_indeces):\n    df_ = eng[eng['area'] == i]\n    df_ = df_.groupby('date')['average_price'].mean()",
      "total-ns": 115255389
    },
    {
      "raw": "\n\nfor index, i in enumerate(top3_indeces):\n    df_ = eng[eng['area'] == i]\n    df_ = df_.groupby('date')['average_price'].mean()\n\nlnd_bng_pr = lnd[lnd['area'] == 'barking and dagenham'].groupby('date')['average_price'].mean()",
      "total-ns": 251245958
    },
    {
      "raw": "lnd_houses = lnd.groupby('date')['houses_sold'].sum()",
      "total-ns": 36629810
    },
    {
      "raw": "lnd_b_houses = lnd.groupby('area')['houses_sold'].sum()\nlnd_top5_h = lnd_b_houses.sort_values(ascending = False).to_frame()\nlnd_top5_h.head(5)",
      "total-ns": 187089938
    },
    {
      "raw": "",
      "total-ns": 147190
    },
    {
      "raw": "",
      "total-ns": 63930
    },
    {
      "raw": "",
      "total-ns": 43250
    },
    {
      "raw": "",
      "total-ns": 60220
    },
    {
      "raw": "",
      "total-ns": 45360
    },
    {
      "raw": "",
      "total-ns": 37730
    },
    {
      "raw": "",
      "total-ns": 34660
    },
    {
      "raw": "#df_y = pd.read_csv('../input/housing_in_london_yearly_variables.csv', parse_dates = ['date'])\ndf_y = df_y[df_y['area'].isin(lnd_boroughs)] # select only London boroughs\n\nprint ('This dataset contains {} rows and {} columns.'.format(df_y.shape[0], df_y.shape[1]))\ndf_y.head()",
      "total-ns": 41880509
    },
    {
      "raw": "null_df_y = df_y.isnull().sum().sort_values(ascending = False)\npercent = (df_y.isnull().sum()/df_y.isnull().count()).sort_values(ascending = False)*100\n\nnull_df = pd.concat([null_df_y, percent], axis = 1, keys = ['Counts', '%'])\nnull_df.head(10)",
      "total-ns": 242606507
    },
    {
      "raw": "# import missingno as msno\n# msno.matrix(df_y)",
      "total-ns": 195210
    },
    {
      "raw": "df_y[~df_y['mean_salary'].str.isnumeric()]['mean_salary'].value_counts()",
      "total-ns": 34544480
    },
    {
      "raw": "df_y['mean_salary'] = df_y['mean_salary'].replace(['#'], np.NaN)\ndf_y['mean_salary'] = df_y['mean_salary'].astype(float)",
      "total-ns": 33727929
    },
    {
      "raw": "df_y['year'] = df_y['date'].dt.year\n\nprint ('yearly_variables dataset')\nprint ('\\tFirst date: ', df_y['year'].min())\nprint ('\\tFinal date: ', df_y['year'].max())",
      "total-ns": 8019630
    },
    {
      "raw": "",
      "total-ns": 104340
    },
    {
      "raw": "",
      "total-ns": 45120
    },
    {
      "raw": "",
      "total-ns": 38990
    },
    {
      "raw": "",
      "total-ns": 36780
    },
    {
      "raw": "",
      "total-ns": 35850
    },
    {
      "raw": "\n",
      "total-ns": 36120
    },
    {
      "raw": "",
      "total-ns": 34530
    }
  ]
}