{
  "cells": [
    {
      "raw": "# This Python 3 environment comes with many helpful analytics libraries installed\n# It is defined by the kaggle/python Docker image: https://github.com/kaggle/docker-python\n# For example, here's several helpful packages to load\n\nimport numpy as np # linear algebra\nimport pandas as pd # data processing, CSV file I/O (e.g. pd.read_csv)\n\n# Input data files are available in the read-only \"../input/\" directory\n# For example, running this (by clicking run or pressing Shift+Enter) will list all files under the input directory\n\nimport os\nfor dirname, _, filenames in os.walk('/kaggle/input'):\n    for filename in filenames:\n        print(os.path.join(dirname, filename))\n\n# You can write up to 20GB to the current directory (/kaggle/working/) that gets preserved as output when you create a version using \"Save & Run All\" \n# You can also write temporary files to /kaggle/temp/, but they won't be saved outside of the current session",
      "total-ns": 279512428
    },
    {
      "raw": "df = pd.read_csv(\"../input/shopping_trends_updated.csv\")\ndf.head()",
      "total-ns": 16310900
    },
    {
      "raw": "df = df\nintended_df_size_in_MB = 256\nfactor = intended_df_size_in_MB*(2**20)/df.memory_usage(index=True).sum()\nif int(factor) > 0:\n    df = pd.concat([df]*int(factor), ignore_index=True)\nelse:\n    rowCount = int(df.shape[0]*factor)\n    df = df[0:rowCount]\ndf = df\ndf.info()",
      "total-ns": 555961744
    },
    {
      "raw": "df.shape",
      "total-ns": 365030
    },
    {
      "raw": "df.columns",
      "total-ns": 151720
    },
    {
      "raw": "df.info()",
      "total-ns": 2722941
    },
    {
      "raw": "df.isnull().sum()",
      "total-ns": 2087460989
    },
    {
      "raw": "df.duplicated().sum()",
      "total-ns": 1036601040
    },
    {
      "raw": "df.describe()",
      "total-ns": 233419358
    },
    {
      "raw": "gender_counts = df['Gender'].value_counts()",
      "total-ns": 61703309
    },
    {
      "raw": "category_data = df['Category'].value_counts()",
      "total-ns": 61337840
    },
    {
      "raw": "df.columns",
      "total-ns": 408650
    },
    {
      "raw": "sold_items = df['Item Purchased'].value_counts().sort_values(ascending = False)\n",
      "total-ns": 65149039
    },
    {
      "raw": "var = df.groupby(['Item Purchased', 'Gender']).size().reset_index(name='Customer Count')\nsorted_var = var.sort_values(by='Item Purchased', ascending=False)",
      "total-ns": 201452128
    },
    {
      "raw": "var = df.groupby('Category')['Purchase Amount (USD)'].sum().reset_index().sort_values(by='Purchase Amount (USD)',ascending=False)",
      "total-ns": 101427729
    },
    {
      "raw": "var = df.groupby('Location')['Purchase Amount (USD)'].sum().reset_index().sort_values(by='Purchase Amount (USD)',ascending=False).head(10)",
      "total-ns": 92327189
    },
    {
      "raw": "size_count = df['Size'].value_counts()",
      "total-ns": 60878790
    },
    {
      "raw": "color_count = df['Color'].value_counts().head(10)",
      "total-ns": 61538430
    },
    {
      "raw": "df.columns",
      "total-ns": 369880
    },
    {
      "raw": "season_data = df['Season'].value_counts()",
      "total-ns": 61171109
    },
    {
      "raw": "subs_count = df['Subscription Status'].value_counts()",
      "total-ns": 60970350
    },
    {
      "raw": "shipping_count = df['Shipping Type'].value_counts()",
      "total-ns": 60834849
    },
    {
      "raw": "disc_count = df['Discount Applied'].value_counts()",
      "total-ns": 61648899
    },
    {
      "raw": "df.columns",
      "total-ns": 405110
    },
    {
      "raw": "df['Promo Code Used'].value_counts()",
      "total-ns": 61284740
    }
  ]
}