{
  "cells": [
    {
      "raw": "import warnings\nwarnings.filterwarnings('ignore')\nimport numpy as np\nimport pandas as pd",
      "total-ns": 285222976
    },
    {
      "raw": "df=pd.read_csv(r'../input/churn-bigml-80.csv')",
      "total-ns": 11810780
    },
    {
      "raw": "df = df\nintended_df_size_in_MB = 256\nfactor = intended_df_size_in_MB*(2**20)/df.memory_usage(index=True).sum()\nif int(factor) > 0:\n    df = pd.concat([df]*int(factor), ignore_index=True)\nelse:\n    rowCount = int(df.shape[0]*factor)\n    df = df[0:rowCount]\ndf = df\ndf.info()",
      "total-ns": 424377796
    },
    {
      "raw": "df.head()",
      "total-ns": 404530
    },
    {
      "raw": "df.shape",
      "total-ns": 197880
    },
    {
      "raw": "df.columns",
      "total-ns": 141700
    },
    {
      "raw": "df.nunique()",
      "total-ns": 338029577
    },
    {
      "raw": "df.info()",
      "total-ns": 3695290
    },
    {
      "raw": "df[\"Churn\"] = df[\"Churn\"].astype(\"int64\")",
      "total-ns": 7428940
    },
    {
      "raw": "df.info()",
      "total-ns": 3696661
    },
    {
      "raw": "df.describe().T",
      "total-ns": 866506401
    },
    {
      "raw": "df.describe(include=[\"object\"]).T",
      "total-ns": 477860945
    },
    {
      "raw": "df[\"Churn\"].value_counts()",
      "total-ns": 7629850
    },
    {
      "raw": "df[\"Churn\"].value_counts(normalize=True)",
      "total-ns": 7536550
    },
    {
      "raw": "df.sort_values(by=\"Total day charge\", ascending=False).head()",
      "total-ns": 709308533
    },
    {
      "raw": "df.sort_values(by=[\"Total day charge\", 'Total day calls'], ascending=[True, False]).head()",
      "total-ns": 495008925
    },
    {
      "raw": "df.loc[0:5, \"State\":\"Area code\"]",
      "total-ns": 2105880
    },
    {
      "raw": "df.iloc[0:5, 0:3]",
      "total-ns": 555340
    },
    {
      "raw": "df.groupby(\"Churn\")[\"Total day minutes\"].mean()",
      "total-ns": 25301740
    },
    {
      "raw": "columns_to_show = [\"Total day minutes\", \"Total eve minutes\", \"Total night minutes\"]\n\ndf.groupby([\"Churn\"])[columns_to_show].agg(['mean', 'std', 'max', 'min'])",
      "total-ns": 297409377
    },
    {
      "raw": "df.apply(np.max)",
      "total-ns": 286021356
    },
    {
      "raw": "df[ (df[\"Churn\"] == 0) & (df[\"International plan\"] == \"No\") ][\"Total intl minutes\"].max()",
      "total-ns": 191674519
    },
    {
      "raw": "pd.crosstab(df[\"Churn\"], df[\"International plan\"])",
      "total-ns": 170361078
    },
    {
      "raw": "pd.crosstab(df[\"Churn\"], df[\"International plan\"], normalize=True)",
      "total-ns": 171696398
    },
    {
      "raw": "total_calls = (\n    df[\"Total day calls\"]\n    + df[\"Total eve calls\"]\n    + df[\"Total night calls\"]\n    + df[\"Total intl calls\"]\n)\n\ndf.insert(loc=len(df.columns), column=\"Total calls\", value=total_calls)",
      "total-ns": 8680160
    },
    {
      "raw": "d = {\"No\": 0, \"Yes\": 1}",
      "total-ns": 454200
    },
    {
      "raw": "df[\"International plan\"] = df[\"International plan\"].map(d)",
      "total-ns": 93059449
    },
    {
      "raw": "df = df.replace({\"Voice mail plan\": d})",
      "total-ns": 521631915
    },
    {
      "raw": "df.head()",
      "total-ns": 603810
    },
    {
      "raw": "df[\"Total charge\"] =df[\"Total day charge\"] + df[\"Total eve charge\"] + df[\"Total night charge\"] + df[\"Total intl charge\"]",
      "total-ns": 7976270
    },
    {
      "raw": "df.head()",
      "total-ns": 524100
    },
    {
      "raw": "df.drop([\"Total charge\", \"Total day calls\"], axis=1, inplace=True)",
      "total-ns": 64317259
    },
    {
      "raw": "df.head()",
      "total-ns": 500580
    },
    {
      "raw": "",
      "total-ns": 56970
    },
    {
      "raw": "",
      "total-ns": 40820
    },
    {
      "raw": "",
      "total-ns": 36540
    },
    {
      "raw": "",
      "total-ns": 34210
    }
  ]
}