{
  "cells": [
    {
      "raw": "# This Python 3 environment comes with many helpful analytics libraries installed\n# It is defined by the kaggle/python Docker image: https://github.com/kaggle/docker-python\n# For example, here's several helpful packages to load\n\nimport numpy as np # linear algebra\nimport os\n\nimport pandas as pd\nimport functools\n\nimport os\nos.environ[\"MODIN_ENGINE\"] = \"ray\"\nimport ray\nos.environ['MODIN_CPUS'] = \"4\"\nray.init(num_cpus=4, runtime_env={'env_vars': {'__MODIN_AUTOIMPORT_PANDAS__': '1'}})\nimport modin.pandas as modin_pd\n\n\nos.environ[\"USE_MODIN\"]=\"True\"\n\nfrom typing import Dict, List, Optional, Tuple, Any, Literal, Callable\nfrom pandas._typing import AggFuncType, Axis, IndexLabel, Suffixes\n\n_CS598_save_DataFrame_apply = pd.DataFrame.apply\n_CS598_save_DataFrame_merge = pd.DataFrame.merge\n_CS598_save_Series_apply = pd.Series.apply\n_CS598_save_to_datetime = pd.to_datetime\n\ndef _CS598_Series_apply(self, func: AggFuncType, convert_dtype: bool = True,\n                        args: tuple[Any, ...] = (), **kwargs):\n  default_call = functools.partial(_CS598_save_Series_apply, self, func, convert_dtype, args, **kwargs)\n  assert isinstance(self, pd.Series)\n  \n  if os.environ[\"USE_MODIN\"] == \"True\":\n    modin_ser = modin_pd.Series(self)\n    # TODO: We need a generic way to deal with this.\n    # Problem: pd.numeric is passed which doesn't work on a modin dataframe.\n    if func == pd.to_numeric:\n      assert false\n      func = modin_pd.to_numeric\n    modin_res = modin_ser.apply(func, convert_dtype, args, **kwargs)\n    return modin_res._to_pandas()\n  return default_call()\n\ndef _CS598_DataFrame_apply(\n    self,\n    func: AggFuncType,\n    axis: Axis = 0,\n    raw: bool = False,\n    result_type: Literal[\"expand\", \"reduce\", \"broadcast\"] | None = None,\n    args=(),\n    **kwargs,\n):\n  default_call = functools.partial(_CS598_save_DataFrame_apply, self, func, axis, raw, result_type, args, **kwargs)\n  assert isinstance(self, pd.DataFrame)\n  \n  if os.environ[\"USE_MODIN\"] == \"True\":\n    modin_df = modin_pd.DataFrame(self)\n    modin_res = modin_df.apply(func, axis, raw, result_type, args, **kwargs)\n    return modin_res._to_pandas()\n  return default_call()\n\ndef _CS598_DataFrame_merge(\n    self,\n    right: pd.DataFrame | pd.Series,\n    how: str = \"inner\",\n    on: IndexLabel | None = None,\n    left_on: IndexLabel | None = None,\n    right_on: IndexLabel | None = None,\n    left_index: bool = False,\n    right_index: bool = False,\n    sort: bool = False,\n    suffixes: Suffixes = (\"_x\", \"_y\"),\n    copy: bool = True,\n    indicator: bool = False,\n    validate: str | None = None,\n) -> pd.DataFrame:\n  assert isinstance(self, pd.DataFrame)        \n  default_call = functools.partial(_CS598_save_DataFrame_merge, self, right, how, on, \n      left_on, right_on, left_index, right_index, sort, suffixes, copy, indicator, validate)\n  \n  if os.environ[\"USE_MODIN\"] == \"True\":\n    modin_df = modin_pd.DataFrame(self)\n    modin_res = modin_df.merge(right, how, on, \n      left_on, right_on, left_index, right_index, sort, suffixes, copy, indicator, validate)\n    return modin_res._to_pandas()\n  return default_call()\n\n\ndef _CS598_to_datetime(\n    arg,\n    errors = \"raise\",\n    dayfirst: bool = False,\n    yearfirst: bool = False,\n    utc: bool | None = None,\n    format: str | None = None,\n    exact: bool = True,\n    unit: str | None = None,\n    infer_datetime_format: bool = False,\n    origin=\"unix\",\n    cache: bool = True,\n):\n  default_call = functools.partial(_CS598_save_to_datetime, arg, errors, dayfirst,\n      yearfirst, utc, format, exact, unit,infer_datetime_format, origin, cache)\n  \n  if os.environ[\"USE_MODIN\"] == \"True\":\n    if type(arg) == pd.DataFrame:\n      arg = modin_pd.DataFrame(arg)\n    elif type(arg) == pd.Series:\n      arg = modin_pd.Series(arg)\n\n    modin_res = modin_pd.to_datetime(arg, errors, dayfirst,\n      yearfirst, utc, format, exact, unit,infer_datetime_format, origin, cache)\n    return modin_res._to_pandas()\n  return default_call()\n\nassert pd.Series.apply != _CS598_Series_apply\nassert pd.DataFrame.apply != _CS598_DataFrame_apply\nassert pd.DataFrame.merge != _CS598_DataFrame_merge\nassert pd.to_datetime != _CS598_to_datetime\n# Overwriting is not trivial. Thanks to:\n# https://github.com/lux-org/lux/blob/550a2eca90b26c944ebe8600df7a51907bc851be/lux/core/__init__.py#L27\npd.Series.apply = pd.core.frame.Series.apply = pd.core.series.Series.apply = _CS598_Series_apply\npd.DataFrame.apply = pd.core.frame.DataFrame.apply = _CS598_DataFrame_apply\npd.DataFrame.merge = pd.core.frame.DataFrame.merge = _CS598_save_DataFrame_merge\npd.to_datetime = _CS598_to_datetime\nimport matplotlib.pyplot as plt\nimport seaborn as sns\nsns.set()\n\n# Input data files are available in the read-only \"../input/\" directory\n# For example, running this (by clicking run or pressing Shift+Enter) will list all files under the input directory\n\nimport os\nfor dirname, _, filenames in os.walk('/kaggle/input'):\n    for filename in filenames:\n        print(os.path.join(dirname, filename))\n\n# You can write up to 20GB to the current directory (/kaggle/working/) that gets preserved as output when you create a version using \"Save & Run All\" \n# You can also write temporary files to /kaggle/temp/, but they won't be saved outside of the current session",
      "total-ns": 3729696893
    },
    {
      "raw": "df = pd.read_csv(\"../input/adidas-us-retail-products-dataset/adidas.csv\")",
      "total-ns": 30527920
    },
    {
      "raw": "df = df\nintended_df_size_in_MB = 256\nfactor = intended_df_size_in_MB*(2**20)/df.memory_usage(index=True).sum()\nif int(factor) > 0:\n    df = pd.concat([df]*int(factor), ignore_index=True)\nelse:\n    rowCount = int(df.shape[0]*factor)\n    df = df[0:rowCount]\ndf = df\ndf.info()",
      "total-ns": 3359904607
    },
    {
      "raw": "# First 5 records in the DataFrame\n\ndf.head()",
      "total-ns": 391940
    },
    {
      "raw": "# Checking for Null Values in the DataFrame\n\ndf.isna().sum()\n\n# There 16 Null Values for Original_price Column",
      "total-ns": 2534989755
    },
    {
      "raw": "# Shape of the DataFrame\n\ndf.shape",
      "total-ns": 450330
    },
    {
      "raw": "# Information about the DataFrame\n\ndf.info()",
      "total-ns": 2564734894
    },
    {
      "raw": "# Correlation Between Columns\n\ndf.corr()",
      "total-ns": 58232639
    },
    {
      "raw": "# Statistical informtion about the DataFrame\n\ndf.describe().T",
      "total-ns": 133259708
    },
    {
      "raw": "# The Percentage of Missing Values in the 'original_price' Column\n\n100 * (df['original_price'].isna().sum() / len(df))\n\n# As the percntage of Null Records is less than 5%, hence dropping the Null record Rows",
      "total-ns": 56026059
    },
    {
      "raw": "# Dropping Null Values in the DataFrame\n\ndf.dropna(inplace=True, axis=0)",
      "total-ns": 3399404997
    },
    {
      "raw": "# Checking for Null Values in the DataFrame\n\ndf.isna().sum()",
      "total-ns": 2490984625
    },
    {
      "raw": "# Dropping 'currency' column as all records have 'USD' as currency\n# Dropping 'source' column as all records have 'adidas United States' as value\n# Dropping 'brand', 'country', 'language' columns as all records have same value\n\ndf.drop([ 'brand', 'country', 'language', 'source_website', 'images', 'crawled_at', 'url', 'sku', 'currency','source', 'description'], axis=1, inplace=True)",
      "total-ns": 108242909
    },
    {
      "raw": "# First 5 records in the DataFrame\n\ndf.head()",
      "total-ns": 530770
    },
    {
      "raw": "# Removing '$' from the DataFrame\n\ndf['original_price'] = df['original_price'].str.split('$')\ndf['original_price'] = df['original_price'].str[1]",
      "total-ns": 2481230890
    },
    {
      "raw": "# First 5 records in the DataFrame\n\ndf.head()",
      "total-ns": 736860
    },
    {
      "raw": "# Shape of the DataFrame\n\ndf.shape",
      "total-ns": 317690
    },
    {
      "raw": "# Checking the Data Types for the columns\n\ndf.dtypes",
      "total-ns": 604910
    },
    {
      "raw": "# Creating 'Category' Column\n\ndf['Category'] = df['breadcrumbs'].str.split(\"/\")\ndf['Category'] = df['Category'].str[0]",
      "total-ns": 3684253820
    },
    {
      "raw": "# Creating 'Product Type' Column\n\ndf['Product_Type'] = df['breadcrumbs'].str.split(\"/\")\ndf['Product_Type'] = df['Product_Type'].str[1]",
      "total-ns": 3554948802
    },
    {
      "raw": "# Droping 'breadcrumbs' Column\n\ndf.drop(['breadcrumbs', 'category'], axis=1, inplace=True)",
      "total-ns": 238917386
    },
    {
      "raw": "# Changing the DataType of 'original_price' from object to int64\n\ndf['original_price'] = df['original_price'].astype('int64')",
      "total-ns": 102775819
    },
    {
      "raw": "# Checking the Data Types for the columns\n\ndf.dtypes",
      "total-ns": 662110
    },
    {
      "raw": "# STEFANOS: Disable plotting\n# sns.heatmap(df.corr(), annot=True, cmap='magma')\n# plt.show();",
      "total-ns": 151610
    },
    {
      "raw": "# Distribution Plot for selling price\n\n# STEFANOS: Disable plotting\n# sns.displot(df['selling_price'], kde=True);\n\n# The Below Graph is 'Right Skewed' with Majority of Data falling between 10-70.",
      "total-ns": 104670
    },
    {
      "raw": "# Distribution Plot for origial price\n\n# STEFANOS: Disable plotting\n# sns.displot(df['original_price'], kde=True);\n\n# The Below Graph is 'Right Skewed' with Majority of Data falling between 10-90.",
      "total-ns": 88000
    },
    {
      "raw": "# Distribution Plot for average rating\n\n# STEFANOS: Disable plotting\n# sns.displot(df['average_rating'], kde=True);\n\n# The Below Graph is 'Left Skewed' with Majority of Data falling between 4.2-5.0.",
      "total-ns": 88540
    },
    {
      "raw": "# Distribution Plot for reviews count\n\n# STEFANOS: Disable plotting\n# sns.displot(df['reviews_count'], kde=True);\n\n# The Below Graph is 'Right Skewed' with Majority of Data falling below 600.",
      "total-ns": 159260
    },
    {
      "raw": "# No.of Unique Products in the DataFrame\n\ndf['name'].nunique()",
      "total-ns": 73175929
    },
    {
      "raw": "# Top 10 - Products sold in the DataFrame\n\ndf['name'].value_counts()[:10]",
      "total-ns": 55946399
    },
    {
      "raw": "# Top 5 - Products sold in the DataFrame\n\n\n# STEFANOS: Disable plotting\n# plt.figure(figsize=(12,4))\n# df['name'].value_counts()[:5].plot(kind='barh', color={'#864879','#2D4263','#C84B31', '#ECDBBA', '#B3541E'})\n# plt.ylabel(\"Product Name\")\n# plt.xlabel(\"No.of Units Sold\")\n# plt.title(\"Product Name Vs. No.of Units Sold\")\n# plt.show();\ndf['name'].value_counts()[:5]",
      "total-ns": 55998780
    },
    {
      "raw": "# No.of Unique selling price in the DataFrame\n\ndf['selling_price'].nunique()",
      "total-ns": 6784560
    },
    {
      "raw": "# Top 15 - Products interms of similar selling price in the DataFrame\n\ndf['selling_price'].value_counts()[:15]",
      "total-ns": 8280499
    },
    {
      "raw": "# Top 5 - Products interms of similar selling price in the DataFrame\n\n# STEFANOS: Disable plotting\n# plt.figure(figsize=(12,4))\n# df['selling_price'].value_counts()[:5].plot(kind='barh', color={'#864879','#2D4263','#C84B31', '#ECDBBA', '#B3541E'})\n# plt.ylabel(\"Product Selling Price ($USD)\")\n# plt.xlabel(\"No.of Products\")\n# plt.title(\"Product Selling Price ($USD) Vs. No.of Products\")\n# plt.show();\ndf['selling_price'].value_counts()[:5]",
      "total-ns": 7555400
    },
    {
      "raw": "# Top 15 - Products interms of similar selling price in the DataFrame\n\n# STEFANOS: Disable plotting\n# labels = df['selling_price'].value_counts().head(15).index\n# pie, ax = plt.subplots(figsize=[20,8])\n# plt.pie(x=df['selling_price'].value_counts().head(15).values, autopct=\"%.1f%%\", explode=[0.06]*15, labels=labels, pctdistance=0.5)\n# plt.title(\"Top 15 - Products interms of similar selling price ($USD)\", fontsize=14);",
      "total-ns": 184150
    },
    {
      "raw": "# Maximum Selling Price\n\nprint(\"The Maximun Selling Price is:\",df['selling_price'].max(),\"USD\")",
      "total-ns": 1180890
    },
    {
      "raw": "# Minimum Selling Price\n\nprint(\"The Minimum Selling Price is:\",df['selling_price'].min(),\"USD\")",
      "total-ns": 1047040
    },
    {
      "raw": "# Average Selling Price\n\nprint(\"The Average Selling Price is:\",round(df['selling_price'].mean(),2),\"USD\")",
      "total-ns": 2041130
    },
    {
      "raw": "# Top 10 - Highest Selling Prices in USD\n\nset(df['selling_price'].sort_values(ascending=False)[:30].values)",
      "total-ns": 171038908
    },
    {
      "raw": "# Top 10 - Least Selling Prices in USD\n\nset(df['selling_price'].sort_values()[:40].values)",
      "total-ns": 167439798
    },
    {
      "raw": "# No.of Unique original price in the DataFrame\n\ndf['original_price'].nunique()",
      "total-ns": 6751260
    },
    {
      "raw": "# Top 15 - Products interms of similar original price in the DataFrame\n\ndf['original_price'].value_counts()[:15]",
      "total-ns": 90674619
    },
    {
      "raw": "# Top 5 - Products interms of similar origial price in the DataFrame\n\n# STEFANOS: Disable plotting\n# plt.figure(figsize=(12,4))\n# df['original_price'].value_counts()[:5].plot(kind='barh', color={'#864879','#2D4263','#C84B31', '#ECDBBA', '#B3541E'})\n# plt.ylabel(\"Original Product Price ($USD)\")\n# plt.xlabel(\"No.of Products\")\n# plt.title(\"Original Product Price ($USD) Vs. No.of Products\")\n# plt.show();\ndf['original_price'].value_counts()[:5]",
      "total-ns": 7698100
    },
    {
      "raw": "# Top 15 - Products interms of similar Original price in the DataFrame\n\n# STEFANOS: Disable plotting\n# labels = df['original_price'].value_counts().head(15).index\n# pie, ax = plt.subplots(figsize=[20,8])\n# plt.pie(x=df['original_price'].value_counts().head(15).values, autopct=\"%.1f%%\", explode=[0.06]*15, labels=labels, pctdistance=0.5)\n# plt.title(\"Top 15 - Products interms of similar original price ($USD)\", fontsize=14);",
      "total-ns": 198760
    },
    {
      "raw": "# Maximum Original Price\n\nprint(\"The Maximun Original Price is:\",df['original_price'].max(),\"USD\")",
      "total-ns": 1123211
    },
    {
      "raw": "# Minimum Original Price\n\nprint(\"The Minimum Original Price is:\",df['original_price'].min(),\"USD\")",
      "total-ns": 1096120
    },
    {
      "raw": "# Average Original Price\n\nprint(\"The Average Original Price is:\",round(df['original_price'].mean(),2),\"USD\")",
      "total-ns": 2140900
    },
    {
      "raw": "# Top 10 - Highest Original Prices in USD\n\nset(df['original_price'].sort_values(ascending=False)[:80].values)",
      "total-ns": 159228337
    },
    {
      "raw": "# Top 10 - Least Original Prices in USD\n\nset(df['original_price'].sort_values().values[:100])",
      "total-ns": 87228719
    },
    {
      "raw": "# Calculating Discount\n\ndf['Discount'] = df['original_price'] - df['selling_price']",
      "total-ns": 4402590
    },
    {
      "raw": "# No.of Unique Discount in the DataFrame\n\ndf['Discount'].nunique()",
      "total-ns": 6406759
    },
    {
      "raw": "# Top 15 - Highest Discount Amount in the DataFrame\n\nlist(set(df['Discount'].unique()))[-15::]",
      "total-ns": 6353041
    },
    {
      "raw": "# Top 15 - Least Discount Amount in the DataFrame\n\nlist(set(df['Discount'].unique()))[:15]",
      "total-ns": 6584829
    },
    {
      "raw": "# Top 15 - Most Given Discount Amount in the DataFrame\n\ndf['Discount'].value_counts()[:15]",
      "total-ns": 7881001
    },
    {
      "raw": "# Top 5 - Most Given Discount Amount in the DataFrame\n\n# STEFANOS: Disable plotting\n# plt.figure(figsize=(12,4))\n# df['Discount'].value_counts()[:5].plot(kind='barh', color={'#864879','#2D4263','#C84B31', '#ECDBBA', '#B3541E'})\n# plt.ylabel(\"Discount Amount\")\n# plt.xlabel(\"No.of times Particular Disount Amount Given\")\n# plt.title(\"Discount Amount Vs. No.of times Particular Disount Amount Given\")\n# plt.show();\ndf['Discount'].value_counts()[:5]",
      "total-ns": 7856780
    },
    {
      "raw": "# Top 15 - Most Given Discount Amount in the DataFrame\n\nlabels = df['Discount'].value_counts().head(15).index\n# STEFANOS: Disable plotting\n# pie, ax = plt.subplots(figsize=[20,8])\n# plt.pie(x=df['Discount'].value_counts().head(15).values, autopct=\"%.1f%%\", explode=[0.06]*15, labels=labels, pctdistance=0.5)\n# plt.title(\"Top 15 - Most Given Discount Amount in the DataFrame\", fontsize=14);\n_ = df['Discount'].value_counts().head(15).values",
      "total-ns": 17002420
    },
    {
      "raw": "# Calculating Discount percentage(%)\n\ndf['Discount(%)'] = round(((df['original_price'] - df['selling_price']) / (df['original_price']))*100,2)",
      "total-ns": 11092110
    },
    {
      "raw": "# No.of Unique Discount Percentage(%) in the DataFrame\n\ndf['Discount(%)'].nunique()",
      "total-ns": 12546389
    },
    {
      "raw": "# Top 15 - Highest Discount Percentage(%) in the DataFrame\n\ntop_discount_percnet = list(set(df['Discount(%)'].unique()))\ntop_discount_percnet.sort(reverse=True)\nprint(top_discount_percnet[:15])",
      "total-ns": 12025389
    },
    {
      "raw": "# Top 15 - Least Discount Percentage(%) in the DataFrame\n\nleast_discount_percnet = list(set(df['Discount(%)'].unique()))\nleast_discount_percnet.sort(reverse=False)\nprint(least_discount_percnet[:15])",
      "total-ns": 12020709
    },
    {
      "raw": "# Top 15 - Most Given Discount Percentage(%) in the DataFrame\n\ndf['Discount(%)'].value_counts().head(15)",
      "total-ns": 12648270
    },
    {
      "raw": "# Top 5 - Most Given Discount Percentage in the DataFrame\n\n# STEFANOS: Disable plotting\n# plt.figure(figsize=(12,4))\n# df['Discount(%)'].value_counts().head(5).plot(kind='barh', color={'#864879','#2D4263','#C84B31', '#ECDBBA', '#B3541E'})\n# plt.ylabel(\"Discount Percentage\")\n# plt.xlabel(\"No.of times Particular Disount Percentage Given\")\n# plt.title(\"Discount Percentage Vs. No.of times Particular Disount Percentage Given\")\n# plt.show();\ndf['Discount(%)'].value_counts().head(5)",
      "total-ns": 12687820
    },
    {
      "raw": "# Top 15 - Most Given Discount Percentage in the DataFrame\n\nlabels = df['Discount(%)'].value_counts().head(15).index\n# STEFANOS: Disable plotting\n# pie, ax = plt.subplots(figsize=[20,15])\n# plt.pie(x=df['Discount(%)'].value_counts().head(15).values, autopct=\"%.1f%%\", explode=[0.06]*15, labels=labels, pctdistance=0.5)\n# plt.title(\"Top 15 - Most Given Discount Percenatage in the DataFrame\", fontsize=14);\n# plt.tight_layout();\n_=df['Discount(%)'].value_counts().head(15).values",
      "total-ns": 26040549
    },
    {
      "raw": "# Unique colors in the DataFrame\n\ndf['color'].unique()",
      "total-ns": 43225669
    },
    {
      "raw": "# No.of Unique colors in the DataFrame\n\ndf['color'].nunique()",
      "total-ns": 41775510
    },
    {
      "raw": "# No.of Products for each Color\n\ndf['color'].value_counts()",
      "total-ns": 56045899
    },
    {
      "raw": "# No.of Products for each Color\n\nlabels = df['color'].value_counts().index\n# STEFANOS: Disable plotting\n# pie, ax = plt.subplots(figsize=[20,15])\n# plt.pie(x=df['color'].value_counts().values, autopct=\"%.1f%%\", explode=[0.03]*18, labels=labels, pctdistance=0.5)\n# plt.title(\"No.of Products for each Color in the DataFrame\", fontsize=14);\n# plt.tight_layout();\n_ = x=df['color'].value_counts().values",
      "total-ns": 111972218
    },
    {
      "raw": "# Popular Color in Kids Category\n\ndf.groupby(['Category','color']).size()['Kids']",
      "total-ns": 181187928
    },
    {
      "raw": "# Popular Color in Womens Category\n\ndf.groupby(['Category','color']).size()['Women']",
      "total-ns": 157778568
    },
    {
      "raw": "# Popular Color in Mens Category\n\ndf.groupby(['Category','color']).size()['Men']",
      "total-ns": 158850167
    },
    {
      "raw": "# Unique Availability values in the DataFrame\n\ndf['availability'].unique()",
      "total-ns": 43271939
    },
    {
      "raw": "# No.of Unique Availability values in the DataFrame\n\ndf['availability'].nunique()",
      "total-ns": 43941169
    },
    {
      "raw": "# No.of Products according to Avaialability\n\ndf['availability'].value_counts()",
      "total-ns": 55661359
    },
    {
      "raw": "# Unique Product Type values in the DataFrame\n\ndf['Product_Type'].unique()",
      "total-ns": 182242837
    },
    {
      "raw": "# No.of Unique Product Type values in the DataFrame\n\ndf['Product_Type'].nunique()",
      "total-ns": 186280067
    },
    {
      "raw": "# No.of Products according to Product Type\n\ndf['Product_Type'].value_counts()",
      "total-ns": 161748917
    },
    {
      "raw": "# No.of Products according to Product Type\n\n# STEFANOS: Disable plotting\n# plt.figure(figsize=(12,4))\n# df['Product_Type'].value_counts().plot(kind='barh', color={'#864879','#2D4263','#C84B31'})\n# plt.ylabel(\"Product Type\")\n# plt.xlabel(\"No.of Products Sold According to Particular - Product Type\")\n# plt.title(\"Product Type Vs. No.of Products Sold According to Particular - Product Type\")\n# plt.show();\ndf['Product_Type'].value_counts()",
      "total-ns": 138304779
    },
    {
      "raw": "# No.of Products according to Product Type\n\nlabels = df['Product_Type'].value_counts().index\n# STEFANOS: Disable plotting\n# pie, ax = plt.subplots(figsize=[10,4])\n# plt.pie(x=df['Product_Type'].value_counts().values, autopct=\"%.1f%%\", explode=[0.05]*3, labels=labels, pctdistance=0.5)\n# plt.title(\"No.of Products according to Product Type in the DataFrame\", fontsize=14);\n# plt.tight_layout();\n_ = df['Product_Type'].value_counts().values",
      "total-ns": 280298626
    },
    {
      "raw": "df.groupby(['Product_Type', 'Category']).max()['selling_price']",
      "total-ns": 749036269
    },
    {
      "raw": "df.groupby(['Product_Type', 'Category']).min()['selling_price']",
      "total-ns": 767299001
    },
    {
      "raw": "df.groupby(['Product_Type', 'Category']).mean()['selling_price']",
      "total-ns": 326512545
    },
    {
      "raw": "# Unique Category values in the DataFrame\n\ndf['Category'].unique()",
      "total-ns": 80444148
    },
    {
      "raw": "# No.of Unique Category values in the DataFrame\n\ndf['Category'].nunique()",
      "total-ns": 80271329
    },
    {
      "raw": "# No.of Products according to Category\n\ndf['Category'].value_counts()",
      "total-ns": 104391279
    },
    {
      "raw": "# Top-5 Products according to Category\n\n# STEFANOS: Disable plotting\n# plt.figure(figsize=(12,4))\n# df['Category'].value_counts().head(5).plot(kind='barh', color={'#864879','#2D4263','#C84B31', '#ECDBBA', '#B3541E'})\n# plt.ylabel(\"Category\")\n# plt.xlabel(\"No.of Products Sold According to Particular - Category\")\n# plt.title(\"Top 5 - Products Sold according to Category in the DataFrame\")\n# plt.show();\ndf['Category'].value_counts().head(5)",
      "total-ns": 87128958
    },
    {
      "raw": "# Top-5 Products according to Category\n\nlabels = df['Category'].value_counts().head(5).index\n# STEFANOS: Disable plotting\n# pie, ax = plt.subplots(figsize=[10,4])\n# plt.pie(x=df['Category'].value_counts().head(5).values, autopct=\"%.1f%%\", explode=[0.05]*5, labels=labels, pctdistance=0.5)\n# plt.title(\"Top 5 - Products Sold according to Category in the DataFrame\", fontsize=14);\n# plt.tight_layout();\n_ = df['Category'].value_counts().head(5).values",
      "total-ns": 172411718
    },
    {
      "raw": "# Unique 'Average Rating'in the DataFrame\n\ndf['average_rating'].unique()",
      "total-ns": 11721150
    },
    {
      "raw": "# No.of Unique 'Average Rating'in the DataFrame\n\ndf['average_rating'].nunique()",
      "total-ns": 11988050
    },
    {
      "raw": "# No.of time particular Average Rating Provided\n\ndf['average_rating'].value_counts()",
      "total-ns": 12965100
    },
    {
      "raw": "# Top 5 - Average Rating Provided\n\n# STEFANOS: Disable plotting\n# plt.figure(figsize=(12,4))\n# df['average_rating'].value_counts().head(5).plot(kind='barh', color={'#864879','#2D4263','#C84B31', '#ECDBBA', '#B3541E'})\n# plt.ylabel(\"Average Rating\")\n# plt.xlabel(\"No.of times particular rating provided\")\n# plt.title(\"Top 5 - Average Rating Provided in the DataFrame\")\n# plt.show();\ndf['average_rating'].value_counts().head(5)",
      "total-ns": 13728210
    },
    {
      "raw": "# Top 5 - Average Rating Provided\n\nlabels = df['average_rating'].value_counts().head(5).index\n# STEFANOS: Disable plotting\n# pie, ax = plt.subplots(figsize=[10,4])\n# plt.pie(x=df['average_rating'].value_counts().head(5).values, autopct=\"%.1f%%\", explode=[0.05]*5, labels=labels, pctdistance=0.5)\n# plt.title(\"# Top 5 - Average Rating Provided in the DataFrame\", fontsize=14);\n# plt.tight_layout();\n_ = df['average_rating'].value_counts().head(5).values",
      "total-ns": 25115250
    },
    {
      "raw": "# Maxmimum Average Rating\n\ndf['average_rating'].max()",
      "total-ns": 3352100
    },
    {
      "raw": "# Minimum Average Rating\n\ndf['average_rating'].min()",
      "total-ns": 2489230
    },
    {
      "raw": "# Mean Average Rating\n\nround(df['average_rating'].mean(),2)",
      "total-ns": 2056020
    },
    {
      "raw": "# Maximum Average Rating across 'Product Type' and 'Category'\n\ndf.groupby(['Product_Type', 'Category']).max()['average_rating']",
      "total-ns": 737499820
    },
    {
      "raw": "# Minimum Average Rating across 'Product Type' and 'Category'\n\ndf.groupby(['Product_Type', 'Category']).min()['average_rating']",
      "total-ns": 737931529
    },
    {
      "raw": "# No.of Unique 'Reviews Count' in the DataFrame\n\ndf['reviews_count'].nunique()",
      "total-ns": 6570310
    },
    {
      "raw": "# Top 10 - 'Reviews Count' and no.of particular 'Reviews Count' occurances\n\ndf['reviews_count'].value_counts().head(10)",
      "total-ns": 8101700
    },
    {
      "raw": "# Top 5 - 'Reviews Count' and no.of particular 'Reviews Count' occurances\n\n# STEFANOS: Disable plotting\n# plt.figure(figsize=(12,4))\n# df['average_rating'].value_counts().head(5).plot(kind='barh', color={'#864879','#2D4263','#C84B31', '#ECDBBA', '#B3541E'})\n# plt.ylabel('Reviews Count')\n# plt.xlabel('no.of particular Reviews Count occurances')\n# plt.title(\"Top 5 - 'Reviews Count' and no.of particular 'Reviews Count' occurances\")\n# plt.show();\ndf['average_rating'].value_counts().head(5)",
      "total-ns": 12499130
    },
    {
      "raw": "# Maxmimum 'Reviews Count'\n\ndf['reviews_count'].max()",
      "total-ns": 1127870
    },
    {
      "raw": "# Minimum 'Reviews Count'\n\ndf['reviews_count'].min()",
      "total-ns": 1011280
    },
    {
      "raw": "# Mean 'Reviews Count'\n\nround(df['reviews_count'].mean(),2)",
      "total-ns": 1825009
    },
    {
      "raw": "# Maximum 'Reviews Count' across 'Product Type' and 'Category'\n\ndf.groupby(['Product_Type', 'Category']).max()['reviews_count']",
      "total-ns": 777068668
    },
    {
      "raw": "# Minimum Reviews Count' across 'Product Type' and 'Category'\n\ndf.groupby(['Product_Type', 'Category']).min()['reviews_count']",
      "total-ns": 781574930
    },
    {
      "raw": "# STEFANOS: Disable plotting\n# sns.scatterplot(data=df, x='average_rating', y='reviews_count')",
      "total-ns": 241321
    }
  ]
}