{
  "cells": [
    {
      "raw": "#importing libraries\n\nimport pandas as pd\nimport functools\n\nimport os\nos.environ[\"MODIN_ENGINE\"] = \"ray\"\nimport ray\nos.environ['MODIN_CPUS'] = \"4\"\nray.init(num_cpus=4, runtime_env={'env_vars': {'__MODIN_AUTOIMPORT_PANDAS__': '1'}})\nimport modin.pandas as modin_pd\n\n\nos.environ[\"USE_MODIN\"]=\"True\"\n\nfrom typing import Dict, List, Optional, Tuple, Any, Literal, Callable\nfrom pandas._typing import AggFuncType, Axis, IndexLabel, Suffixes\n\n_CS598_save_DataFrame_apply = pd.DataFrame.apply\n_CS598_save_DataFrame_merge = pd.DataFrame.merge\n_CS598_save_Series_apply = pd.Series.apply\n_CS598_save_to_datetime = pd.to_datetime\n\ndef _CS598_Series_apply(self, func: AggFuncType, convert_dtype: bool = True,\n                        args: tuple[Any, ...] = (), **kwargs):\n  default_call = functools.partial(_CS598_save_Series_apply, self, func, convert_dtype, args, **kwargs)\n  assert isinstance(self, pd.Series)\n  \n  if os.environ[\"USE_MODIN\"] == \"True\":\n    modin_ser = modin_pd.Series(self)\n    # TODO: We need a generic way to deal with this.\n    # Problem: pd.numeric is passed which doesn't work on a modin dataframe.\n    if func == pd.to_numeric:\n      assert false\n      func = modin_pd.to_numeric\n    modin_res = modin_ser.apply(func, convert_dtype, args, **kwargs)\n    return modin_res._to_pandas()\n  return default_call()\n\ndef _CS598_DataFrame_apply(\n    self,\n    func: AggFuncType,\n    axis: Axis = 0,\n    raw: bool = False,\n    result_type: Literal[\"expand\", \"reduce\", \"broadcast\"] | None = None,\n    args=(),\n    **kwargs,\n):\n  default_call = functools.partial(_CS598_save_DataFrame_apply, self, func, axis, raw, result_type, args, **kwargs)\n  assert isinstance(self, pd.DataFrame)\n  \n  if os.environ[\"USE_MODIN\"] == \"True\":\n    modin_df = modin_pd.DataFrame(self)\n    modin_res = modin_df.apply(func, axis, raw, result_type, args, **kwargs)\n    return modin_res._to_pandas()\n  return default_call()\n\ndef _CS598_DataFrame_merge(\n    self,\n    right: pd.DataFrame | pd.Series,\n    how: str = \"inner\",\n    on: IndexLabel | None = None,\n    left_on: IndexLabel | None = None,\n    right_on: IndexLabel | None = None,\n    left_index: bool = False,\n    right_index: bool = False,\n    sort: bool = False,\n    suffixes: Suffixes = (\"_x\", \"_y\"),\n    copy: bool = True,\n    indicator: bool = False,\n    validate: str | None = None,\n) -> pd.DataFrame:\n  assert isinstance(self, pd.DataFrame)        \n  default_call = functools.partial(_CS598_save_DataFrame_merge, self, right, how, on, \n      left_on, right_on, left_index, right_index, sort, suffixes, copy, indicator, validate)\n  \n  if os.environ[\"USE_MODIN\"] == \"True\":\n    modin_df = modin_pd.DataFrame(self)\n    modin_res = modin_df.merge(right, how, on, \n      left_on, right_on, left_index, right_index, sort, suffixes, copy, indicator, validate)\n    return modin_res._to_pandas()\n  return default_call()\n\n\ndef _CS598_to_datetime(\n    arg,\n    errors = \"raise\",\n    dayfirst: bool = False,\n    yearfirst: bool = False,\n    utc: bool | None = None,\n    format: str | None = None,\n    exact: bool = True,\n    unit: str | None = None,\n    infer_datetime_format: bool = False,\n    origin=\"unix\",\n    cache: bool = True,\n):\n  default_call = functools.partial(_CS598_save_to_datetime, arg, errors, dayfirst,\n      yearfirst, utc, format, exact, unit,infer_datetime_format, origin, cache)\n  \n  if os.environ[\"USE_MODIN\"] == \"True\":\n    if type(arg) == pd.DataFrame:\n      arg = modin_pd.DataFrame(arg)\n    elif type(arg) == pd.Series:\n      arg = modin_pd.Series(arg)\n\n    modin_res = modin_pd.to_datetime(arg, errors, dayfirst,\n      yearfirst, utc, format, exact, unit,infer_datetime_format, origin, cache)\n    return modin_res._to_pandas()\n  return default_call()\n\nassert pd.Series.apply != _CS598_Series_apply\nassert pd.DataFrame.apply != _CS598_DataFrame_apply\nassert pd.DataFrame.merge != _CS598_DataFrame_merge\nassert pd.to_datetime != _CS598_to_datetime\n# Overwriting is not trivial. Thanks to:\n# https://github.com/lux-org/lux/blob/550a2eca90b26c944ebe8600df7a51907bc851be/lux/core/__init__.py#L27\npd.Series.apply = pd.core.frame.Series.apply = pd.core.series.Series.apply = _CS598_Series_apply\npd.DataFrame.apply = pd.core.frame.DataFrame.apply = _CS598_DataFrame_apply\npd.DataFrame.merge = pd.core.frame.DataFrame.merge = _CS598_save_DataFrame_merge\npd.to_datetime = _CS598_to_datetime\nimport numpy as np\npd.set_option('display.max_columns',None)\npd.set_option('display.max_rows',None)\nimport warnings\nwarnings.filterwarnings('ignore')",
      "total-ns": 4320957075
    },
    {
      "raw": "#loading dataset\ndata=pd.read_csv('../input/melb_data.csv')\ndf=data.copy()",
      "total-ns": 102734808
    },
    {
      "raw": "df = df\nintended_df_size_in_MB = 256\nfactor = intended_df_size_in_MB*(2**20)/df.memory_usage(index=True).sum()\nif int(factor) > 0:\n    df = pd.concat([df]*int(factor), ignore_index=True)\nelse:\n    rowCount = int(df.shape[0]*factor)\n    df = df[0:rowCount]\ndf = df\ndf.info()",
      "total-ns": 4306868321
    },
    {
      "raw": "df.head()",
      "total-ns": 1047510
    },
    {
      "raw": "df.describe().T",
      "total-ns": 1034037516
    },
    {
      "raw": "df.info()",
      "total-ns": 2571478705
    },
    {
      "raw": "df.drop(['BuildingArea','Address'],axis=1).head(5)",
      "total-ns": 385167015
    },
    {
      "raw": "numerical_feature=[feature for feature in df.columns if df[feature].dtype !='object']\nprint('There are {} numerical features.'.format(len(numerical_feature)))\n\nyear=[feature for feature in numerical_feature if \"Yr\" in feature or \"Year\" in feature]\n\ndiscrete_feature=[feature for feature in numerical_feature if (df[feature].nunique())<25 and feature not in year+['Id']]\nprint('There are {} are discrete features'.format(len(discrete_feature)) )\n\ncontinuous_feature=[feature for feature in numerical_feature if feature not in discrete_feature and feature not in year+['Id']]\nprint('There are {} are continuous features'.format(len(continuous_feature)) )\n\ncat_feature=[feature for feature in df.columns if df[feature].dtypes=='object']\nprint('There are {} categorical features.'.format(len(cat_feature)))",
      "total-ns": 358627526
    },
    {
      "raw": "type={'h':'house','u':'unit','t':'townhouse'}\ndf=df.replace({'Type':type})",
      "total-ns": 1302321442
    },
    {
      "raw": "def outlier_function(df, col_name):\n    first_quartile = np.percentile(np.array(df[col_name].tolist()), 25)\n    third_quartile = np.percentile(np.array(df[col_name].tolist()), 75)\n    IQR = third_quartile - first_quartile\n                      \n    upper_limit = third_quartile+(3*IQR)\n    lower_limit = first_quartile-(3*IQR)\n    outlier_count = 0\n                      \n    for value in df[col_name].tolist():\n        if (value < lower_limit) | (value > upper_limit):\n            outlier_count +=1\n    return lower_limit, upper_limit, outlier_count\nfor feature in continuous_feature:\n    if outlier_function(df,feature)[2] > 1:\n        print('{}: {} outliers'.format(feature,outlier_function(df,feature)[2]))",
      "total-ns": 15186996093
    },
    {
      "raw": "corr=df[continuous_feature].corr()",
      "total-ns": 968140357
    },
    {
      "raw": "df['price_per_unit_area']=df['Price']/df['Landsize']",
      "total-ns": 6946930
    },
    {
      "raw": "df[discrete_feature].head(3)",
      "total-ns": 580218432
    },
    {
      "raw": "for feature in discrete_feature:\n    if outlier_function(df,feature)[2] > 1:\n        print('{}: {} outliers'.format(feature,outlier_function(df,feature)[2]))",
      "total-ns": 5574694624
    },
    {
      "raw": "df['Bedroom2']=df['Bedroom2'].astype('int')\ndf['Bathroom']=df['Bathroom'].astype('int')\ndf['Car']=df['Car'].astype('int',errors='ignore')\ndf['Car']=df['Car'].astype('int',errors='ignore')",
      "total-ns": 297149836
    },
    {
      "raw": "df[cat_feature].head()",
      "total-ns": 317555816
    },
    {
      "raw": "df=df.drop(index=9968,axis=1)",
      "total-ns": 251171057
    },
    {
      "raw": "def d_date(date):\n    return(date[-7:])\ndf['Date']=df['Date'].apply(d_date)",
      "total-ns": 15974528453
    },
    {
      "raw": "corr_matrix=df.corr()\nmask = np.zeros_like(corr_matrix)\nmask[np.triu_indices_from(mask)] = True",
      "total-ns": 579202703
    }
  ]
}