{
  "cells": [
    {
      "raw": "import os\nimport numpy as np\n\nimport pandas as pd\nimport functools\n\nimport os\nos.environ[\"MODIN_ENGINE\"] = \"ray\"\nimport ray\nos.environ['MODIN_CPUS'] = \"4\"\nray.init(num_cpus=4, runtime_env={'env_vars': {'__MODIN_AUTOIMPORT_PANDAS__': '1'}})\nimport modin.pandas as modin_pd\n\n\nos.environ[\"USE_MODIN\"]=\"True\"\n\nfrom typing import Dict, List, Optional, Tuple, Any, Literal, Callable\nfrom pandas._typing import AggFuncType, Axis, IndexLabel, Suffixes\n\n_CS598_save_DataFrame_apply = pd.DataFrame.apply\n_CS598_save_DataFrame_merge = pd.DataFrame.merge\n_CS598_save_Series_apply = pd.Series.apply\n_CS598_save_to_datetime = pd.to_datetime\n\ndef _CS598_Series_apply(self, func: AggFuncType, convert_dtype: bool = True,\n                        args: tuple[Any, ...] = (), **kwargs):\n  default_call = functools.partial(_CS598_save_Series_apply, self, func, convert_dtype, args, **kwargs)\n  assert isinstance(self, pd.Series)\n  \n  if os.environ[\"USE_MODIN\"] == \"True\":\n    modin_ser = modin_pd.Series(self)\n    # TODO: We need a generic way to deal with this.\n    # Problem: pd.numeric is passed which doesn't work on a modin dataframe.\n    if func == pd.to_numeric:\n      assert false\n      func = modin_pd.to_numeric\n    modin_res = modin_ser.apply(func, convert_dtype, args, **kwargs)\n    return modin_res._to_pandas()\n  return default_call()\n\ndef _CS598_DataFrame_apply(\n    self,\n    func: AggFuncType,\n    axis: Axis = 0,\n    raw: bool = False,\n    result_type: Literal[\"expand\", \"reduce\", \"broadcast\"] | None = None,\n    args=(),\n    **kwargs,\n):\n  default_call = functools.partial(_CS598_save_DataFrame_apply, self, func, axis, raw, result_type, args, **kwargs)\n  assert isinstance(self, pd.DataFrame)\n  \n  if os.environ[\"USE_MODIN\"] == \"True\":\n    modin_df = modin_pd.DataFrame(self)\n    modin_res = modin_df.apply(func, axis, raw, result_type, args, **kwargs)\n    return modin_res._to_pandas()\n  return default_call()\n\ndef _CS598_DataFrame_merge(\n    self,\n    right: pd.DataFrame | pd.Series,\n    how: str = \"inner\",\n    on: IndexLabel | None = None,\n    left_on: IndexLabel | None = None,\n    right_on: IndexLabel | None = None,\n    left_index: bool = False,\n    right_index: bool = False,\n    sort: bool = False,\n    suffixes: Suffixes = (\"_x\", \"_y\"),\n    copy: bool = True,\n    indicator: bool = False,\n    validate: str | None = None,\n) -> pd.DataFrame:\n  assert isinstance(self, pd.DataFrame)        \n  default_call = functools.partial(_CS598_save_DataFrame_merge, self, right, how, on, \n      left_on, right_on, left_index, right_index, sort, suffixes, copy, indicator, validate)\n  \n  if os.environ[\"USE_MODIN\"] == \"True\":\n    modin_df = modin_pd.DataFrame(self)\n    modin_res = modin_df.merge(right, how, on, \n      left_on, right_on, left_index, right_index, sort, suffixes, copy, indicator, validate)\n    return modin_res._to_pandas()\n  return default_call()\n\n\ndef _CS598_to_datetime(\n    arg,\n    errors = \"raise\",\n    dayfirst: bool = False,\n    yearfirst: bool = False,\n    utc: bool | None = None,\n    format: str | None = None,\n    exact: bool = True,\n    unit: str | None = None,\n    infer_datetime_format: bool = False,\n    origin=\"unix\",\n    cache: bool = True,\n):\n  default_call = functools.partial(_CS598_save_to_datetime, arg, errors, dayfirst,\n      yearfirst, utc, format, exact, unit,infer_datetime_format, origin, cache)\n  \n  if os.environ[\"USE_MODIN\"] == \"True\":\n    if type(arg) == pd.DataFrame:\n      arg = modin_pd.DataFrame(arg)\n    elif type(arg) == pd.Series:\n      arg = modin_pd.Series(arg)\n\n    modin_res = modin_pd.to_datetime(arg, errors, dayfirst,\n      yearfirst, utc, format, exact, unit,infer_datetime_format, origin, cache)\n    return modin_res._to_pandas()\n  return default_call()\n\nassert pd.Series.apply != _CS598_Series_apply\nassert pd.DataFrame.apply != _CS598_DataFrame_apply\nassert pd.DataFrame.merge != _CS598_DataFrame_merge\nassert pd.to_datetime != _CS598_to_datetime\n# Overwriting is not trivial. Thanks to:\n# https://github.com/lux-org/lux/blob/550a2eca90b26c944ebe8600df7a51907bc851be/lux/core/__init__.py#L27\npd.Series.apply = pd.core.frame.Series.apply = pd.core.series.Series.apply = _CS598_Series_apply\npd.DataFrame.apply = pd.core.frame.DataFrame.apply = _CS598_DataFrame_apply\npd.DataFrame.merge = pd.core.frame.DataFrame.merge = _CS598_save_DataFrame_merge\npd.to_datetime = _CS598_to_datetime\n\n# import seaborn as sns\n# import plotly.express as px \n# import matplotlib.pyplot as plt\n%matplotlib inline\n\nfrom sklearn.cluster import KMeans\nfrom sklearn.preprocessing import StandardScaler\nfrom sklearn.pipeline import Pipeline\nfrom sklearn.manifold import TSNE\nfrom sklearn.decomposition import PCA\nfrom sklearn.metrics import euclidean_distances\nfrom scipy.spatial.distance import cdist\n\nimport warnings\nwarnings.filterwarnings(\"ignore\")",
      "total-ns": 4760136694
    },
    {
      "raw": "data = pd.read_csv(\"../input/data.csv\")\ngenre_data = pd.read_csv('../input/data_by_genres.csv')\nyear_data = pd.read_csv('../input/data_by_year.csv')",
      "total-ns": 553988703
    },
    {
      "raw": "df = data\nintended_df_size_in_MB = 256\nfactor = intended_df_size_in_MB*(2**20)/(data.memory_usage(index=True).sum()+genre_data.memory_usage(index=True).sum()+year_data.memory_usage(index=True).sum())\nif int(factor) > 0:\n    df = pd.concat([df]*int(factor), ignore_index=True)\nelse:\n    rowCount = int(df.shape[0]*factor)\n    df = df[0:rowCount]\ndata = df\n\ndf = genre_data\nif int(factor) > 0:\n    df = pd.concat([df]*int(factor), ignore_index=True)\nelse:\n    rowCount = int(df.shape[0]*factor)\n    df = df[0:rowCount]\ngenre_data = df\n\ndf = year_data\nif int(factor) > 0:\n    df = pd.concat([df]*int(factor), ignore_index=True)\nelse:\n    rowCount = int(df.shape[0]*factor)\n    df = df[0:rowCount]\nyear_data = df\n    \ndata.info()\ngenre_data.info()\nyear_data.info()",
      "total-ns": 190095167
    },
    {
      "raw": "print(data.info())",
      "total-ns": 5515940
    },
    {
      "raw": "print(genre_data.info())",
      "total-ns": 8081820
    },
    {
      "raw": "print(year_data.info())",
      "total-ns": 3876270
    },
    {
      "raw": "# from yellowbrick.target import FeatureCorrelation\n\nfeature_names = ['acousticness', 'danceability', 'energy', 'instrumentalness',\n       'liveness', 'loudness', 'speechiness', 'tempo', 'valence','duration_ms','explicit','key','mode','year']\n\nX, y = data[feature_names], data['popularity']\n\n# Create a list of the feature names\nfeatures = np.array(feature_names)\n\n# Instantiate the visualizer\n# visualizer = FeatureCorrelation(labels=features)\n\n# plt.rcParams['figure.figsize']=(20,20)\n# visualizer.fit(X, y)     # Fit the data to the visualizer\n# visualizer.show()",
      "total-ns": 260566837
    },
    {
      "raw": "def get_decade(year):\n    period_start = int(year/10) * 10\n    decade = '{}s'.format(period_start)\n    return decade\n\ndata['decade'] = data['year'].apply(get_decade)\n\n# sns.set(rc={'figure.figsize':(11 ,6)})\n# sns.countplot(data['decade'])",
      "total-ns": 15351716476
    },
    {
      "raw": "sound_features = ['acousticness', 'danceability', 'energy', 'instrumentalness', 'liveness', 'valence']\n# fig = px.line(year_data, x='year', y=sound_features)\n# fig.show()",
      "total-ns": 486379
    },
    {
      "raw": "top10_genres = genre_data.nlargest(10, 'popularity')\n\n# fig = px.bar(top10_genres, x='genres', y=['valence', 'energy', 'danceability', 'acousticness'], barmode='group')\n# fig.show()",
      "total-ns": 3491280
    },
    {
      "raw": "# from sklearn.cluster import KMeans\n# from sklearn.preprocessing import StandardScaler\n# from sklearn.pipeline import Pipeline\n# \n# cluster_pipeline = Pipeline([('scaler', StandardScaler()), ('kmeans', KMeans(n_clusters=10))])\n# X = genre_data.select_dtypes(np.number)\n# cluster_pipeline.fit(X)\n# genre_data['cluster'] = cluster_pipeline.predict(X)",
      "total-ns": 171720
    },
    {
      "raw": "# Visualizing the Clusters with t-SNE\n\n# from sklearn.manifold import TSNE\n\n# tsne_pipeline = Pipeline([('scaler', StandardScaler()), ('tsne', TSNE(n_components=2, verbose=1))])\n# genre_embedding = tsne_pipeline.fit_transform(X)\n# projection = pd.DataFrame(columns=['x', 'y'], data=genre_embedding)\n# projection['genres'] = genre_data['genres']\n# projection['cluster'] = genre_data['cluster']\n\n# fig = px.scatter(\n#     projection, x='x', y='y', color='cluster', hover_data=['x', 'y', 'genres'])\n# fig.show()",
      "total-ns": 135760
    },
    {
      "raw": "# song_cluster_pipeline = Pipeline([('scaler', StandardScaler()), \n#                                   ('kmeans', KMeans(n_clusters=20, \n#                                    verbose=False))\n#                                  ], verbose=False)\n# \n# X = data.select_dtypes(np.number)\n# number_cols = list(X.columns)\n# song_cluster_pipeline.fit(X)\n# song_cluster_labels = song_cluster_pipeline.predict(X)\n# data['cluster_label'] = song_cluster_labels",
      "total-ns": 164850
    },
    {
      "raw": "# Visualizing the Clusters with PCA\n\n# from sklearn.decomposition import PCA\n\n# pca_pipeline = Pipeline([('scaler', StandardScaler()), ('PCA', PCA(n_components=2))])\n# song_embedding = pca_pipeline.fit_transform(X)\n# projection = pd.DataFrame(columns=['x', 'y'], data=song_embedding)\n# projection['title'] = data['name']\n# projection['cluster'] = data['cluster_label']\n\n# fig = px.scatter(\n#     projection, x='x', y='y', color='cluster', hover_data=['x', 'y', 'title'])\n# fig.show()",
      "total-ns": 130740
    },
    {
      "raw": "# !pip install spotipy",
      "total-ns": 171660
    },
    {
      "raw": "# import spotipy\n# from spotipy.oauth2 import SpotifyClientCredentials\n# from collections import defaultdict\n\n# sp = spotipy.Spotify(auth_manager=SpotifyClientCredentials(client_id=os.environ[\"SPOTIFY_CLIENT_ID\"],\n#                                                            client_secret=os.environ[\"SPOTIFY_CLIENT_SECRET\"]))\n\n# def find_song(name, year):\n#     song_data = defaultdict()\n#     results = sp.search(q= 'track: {} year: {}'.format(name,year), limit=1)\n#     if results['tracks']['items'] == []:\n#         return None\n\n#     results = results['tracks']['items'][0]\n#     track_id = results['id']\n#     audio_features = sp.audio_features(track_id)[0]\n\n#     song_data['name'] = [name]\n#     song_data['year'] = [year]\n#     song_data['explicit'] = [int(results['explicit'])]\n#     song_data['duration_ms'] = [results['duration_ms']]\n#     song_data['popularity'] = [results['popularity']]\n\n#     for key, value in audio_features.items():\n#         song_data[key] = value\n\n#     return pd.DataFrame(song_data)",
      "total-ns": 212350
    },
    {
      "raw": "# from collections import defaultdict\n# from sklearn.metrics import euclidean_distances\n# from scipy.spatial.distance import cdist\n# import difflib\n\n# number_cols = ['valence', 'year', 'acousticness', 'danceability', 'duration_ms', 'energy', 'explicit',\n#  'instrumentalness', 'key', 'liveness', 'loudness', 'mode', 'popularity', 'speechiness', 'tempo']\n\n\n# def get_song_data(song, spotify_data):\n    \n#     try:\n#         song_data = spotify_data[(spotify_data['name'] == song['name']) \n#                                 & (spotify_data['year'] == song['year'])].iloc[0]\n#         return song_data\n    \n#     except IndexError:\n#         return find_song(song['name'], song['year'])\n        \n\n# def get_mean_vector(song_list, spotify_data):\n    \n#     song_vectors = []\n    \n#     for song in song_list:\n#         song_data = get_song_data(song, spotify_data)\n#         if song_data is None:\n#             print('Warning: {} does not exist in Spotify or in database'.format(song['name']))\n#             continue\n#         song_vector = song_data[number_cols].values\n#         song_vectors.append(song_vector)  \n    \n#     song_matrix = np.array(list(song_vectors))\n#     return np.mean(song_matrix, axis=0)\n\n\n# def flatten_dict_list(dict_list):\n    \n#     flattened_dict = defaultdict()\n#     for key in dict_list[0].keys():\n#         flattened_dict[key] = []\n    \n#     for dictionary in dict_list:\n#         for key, value in dictionary.items():\n#             flattened_dict[key].append(value)\n            \n#     return flattened_dict\n\n\n# def recommend_songs( song_list, spotify_data, n_songs=10):\n    \n#     metadata_cols = ['name', 'year', 'artists']\n#     song_dict = flatten_dict_list(song_list)\n    \n#     song_center = get_mean_vector(song_list, spotify_data)\n#     scaler = song_cluster_pipeline.steps[0][1]\n#     scaled_data = scaler.transform(spotify_data[number_cols])\n#     scaled_song_center = scaler.transform(song_center.reshape(1, -1))\n#     distances = cdist(scaled_song_center, scaled_data, 'cosine')\n#     index = list(np.argsort(distances)[:, :n_songs][0])\n    \n#     rec_songs = spotify_data.iloc[index]\n#     rec_songs = rec_songs[~rec_songs['name'].isin(song_dict['name'])]\n#     return rec_songs[metadata_cols].to_dict(orient='records')",
      "total-ns": 312830
    },
    {
      "raw": "# recommend_songs([{'name': 'Come As You Are', 'year':1991},\n#                 {'name': 'Smells Like Teen Spirit', 'year': 1991},\n#                 {'name': 'Lithium', 'year': 1992},\n#                 {'name': 'All Apologies', 'year': 1993},\n#                 {'name': 'Stay Away', 'year': 1993}],  data)",
      "total-ns": 91030
    },
    {
      "raw": "",
      "total-ns": 56290
    }
  ]
}