{
  "cells": [
    {
      "raw": "import numpy as np # linear algebra\n\nimport os\nos.environ[\"MODIN_ENGINE\"] = \"ray\"\nimport ray\nos.environ['MODIN_CPUS'] = \"4\"\nray.init(num_cpus=4, runtime_env={'env_vars': {'__MODIN_AUTOIMPORT_PANDAS__': '1'}})\nimport modin.pandas as pd\nimport os\nfor dirname, _, filenames in os.walk('../input'):\n    for filename in filenames:\n        print(os.path.join(dirname, filename))\n",
      "total-ns": 4766459430
    },
    {
      "raw": "df=pd.read_csv(\"../input/Airline Dataset Updated.csv\", parse_dates=[\"Departure Date\"])",
      "total-ns": 8866002300
    },
    {
      "raw": "df = df\nintended_df_size_in_MB = 256\nfactor = intended_df_size_in_MB*(2**20)/df.memory_usage(index=True).sum()\nif int(factor) > 0:\n    df = pd.concat([df]*int(factor), ignore_index=True)\nelse:\n    rowCount = int(df.shape[0]*factor)\n    df = df[0:rowCount]\ndf = df\ndf.info()",
      "total-ns": 12629553263
    },
    {
      "raw": "df.head(11)",
      "total-ns": 6706665
    },
    {
      "raw": "df.info() ",
      "total-ns": 14140862559
    },
    {
      "raw": "df.nunique()",
      "total-ns": 30114223
    },
    {
      "raw": "df.isnull().sum().sum() #Checking if Null value is present",
      "total-ns": 19947691983
    },
    {
      "raw": "df['Gender']=df['Gender'].astype('category')\ndf['Gender'].unique()",
      "total-ns": 30174025681
    },
    {
      "raw": "df['Age']=df['Age'].astype(int)",
      "total-ns": 3762524099
    },
    {
      "raw": "columns = [key for key, value in df.nunique().to_dict().items() if value < 10]",
      "total-ns": 17927463089
    },
    {
      "raw": "count_1 = df['Gender'].value_counts()\ncount_1",
      "total-ns": 164503110
    },
    {
      "raw": "count_2 = df['Country Name'].value_counts()",
      "total-ns": 1683145680
    },
    {
      "raw": "df_c= pd.DataFrame(count_2).reset_index().rename(columns={\"index\": \"value\", 0: \"count\"})",
      "total-ns": 33036419
    },
    {
      "raw": "con=df.loc[:,['Country Name','Continents']]\ncon=con.drop_duplicates()\n#new_df=pd.merge_ordered(df_c,con, fill_method= 'ffill', on= 'Country Name')",
      "total-ns": 80338874964
    },
    {
      "raw": "nationality = pd.DataFrame(df['Nationality'].value_counts()).reset_index()",
      "total-ns": 1719562396
    },
    {
      "raw": "nationality = nationality.head(20)",
      "total-ns": 3954692
    },
    {
      "raw": "nationality.sort_values(by='Nationality', ascending=False, inplace=True)",
      "total-ns": 25955299
    },
    {
      "raw": "fl_stat = pd.DataFrame(df['Flight Status'].value_counts()).reset_index()",
      "total-ns": 1506751191
    },
    {
      "raw": "",
      "total-ns": 363794
    }
  ]
}