{
  "cells": [
    {
      "raw": "import numpy as np # linear algebra\n\nimport os\nos.environ[\"MODIN_ENGINE\"] = \"ray\"\nimport ray\nos.environ['MODIN_CPUS'] = \"4\"\nray.init(num_cpus=4, runtime_env={'env_vars': {'__MODIN_AUTOIMPORT_PANDAS__': '1'}})\nimport modin.pandas as pd\nfrom sklearn.metrics import mean_absolute_error\nfrom sklearn.preprocessing import LabelEncoder\n\nimport pylab as pl\nimport os\nprint(os.listdir(\"../input\"))\n",
      "total-ns": 6565879116
    },
    {
      "raw": "#Cargamos el data set mediante Python y Pandas mediante read_csv\n#Tener en cuenta indicadar el separador como recomendacion con delimiter se recomienda\n#En caso tengamos un campo donde se guarden los ID unico podemos caolocar elnumero de columna en index_col para usarlo de indexacion\ndata = pd.read_csv(\"../input/avocado.csv\",delimiter=\",\",index_col=0)\n\n#Visualizamos el volumen de filas y columnas de nuestros datos\ndata.shape",
      "total-ns": 6817656931
    },
    {
      "raw": "df = data\nintended_df_size_in_MB = 256\nfactor = intended_df_size_in_MB*(2**20)/df.memory_usage(index=True).sum()\nif int(factor) > 0:\n    df = pd.concat([df]*int(factor), ignore_index=True)\nelse:\n    rowCount = int(df.shape[0]*factor)\n    df = df[0:rowCount]\ndata = df\ndata.info()",
      "total-ns": 3334971702
    },
    {
      "raw": "#Podemos mediante el comando info identificar los tipos de campos 123\ndata.info()",
      "total-ns": 3222112796
    },
    {
      "raw": "#Vamos a ver un peque\u00f1o resumen de los datos\ndata.head(5)",
      "total-ns": 7221495
    },
    {
      "raw": "#Vamos a validar que se cumple ambos formulas\n#Todo aquel registro que no cumpla con la regla pasara a ser una inconsistencia la cual descartaremos.\ndataIncorrecta = data[((data['4046'] + data['4225'] + data['4770'] + data['Total Bags']) != data['Total Volume'] ) | ((data['Small Bags'] + data['Large Bags'] + data['XLarge Bags']) != data['Total Bags'] )]\ndataCorrecta =  data[((data['4046'] + data['4225'] + data['4770'] + data['Total Bags']) == data['Total Volume'] ) & ((data['Small Bags'] + data['Large Bags'] + data['XLarge Bags']) == data['Total Bags'] )]\n\ndataIncorrecta.reset_index(inplace = True)\ndataCorrecta.reset_index(inplace = True)\n\nprint(\"Data Total\",data.shape)\nprint(\"Data Incorrecta\",dataIncorrecta.shape)\nprint(\"Data Correcta\",dataCorrecta.shape)",
      "total-ns": 59072954076
    },
    {
      "raw": "#Analizamos valores perdidos en caso de que existan\ndataCorrecta.isnull().sum()",
      "total-ns": 40801796
    },
    {
      "raw": "",
      "total-ns": 338385
    },
    {
      "raw": "",
      "total-ns": 355716
    },
    {
      "raw": "dataCorrecta =dataCorrecta[(dataCorrecta['Small Bags']<300000.0) & (dataCorrecta['Large Bags']<150000.0) & (dataCorrecta['XLarge Bags']<10000.0)]\ndataCorrecta.shape",
      "total-ns": 3313314188
    },
    {
      "raw": "",
      "total-ns": 241835
    },
    {
      "raw": "",
      "total-ns": 67753
    },
    {
      "raw": "",
      "total-ns": 54577
    },
    {
      "raw": "conventional = dataCorrecta[dataCorrecta.type==\"conventional\"]\norganic = dataCorrecta[dataCorrecta.type==\"organic\"]\n\ngroupBy1_price = conventional.groupby('Date').mean(numeric_only=True)\n\ngroupBy2_price = organic.groupby('Date').mean(numeric_only=True)\n",
      "total-ns": 7263657092
    },
    {
      "raw": "#dataCorrecta['Date2']=pd.to_datetime(dataCorrecta['Date'], format=\"%Y/%m/%d\")\ndataCorrecta['Date'] =dataCorrecta['Date'].astype('datetime64[ns]')\n\n",
      "total-ns": 228293067
    },
    {
      "raw": "#Tenemos que analizar los datos categoricos no numericos, para transformarlos en numericos, o ver si son utiles\ndataCorrecta['type'].value_counts()",
      "total-ns": 942913074
    },
    {
      "raw": "dataCorrecta.head()",
      "total-ns": 3827679
    },
    {
      "raw": "dataCorrecta['year'].value_counts()",
      "total-ns": 400701991
    },
    {
      "raw": "dataCorrecta['region'].value_counts()",
      "total-ns": 526281445
    },
    {
      "raw": "",
      "total-ns": 349128
    },
    {
      "raw": "#Analizamos el comportamiento de los procesio por region de las paltas organicos\nmask = dataCorrecta['type']=='organic'\n",
      "total-ns": 9365881
    },
    {
      "raw": "#Analizamos el comportamiento de los procesio por region de las paltas convencionales\nmask = dataCorrecta['type']=='conventional'\n",
      "total-ns": 9008939
    },
    {
      "raw": "label = LabelEncoder()\ndicts = {}\n\nlabel.fit(dataCorrecta.type.drop_duplicates()) \ndicts['type'] = list(label.classes_)\ndataCorrecta.type = label.transform(dataCorrecta.type) ",
      "total-ns": 7940558941
    },
    {
      "raw": "dataCorrecta['type'].value_counts()",
      "total-ns": 4828395198
    },
    {
      "raw": "#Realizamos una tabla de correlacion, para conocer el nivel de relacion entre los campos y entre nuestro target\ncols = ['AveragePrice','Total Volume','4046','4225','4770','Total Bags','Small Bags','Large Bags','XLarge Bags','year','type']\ncorr = dataCorrecta[cols].corr('spearman') \n",
      "total-ns": 3482752194
    },
    {
      "raw": "#Creamos las variables ficticias para region\nregion_dummi =pd.get_dummies(dataCorrecta['region'], prefix='reg')\nregion_dummi.head()",
      "total-ns": 1133034474
    },
    {
      "raw": "#Agregamos los datos fictios a la data original\ndata_nueva = pd.concat([dataCorrecta, region_dummi], axis=1)\ndata_nueva.head() ",
      "total-ns": 23539404
    },
    {
      "raw": "#eliminamos las columna region\ndata_nueva = data_nueva.drop(labels=['region'], axis=1)\ndata_nueva = data_nueva.drop(labels=['index'], axis=1)",
      "total-ns": 11103200
    },
    {
      "raw": "#corr = data_nueva.corr('spearman') \n#plt.figure(figsize = ( 35 , 20 )) \n#sns.heatmap(corr,annot=True,fmt='.2f',cmap=\"YlGnBu\");",
      "total-ns": 382687
    },
    {
      "raw": "data_train = pd.DataFrame(index=data_nueva.index)\ntarger_train = pd.DataFrame(index=data_nueva.index)\ndata_train = data_nueva\ntarger_train = data_nueva['AveragePrice']",
      "total-ns": 6240601
    },
    {
      "raw": "data_train['monthy'] = data_train['Date'].astype('datetime64[ns]').apply(lambda ts: ts.month)",
      "total-ns": 300399857
    },
    {
      "raw": "dummi_month =pd.get_dummies(data_train['monthy'], prefix='month')\ndata_train = pd.concat([data_train, dummi_month], axis=1)",
      "total-ns": 3490079083
    },
    {
      "raw": "data_train = data_train.drop(['monthy'],axis=1)\n#data_train = data_train.drop(['Date'],axis=1)",
      "total-ns": 8864304
    },
    {
      "raw": "data_train.head(5)",
      "total-ns": 12635681
    },
    {
      "raw": "data_train['year'].value_counts()",
      "total-ns": 399395798
    },
    {
      "raw": "region_dummi_fecha =pd.get_dummies(data_train['year'], prefix='year')",
      "total-ns": 444352097
    },
    {
      "raw": "data_train = pd.concat([data_train, region_dummi_fecha], axis=1)",
      "total-ns": 21252999
    },
    {
      "raw": "data_train.head(5)",
      "total-ns": 6480550
    },
    {
      "raw": "data_train = data_train.drop(['year'],axis=1)\ndata_train = data_train.drop(['Date'], axis=1)\ndata_train = data_train.drop(['AveragePrice'],axis=1)",
      "total-ns": 21275856
    },
    {
      "raw": "\ndata_train.head(5)",
      "total-ns": 6204065
    },
    {
      "raw": "targer_train.mean()",
      "total-ns": 241584819
    },
    {
      "raw": "",
      "total-ns": 194314
    },
    {
      "raw": "",
      "total-ns": 66540
    },
    {
      "raw": "data_train.head()",
      "total-ns": 6581043
    },
    {
      "raw": "",
      "total-ns": 238183
    },
    {
      "raw": "",
      "total-ns": 120398
    },
    {
      "raw": "",
      "total-ns": 98170
    },
    {
      "raw": "",
      "total-ns": 80157
    },
    {
      "raw": "",
      "total-ns": 78625
    },
    {
      "raw": "\n",
      "total-ns": 75995
    },
    {
      "raw": "",
      "total-ns": 131968
    },
    {
      "raw": "",
      "total-ns": 131055
    },
    {
      "raw": "",
      "total-ns": 93048
    }
  ]
}