{
  "cells": [
    {
      "raw": "# This Python 3 environment comes with many helpful analytics libraries installed\n# It is defined by the kaggle/python Docker image: https://github.com/kaggle/docker-python\n# For example, here's several helpful packages to load\n\nimport numpy as np # linear algebra\n\nimport os\nos.environ[\"MODIN_ENGINE\"] = \"ray\"\nimport ray\nos.environ['MODIN_CPUS'] = \"4\"\nray.init(num_cpus=4, runtime_env={'env_vars': {'__MODIN_AUTOIMPORT_PANDAS__': '1'}})\nimport modin.pandas as pd\n# Input data files are available in the read-only \"../input/\" directory\n# For example, running this (by clicking run or pressing Shift+Enter) will list all files under the input directory\n\nimport os\nfor dirname, _, filenames in os.walk('/kaggle/input'):\n    for filename in filenames:\n        print(os.path.join(dirname, filename))\n\n# You can write up to 20GB to the current directory (/kaggle/working/) that gets preserved as output when you create a version using \"Save & Run All\" \n# You can also write temporary files to /kaggle/temp/, but they won't be saved outside of the current session",
      "total-ns": 4539982109
    },
    {
      "raw": "df = pd.read_csv(\"../input/shopping_trends_updated.csv\")\ndf.head()",
      "total-ns": 8079212802
    },
    {
      "raw": "df = df\nintended_df_size_in_MB = 256\nfactor = intended_df_size_in_MB*(2**20)/df.memory_usage(index=True).sum()\nif int(factor) > 0:\n    df = pd.concat([df]*int(factor), ignore_index=True)\nelse:\n    rowCount = int(df.shape[0]*factor)\n    df = df[0:rowCount]\ndf = df\ndf.info()",
      "total-ns": 12187753856
    },
    {
      "raw": "df.shape",
      "total-ns": 1054271
    },
    {
      "raw": "df.columns",
      "total-ns": 282886
    },
    {
      "raw": "df.info()",
      "total-ns": 11546707539
    },
    {
      "raw": "df.isnull().sum()",
      "total-ns": 99694331
    },
    {
      "raw": "df.duplicated().sum()",
      "total-ns": 101044254329
    },
    {
      "raw": "df.describe()",
      "total-ns": 19926922
    },
    {
      "raw": "gender_counts = df['Gender'].value_counts()",
      "total-ns": 5404253501
    },
    {
      "raw": "category_data = df['Category'].value_counts()",
      "total-ns": 5015439195
    },
    {
      "raw": "df.columns",
      "total-ns": 956038
    },
    {
      "raw": "sold_items = df['Item Purchased'].value_counts().sort_values(ascending = False)\n",
      "total-ns": 4027455646
    },
    {
      "raw": "var = df.groupby(['Item Purchased', 'Gender']).size().reset_index(name='Customer Count')\nsorted_var = var.sort_values(by='Item Purchased', ascending=False)",
      "total-ns": 14285067607
    },
    {
      "raw": "var = df.groupby('Category')['Purchase Amount (USD)'].sum().reset_index().sort_values(by='Purchase Amount (USD)',ascending=False)",
      "total-ns": 9903809086
    },
    {
      "raw": "var = df.groupby('Location')['Purchase Amount (USD)'].sum().reset_index().sort_values(by='Purchase Amount (USD)',ascending=False).head(10)",
      "total-ns": 9947892589
    },
    {
      "raw": "size_count = df['Size'].value_counts()",
      "total-ns": 4234759802
    },
    {
      "raw": "color_count = df['Color'].value_counts().head(10)",
      "total-ns": 4059673069
    },
    {
      "raw": "df.columns",
      "total-ns": 621190
    },
    {
      "raw": "season_data = df['Season'].value_counts()",
      "total-ns": 3977007061
    },
    {
      "raw": "subs_count = df['Subscription Status'].value_counts()",
      "total-ns": 3784310489
    },
    {
      "raw": "shipping_count = df['Shipping Type'].value_counts()",
      "total-ns": 4095922383
    },
    {
      "raw": "disc_count = df['Discount Applied'].value_counts()",
      "total-ns": 3985658978
    },
    {
      "raw": "df.columns",
      "total-ns": 1295429
    },
    {
      "raw": "df['Promo Code Used'].value_counts()",
      "total-ns": 3955749081
    }
  ]
}