{
  "cells": [
    {
      "raw": "import warnings\nwarnings.filterwarnings('ignore')\nimport numpy as np\nimport pandas as pd",
      "total-ns": 412452960
    },
    {
      "raw": "df=pd.read_csv(r'../input/churn-bigml-80.csv')",
      "total-ns": 17839249
    },
    {
      "raw": "df = df\nintended_df_size_in_MB = 256\nfactor = intended_df_size_in_MB*(2**20)/df.memory_usage(index=True).sum()\nif int(factor) > 0:\n    df = pd.concat([df]*int(factor), ignore_index=True)\nelse:\n    rowCount = int(df.shape[0]*factor)\n    df = df[0:rowCount]\ndf = df\ndf.info()",
      "total-ns": 762892660
    },
    {
      "raw": "df.head()",
      "total-ns": 646491
    },
    {
      "raw": "df.shape",
      "total-ns": 306182
    },
    {
      "raw": "df.columns",
      "total-ns": 240748
    },
    {
      "raw": "df.nunique()",
      "total-ns": 522598464
    },
    {
      "raw": "df.info()",
      "total-ns": 5404724
    },
    {
      "raw": "df[\"Churn\"] = df[\"Churn\"].astype(\"int64\")",
      "total-ns": 18200343
    },
    {
      "raw": "df.info()",
      "total-ns": 6019803
    },
    {
      "raw": "df.describe().T",
      "total-ns": 1702693358
    },
    {
      "raw": "df.describe(include=[\"object\"]).T",
      "total-ns": 759923373
    },
    {
      "raw": "df[\"Churn\"].value_counts()",
      "total-ns": 12473260
    },
    {
      "raw": "df[\"Churn\"].value_counts(normalize=True)",
      "total-ns": 12565701
    },
    {
      "raw": "df.sort_values(by=\"Total day charge\", ascending=False).head()",
      "total-ns": 1506282505
    },
    {
      "raw": "df.sort_values(by=[\"Total day charge\", 'Total day calls'], ascending=[True, False]).head()",
      "total-ns": 1562766033
    },
    {
      "raw": "df.loc[0:5, \"State\":\"Area code\"]",
      "total-ns": 3112397
    },
    {
      "raw": "df.iloc[0:5, 0:3]",
      "total-ns": 827629
    },
    {
      "raw": "df.groupby(\"Churn\")[\"Total day minutes\"].mean()",
      "total-ns": 42236040
    },
    {
      "raw": "columns_to_show = [\"Total day minutes\", \"Total eve minutes\", \"Total night minutes\"]\n\ndf.groupby([\"Churn\"])[columns_to_show].agg(['mean', 'std', 'max', 'min'])",
      "total-ns": 520850087
    },
    {
      "raw": "df.apply(np.max)",
      "total-ns": 469572665
    },
    {
      "raw": "df[ (df[\"Churn\"] == 0) & (df[\"International plan\"] == \"No\") ][\"Total intl minutes\"].max()",
      "total-ns": 365594587
    },
    {
      "raw": "pd.crosstab(df[\"Churn\"], df[\"International plan\"])",
      "total-ns": 312159942
    },
    {
      "raw": "pd.crosstab(df[\"Churn\"], df[\"International plan\"], normalize=True)",
      "total-ns": 294756471
    },
    {
      "raw": "total_calls = (\n    df[\"Total day calls\"]\n    + df[\"Total eve calls\"]\n    + df[\"Total night calls\"]\n    + df[\"Total intl calls\"]\n)\n\ndf.insert(loc=len(df.columns), column=\"Total calls\", value=total_calls)",
      "total-ns": 21269601
    },
    {
      "raw": "d = {\"No\": 0, \"Yes\": 1}",
      "total-ns": 631284
    },
    {
      "raw": "df[\"International plan\"] = df[\"International plan\"].map(d)",
      "total-ns": 158087770
    },
    {
      "raw": "df = df.replace({\"Voice mail plan\": d})",
      "total-ns": 1131813127
    },
    {
      "raw": "df.head()",
      "total-ns": 823340
    },
    {
      "raw": "df[\"Total charge\"] =df[\"Total day charge\"] + df[\"Total eve charge\"] + df[\"Total night charge\"] + df[\"Total intl charge\"]",
      "total-ns": 21970273
    },
    {
      "raw": "df.head()",
      "total-ns": 702474
    },
    {
      "raw": "df.drop([\"Total charge\", \"Total day calls\"], axis=1, inplace=True)",
      "total-ns": 181366205
    },
    {
      "raw": "df.head()",
      "total-ns": 768356
    },
    {
      "raw": "",
      "total-ns": 152190
    },
    {
      "raw": "",
      "total-ns": 99089
    },
    {
      "raw": "",
      "total-ns": 57777
    },
    {
      "raw": "",
      "total-ns": 50039
    }
  ]
}