{
  "cells": [
    {
      "raw": "import warnings\nwarnings.filterwarnings('ignore')\nimport numpy as np\nimport pandas as pd",
      "total-ns": 405199346
    },
    {
      "raw": "df=pd.read_csv(r'../input/churn-bigml-80.csv')",
      "total-ns": 12846864
    },
    {
      "raw": "df = df\nintended_df_size_in_MB = 256\nfactor = intended_df_size_in_MB*(2**20)/df.memory_usage(index=True).sum()\nif int(factor) > 0:\n    df = pd.concat([df]*int(factor), ignore_index=True)\nelse:\n    rowCount = int(df.shape[0]*factor)\n    df = df[0:rowCount]\ndf = df\ndf.info()",
      "total-ns": 658537067
    },
    {
      "raw": "df.head()",
      "total-ns": 870293
    },
    {
      "raw": "df.shape",
      "total-ns": 436467
    },
    {
      "raw": "df.columns",
      "total-ns": 244992
    },
    {
      "raw": "df.nunique()",
      "total-ns": 515093093
    },
    {
      "raw": "df.info()",
      "total-ns": 5620241
    },
    {
      "raw": "df[\"Churn\"] = df[\"Churn\"].astype(\"int64\")",
      "total-ns": 19696588
    },
    {
      "raw": "df.info()",
      "total-ns": 6085465
    },
    {
      "raw": "df.describe().T",
      "total-ns": 1735509260
    },
    {
      "raw": "df.describe(include=[\"object\"]).T",
      "total-ns": 761438722
    },
    {
      "raw": "df[\"Churn\"].value_counts()",
      "total-ns": 12809967
    },
    {
      "raw": "df[\"Churn\"].value_counts(normalize=True)",
      "total-ns": 13038177
    },
    {
      "raw": "df.sort_values(by=\"Total day charge\", ascending=False).head()",
      "total-ns": 1591406186
    },
    {
      "raw": "df.sort_values(by=[\"Total day charge\", 'Total day calls'], ascending=[True, False]).head()",
      "total-ns": 1491316287
    },
    {
      "raw": "df.loc[0:5, \"State\":\"Area code\"]",
      "total-ns": 3334842
    },
    {
      "raw": "df.iloc[0:5, 0:3]",
      "total-ns": 963307
    },
    {
      "raw": "df.groupby(\"Churn\")[\"Total day minutes\"].mean()",
      "total-ns": 46358295
    },
    {
      "raw": "columns_to_show = [\"Total day minutes\", \"Total eve minutes\", \"Total night minutes\"]\n\ndf.groupby([\"Churn\"])[columns_to_show].agg(['mean', 'std', 'max', 'min'])",
      "total-ns": 640579021
    },
    {
      "raw": "df.apply(np.max)",
      "total-ns": 469562196
    },
    {
      "raw": "df[ (df[\"Churn\"] == 0) & (df[\"International plan\"] == \"No\") ][\"Total intl minutes\"].max()",
      "total-ns": 351599482
    },
    {
      "raw": "pd.crosstab(df[\"Churn\"], df[\"International plan\"])",
      "total-ns": 305144661
    },
    {
      "raw": "pd.crosstab(df[\"Churn\"], df[\"International plan\"], normalize=True)",
      "total-ns": 299250472
    },
    {
      "raw": "total_calls = (\n    df[\"Total day calls\"]\n    + df[\"Total eve calls\"]\n    + df[\"Total night calls\"]\n    + df[\"Total intl calls\"]\n)\n\ndf.insert(loc=len(df.columns), column=\"Total calls\", value=total_calls)",
      "total-ns": 21431994
    },
    {
      "raw": "d = {\"No\": 0, \"Yes\": 1}",
      "total-ns": 614003
    },
    {
      "raw": "df[\"International plan\"] = df[\"International plan\"].map(d)",
      "total-ns": 157916454
    },
    {
      "raw": "df = df.replace({\"Voice mail plan\": d})",
      "total-ns": 1594955721
    },
    {
      "raw": "df.head()",
      "total-ns": 2426668
    },
    {
      "raw": "df[\"Total charge\"] =df[\"Total day charge\"] + df[\"Total eve charge\"] + df[\"Total night charge\"] + df[\"Total intl charge\"]",
      "total-ns": 46033091
    },
    {
      "raw": "df.head()",
      "total-ns": 2571936
    },
    {
      "raw": "df.drop([\"Total charge\", \"Total day calls\"], axis=1, inplace=True)",
      "total-ns": 350593015
    },
    {
      "raw": "df.head()",
      "total-ns": 2206427
    },
    {
      "raw": "",
      "total-ns": 457475
    },
    {
      "raw": "",
      "total-ns": 291578
    },
    {
      "raw": "",
      "total-ns": 261694
    },
    {
      "raw": "",
      "total-ns": 300911
    }
  ]
}