{
  "cells": [
    {
      "raw": "import warnings\nwarnings.filterwarnings('ignore')\nimport numpy as np\nimport pandas as pd",
      "total-ns": 420473792
    },
    {
      "raw": "df=pd.read_csv(r'../input/churn-bigml-80.csv')",
      "total-ns": 14112494
    },
    {
      "raw": "df.info()",
      "total-ns": 65242288
    },
    {
      "raw": "df.head()",
      "total-ns": 633382
    },
    {
      "raw": "df.shape",
      "total-ns": 339570
    },
    {
      "raw": "df.columns",
      "total-ns": 199778
    },
    {
      "raw": "df.nunique()",
      "total-ns": 3548737
    },
    {
      "raw": "df.info()",
      "total-ns": 7064517
    },
    {
      "raw": "df[\"Churn\"] = df[\"Churn\"].astype(\"int64\")",
      "total-ns": 916222
    },
    {
      "raw": "df.info()",
      "total-ns": 8142161
    },
    {
      "raw": "df.describe().T",
      "total-ns": 36929017
    },
    {
      "raw": "df.describe(include=[\"object\"]).T",
      "total-ns": 6168735
    },
    {
      "raw": "df[\"Churn\"].value_counts()",
      "total-ns": 925478
    },
    {
      "raw": "df[\"Churn\"].value_counts(normalize=True)",
      "total-ns": 957145
    },
    {
      "raw": "df.sort_values(by=\"Total day charge\", ascending=False).head()",
      "total-ns": 1491578
    },
    {
      "raw": "df.sort_values(by=[\"Total day charge\", 'Total day calls'], ascending=[True, False]).head()",
      "total-ns": 3021606
    },
    {
      "raw": "df.loc[0:5, \"State\":\"Area code\"]",
      "total-ns": 3533058
    },
    {
      "raw": "df.iloc[0:5, 0:3]",
      "total-ns": 710395
    },
    {
      "raw": "df.groupby(\"Churn\")[\"Total day minutes\"].mean()",
      "total-ns": 1257247
    },
    {
      "raw": "columns_to_show = [\"Total day minutes\", \"Total eve minutes\", \"Total night minutes\"]\n\ndf.groupby([\"Churn\"])[columns_to_show].agg(['mean', 'std', 'max', 'min'])",
      "total-ns": 7820544
    },
    {
      "raw": "df.apply(np.max)",
      "total-ns": 3577310
    },
    {
      "raw": "df[ (df[\"Churn\"] == 0) & (df[\"International plan\"] == \"No\") ][\"Total intl minutes\"].max()",
      "total-ns": 1964060
    },
    {
      "raw": "pd.crosstab(df[\"Churn\"], df[\"International plan\"])",
      "total-ns": 8882830
    },
    {
      "raw": "pd.crosstab(df[\"Churn\"], df[\"International plan\"], normalize=True)",
      "total-ns": 7732061
    },
    {
      "raw": "total_calls = (\n    df[\"Total day calls\"]\n    + df[\"Total eve calls\"]\n    + df[\"Total night calls\"]\n    + df[\"Total intl calls\"]\n)\n\ndf.insert(loc=len(df.columns), column=\"Total calls\", value=total_calls)",
      "total-ns": 1480846
    },
    {
      "raw": "d = {\"No\": 0, \"Yes\": 1}",
      "total-ns": 375529
    },
    {
      "raw": "df[\"International plan\"] = df[\"International plan\"].map(d)",
      "total-ns": 1384947
    },
    {
      "raw": "df = df.replace({\"Voice mail plan\": d})",
      "total-ns": 2638617
    },
    {
      "raw": "df.head()",
      "total-ns": 374763
    },
    {
      "raw": "df[\"Total charge\"] =df[\"Total day charge\"] + df[\"Total eve charge\"] + df[\"Total night charge\"] + df[\"Total intl charge\"]",
      "total-ns": 1195217
    },
    {
      "raw": "df.head()",
      "total-ns": 346963
    },
    {
      "raw": "df.drop([\"Total charge\", \"Total day calls\"], axis=1, inplace=True)",
      "total-ns": 1181576
    },
    {
      "raw": "df.head()",
      "total-ns": 356450
    },
    {
      "raw": "",
      "total-ns": 72271
    },
    {
      "raw": "",
      "total-ns": 54841
    },
    {
      "raw": "",
      "total-ns": 60148
    },
    {
      "raw": "",
      "total-ns": 47688
    }
  ]
}