{
  "cells": [
    {
      "raw": "# This Python 3 environment comes with many helpful analytics libraries installed\n# It is defined by the kaggle/python Docker image: https://github.com/kaggle/docker-python\n# For example, here's several helpful packages to load\n\nimport numpy as np # linear algebra\n\nimport pandas as pd\nimport functools\n\nimport os\nos.environ[\"MODIN_ENGINE\"] = \"ray\"\nimport ray\nos.environ['MODIN_CPUS'] = \"4\"\nray.init(num_cpus=4, runtime_env={'env_vars': {'__MODIN_AUTOIMPORT_PANDAS__': '1'}})\nimport modin.pandas as modin_pd\n\n\nos.environ[\"USE_MODIN\"]=\"True\"\n\nfrom typing import Dict, List, Optional, Tuple, Any, Literal, Callable\nfrom pandas._typing import AggFuncType, Axis, IndexLabel, Suffixes\n\n_CS598_save_DataFrame_apply = pd.DataFrame.apply\n_CS598_save_DataFrame_merge = pd.DataFrame.merge\n_CS598_save_Series_apply = pd.Series.apply\n_CS598_save_to_datetime = pd.to_datetime\n\ndef _CS598_Series_apply(self, func: AggFuncType, convert_dtype: bool = True,\n                        args: tuple[Any, ...] = (), **kwargs):\n  default_call = functools.partial(_CS598_save_Series_apply, self, func, convert_dtype, args, **kwargs)\n  assert isinstance(self, pd.Series)\n  \n  if os.environ[\"USE_MODIN\"] == \"True\":\n    modin_ser = modin_pd.Series(self)\n    # TODO: We need a generic way to deal with this.\n    # Problem: pd.numeric is passed which doesn't work on a modin dataframe.\n    if func == pd.to_numeric:\n      assert false\n      func = modin_pd.to_numeric\n    modin_res = modin_ser.apply(func, convert_dtype, args, **kwargs)\n    return modin_res._to_pandas()\n  return default_call()\n\ndef _CS598_DataFrame_apply(\n    self,\n    func: AggFuncType,\n    axis: Axis = 0,\n    raw: bool = False,\n    result_type: Literal[\"expand\", \"reduce\", \"broadcast\"] | None = None,\n    args=(),\n    **kwargs,\n):\n  default_call = functools.partial(_CS598_save_DataFrame_apply, self, func, axis, raw, result_type, args, **kwargs)\n  assert isinstance(self, pd.DataFrame)\n  \n  if os.environ[\"USE_MODIN\"] == \"True\":\n    modin_df = modin_pd.DataFrame(self)\n    modin_res = modin_df.apply(func, axis, raw, result_type, args, **kwargs)\n    return modin_res._to_pandas()\n  return default_call()\n\ndef _CS598_DataFrame_merge(\n    self,\n    right: pd.DataFrame | pd.Series,\n    how: str = \"inner\",\n    on: IndexLabel | None = None,\n    left_on: IndexLabel | None = None,\n    right_on: IndexLabel | None = None,\n    left_index: bool = False,\n    right_index: bool = False,\n    sort: bool = False,\n    suffixes: Suffixes = (\"_x\", \"_y\"),\n    copy: bool = True,\n    indicator: bool = False,\n    validate: str | None = None,\n) -> pd.DataFrame:\n  assert isinstance(self, pd.DataFrame)        \n  default_call = functools.partial(_CS598_save_DataFrame_merge, self, right, how, on, \n      left_on, right_on, left_index, right_index, sort, suffixes, copy, indicator, validate)\n  \n  if os.environ[\"USE_MODIN\"] == \"True\":\n    modin_df = modin_pd.DataFrame(self)\n    modin_res = modin_df.merge(right, how, on, \n      left_on, right_on, left_index, right_index, sort, suffixes, copy, indicator, validate)\n    return modin_res._to_pandas()\n  return default_call()\n\n\ndef _CS598_to_datetime(\n    arg,\n    errors = \"raise\",\n    dayfirst: bool = False,\n    yearfirst: bool = False,\n    utc: bool | None = None,\n    format: str | None = None,\n    exact: bool = True,\n    unit: str | None = None,\n    infer_datetime_format: bool = False,\n    origin=\"unix\",\n    cache: bool = True,\n):\n  default_call = functools.partial(_CS598_save_to_datetime, arg, errors, dayfirst,\n      yearfirst, utc, format, exact, unit,infer_datetime_format, origin, cache)\n  \n  if os.environ[\"USE_MODIN\"] == \"True\":\n    if type(arg) == pd.DataFrame:\n      arg = modin_pd.DataFrame(arg)\n    elif type(arg) == pd.Series:\n      arg = modin_pd.Series(arg)\n\n    modin_res = modin_pd.to_datetime(arg, errors, dayfirst,\n      yearfirst, utc, format, exact, unit,infer_datetime_format, origin, cache)\n    return modin_res._to_pandas()\n  return default_call()\n\nassert pd.Series.apply != _CS598_Series_apply\nassert pd.DataFrame.apply != _CS598_DataFrame_apply\nassert pd.DataFrame.merge != _CS598_DataFrame_merge\nassert pd.to_datetime != _CS598_to_datetime\n# Overwriting is not trivial. Thanks to:\n# https://github.com/lux-org/lux/blob/550a2eca90b26c944ebe8600df7a51907bc851be/lux/core/__init__.py#L27\npd.Series.apply = pd.core.frame.Series.apply = pd.core.series.Series.apply = _CS598_Series_apply\npd.DataFrame.apply = pd.core.frame.DataFrame.apply = _CS598_DataFrame_apply\npd.DataFrame.merge = pd.core.frame.DataFrame.merge = _CS598_save_DataFrame_merge\npd.to_datetime = _CS598_to_datetime\nimport seaborn as sns \nimport matplotlib.pyplot as plt\n\n# Input data files are available in the read-only \"../input/\" directory\n# For example, running this (by clicking run or pressing Shift+Enter) will list all files under the input directory\n\nimport os\nfor dirname, _, filenames in os.walk('/kaggle/input'):\n    for filename in filenames:\n        print(os.path.join(dirname, filename))\n\n# You can write up to 20GB to the current directory (/kaggle/working/) that gets preserved as output when you create a version using \"Save & Run All\" \n# You can also write temporary files to /kaggle/temp/, but they won't be saved outside of the current session",
      "total-ns": 4839291313,
      "vars": {},
      "p2m": {},
      "m2p": {}
    },
    {
      "raw": "data = pd.read_csv(\"../input/Billionaires Statistics Dataset.csv\", index_col=\"rank\")",
      "total-ns": 25572259,
      "vars": {
        "data": 3218009
      },
      "p2m": {},
      "m2p": {}
    },
    {
      "raw": "df = data\nintended_df_size_in_MB = 256\nfactor = intended_df_size_in_MB*(2**20)/df.memory_usage(index=True).sum()\nif int(factor) > 0:\n    df = pd.concat([df]*int(factor), ignore_index=True)\nelse:\n    rowCount = int(df.shape[0]*factor)\n    df = df[0:rowCount]\ndata = df\ndata.info()",
      "total-ns": 2245697079,
      "vars": {
        "data": 1189236900,
        "df": 1189236900
      },
      "p2m": {},
      "m2p": {}
    },
    {
      "raw": "data.head(5)",
      "total-ns": 634399,
      "vars": {
        "data": 1189236900,
        "df": 1189236900
      },
      "p2m": {},
      "m2p": {}
    },
    {
      "raw": "data.describe()",
      "total-ns": 713999310,
      "vars": {
        "data": 1189236900,
        "df": 1189236900
      },
      "p2m": {},
      "m2p": {}
    },
    {
      "raw": "country_names =data[\"country\"].value_counts() #List of how many billionaires there are in the country",
      "total-ns": 34967839,
      "vars": {
        "data": 1189236900,
        "df": 1189236900,
        "country_names": 5736
      },
      "p2m": {},
      "m2p": {}
    },
    {
      "raw": "country_names ",
      "total-ns": 661840,
      "vars": {
        "data": 1189236900,
        "df": 1189236900,
        "country_names": 5736
      },
      "p2m": {},
      "m2p": {}
    },
    {
      "raw": "data_100 = data.loc[:100,[\"finalWorth\",\"category\",\"country\"]]\n",
      "total-ns": 1301680,
      "vars": {
        "data": 1189236900,
        "df": 1189236900,
        "country_names": 5736,
        "data_100": 14812
      },
      "p2m": {},
      "m2p": {}
    },
    {
      "raw": "data_100_category = data_100[\"category\"].value_counts()",
      "total-ns": 967770,
      "vars": {
        "data": 1189236900,
        "df": 1189236900,
        "country_names": 5736,
        "data_100": 14812,
        "data_100_category": 1256
      },
      "p2m": {},
      "m2p": {}
    },
    {
      "raw": "data_usa = data[data[\"country\"]== \"United States\"] #We focus on billionaires based in United States\n",
      "total-ns": 556002662,
      "vars": {
        "data": 1189236900,
        "df": 1189236900,
        "country_names": 5736,
        "data_100": 14812,
        "data_100_category": 1256,
        "data_usa": 363623692
      },
      "p2m": {},
      "m2p": {}
    },
    {
      "raw": "data_usa_category = data_usa[\"category\"].value_counts()\ndata_usa_category",
      "total-ns": 10394030,
      "vars": {
        "data": 1189236900,
        "df": 1189236900,
        "country_names": 5736,
        "data_100": 14812,
        "data_100_category": 1256,
        "data_usa": 363623692,
        "data_usa_category": 1418
      },
      "p2m": {},
      "m2p": {}
    },
    {
      "raw": "data_usa_city = data_usa[\"city\"].value_counts()\nprint(data_usa_city)\ndata_usa_city.info()",
      "total-ns": 14211570,
      "vars": {
        "data": 1189236900,
        "df": 1189236900,
        "country_names": 5736,
        "data_100": 14812,
        "data_100_category": 1256,
        "data_usa": 363623692,
        "data_usa_category": 1418,
        "data_usa_city": 19981
      },
      "p2m": {},
      "m2p": {}
    },
    {
      "raw": "data.head(5)",
      "total-ns": 719009,
      "vars": {
        "data": 1189236900,
        "df": 1189236900,
        "country_names": 5736,
        "data_100": 14812,
        "data_100_category": 1256,
        "data_usa": 363623692,
        "data_usa_category": 1418,
        "data_usa_city": 19981
      },
      "p2m": {},
      "m2p": {}
    },
    {
      "raw": "category_list = list(data.category.unique())\ncategory_list",
      "total-ns": 41783579,
      "vars": {
        "data": 1189236900,
        "df": 1189236900,
        "country_names": 5736,
        "data_100": 14812,
        "data_100_category": 1256,
        "data_usa": 363623692,
        "data_usa_category": 1418,
        "data_usa_city": 19981
      },
      "p2m": {},
      "m2p": {}
    },
    {
      "raw": "data.finalWorth = data.finalWorth.astype(float)\nworth_average = []\nfor i in category_list:\n    x = data[data['category']==i]\n    worth_ratio = sum(x.finalWorth)/len(x)\n    worth_average.append(worth_ratio)\ndata2 = pd.DataFrame({'category_list': category_list,'worth_average':worth_average})\nnew_index = (data2['worth_average'].sort_values(ascending=False)).index.values\nnew_data = data2.reindex(new_index)",
      "total-ns": 1451909140,
      "vars": {
        "data": 1189236900,
        "df": 1189236900,
        "country_names": 5736,
        "data_100": 14812,
        "data_100_category": 1256,
        "data_usa": 363623692,
        "data_usa_category": 1418,
        "data_usa_city": 19981,
        "x": 18385744,
        "data2": 1546,
        "new_data": 1562
      },
      "p2m": {},
      "m2p": {}
    },
    {
      "raw": "data3 =data.dropna(axis=\"index\",how=\"any\",inplace=False) # \u0131 created new df because so many nan values was exist",
      "total-ns": 1600481287,
      "vars": {
        "data": 1189236900,
        "df": 1189236900,
        "country_names": 5736,
        "data_100": 14812,
        "data_100_category": 1256,
        "data_usa": 363623692,
        "data_usa_category": 1418,
        "data_usa_city": 19981,
        "x": 18385744,
        "data2": 1546,
        "new_data": 1562,
        "data3": 119604712
      },
      "p2m": {},
      "m2p": {}
    },
    {
      "raw": "data3.head() ",
      "total-ns": 860460,
      "vars": {
        "data": 1189236900,
        "df": 1189236900,
        "country_names": 5736,
        "data_100": 14812,
        "data_100_category": 1256,
        "data_usa": 363623692,
        "data_usa_category": 1418,
        "data_usa_city": 19981,
        "x": 18385744,
        "data2": 1546,
        "new_data": 1562,
        "data3": 119604712
      },
      "p2m": {},
      "m2p": {}
    },
    {
      "raw": "data3.info() #in the new df we have 238 rows for each column",
      "total-ns": 148441518,
      "vars": {
        "data": 1189236900,
        "df": 1189236900,
        "country_names": 5736,
        "data_100": 14812,
        "data_100_category": 1256,
        "data_usa": 363623692,
        "data_usa_category": 1418,
        "data_usa_city": 19981,
        "x": 18385744,
        "data2": 1546,
        "new_data": 1562,
        "data3": 119604712
      },
      "p2m": {},
      "m2p": {}
    },
    {
      "raw": "data3.country.unique()  # and 238 billionaires in usa, others deleted.",
      "total-ns": 3592941,
      "vars": {
        "data": 1189236900,
        "df": 1189236900,
        "country_names": 5736,
        "data_100": 14812,
        "data_100_category": 1256,
        "data_usa": 363623692,
        "data_usa_category": 1418,
        "data_usa_city": 19981,
        "x": 18385744,
        "data2": 1546,
        "new_data": 1562,
        "data3": 119604712
      },
      "p2m": {},
      "m2p": {}
    }
  ]
}