{
  "cells": [
    {
      "raw": "# This Python 3 environment comes with many helpful analytics libraries installed\n# It is defined by the kaggle/python Docker image: https://github.com/kaggle/docker-python\n# For example, here's several helpful packages to load\n\nimport numpy as np # linear algebra\n\nimport pandas as pd\nimport functools\n\nimport os\nos.environ[\"MODIN_ENGINE\"] = \"ray\"\nimport ray\nos.environ['MODIN_CPUS'] = \"4\"\nray.init(num_cpus=4, runtime_env={'env_vars': {'__MODIN_AUTOIMPORT_PANDAS__': '1'}})\nimport modin.pandas as modin_pd\n\n\nos.environ[\"USE_MODIN\"]=\"True\"\n\nfrom typing import Dict, List, Optional, Tuple, Any, Literal, Callable\nfrom pandas._typing import AggFuncType, Axis, IndexLabel, Suffixes\n\n_CS598_save_DataFrame_apply = pd.DataFrame.apply\n_CS598_save_DataFrame_merge = pd.DataFrame.merge\n_CS598_save_Series_apply = pd.Series.apply\n_CS598_save_to_datetime = pd.to_datetime\n\ndef _CS598_Series_apply(self, func: AggFuncType, convert_dtype: bool = True,\n                        args: tuple[Any, ...] = (), **kwargs):\n  default_call = functools.partial(_CS598_save_Series_apply, self, func, convert_dtype, args, **kwargs)\n  assert isinstance(self, pd.Series)\n  \n  if os.environ[\"USE_MODIN\"] == \"True\":\n    modin_ser = modin_pd.Series(self)\n    # TODO: We need a generic way to deal with this.\n    # Problem: pd.numeric is passed which doesn't work on a modin dataframe.\n    if func == pd.to_numeric:\n      assert false\n      func = modin_pd.to_numeric\n    modin_res = modin_ser.apply(func, convert_dtype, args, **kwargs)\n    return modin_res._to_pandas()\n  return default_call()\n\ndef _CS598_DataFrame_apply(\n    self,\n    func: AggFuncType,\n    axis: Axis = 0,\n    raw: bool = False,\n    result_type: Literal[\"expand\", \"reduce\", \"broadcast\"] | None = None,\n    args=(),\n    **kwargs,\n):\n  default_call = functools.partial(_CS598_save_DataFrame_apply, self, func, axis, raw, result_type, args, **kwargs)\n  assert isinstance(self, pd.DataFrame)\n  \n  if os.environ[\"USE_MODIN\"] == \"True\":\n    modin_df = modin_pd.DataFrame(self)\n    modin_res = modin_df.apply(func, axis, raw, result_type, args, **kwargs)\n    return modin_res._to_pandas()\n  return default_call()\n\ndef _CS598_DataFrame_merge(\n    self,\n    right: pd.DataFrame | pd.Series,\n    how: str = \"inner\",\n    on: IndexLabel | None = None,\n    left_on: IndexLabel | None = None,\n    right_on: IndexLabel | None = None,\n    left_index: bool = False,\n    right_index: bool = False,\n    sort: bool = False,\n    suffixes: Suffixes = (\"_x\", \"_y\"),\n    copy: bool = True,\n    indicator: bool = False,\n    validate: str | None = None,\n) -> pd.DataFrame:\n  assert isinstance(self, pd.DataFrame)        \n  default_call = functools.partial(_CS598_save_DataFrame_merge, self, right, how, on, \n      left_on, right_on, left_index, right_index, sort, suffixes, copy, indicator, validate)\n  \n  if os.environ[\"USE_MODIN\"] == \"True\":\n    modin_df = modin_pd.DataFrame(self)\n    modin_res = modin_df.merge(right, how, on, \n      left_on, right_on, left_index, right_index, sort, suffixes, copy, indicator, validate)\n    return modin_res._to_pandas()\n  return default_call()\n\n\ndef _CS598_to_datetime(\n    arg,\n    errors = \"raise\",\n    dayfirst: bool = False,\n    yearfirst: bool = False,\n    utc: bool | None = None,\n    format: str | None = None,\n    exact: bool = True,\n    unit: str | None = None,\n    infer_datetime_format: bool = False,\n    origin=\"unix\",\n    cache: bool = True,\n):\n  default_call = functools.partial(_CS598_save_to_datetime, arg, errors, dayfirst,\n      yearfirst, utc, format, exact, unit,infer_datetime_format, origin, cache)\n  \n  if os.environ[\"USE_MODIN\"] == \"True\":\n    if type(arg) == pd.DataFrame:\n      arg = modin_pd.DataFrame(arg)\n    elif type(arg) == pd.Series:\n      arg = modin_pd.Series(arg)\n\n    modin_res = modin_pd.to_datetime(arg, errors, dayfirst,\n      yearfirst, utc, format, exact, unit,infer_datetime_format, origin, cache)\n    return modin_res._to_pandas()\n  return default_call()\n\nassert pd.Series.apply != _CS598_Series_apply\nassert pd.DataFrame.apply != _CS598_DataFrame_apply\nassert pd.DataFrame.merge != _CS598_DataFrame_merge\nassert pd.to_datetime != _CS598_to_datetime\n# Overwriting is not trivial. Thanks to:\n# https://github.com/lux-org/lux/blob/550a2eca90b26c944ebe8600df7a51907bc851be/lux/core/__init__.py#L27\npd.Series.apply = pd.core.frame.Series.apply = pd.core.series.Series.apply = _CS598_Series_apply\npd.DataFrame.apply = pd.core.frame.DataFrame.apply = _CS598_DataFrame_apply\npd.DataFrame.merge = pd.core.frame.DataFrame.merge = _CS598_save_DataFrame_merge\npd.to_datetime = _CS598_to_datetime\n# Input data files are available in the read-only \"../input/\" directory\n# For example, running this (by clicking run or pressing Shift+Enter) will list all files under the input directory\n\nimport os\nfor dirname, _, filenames in os.walk('../input'):\n    for filename in filenames:\n        print(os.path.join(dirname, filename))\n        \n        \n# You can write up to 5GB to the current directory (/kaggle/working/) that gets preserved as output when you create a version using \"Save & Run All\" \n# You can also write temporary files to /kaggle/temp/, but they won't be saved outside of the current session",
      "total-ns": 2654477482,
      "vars": {},
      "p2m": {},
      "m2p": {}
    },
    {
      "raw": "training = pd.read_csv('../input/train.csv')\ntest = pd.read_csv('../input/test.csv')",
      "total-ns": 16708210,
      "vars": {
        "training": 322604,
        "test": 148290
      },
      "p2m": {},
      "m2p": {}
    },
    {
      "raw": "df = training\nintended_df_size_in_MB = 256\nfactor = intended_df_size_in_MB*(2**20)/(training.memory_usage(index=True).sum()+test.memory_usage(index=True).sum())\nif int(factor) > 0:\n    df = pd.concat([df]*int(factor), ignore_index=True)\nelse:\n    rowCount = int(df.shape[0]*factor)\n    df = df[0:rowCount]\ntraining = df\n\ndf = test\nif int(factor) > 0:\n    df = pd.concat([df]*int(factor), ignore_index=True)\nelse:\n    rowCount = int(df.shape[0]*factor)\n    df = df[0:rowCount]\ntest = df\n    \ntraining.info()\ntest.info()",
      "total-ns": 2470479325,
      "vars": {
        "training": 705865084,
        "test": 324291738,
        "df": 324291738
      },
      "p2m": {},
      "m2p": {}
    },
    {
      "raw": "training['train_test'] = 1\ntest['train_test'] = 0\ntest['Survived'] = np.NaN\nall_data = pd.concat([training,test])\n\nall_data.columns",
      "total-ns": 216329397,
      "vars": {
        "training": 721468276,
        "test": 338931770,
        "df": 338931770,
        "all_data": 1083322982
      },
      "p2m": {},
      "m2p": {}
    },
    {
      "raw": "# Understand nature of the data .info() .describe()\n# Histograms and boxplots \n# Value counts \n# Missing data \n# Correlation between the metrics \n# Explore interesting themes \n    # Wealthy survive? \n    # By location \n    # Age scatterplot with ticket price \n    # Young and wealthy Variable? \n    # Total spent? \n# Feature engineering \n# preprocess data together or use a transformer? \n    # use label for train and test   \n# Scaling?\n\n# Model Baseline \n# Model comparison with CV ",
      "total-ns": 345140,
      "vars": {
        "training": 721468276,
        "test": 338931770,
        "df": 338931770,
        "all_data": 1083322982
      },
      "p2m": {},
      "m2p": {}
    },
    {
      "raw": "#quick look at our data types & null counts \ntraining.info()",
      "total-ns": 4782819,
      "vars": {
        "training": 721468276,
        "test": 338931770,
        "df": 338931770,
        "all_data": 1083322982
      },
      "p2m": {},
      "m2p": {}
    },
    {
      "raw": "# to better understand the numeric data, we want to use the .describe() method. This gives us an understanding of the central tendencies of the data \ntraining.describe()",
      "total-ns": 469816953,
      "vars": {
        "training": 721468276,
        "test": 338931770,
        "df": 338931770,
        "all_data": 1083322982
      },
      "p2m": {},
      "m2p": {}
    },
    {
      "raw": "#quick way to separate numeric columns\ntraining.describe().columns",
      "total-ns": 456865043,
      "vars": {
        "training": 721468276,
        "test": 338931770,
        "df": 338931770,
        "all_data": 1083322982
      },
      "p2m": {},
      "m2p": {}
    },
    {
      "raw": "# look at numeric and categorical values separately \ndf_num = training[['Age','SibSp','Parch','Fare']]\ndf_cat = training[['Survived','Pclass','Sex','Ticket','Cabin','Embarked']]",
      "total-ns": 297545266,
      "vars": {
        "training": 721468276,
        "test": 338931770,
        "df": 338931770,
        "all_data": 1083322982,
        "df_num": 62412912,
        "df_cat": 464083467
      },
      "p2m": {},
      "m2p": {}
    },
    {
      "raw": "",
      "total-ns": 301981,
      "vars": {
        "training": 721468276,
        "test": 338931770,
        "df": 338931770,
        "all_data": 1083322982,
        "df_num": 62412912,
        "df_cat": 464083467
      },
      "p2m": {},
      "m2p": {}
    },
    {
      "raw": "",
      "total-ns": 181920,
      "vars": {
        "training": 721468276,
        "test": 338931770,
        "df": 338931770,
        "all_data": 1083322982,
        "df_num": 62412912,
        "df_cat": 464083467
      },
      "p2m": {},
      "m2p": {}
    },
    {
      "raw": "",
      "total-ns": 259299,
      "vars": {
        "training": 721468276,
        "test": 338931770,
        "df": 338931770,
        "all_data": 1083322982,
        "df_num": 62412912,
        "df_cat": 464083467
      },
      "p2m": {},
      "m2p": {}
    },
    {
      "raw": "\n    ",
      "total-ns": 181120,
      "vars": {
        "training": 721468276,
        "test": 338931770,
        "df": 338931770,
        "all_data": 1083322982,
        "df_num": 62412912,
        "df_cat": 464083467
      },
      "p2m": {},
      "m2p": {}
    },
    {
      "raw": "# Comparing survival and each of these categorical variables \nprint(pd.pivot_table(training, index = 'Survived', columns = 'Pclass', values = 'Ticket' ,aggfunc ='count'))\nprint()\nprint(pd.pivot_table(training, index = 'Survived', columns = 'Sex', values = 'Ticket' ,aggfunc ='count'))\nprint()\nprint(pd.pivot_table(training, index = 'Survived', columns = 'Embarked', values = 'Ticket' ,aggfunc ='count'))",
      "total-ns": 116160921702,
      "vars": {
        "training": 721468276,
        "test": 338931770,
        "df": 338931770,
        "all_data": 1083322982,
        "df_num": 62412912,
        "df_cat": 464083467
      },
      "p2m": {},
      "m2p": {}
    },
    {
      "raw": "df_cat.Cabin\ntraining['cabin_multiple'] = training.Cabin.apply(lambda x: 0 if pd.isna(x) else len(x.split(' ')))\n# after looking at this, we may want to look at cabin by letter or by number. Let's create some categories for this \n# letters \n# multiple letters \ntraining['cabin_multiple'].value_counts()",
      "total-ns": 15324013198,
      "vars": {
        "training": 737071468,
        "test": 338931770,
        "df": 338931770,
        "all_data": 1083322982,
        "df_num": 62412912,
        "df_cat": 464083467
      },
      "p2m": {},
      "m2p": {}
    },
    {
      "raw": "pd.pivot_table(training, index = 'Survived', columns = 'cabin_multiple', values = 'Ticket' ,aggfunc ='count')",
      "total-ns": 350849465,
      "vars": {
        "training": 737071468,
        "test": 338931770,
        "df": 338931770,
        "all_data": 1083322982,
        "df_num": 62412912,
        "df_cat": 464083467
      },
      "p2m": {},
      "m2p": {}
    },
    {
      "raw": "#creates categories based on the cabin letter (n stands for null)\n#in this case we will treat null values like it's own category\n\ntraining['cabin_adv'] = training.Cabin.apply(lambda x: str(x)[0])\n",
      "total-ns": 11513908641,
      "vars": {
        "training": 850194610,
        "test": 338931770,
        "df": 338931770,
        "all_data": 1083322982,
        "df_num": 62412912,
        "df_cat": 464083467
      },
      "p2m": {},
      "m2p": {}
    },
    {
      "raw": "#comparing surivial rate by cabin\nprint(training.cabin_adv.value_counts())\npd.pivot_table(training,index='Survived',columns='cabin_adv', values = 'Name', aggfunc='count')",
      "total-ns": 678800530,
      "vars": {
        "training": 850194610,
        "test": 338931770,
        "df": 338931770,
        "all_data": 1083322982,
        "df_num": 62412912,
        "df_cat": 464083467
      },
      "p2m": {},
      "m2p": {}
    },
    {
      "raw": "#understand ticket values better \n#numeric vs non numeric \ntraining['numeric_ticket'] = training.Ticket.apply(lambda x: 1 if x.isnumeric() else 0)\ntraining['ticket_letters'] = training.Ticket.apply(lambda x: ''.join(x.split(' ')[:-1]).replace('.','').replace('/','').lower() if len(x.split(' ')[:-1]) >0 else 0)\n",
      "total-ns": 23317561937,
      "vars": {
        "training": 942123854,
        "test": 338931770,
        "df": 338931770,
        "all_data": 1083322982,
        "df_num": 62412912,
        "df_cat": 464083467
      },
      "p2m": {},
      "m2p": {}
    },
    {
      "raw": "training['numeric_ticket'].value_counts()",
      "total-ns": 9535289,
      "vars": {
        "training": 942123854,
        "test": 338931770,
        "df": 338931770,
        "all_data": 1083322982,
        "df_num": 62412912,
        "df_cat": 464083467
      },
      "p2m": {},
      "m2p": {}
    },
    {
      "raw": "#lets us view all rows in dataframe through scrolling. This is for convenience \ntraining['ticket_letters'].value_counts()\n",
      "total-ns": 89371789,
      "vars": {
        "training": 942123854,
        "test": 338931770,
        "df": 338931770,
        "all_data": 1083322982,
        "df_num": 62412912,
        "df_cat": 464083467
      },
      "p2m": {},
      "m2p": {}
    },
    {
      "raw": "#difference in numeric vs non-numeric tickets in survival rate \npd.pivot_table(training,index='Survived',columns='numeric_ticket', values = 'Ticket', aggfunc='count')",
      "total-ns": 668973301,
      "vars": {
        "training": 942123854,
        "test": 338931770,
        "df": 338931770,
        "all_data": 1083322982,
        "df_num": 62412912,
        "df_cat": 464083467
      },
      "p2m": {},
      "m2p": {}
    },
    {
      "raw": "#survival rate across different tyicket types \npd.pivot_table(training,index='Survived',columns='ticket_letters', values = 'Ticket', aggfunc='count')",
      "total-ns": 384656314,
      "vars": {
        "training": 942123854,
        "test": 338931770,
        "df": 338931770,
        "all_data": 1083322982,
        "df_num": 62412912,
        "df_cat": 464083467
      },
      "p2m": {},
      "m2p": {}
    },
    {
      "raw": "#feature engineering on person's title \ntraining.Name.head(50)\ntraining['name_title'] = training.Name.apply(lambda x: x.split(',')[1].split('.')[0].strip())\n#mr., ms., master. etc",
      "total-ns": 12315291619,
      "vars": {
        "training": 1058707805,
        "test": 338931770,
        "df": 338931770,
        "all_data": 1083322982,
        "df_num": 62412912,
        "df_cat": 464083467
      },
      "p2m": {},
      "m2p": {}
    },
    {
      "raw": "training['name_title'].value_counts()",
      "total-ns": 116016178,
      "vars": {
        "training": 1058707805,
        "test": 338931770,
        "df": 338931770,
        "all_data": 1083322982,
        "df_num": 62412912,
        "df_cat": 464083467
      },
      "p2m": {},
      "m2p": {}
    },
    {
      "raw": "#create all categorical variables that we did above for both training and test sets \nall_data['cabin_multiple'] = all_data.Cabin.apply(lambda x: 0 if pd.isna(x) else len(x.split(' ')))\nall_data['cabin_adv'] = all_data.Cabin.apply(lambda x: str(x)[0])\nall_data['numeric_ticket'] = all_data.Ticket.apply(lambda x: 1 if x.isnumeric() else 0)\nall_data['ticket_letters'] = all_data.Ticket.apply(lambda x: ''.join(x.split(' ')[:-1]).replace('.','').replace('/','').lower() if len(x.split(' ')[:-1]) >0 else 0)\nall_data['name_title'] = all_data.Name.apply(lambda x: x.split(',')[1].split('.')[0].strip())\n\n#impute nulls for continuous data \n#all_data.Age = all_data.Age.fillna(training.Age.mean())\nall_data.Age = all_data.Age.fillna(training.Age.median())\n#all_data.Fare = all_data.Fare.fillna(training.Fare.mean())\nall_data.Fare = all_data.Fare.fillna(training.Fare.median())\n\n#drop null 'embarked' rows. Only 2 instances of this in training and 0 in test \nall_data.dropna(subset=['Embarked'],inplace = True)\n\n#tried log norm of sibsp (not used)\nall_data['norm_sibsp'] = np.log(all_data.SibSp+1)\n# all_data['norm_sibsp'].hist()\n\n# log norm of fare (used)\nall_data['norm_fare'] = np.log(all_data.Fare+1)\n# all_data['norm_fare'].hist()\n\n# converted fare to category for pd.get_dummies()\nall_data.Pclass = all_data.Pclass.astype(str)\n\n#created dummy variables from categories (also can use OneHotEncoder)\nall_dummies = pd.get_dummies(all_data[['Pclass','Sex','Age','SibSp','Parch','norm_fare','Embarked','cabin_adv','cabin_multiple','numeric_ticket','name_title','train_test']])\n\n#Split to train test again\nX_train = all_dummies[all_dummies.train_test == 1].drop(['train_test'], axis =1)\nX_test = all_dummies[all_dummies.train_test == 0].drop(['train_test'], axis =1)\n\n\ny_train = all_data[all_data.train_test==1].Survived\ny_train.shape",
      "total-ns": 81140377631,
      "vars": {
        "training": 1058707805,
        "test": 338931770,
        "df": 338931770,
        "all_data": 1766172776,
        "df_num": 62412912,
        "df_cat": 464083467,
        "all_dummies": 283241293,
        "X_train": 177087927,
        "X_test": 83265198,
        "y_train": 31136352
      },
      "p2m": {},
      "m2p": {}
    },
    {
      "raw": "# Scale data \nfrom sklearn.preprocessing import StandardScaler\nscale = StandardScaler()\nall_dummies_scaled = all_dummies.copy()\nall_dummies_scaled[['Age','SibSp','Parch','norm_fare']]= scale.fit_transform(all_dummies_scaled[['Age','SibSp','Parch','norm_fare']])\nall_dummies_scaled\n\nX_train_scaled = all_dummies_scaled[all_dummies_scaled.train_test == 1].drop(['train_test'], axis =1)\nX_test_scaled = all_dummies_scaled[all_dummies_scaled.train_test == 0].drop(['train_test'], axis =1)\n\ny_train = all_data[all_data.train_test==1].Survived\n",
      "total-ns": 22274192421,
      "vars": {
        "training": 1058707805,
        "test": 338931770,
        "df": 338931770,
        "all_data": 1766172776,
        "df_num": 62412912,
        "df_cat": 464083467,
        "all_dummies": 283241293,
        "X_train": 177087927,
        "X_test": 83265198,
        "y_train": 31136352,
        "all_dummies_scaled": 283241293,
        "X_train_scaled": 177087927,
        "X_test_scaled": 83265198
      },
      "p2m": {},
      "m2p": {}
    },
    {
      "raw": "",
      "total-ns": 294320,
      "vars": {
        "training": 1058707805,
        "test": 338931770,
        "df": 338931770,
        "all_data": 1766172776,
        "df_num": 62412912,
        "df_cat": 464083467,
        "all_dummies": 283241293,
        "X_train": 177087927,
        "X_test": 83265198,
        "y_train": 31136352,
        "all_dummies_scaled": 283241293,
        "X_train_scaled": 177087927,
        "X_test_scaled": 83265198
      },
      "p2m": {},
      "m2p": {}
    },
    {
      "raw": "",
      "total-ns": 189580,
      "vars": {
        "training": 1058707805,
        "test": 338931770,
        "df": 338931770,
        "all_data": 1766172776,
        "df_num": 62412912,
        "df_cat": 464083467,
        "all_dummies": 283241293,
        "X_train": 177087927,
        "X_test": 83265198,
        "y_train": 31136352,
        "all_dummies_scaled": 283241293,
        "X_train_scaled": 177087927,
        "X_test_scaled": 83265198
      },
      "p2m": {},
      "m2p": {}
    },
    {
      "raw": "",
      "total-ns": 260130,
      "vars": {
        "training": 1058707805,
        "test": 338931770,
        "df": 338931770,
        "all_data": 1766172776,
        "df_num": 62412912,
        "df_cat": 464083467,
        "all_dummies": 283241293,
        "X_train": 177087927,
        "X_test": 83265198,
        "y_train": 31136352,
        "all_dummies_scaled": 283241293,
        "X_train_scaled": 177087927,
        "X_test_scaled": 83265198
      },
      "p2m": {},
      "m2p": {}
    },
    {
      "raw": "",
      "total-ns": 226360,
      "vars": {
        "training": 1058707805,
        "test": 338931770,
        "df": 338931770,
        "all_data": 1766172776,
        "df_num": 62412912,
        "df_cat": 464083467,
        "all_dummies": 283241293,
        "X_train": 177087927,
        "X_test": 83265198,
        "y_train": 31136352,
        "all_dummies_scaled": 283241293,
        "X_train_scaled": 177087927,
        "X_test_scaled": 83265198
      },
      "p2m": {},
      "m2p": {}
    },
    {
      "raw": "",
      "total-ns": 170271,
      "vars": {
        "training": 1058707805,
        "test": 338931770,
        "df": 338931770,
        "all_data": 1766172776,
        "df_num": 62412912,
        "df_cat": 464083467,
        "all_dummies": 283241293,
        "X_train": 177087927,
        "X_test": 83265198,
        "y_train": 31136352,
        "all_dummies_scaled": 283241293,
        "X_train_scaled": 177087927,
        "X_test_scaled": 83265198
      },
      "p2m": {},
      "m2p": {}
    },
    {
      "raw": "",
      "total-ns": 271140,
      "vars": {
        "training": 1058707805,
        "test": 338931770,
        "df": 338931770,
        "all_data": 1766172776,
        "df_num": 62412912,
        "df_cat": 464083467,
        "all_dummies": 283241293,
        "X_train": 177087927,
        "X_test": 83265198,
        "y_train": 31136352,
        "all_dummies_scaled": 283241293,
        "X_train_scaled": 177087927,
        "X_test_scaled": 83265198
      },
      "p2m": {},
      "m2p": {}
    },
    {
      "raw": "",
      "total-ns": 228431,
      "vars": {
        "training": 1058707805,
        "test": 338931770,
        "df": 338931770,
        "all_data": 1766172776,
        "df_num": 62412912,
        "df_cat": 464083467,
        "all_dummies": 283241293,
        "X_train": 177087927,
        "X_test": 83265198,
        "y_train": 31136352,
        "all_dummies_scaled": 283241293,
        "X_train_scaled": 177087927,
        "X_test_scaled": 83265198
      },
      "p2m": {},
      "m2p": {}
    },
    {
      "raw": "",
      "total-ns": 334831,
      "vars": {
        "training": 1058707805,
        "test": 338931770,
        "df": 338931770,
        "all_data": 1766172776,
        "df_num": 62412912,
        "df_cat": 464083467,
        "all_dummies": 283241293,
        "X_train": 177087927,
        "X_test": 83265198,
        "y_train": 31136352,
        "all_dummies_scaled": 283241293,
        "X_train_scaled": 177087927,
        "X_test_scaled": 83265198
      },
      "p2m": {},
      "m2p": {}
    },
    {
      "raw": "",
      "total-ns": 249730,
      "vars": {
        "training": 1058707805,
        "test": 338931770,
        "df": 338931770,
        "all_data": 1766172776,
        "df_num": 62412912,
        "df_cat": 464083467,
        "all_dummies": 283241293,
        "X_train": 177087927,
        "X_test": 83265198,
        "y_train": 31136352,
        "all_dummies_scaled": 283241293,
        "X_train_scaled": 177087927,
        "X_test_scaled": 83265198
      },
      "p2m": {},
      "m2p": {}
    },
    {
      "raw": "",
      "total-ns": 205000,
      "vars": {
        "training": 1058707805,
        "test": 338931770,
        "df": 338931770,
        "all_data": 1766172776,
        "df_num": 62412912,
        "df_cat": 464083467,
        "all_dummies": 283241293,
        "X_train": 177087927,
        "X_test": 83265198,
        "y_train": 31136352,
        "all_dummies_scaled": 283241293,
        "X_train_scaled": 177087927,
        "X_test_scaled": 83265198
      },
      "p2m": {},
      "m2p": {}
    },
    {
      "raw": "",
      "total-ns": 190080,
      "vars": {
        "training": 1058707805,
        "test": 338931770,
        "df": 338931770,
        "all_data": 1766172776,
        "df_num": 62412912,
        "df_cat": 464083467,
        "all_dummies": 283241293,
        "X_train": 177087927,
        "X_test": 83265198,
        "y_train": 31136352,
        "all_dummies_scaled": 283241293,
        "X_train_scaled": 177087927,
        "X_test_scaled": 83265198
      },
      "p2m": {},
      "m2p": {}
    },
    {
      "raw": "",
      "total-ns": 263390,
      "vars": {
        "training": 1058707805,
        "test": 338931770,
        "df": 338931770,
        "all_data": 1766172776,
        "df_num": 62412912,
        "df_cat": 464083467,
        "all_dummies": 283241293,
        "X_train": 177087927,
        "X_test": 83265198,
        "y_train": 31136352,
        "all_dummies_scaled": 283241293,
        "X_train_scaled": 177087927,
        "X_test_scaled": 83265198
      },
      "p2m": {},
      "m2p": {}
    },
    {
      "raw": "",
      "total-ns": 192280,
      "vars": {
        "training": 1058707805,
        "test": 338931770,
        "df": 338931770,
        "all_data": 1766172776,
        "df_num": 62412912,
        "df_cat": 464083467,
        "all_dummies": 283241293,
        "X_train": 177087927,
        "X_test": 83265198,
        "y_train": 31136352,
        "all_dummies_scaled": 283241293,
        "X_train_scaled": 177087927,
        "X_test_scaled": 83265198
      },
      "p2m": {},
      "m2p": {}
    },
    {
      "raw": "",
      "total-ns": 223869,
      "vars": {
        "training": 1058707805,
        "test": 338931770,
        "df": 338931770,
        "all_data": 1766172776,
        "df_num": 62412912,
        "df_cat": 464083467,
        "all_dummies": 283241293,
        "X_train": 177087927,
        "X_test": 83265198,
        "y_train": 31136352,
        "all_dummies_scaled": 283241293,
        "X_train_scaled": 177087927,
        "X_test_scaled": 83265198
      },
      "p2m": {},
      "m2p": {}
    },
    {
      "raw": "",
      "total-ns": 308390,
      "vars": {
        "training": 1058707805,
        "test": 338931770,
        "df": 338931770,
        "all_data": 1766172776,
        "df_num": 62412912,
        "df_cat": 464083467,
        "all_dummies": 283241293,
        "X_train": 177087927,
        "X_test": 83265198,
        "y_train": 31136352,
        "all_dummies_scaled": 283241293,
        "X_train_scaled": 177087927,
        "X_test_scaled": 83265198
      },
      "p2m": {},
      "m2p": {}
    },
    {
      "raw": "",
      "total-ns": 323620,
      "vars": {
        "training": 1058707805,
        "test": 338931770,
        "df": 338931770,
        "all_data": 1766172776,
        "df_num": 62412912,
        "df_cat": 464083467,
        "all_dummies": 283241293,
        "X_train": 177087927,
        "X_test": 83265198,
        "y_train": 31136352,
        "all_dummies_scaled": 283241293,
        "X_train_scaled": 177087927,
        "X_test_scaled": 83265198
      },
      "p2m": {},
      "m2p": {}
    },
    {
      "raw": "",
      "total-ns": 187140,
      "vars": {
        "training": 1058707805,
        "test": 338931770,
        "df": 338931770,
        "all_data": 1766172776,
        "df_num": 62412912,
        "df_cat": 464083467,
        "all_dummies": 283241293,
        "X_train": 177087927,
        "X_test": 83265198,
        "y_train": 31136352,
        "all_dummies_scaled": 283241293,
        "X_train_scaled": 177087927,
        "X_test_scaled": 83265198
      },
      "p2m": {},
      "m2p": {}
    },
    {
      "raw": "",
      "total-ns": 251600,
      "vars": {
        "training": 1058707805,
        "test": 338931770,
        "df": 338931770,
        "all_data": 1766172776,
        "df_num": 62412912,
        "df_cat": 464083467,
        "all_dummies": 283241293,
        "X_train": 177087927,
        "X_test": 83265198,
        "y_train": 31136352,
        "all_dummies_scaled": 283241293,
        "X_train_scaled": 177087927,
        "X_test_scaled": 83265198
      },
      "p2m": {},
      "m2p": {}
    },
    {
      "raw": "",
      "total-ns": 245280,
      "vars": {
        "training": 1058707805,
        "test": 338931770,
        "df": 338931770,
        "all_data": 1766172776,
        "df_num": 62412912,
        "df_cat": 464083467,
        "all_dummies": 283241293,
        "X_train": 177087927,
        "X_test": 83265198,
        "y_train": 31136352,
        "all_dummies_scaled": 283241293,
        "X_train_scaled": 177087927,
        "X_test_scaled": 83265198
      },
      "p2m": {},
      "m2p": {}
    },
    {
      "raw": "",
      "total-ns": 182660,
      "vars": {
        "training": 1058707805,
        "test": 338931770,
        "df": 338931770,
        "all_data": 1766172776,
        "df_num": 62412912,
        "df_cat": 464083467,
        "all_dummies": 283241293,
        "X_train": 177087927,
        "X_test": 83265198,
        "y_train": 31136352,
        "all_dummies_scaled": 283241293,
        "X_train_scaled": 177087927,
        "X_test_scaled": 83265198
      },
      "p2m": {},
      "m2p": {}
    },
    {
      "raw": "#Because the total feature space is so large, I used a randomized search to narrow down the paramters for the model. I took the best model from this and did a more granular search \n\"\"\"\nrf = RandomForestClassifier(random_state = 1)\nparam_grid =  {'n_estimators': [100,500,1000], \n                                  'bootstrap': [True,False],\n                                  'max_depth': [3,5,10,20,50,75,100,None],\n                                  'max_features': ['auto','sqrt'],\n                                  'min_samples_leaf': [1,2,4,10],\n                                  'min_samples_split': [2,5,10]}\n                                  \nclf_rf_rnd = RandomizedSearchCV(rf, param_distributions = param_grid, n_iter = 100, cv = 5, verbose = True, n_jobs = -1)\nbest_clf_rf_rnd = clf_rf_rnd.fit(X_train_scaled,y_train)\nclf_performance(best_clf_rf_rnd,'Random Forest')\"\"\"",
      "total-ns": 743570,
      "vars": {
        "training": 1058707805,
        "test": 338931770,
        "df": 338931770,
        "all_data": 1766172776,
        "df_num": 62412912,
        "df_cat": 464083467,
        "all_dummies": 283241293,
        "X_train": 177087927,
        "X_test": 83265198,
        "y_train": 31136352,
        "all_dummies_scaled": 283241293,
        "X_train_scaled": 177087927,
        "X_test_scaled": 83265198
      },
      "p2m": {},
      "m2p": {}
    },
    {
      "raw": "",
      "total-ns": 203580,
      "vars": {
        "training": 1058707805,
        "test": 338931770,
        "df": 338931770,
        "all_data": 1766172776,
        "df_num": 62412912,
        "df_cat": 464083467,
        "all_dummies": 283241293,
        "X_train": 177087927,
        "X_test": 83265198,
        "y_train": 31136352,
        "all_dummies_scaled": 283241293,
        "X_train_scaled": 177087927,
        "X_test_scaled": 83265198
      },
      "p2m": {},
      "m2p": {}
    },
    {
      "raw": "",
      "total-ns": 252220,
      "vars": {
        "training": 1058707805,
        "test": 338931770,
        "df": 338931770,
        "all_data": 1766172776,
        "df_num": 62412912,
        "df_cat": 464083467,
        "all_dummies": 283241293,
        "X_train": 177087927,
        "X_test": 83265198,
        "y_train": 31136352,
        "all_dummies_scaled": 283241293,
        "X_train_scaled": 177087927,
        "X_test_scaled": 83265198
      },
      "p2m": {},
      "m2p": {}
    },
    {
      "raw": "\"\"\"xgb = XGBClassifier(random_state = 1)\n\nparam_grid = {\n    'n_estimators': [20, 50, 100, 250, 500,1000],\n    'colsample_bytree': [0.2, 0.5, 0.7, 0.8, 1],\n    'max_depth': [2, 5, 10, 15, 20, 25, None],\n    'reg_alpha': [0, 0.5, 1],\n    'reg_lambda': [1, 1.5, 2],\n    'subsample': [0.5,0.6,0.7, 0.8, 0.9],\n    'learning_rate':[.01,0.1,0.2,0.3,0.5, 0.7, 0.9],\n    'gamma':[0,.01,.1,1,10,100],\n    'min_child_weight':[0,.01,0.1,1,10,100],\n    'sampling_method': ['uniform', 'gradient_based']\n}\n\n#clf_xgb = GridSearchCV(xgb, param_grid = param_grid, cv = 5, verbose = True, n_jobs = -1)\n#best_clf_xgb = clf_xgb.fit(X_train_scaled,y_train)\n#clf_performance(best_clf_xgb,'XGB')\nclf_xgb_rnd = RandomizedSearchCV(xgb, param_distributions = param_grid, n_iter = 1000, cv = 5, verbose = True, n_jobs = -1)\nbest_clf_xgb_rnd = clf_xgb_rnd.fit(X_train_scaled,y_train)\nclf_performance(best_clf_xgb_rnd,'XGB')\"\"\"",
      "total-ns": 559261,
      "vars": {
        "training": 1058707805,
        "test": 338931770,
        "df": 338931770,
        "all_data": 1766172776,
        "df_num": 62412912,
        "df_cat": 464083467,
        "all_dummies": 283241293,
        "X_train": 177087927,
        "X_test": 83265198,
        "y_train": 31136352,
        "all_dummies_scaled": 283241293,
        "X_train_scaled": 177087927,
        "X_test_scaled": 83265198
      },
      "p2m": {},
      "m2p": {}
    },
    {
      "raw": "",
      "total-ns": 255810,
      "vars": {
        "training": 1058707805,
        "test": 338931770,
        "df": 338931770,
        "all_data": 1766172776,
        "df_num": 62412912,
        "df_cat": 464083467,
        "all_dummies": 283241293,
        "X_train": 177087927,
        "X_test": 83265198,
        "y_train": 31136352,
        "all_dummies_scaled": 283241293,
        "X_train_scaled": 177087927,
        "X_test_scaled": 83265198
      },
      "p2m": {},
      "m2p": {}
    },
    {
      "raw": "",
      "total-ns": 264590,
      "vars": {
        "training": 1058707805,
        "test": 338931770,
        "df": 338931770,
        "all_data": 1766172776,
        "df_num": 62412912,
        "df_cat": 464083467,
        "all_dummies": 283241293,
        "X_train": 177087927,
        "X_test": 83265198,
        "y_train": 31136352,
        "all_dummies_scaled": 283241293,
        "X_train_scaled": 177087927,
        "X_test_scaled": 83265198
      },
      "p2m": {},
      "m2p": {}
    },
    {
      "raw": "\n",
      "total-ns": 179991,
      "vars": {
        "training": 1058707805,
        "test": 338931770,
        "df": 338931770,
        "all_data": 1766172776,
        "df_num": 62412912,
        "df_cat": 464083467,
        "all_dummies": 283241293,
        "X_train": 177087927,
        "X_test": 83265198,
        "y_train": 31136352,
        "all_dummies_scaled": 283241293,
        "X_train_scaled": 177087927,
        "X_test_scaled": 83265198
      },
      "p2m": {},
      "m2p": {}
    },
    {
      "raw": "",
      "total-ns": 318631,
      "vars": {
        "training": 1058707805,
        "test": 338931770,
        "df": 338931770,
        "all_data": 1766172776,
        "df_num": 62412912,
        "df_cat": 464083467,
        "all_dummies": 283241293,
        "X_train": 177087927,
        "X_test": 83265198,
        "y_train": 31136352,
        "all_dummies_scaled": 283241293,
        "X_train_scaled": 177087927,
        "X_test_scaled": 83265198
      },
      "p2m": {},
      "m2p": {}
    },
    {
      "raw": "",
      "total-ns": 180960,
      "vars": {
        "training": 1058707805,
        "test": 338931770,
        "df": 338931770,
        "all_data": 1766172776,
        "df_num": 62412912,
        "df_cat": 464083467,
        "all_dummies": 283241293,
        "X_train": 177087927,
        "X_test": 83265198,
        "y_train": 31136352,
        "all_dummies_scaled": 283241293,
        "X_train_scaled": 177087927,
        "X_test_scaled": 83265198
      },
      "p2m": {},
      "m2p": {}
    },
    {
      "raw": "",
      "total-ns": 175469,
      "vars": {
        "training": 1058707805,
        "test": 338931770,
        "df": 338931770,
        "all_data": 1766172776,
        "df_num": 62412912,
        "df_cat": 464083467,
        "all_dummies": 283241293,
        "X_train": 177087927,
        "X_test": 83265198,
        "y_train": 31136352,
        "all_dummies_scaled": 283241293,
        "X_train_scaled": 177087927,
        "X_test_scaled": 83265198
      },
      "p2m": {},
      "m2p": {}
    },
    {
      "raw": "",
      "total-ns": 248570,
      "vars": {
        "training": 1058707805,
        "test": 338931770,
        "df": 338931770,
        "all_data": 1766172776,
        "df_num": 62412912,
        "df_cat": 464083467,
        "all_dummies": 283241293,
        "X_train": 177087927,
        "X_test": 83265198,
        "y_train": 31136352,
        "all_dummies_scaled": 283241293,
        "X_train_scaled": 177087927,
        "X_test_scaled": 83265198
      },
      "p2m": {},
      "m2p": {}
    },
    {
      "raw": "",
      "total-ns": 256050,
      "vars": {
        "training": 1058707805,
        "test": 338931770,
        "df": 338931770,
        "all_data": 1766172776,
        "df_num": 62412912,
        "df_cat": 464083467,
        "all_dummies": 283241293,
        "X_train": 177087927,
        "X_test": 83265198,
        "y_train": 31136352,
        "all_dummies_scaled": 283241293,
        "X_train_scaled": 177087927,
        "X_test_scaled": 83265198
      },
      "p2m": {},
      "m2p": {}
    },
    {
      "raw": "",
      "total-ns": 254860,
      "vars": {
        "training": 1058707805,
        "test": 338931770,
        "df": 338931770,
        "all_data": 1766172776,
        "df_num": 62412912,
        "df_cat": 464083467,
        "all_dummies": 283241293,
        "X_train": 177087927,
        "X_test": 83265198,
        "y_train": 31136352,
        "all_dummies_scaled": 283241293,
        "X_train_scaled": 177087927,
        "X_test_scaled": 83265198
      },
      "p2m": {},
      "m2p": {}
    }
  ]
}