{
  "cells": [
    {
      "raw": "import numpy as np \nimport os\n\nimport pandas as pd\nimport functools\n\nimport os\nos.environ[\"MODIN_ENGINE\"] = \"ray\"\nimport ray\nos.environ['MODIN_CPUS'] = \"4\"\nray.init(num_cpus=4, runtime_env={'env_vars': {'__MODIN_AUTOIMPORT_PANDAS__': '1'}})\nimport modin.pandas as modin_pd\n\n\nos.environ[\"USE_MODIN\"]=\"True\"\n\nfrom typing import Dict, List, Optional, Tuple, Any, Literal, Callable\nfrom pandas._typing import AggFuncType, Axis, IndexLabel, Suffixes\n\n_CS598_save_DataFrame_apply = pd.DataFrame.apply\n_CS598_save_DataFrame_merge = pd.DataFrame.merge\n_CS598_save_Series_apply = pd.Series.apply\n_CS598_save_to_datetime = pd.to_datetime\n\ndef _CS598_Series_apply(self, func: AggFuncType, convert_dtype: bool = True,\n                        args: tuple[Any, ...] = (), **kwargs):\n  default_call = functools.partial(_CS598_save_Series_apply, self, func, convert_dtype, args, **kwargs)\n  assert isinstance(self, pd.Series)\n  \n  if os.environ[\"USE_MODIN\"] == \"True\":\n    modin_ser = modin_pd.Series(self)\n    # TODO: We need a generic way to deal with this.\n    # Problem: pd.numeric is passed which doesn't work on a modin dataframe.\n    if func == pd.to_numeric:\n      assert false\n      func = modin_pd.to_numeric\n    modin_res = modin_ser.apply(func, convert_dtype, args, **kwargs)\n    return modin_res._to_pandas()\n  return default_call()\n\ndef _CS598_DataFrame_apply(\n    self,\n    func: AggFuncType,\n    axis: Axis = 0,\n    raw: bool = False,\n    result_type: Literal[\"expand\", \"reduce\", \"broadcast\"] | None = None,\n    args=(),\n    **kwargs,\n):\n  default_call = functools.partial(_CS598_save_DataFrame_apply, self, func, axis, raw, result_type, args, **kwargs)\n  assert isinstance(self, pd.DataFrame)\n  \n  if os.environ[\"USE_MODIN\"] == \"True\":\n    modin_df = modin_pd.DataFrame(self)\n    modin_res = modin_df.apply(func, axis, raw, result_type, args, **kwargs)\n    return modin_res._to_pandas()\n  return default_call()\n\ndef _CS598_DataFrame_merge(\n    self,\n    right: pd.DataFrame | pd.Series,\n    how: str = \"inner\",\n    on: IndexLabel | None = None,\n    left_on: IndexLabel | None = None,\n    right_on: IndexLabel | None = None,\n    left_index: bool = False,\n    right_index: bool = False,\n    sort: bool = False,\n    suffixes: Suffixes = (\"_x\", \"_y\"),\n    copy: bool = True,\n    indicator: bool = False,\n    validate: str | None = None,\n) -> pd.DataFrame:\n  assert isinstance(self, pd.DataFrame)        \n  default_call = functools.partial(_CS598_save_DataFrame_merge, self, right, how, on, \n      left_on, right_on, left_index, right_index, sort, suffixes, copy, indicator, validate)\n  \n  if os.environ[\"USE_MODIN\"] == \"True\":\n    modin_df = modin_pd.DataFrame(self)\n    modin_res = modin_df.merge(right, how, on, \n      left_on, right_on, left_index, right_index, sort, suffixes, copy, indicator, validate)\n    return modin_res._to_pandas()\n  return default_call()\n\n\ndef _CS598_to_datetime(\n    arg,\n    errors = \"raise\",\n    dayfirst: bool = False,\n    yearfirst: bool = False,\n    utc: bool | None = None,\n    format: str | None = None,\n    exact: bool = True,\n    unit: str | None = None,\n    infer_datetime_format: bool = False,\n    origin=\"unix\",\n    cache: bool = True,\n):\n  default_call = functools.partial(_CS598_save_to_datetime, arg, errors, dayfirst,\n      yearfirst, utc, format, exact, unit,infer_datetime_format, origin, cache)\n  \n  if os.environ[\"USE_MODIN\"] == \"True\":\n    if type(arg) == pd.DataFrame:\n      arg = modin_pd.DataFrame(arg)\n    elif type(arg) == pd.Series:\n      arg = modin_pd.Series(arg)\n\n    modin_res = modin_pd.to_datetime(arg, errors, dayfirst,\n      yearfirst, utc, format, exact, unit,infer_datetime_format, origin, cache)\n    return modin_res._to_pandas()\n  return default_call()\n\nassert pd.Series.apply != _CS598_Series_apply\nassert pd.DataFrame.apply != _CS598_DataFrame_apply\nassert pd.DataFrame.merge != _CS598_DataFrame_merge\nassert pd.to_datetime != _CS598_to_datetime\n# Overwriting is not trivial. Thanks to:\n# https://github.com/lux-org/lux/blob/550a2eca90b26c944ebe8600df7a51907bc851be/lux/core/__init__.py#L27\npd.Series.apply = pd.core.frame.Series.apply = pd.core.series.Series.apply = _CS598_Series_apply\npd.DataFrame.apply = pd.core.frame.DataFrame.apply = _CS598_DataFrame_apply\npd.DataFrame.merge = pd.core.frame.DataFrame.merge = _CS598_save_DataFrame_merge\npd.to_datetime = _CS598_to_datetime\nimport seaborn as sns\nimport matplotlib.pyplot as plt\nimport plotly.express as px\n\n# from wordcloud import WordCloud\nimport string",
      "total-ns": 4605419273,
      "vars": {},
      "p2m": {},
      "m2p": {}
    },
    {
      "raw": "df = pd.read_csv('../input/indian-startup-recognized-by-dpiit/Startup_Counts_Across_India.csv')\ndf.head().style.background_gradient(cmap='coolwarm')",
      "total-ns": 57255030,
      "vars": {
        "df": 959955
      },
      "p2m": {},
      "m2p": {}
    },
    {
      "raw": "df = df\nintended_df_size_in_MB = 256\nfactor = intended_df_size_in_MB*(2**20)/df.memory_usage(index=True).sum()\nif int(factor) > 0:\n    df = pd.concat([df]*int(factor), ignore_index=True)\nelse:\n    rowCount = int(df.shape[0]*factor)\n    df = df[0:rowCount]\ndf = df\ndf.info()",
      "total-ns": 506572793,
      "vars": {
        "df": 1092265062
      },
      "p2m": {},
      "m2p": {}
    },
    {
      "raw": "# STEFANOS: Disable plotting\n# fig = px.scatter(df,x=\"Industry\", y=\"Year\", size=\"Count\", color=\"Count\",template='plotly_dark', title=\"Industry Vs Year\")\n# fig.show()",
      "total-ns": 272830,
      "vars": {
        "df": 1092265062
      },
      "p2m": {},
      "m2p": {}
    },
    {
      "raw": "# fig, ax = plt.subplots(1,1, figsize=(15, 6))\ndf_year = df['Year'].value_counts().sort_index()\n# STEFANOS: Disable plotting\n# ax.bar(df_year.index, df_year, width=0.55,linewidth=0.7, color = 'purple')\n# for i in df_year.index:\n#     ax.annotate(f\"{df_year[i]}\",xy=(i, df_year[i] + 100),\n#                    va = 'center', ha='center')\n# ax.set_ylim(0, 1300)    \n# fig.text(0.1, 0.95, \"Growth of Startup's from 2016-2022\", fontsize=15, fontweight='bold')    \n\n# ax.grid(axis='y', linestyle='-', alpha=0.4)  ",
      "total-ns": 29682409,
      "vars": {
        "df": 1092265062,
        "df_year": 128
      },
      "p2m": {},
      "m2p": {}
    },
    {
      "raw": "df.groupby('Industry').size().sort_values(ascending=False).to_frame().style.background_gradient(cmap='coolwarm')",
      "total-ns": 390016575,
      "vars": {
        "df": 1092265062,
        "df_year": 128
      },
      "p2m": {},
      "m2p": {}
    },
    {
      "raw": "# fig, ax = plt.subplots(1,1, figsize=(20, 6))\ndf_ind = df['Industry'].value_counts().iloc[:20]\n\n# STEFANOS: Disable plotting\n# ax.bar(df_ind.index, df_ind, width=0.55,linewidth=0.7, color = 'pink')\n# for i in df_ind.index:\n#     ax.annotate(f\"{df_ind[i]}\",xy=(i, df_ind[i] + 20),va = 'center', ha='center')\n# ax.set_ylim(0, 220)    \n# fig.text(0.1, 0.95, \"Top 20 Startup Industries from 2016\", fontsize=15, fontweight='bold')    \n# plt.xticks(rotation=90)\n# ax.grid(axis='y', linestyle='-', alpha=0.4)  ",
      "total-ns": 224690627,
      "vars": {
        "df": 1092265062,
        "df_year": 128,
        "df_ind": 1641
      },
      "p2m": {},
      "m2p": {}
    },
    {
      "raw": "# fig, ax = plt.subplots(1,1, figsize=(20, 6))\nX = df['State'].value_counts().iloc[:20]\n\n# STEFANOS: Disable plotting\n# ax.bar(X.index, X, width=0.55,linewidth=0.7, color = 'lightblue')\n# for i in X.index:\n#     ax.annotate(f\"{X[i]}\",xy=(i, X[i] + 50),\n#                    va = 'center', ha='center')\n# ax.set_ylim(0, 400)    \n# fig.text(0.1, 0.95, \"Top 20 States Having maximum Start'ups from 2016\", fontsize=15, fontweight='bold')    \n# plt.xticks(rotation=90)\n# ax.grid(axis='y', linestyle='-', alpha=0.4)  ",
      "total-ns": 224713568,
      "vars": {
        "df": 1092265062,
        "df_year": 128,
        "df_ind": 1641,
        "X": 1495
      },
      "p2m": {},
      "m2p": {}
    },
    {
      "raw": "ds_list=['Internet of Things','AI','Robotics','Analytics','Computer Vision']\nds_df = df[df['Industry'].isin(ds_list)]",
      "total-ns": 337854936,
      "vars": {
        "df": 1092265062,
        "df_year": 128,
        "df_ind": 1641,
        "X": 1495,
        "ds_df": 96603698
      },
      "p2m": {},
      "m2p": {}
    },
    {
      "raw": "# STEFANOS: Disable plotting\n# sns.set_style('whitegrid')\n# sns.catplot(x='Year', hue = 'Industry', kind='count', data=ds_df,palette=\"Set3\", height=8.27, aspect=11.7/8.27);\n# plt.show()",
      "total-ns": 413230,
      "vars": {
        "df": 1092265062,
        "df_year": 128,
        "df_ind": 1641,
        "X": 1495,
        "ds_df": 96603698
      },
      "p2m": {},
      "m2p": {}
    }
  ]
}