{
  "cells": [
    {
      "raw": "import warnings\nwarnings.filterwarnings('ignore')\nimport numpy as np\nimport pandas as pd",
      "total-ns": 280227520
    },
    {
      "raw": "df=pd.read_csv(r'../input/churn-bigml-80.csv')",
      "total-ns": 10385040
    },
    {
      "raw": "df = df\nintended_df_size_in_MB = 1024\nfactor = intended_df_size_in_MB*(2**20)/df.memory_usage(index=True).sum()\nif int(factor) > 0:\n    df = pd.concat([df]*int(factor), ignore_index=True)\nelse:\n    rowCount = int(df.shape[0]*factor)\n    df = df[0:rowCount]\ndf = df\ndf.info()",
      "total-ns": 1638279463
    },
    {
      "raw": "df.head()",
      "total-ns": 413220
    },
    {
      "raw": "df.shape",
      "total-ns": 188640
    },
    {
      "raw": "df.columns",
      "total-ns": 154029
    },
    {
      "raw": "df.nunique()",
      "total-ns": 1244852302
    },
    {
      "raw": "df.info()",
      "total-ns": 3603620
    },
    {
      "raw": "df[\"Churn\"] = df[\"Churn\"].astype(\"int64\")",
      "total-ns": 23166581
    },
    {
      "raw": "df.info()",
      "total-ns": 3843370
    },
    {
      "raw": "df.describe().T",
      "total-ns": 4309171197
    },
    {
      "raw": "df.describe(include=[\"object\"]).T",
      "total-ns": 1950826414
    },
    {
      "raw": "df[\"Churn\"].value_counts()",
      "total-ns": 27415571
    },
    {
      "raw": "df[\"Churn\"].value_counts(normalize=True)",
      "total-ns": 27649831
    },
    {
      "raw": "df.sort_values(by=\"Total day charge\", ascending=False).head()",
      "total-ns": 4476609756
    },
    {
      "raw": "df.sort_values(by=[\"Total day charge\", 'Total day calls'], ascending=[True, False]).head()",
      "total-ns": 2223793753
    },
    {
      "raw": "df.loc[0:5, \"State\":\"Area code\"]",
      "total-ns": 1852570
    },
    {
      "raw": "df.iloc[0:5, 0:3]",
      "total-ns": 464850
    },
    {
      "raw": "df.groupby(\"Churn\")[\"Total day minutes\"].mean()",
      "total-ns": 91579230
    },
    {
      "raw": "columns_to_show = [\"Total day minutes\", \"Total eve minutes\", \"Total night minutes\"]\n\ndf.groupby([\"Churn\"])[columns_to_show].agg(['mean', 'std', 'max', 'min'])",
      "total-ns": 1198186222
    },
    {
      "raw": "df.apply(np.max)",
      "total-ns": 1123415441
    },
    {
      "raw": "df[ (df[\"Churn\"] == 0) & (df[\"International plan\"] == \"No\") ][\"Total intl minutes\"].max()",
      "total-ns": 729641271
    },
    {
      "raw": "pd.crosstab(df[\"Churn\"], df[\"International plan\"])",
      "total-ns": 699715882
    },
    {
      "raw": "pd.crosstab(df[\"Churn\"], df[\"International plan\"], normalize=True)",
      "total-ns": 708191431
    },
    {
      "raw": "total_calls = (\n    df[\"Total day calls\"]\n    + df[\"Total eve calls\"]\n    + df[\"Total night calls\"]\n    + df[\"Total intl calls\"]\n)\n\ndf.insert(loc=len(df.columns), column=\"Total calls\", value=total_calls)",
      "total-ns": 42769109
    },
    {
      "raw": "d = {\"No\": 0, \"Yes\": 1}",
      "total-ns": 452720
    },
    {
      "raw": "df[\"International plan\"] = df[\"International plan\"].map(d)",
      "total-ns": 361890010
    },
    {
      "raw": "df = df.replace({\"Voice mail plan\": d})",
      "total-ns": 2282080174
    },
    {
      "raw": "df.head()",
      "total-ns": 564229
    },
    {
      "raw": "df[\"Total charge\"] =df[\"Total day charge\"] + df[\"Total eve charge\"] + df[\"Total night charge\"] + df[\"Total intl charge\"]",
      "total-ns": 44928420
    },
    {
      "raw": "df.head()",
      "total-ns": 472849
    },
    {
      "raw": "df.drop([\"Total charge\", \"Total day calls\"], axis=1, inplace=True)",
      "total-ns": 261597560
    },
    {
      "raw": "df.head()",
      "total-ns": 592230
    },
    {
      "raw": "",
      "total-ns": 81360
    },
    {
      "raw": "",
      "total-ns": 46010
    },
    {
      "raw": "",
      "total-ns": 37980
    },
    {
      "raw": "",
      "total-ns": 35380
    }
  ]
}