{
  "cells": [
    {
      "raw": "\nimport os\nos.environ[\"MODIN_ENGINE\"] = \"ray\"\nimport ray\nos.environ['MODIN_CPUS'] = \"4\"\nray.init(num_cpus=4, runtime_env={'env_vars': {'__MODIN_AUTOIMPORT_PANDAS__': '1'}})\nimport modin.pandas as pd\nimport numpy as np",
      "total-ns": 3590157847,
      "vars": {},
      "p2m": {},
      "m2p": {}
    },
    {
      "raw": "df = pd.read_csv('../input/annex1.csv')\ndf.head()",
      "total-ns": 5670529397,
      "vars": {},
      "p2m": {
        "df": 6490630
      },
      "m2p": {
        "df": 23191970
      }
    },
    {
      "raw": "df1 = pd.read_csv('../input/annex2.csv')\ndf1.head()",
      "total-ns": 1169305769,
      "vars": {},
      "p2m": {
        "df": 6488640,
        "df1": 282949175
      },
      "m2p": {
        "df": 4932339,
        "df1": 724251747
      }
    },
    {
      "raw": "# Join the both DataFrames\n\nmerge = pd.merge(df, df1, on ='Item Code')\nmerge.head()",
      "total-ns": 2595365243,
      "vars": {},
      "p2m": {
        "df": 6494450,
        "df1": 238246876,
        "merge": 301000895
      },
      "m2p": {
        "df": 6557770,
        "df1": 226671796,
        "merge": 788971285
      }
    },
    {
      "raw": "df = merge\nintended_df_size_in_MB = 1024\nfactor = intended_df_size_in_MB*(2**20)/df.memory_usage(index=True).sum()\nif int(factor) > 0:\n    df = pd.concat([df]*int(factor), ignore_index=True)\nelse:\n    rowCount = int(df.shape[0]*factor)\n    df = df[0:rowCount]\nmerge = df\nmerge.info()",
      "total-ns": 26748560481,
      "vars": {},
      "p2m": {
        "df": 9292519741,
        "df1": 246350615,
        "merge": 7866449826
      },
      "m2p": {
        "df": 44117008715,
        "df1": 222987555,
        "merge": 17390754203
      }
    },
    {
      "raw": "# Rename Columns\nmerge = merge.rename(columns={'Quantity Sold (kilo)':'Quantity Sold', 'Unit Selling Price (RMB/kg)':'Unit Selling Price','Discount (Yes/No)':'Discount'})",
      "total-ns": 3079260,
      "vars": {},
      "p2m": {
        "df": 8107976682,
        "df1": 258032975,
        "merge": 8581810003
      },
      "m2p": {
        "df": 4579404016,
        "df1": 255820935,
        "merge": 17927323133
      }
    },
    {
      "raw": "#Change datatype of date column.\n\nmerge['Date'] = pd.to_datetime(merge['Date'])",
      "total-ns": 9590340,
      "vars": {},
      "p2m": {
        "df": 8528072604,
        "df1": 309415165,
        "merge": 10314759112
      },
      "m2p": {
        "df": 7729043099,
        "df1": 267631935,
        "merge": 22620750967
      }
    },
    {
      "raw": "merge.isnull().sum()",
      "total-ns": 32493809,
      "vars": {},
      "p2m": {
        "df": 10925072871,
        "df1": 600783229,
        "merge": 7560205552
      },
      "m2p": {
        "df": 9826037160,
        "df1": 289263014,
        "merge": 4576873597
      }
    },
    {
      "raw": "Category_count = merge['Category Name'].value_counts()\nCategory_count",
      "total-ns": 5357743622,
      "vars": {},
      "p2m": {
        "df": 9507724336,
        "df1": 719724737,
        "merge": 8816710259,
        "Category_count": 9770540
      },
      "m2p": {
        "df": 4663261625,
        "df1": 352578804,
        "merge": 4558298617,
        "Category_count": 8147110
      }
    },
    {
      "raw": "top_10_products = merge['Item Name'].value_counts()[:10]\ntop_10_products",
      "total-ns": 5141174487,
      "vars": {},
      "p2m": {
        "df": 8705282257,
        "df1": 580213383,
        "merge": 8914912195,
        "Category_count": 11515200,
        "top_10_products": 2123800
      },
      "m2p": {
        "df": 5473758039,
        "df1": 273534086,
        "merge": 4099683547,
        "Category_count": 7453259,
        "top_10_products": 90553889
      }
    },
    {
      "raw": "# Creating sales column\n\nmerge['Sales'] = merge['Unit Selling Price'] * merge['Quantity Sold']",
      "total-ns": 23823050,
      "vars": {},
      "p2m": {
        "df": 12414177419,
        "df1": 620990762,
        "merge": 8749757997,
        "Category_count": 1901560,
        "top_10_products": 1801681
      },
      "m2p": {
        "df": 9513883467,
        "df1": 319329656,
        "merge": 4706022619,
        "Category_count": 6813030,
        "top_10_products": 5190939
      }
    },
    {
      "raw": "Item_sales = merge.groupby('Item Name',as_index=False)['Sales'].sum().sort_values(by='Sales',ascending=False).head(10)\nItem_sales",
      "total-ns": 14486673902,
      "vars": {},
      "p2m": {
        "df": 8483446581,
        "df1": 296956086,
        "merge": 7907075428,
        "Category_count": 1705310,
        "top_10_products": 2148150,
        "Item_sales": 2293500
      },
      "m2p": {
        "df": 6277537589,
        "df1": 262700067,
        "merge": 4192773995,
        "Category_count": 6878580,
        "top_10_products": 7582250,
        "Item_sales": 6983909
      }
    },
    {
      "raw": "#Add year column in dataframe\nmerge['Year'] = merge['Date'].dt.year",
      "total-ns": 13545550,
      "vars": {},
      "p2m": {
        "df": 9202364051,
        "df1": 256517697,
        "merge": 10068875690,
        "Category_count": 4099320,
        "top_10_products": 12616200,
        "Item_sales": 4274321
      },
      "m2p": {
        "df": 6462656017,
        "df1": 220509907,
        "merge": 4528800801,
        "Category_count": 22873440,
        "top_10_products": 138791138,
        "Item_sales": 2863789
      }
    },
    {
      "raw": "Year_wise_sales=merge.groupby('Year')['Sales'].sum()\nYear_wise_sales",
      "total-ns": 13961628049,
      "vars": {},
      "p2m": {
        "df": 9560770396,
        "df1": 336124105,
        "merge": 11701690458,
        "Category_count": 10951890,
        "top_10_products": 3722409,
        "Item_sales": 8414560,
        "Year_wise_sales": 2581920
      },
      "m2p": {
        "df": 4933765687,
        "df1": 233627937,
        "merge": 6196987840,
        "Category_count": 10271430,
        "top_10_products": 81595259,
        "Item_sales": 2969970,
        "Year_wise_sales": 1462560
      }
    },
    {
      "raw": "Sale_Or_Return = merge['Sale or Return'].value_counts()\nSale_Or_Return = pd.DataFrame(Sale_Or_Return)\nSale_Or_Return",
      "total-ns": 5318031451,
      "vars": {},
      "p2m": {
        "df": 9543654237,
        "df1": 448970714,
        "merge": 9456533348,
        "Category_count": 15217230,
        "top_10_products": 5550560,
        "Item_sales": 4412970,
        "Year_wise_sales": 3769510,
        "Sale_Or_Return": 2815840
      },
      "m2p": {
        "df": 5364131111,
        "df1": 264475368,
        "merge": 4876241257,
        "Category_count": 14280170,
        "top_10_products": 127932368,
        "Item_sales": 17397060,
        "Year_wise_sales": 154450358,
        "Sale_Or_Return": 68555620
      }
    },
    {
      "raw": "Discount = merge['Discount'].value_counts()\nDiscount = pd.DataFrame(Discount)\nDiscount",
      "total-ns": 5437069349,
      "vars": {},
      "p2m": {
        "df": 9429418629,
        "df1": 341231876,
        "merge": 14024811228,
        "Category_count": 10489830,
        "top_10_products": 9944300,
        "Item_sales": 10615859,
        "Year_wise_sales": 4220849,
        "Sale_Or_Return": 2655910,
        "Discount": 3312990
      },
      "m2p": {
        "df": 4718962129,
        "df1": 261120957,
        "merge": 4367042714,
        "Category_count": 31794639,
        "top_10_products": 238913317,
        "Item_sales": 11513750,
        "Year_wise_sales": 158810169,
        "Sale_Or_Return": 5878009,
        "Discount": 38921350
      }
    },
    {
      "raw": "",
      "total-ns": 413300,
      "vars": {},
      "p2m": {
        "df": 10754179041,
        "df1": 331020036,
        "merge": 9951403892,
        "Category_count": 13152089,
        "top_10_products": 5345800,
        "Item_sales": 6887770,
        "Year_wise_sales": 2708470,
        "Sale_Or_Return": 3771130,
        "Discount": 1613340
      },
      "m2p": {
        "df": 6465333366,
        "df1": 250628827,
        "merge": 4510126271,
        "Category_count": 10471420,
        "top_10_products": 101635579,
        "Item_sales": 6467280,
        "Year_wise_sales": 83668248,
        "Sale_Or_Return": 2132970,
        "Discount": 6911471
      }
    }
  ]
}