{
  "cells": [
    {
      "raw": "\nimport os\nos.environ[\"MODIN_ENGINE\"] = \"ray\"\nimport ray\nos.environ['MODIN_CPUS'] = \"4\"\nray.init(num_cpus=4, runtime_env={'env_vars': {'__MODIN_AUTOIMPORT_PANDAS__': '1'}})\nimport modin.pandas as pd\nimport datetime\npd.set_option('display.max_rows', None)\nfrom IPython.display import Markdown\n\nimport matplotlib.pyplot as plt\nimport seaborn as sns\nplt.style.use('fivethirtyeight')\nplt.rcParams.update({'font.size': 16})",
      "total-ns": 4660450460,
      "vars": {},
      "p2m": {},
      "m2p": {}
    },
    {
      "raw": "MasterAchievements = pd.read_csv(\"../input/MasterAchievements.csv\")\nMasterProfiles = pd.read_csv(\"../input/MasterProfiles.csv\")\nUsers = pd.read_csv(\"../input/Users.csv\")\nfollowers = pd.read_csv(\"../input/UserFollowers.csv\")\nUserAchievements = pd.read_csv('../input/UserAchievements.csv', nrows = 30000000)",
      "total-ns": 71057115180,
      "vars": {},
      "p2m": {
        "MasterAchievements": 6574580,
        "MasterProfiles": 7996620,
        "Users": 13735590462,
        "followers": 79840389,
        "UserAchievements": 4076331967
      },
      "m2p": {
        "MasterAchievements": 22531970,
        "MasterProfiles": 33415429,
        "Users": 24567403662,
        "followers": 175463458,
        "UserAchievements": 11596950660
      }
    },
    {
      "raw": "intended_df_size_in_MB = 1024\ntotal_size = 0\ntotal_size += MasterAchievements.memory_usage(index=True).sum()\ntotal_size += MasterProfiles.memory_usage(index=True).sum()\ntotal_size += Users.memory_usage(index=True).sum()\ntotal_size += followers.memory_usage(index=True).sum()\ntotal_size += UserAchievements.memory_usage(index=True).sum()\nfactor = intended_df_size_in_MB*(2**20)/total_size\n\ndf = MasterAchievements\nif int(factor) > 0:\n    df = pd.concat([df]*int(factor), ignore_index=True)\nelse:\n    rowCount = int(df.shape[0]*factor)\n    df = df[0:rowCount]\nMasterAchievements = df\n\ndf = MasterProfiles\nif int(factor) > 0:\n    df = pd.concat([df]*int(factor), ignore_index=True)\nelse:\n    rowCount = int(df.shape[0]*factor)\n    df = df[0:rowCount]\nMasterProfiles = df\n\ndf = Users\nif int(factor) > 0:\n    df = pd.concat([df]*int(factor), ignore_index=True)\nelse:\n    rowCount = int(df.shape[0]*factor)\n    df = df[0:rowCount]\nUsers = df\n\ndf = followers\nif int(factor) > 0:\n    df = pd.concat([df]*int(factor), ignore_index=True)\nelse:\n    rowCount = int(df.shape[0]*factor)\n    df = df[0:rowCount]\nfollowers = df\n\ndf = UserAchievements\nif int(factor) > 0:\n    df = pd.concat([df]*int(factor), ignore_index=True)\nelse:\n    rowCount = int(df.shape[0]*factor)\n    df = df[0:rowCount]\nUserAchievements = df\n\nMasterAchievements.info()\nMasterProfiles.info()\nUsers.info()\nfollowers.info()\nUserAchievements.info()",
      "total-ns": 11737366417,
      "vars": {},
      "p2m": {
        "MasterAchievements": 6659740,
        "MasterProfiles": 6939710,
        "Users": 3311610797,
        "followers": 27511529,
        "UserAchievements": 1347511473,
        "df": 1342825853
      },
      "m2p": {
        "MasterAchievements": 7202130,
        "MasterProfiles": 8212050,
        "Users": 3391982846,
        "followers": 36388030,
        "UserAchievements": 2260746821,
        "df": 1253209713
      }
    },
    {
      "raw": "# read in the data\n\n# old dataset:\n#GM_individual_Tiers = pd.read_csv(\"../input/list-of-kaggle-grandmasters/GM_individual_Tiers.csv\")\n#GM_individual_Tiers = GM_individual_Tiers.rename(columns = {'Comp_Tier':'Competitions', \n#                                                            'Dset_Tier':'Datasets',\n#                                                            'Note_Tier':'Notebooks',\n#                                                            'Disc_Tier':'Discussions'})\n\n#MasterAchievements = pd.read_csv(\"../input/MasterAchievements.csv\")\n#MasterProfiles = pd.read_csv(\"../input/MasterProfiles.csv\")\n# merge the two files together\nMaster_file = MasterAchievements.merge(MasterProfiles, on = 'UserName')\n# select the Grandmasters from the dataset\nGM_individual_Tiers = Master_file.query(\" Competitions == 'grandmaster' | Datasets == 'grandmaster'| Notebooks == 'grandmaster'| Discussion == 'grandmaster'\").copy()\nGM_individual_Tiers['GM_tier_count'] = GM_individual_Tiers[GM_individual_Tiers.astype(str) == 'grandmaster'].count(axis=1)\n\nn_GMs  = GM_individual_Tiers.shape[0]\nn_4xGM = GM_individual_Tiers.query(\"GM_tier_count == 4\").shape[0]\nn_3xGM = GM_individual_Tiers.query(\"GM_tier_count == 3\").shape[0]\nn_2xGM = GM_individual_Tiers.query(\"GM_tier_count == 2\").shape[0]\n\n# convert User Names into Display Names\n#Users        = pd.read_csv(\"../input/Users.csv\")\n# select the GM users\nUsers_GM     = Users.query(\"PerformanceTier == 4\")\n# name_mapping = dict(Users_GM[['UserName','DisplayName']].values)\n\ndef make_clickable_link(UserName):\n    DisplayName = name_mapping.get(UserName)\n    return DisplayName\n\n# # print a summary\n# now = datetime.datetime.now()\n# display(Markdown('This notebook is refreshed almost daily; latest run ' + now.strftime('%A %B %d, %Y') ))\n\n\n# display(Markdown('### Quick summary'))\n# display(Markdown('There are  ' + f'{n_GMs:,}' + '  kaggle Grandmasters.'))\n# display(Markdown('Out of these there are ' + f'{n_4xGM:,}' + ' quadruple Grandmasters, '\n#                                            + f'{n_3xGM:,}' + ' triple Grandmasters, and '\n#                                            + f'{n_2xGM:,}' + ' double Grandmasters.'))\n# display(Markdown(\"\"))\n\n\n# # take a look\n# GM_individual_Tiers[\"User\"] = GM_individual_Tiers.UserName.map(lambda x: make_clickable_link(x))\n# GM_individual_Tiers_styled  = GM_individual_Tiers[[\"User\",\"Competitions\",\"Datasets\",\"Notebooks\",\"Discussion\",\"Country\",\"GM_tier_count\"]].sort_values(by='GM_tier_count', ascending=False).style.bar(subset=['GM_tier_count'], vmin=0, color='#ddaa17')\n# GM_individual_Tiers_styled.hide_index()",
      "total-ns": 486624254,
      "vars": {},
      "p2m": {
        "MasterAchievements": 10291739,
        "MasterProfiles": 11148160,
        "Users": 4629396610,
        "followers": 32301710,
        "UserAchievements": 1367082422,
        "df": 1168223565,
        "Master_file": 7295480,
        "GM_individual_Tiers": 6549639,
        "Users_GM": 5352471
      },
      "m2p": {
        "MasterAchievements": 9237010,
        "MasterProfiles": 5191440,
        "Users": 2043362214,
        "followers": 25566790,
        "UserAchievements": 1240040444,
        "df": 1167371745,
        "Master_file": 5361770,
        "GM_individual_Tiers": 5291590,
        "Users_GM": 14750449
      }
    },
    {
      "raw": "# display(Markdown('#### As a table:'))\n# display(Markdown(\"\"))\n\n# summary = GM_individual_Tiers[['Competitions','Datasets','Notebooks','Discussion']].apply(pd.Series.value_counts)\n# summary.loc[['grandmaster','master','expert','contributor']].style.background_gradient(cmap='YlOrBr', axis=None)",
      "total-ns": 355290,
      "vars": {},
      "p2m": {
        "MasterAchievements": 6736080,
        "MasterProfiles": 5783420,
        "Users": 3818422551,
        "followers": 36316389,
        "UserAchievements": 1179759555,
        "df": 1363035722,
        "Master_file": 8090300,
        "GM_individual_Tiers": 9482480,
        "Users_GM": 5994360
      },
      "m2p": {
        "MasterAchievements": 5710350,
        "MasterProfiles": 6578570,
        "Users": 1531201821,
        "followers": 25335140,
        "UserAchievements": 1051825547,
        "df": 1253857904,
        "Master_file": 8241670,
        "GM_individual_Tiers": 9988450,
        "Users_GM": 5813860
      }
    },
    {
      "raw": "# import plotly.graph_objects as go\n# # see \n# # https://plotly.github.io/plotly.py-docs/generated/plotly.graph_objects.Parcats.html\n\n# tier_colours = {'grandmaster':'#ddaa17','master':'#f76629','expert':'#96508e','contributor':'#20beff'}\n# # create a new column basing the colours on the Competitions GM's.\nGM_individual_Tiers[\"colour_column\"] = GM_individual_Tiers[\"Competitions\"]\n# replace the tier with the tier colour\n# with_colours_df = GM_individual_Tiers.replace({\"colour_column\": tier_colours})\n# color = with_colours_df.colour_column;\n\n# # for a simple plot:\n# #fig = px.parallel_categories(with_colours_df, \n# #                             dimensions=['Competitions','Datasets','Notebooks','Discussions'],\n# #                             color=with_colours_df[\"colour_column\"])\n\n# # Create dimensions\n# Competitions_dim = go.parcats.Dimension(\n#     values=GM_individual_Tiers.Competitions,\n#     categoryorder='array', categoryarray=['grandmaster','master','expert','contributor'], \n#     label=\"Competitions\")\n\n# Datasets_dim = go.parcats.Dimension(\n#     values=GM_individual_Tiers.Datasets,\n#     categoryorder='array', categoryarray=['grandmaster','master','expert','contributor'], \n#     label=\"Datasets\")\n\n# Notebooks_dim = go.parcats.Dimension(\n#     values=GM_individual_Tiers.Notebooks,\n#     categoryorder='array', categoryarray=['grandmaster','master','expert','contributor'], \n#     label=\"Notebooks\")\n\n# Discussions_dim = go.parcats.Dimension(\n#     values=GM_individual_Tiers.Discussion,\n#     categoryorder='array', categoryarray=['grandmaster','master','expert','contributor'], \n#     label=\"Discussions\")\n\n# fig = go.Figure(data = [go.Parcats(dimensions=[Competitions_dim, Datasets_dim, Notebooks_dim, Discussions_dim],\n#         line={'color': color,\n#               'shape': 'hspline'},\n#         #labelfont={'size': 12, 'family': 'Times'},\n#         #tickfont={'size': 12, 'family': 'Times'},\n#         arrangement='freeform')])\n\n# fig.show();",
      "total-ns": 3224720,
      "vars": {},
      "p2m": {
        "MasterAchievements": 6076979,
        "MasterProfiles": 7170900,
        "Users": 3924235249,
        "followers": 28891099,
        "UserAchievements": 1160873505,
        "df": 1228790684,
        "Master_file": 6981530,
        "GM_individual_Tiers": 6553940,
        "Users_GM": 6588620
      },
      "m2p": {
        "MasterAchievements": 4962250,
        "MasterProfiles": 5518310,
        "Users": 1738940848,
        "followers": 20836230,
        "UserAchievements": 1041645567,
        "df": 1038579317,
        "Master_file": 6504799,
        "GM_individual_Tiers": 53241029,
        "Users_GM": 5229020
      }
    },
    {
      "raw": "# display(Markdown('# Country ranking'))\n# display(Markdown('Number of Grandmasters by country'))\n# display(Markdown(\"\"))\n\nGM_countries = GM_individual_Tiers[\"Country\"].value_counts().to_frame()\nGM_countries['Ranking'] = GM_countries.rank(method=\"min\",ascending=False).astype('int')\nGM_countries.sort_values(by='Country', ascending=False)\n# .style.bar(subset=['Country'], vmin=0, color='#ddaa17')",
      "total-ns": 147379538,
      "vars": {},
      "p2m": {
        "MasterAchievements": 8295841,
        "MasterProfiles": 8569200,
        "Users": 3301999947,
        "followers": 29424419,
        "UserAchievements": 1299941202,
        "df": 1178791884,
        "Master_file": 9835759,
        "GM_individual_Tiers": 8078880,
        "Users_GM": 7555840,
        "GM_countries": 3511080
      },
      "m2p": {
        "MasterAchievements": 7675390,
        "MasterProfiles": 7274670,
        "Users": 1524577261,
        "followers": 21481840,
        "UserAchievements": 1056076767,
        "df": 1224630924,
        "Master_file": 7958841,
        "GM_individual_Tiers": 6861700,
        "Users_GM": 6487010,
        "GM_countries": 9959270
      }
    },
    {
      "raw": "# Create a list of GM Id\nGM_id_list = Users_GM['Id'].tolist()\n# read in the Meta Kaggle followers file\n#followers = pd.read_csv(\"../input/UserFollowers.csv\")\n# filter by GM users. Note: \"FollowingUserId\" is the Id of the person being followed\nGM_users = followers[followers['FollowingUserId'].isin(GM_id_list)]\n# now filter by GM followers\nGM_user_follower = GM_users[GM_users['UserId'].isin(GM_id_list)]\n# remove self-following entries \nGM_user_follower = GM_user_follower[GM_user_follower['UserId'] != GM_user_follower['FollowingUserId']]\n\nId_mapping = dict(Users_GM[['Id','UserName']].values)\nname_mapping = dict(Users_GM[['UserName','DisplayName']].values)\n\ndef make_clickable_link_by_Id(Id):\n    UserName = Id_mapping.get(Id)\n    DisplayName = name_mapping.get(UserName)\n    return DisplayName\n\nGM_influencers = GM_user_follower[\"FollowingUserId\"].value_counts().to_frame().reset_index()\n# rename the columns\nGM_influencers.columns = ['GM_Id', 'number_GM_followers']\n# create a \"Ranking\" column\nGM_influencers['Ranking'] = GM_influencers.number_GM_followers.rank(method=\"min\",ascending=False).astype('int')\n# replace GM_Id by display name\nGM_influencers[\"User\"] = GM_influencers.GM_Id.map(lambda x: make_clickable_link_by_Id(x))\nGM_influencers_styled  = GM_influencers[[\"Ranking\",\"User\",\"number_GM_followers\"]].sort_values(by='number_GM_followers', ascending=False).style.bar(subset=['number_GM_followers'], vmin=0, color='#ddaa17')\n# GM_influencers_styled.hide_index()",
      "total-ns": 1035269597,
      "vars": {},
      "p2m": {
        "MasterAchievements": 8884780,
        "MasterProfiles": 8190870,
        "Users": 3767704931,
        "followers": 29059279,
        "UserAchievements": 1245228284,
        "df": 1175078625,
        "Master_file": 7723330,
        "GM_individual_Tiers": 7462349,
        "Users_GM": 6560290,
        "GM_countries": 3444200,
        "GM_users": 20186120,
        "GM_user_follower": 7658099,
        "GM_influencers": 6288000
      },
      "m2p": {
        "MasterAchievements": 10648589,
        "MasterProfiles": 6780880,
        "Users": 2284771400,
        "followers": 20064270,
        "UserAchievements": 1142362875,
        "df": 1249542964,
        "Master_file": 7696610,
        "GM_individual_Tiers": 6508989,
        "Users_GM": 5934141,
        "GM_countries": 3031910,
        "GM_users": 22395360,
        "GM_user_follower": 73364059,
        "GM_influencers": 39266660
      }
    },
    {
      "raw": "# import networkx as nx\n# fig, ax = plt.subplots(figsize=(20,12))\n# G = nx.from_pandas_edgelist(GM_user_follower, 'UserId', 'FollowingUserId', create_using=nx.Graph())\n# nx.draw(G, with_labels=False, node_color=\"#ddaa17\")",
      "total-ns": 296640,
      "vars": {},
      "p2m": {
        "MasterAchievements": 6994400,
        "MasterProfiles": 6851641,
        "Users": 3637547633,
        "followers": 31587179,
        "UserAchievements": 1164593405,
        "df": 1277279103,
        "Master_file": 7431931,
        "GM_individual_Tiers": 6342620,
        "Users_GM": 6144720,
        "GM_countries": 3071050,
        "GM_users": 27401589,
        "GM_user_follower": 6747080,
        "GM_influencers": 7159710
      },
      "m2p": {
        "MasterAchievements": 5297760,
        "MasterProfiles": 5827210,
        "Users": 1517203390,
        "followers": 22789200,
        "UserAchievements": 1046782067,
        "df": 1064583897,
        "Master_file": 7991790,
        "GM_individual_Tiers": 5699379,
        "Users_GM": 5358380,
        "GM_countries": 2987081,
        "GM_users": 22948080,
        "GM_user_follower": 7987230,
        "GM_influencers": 5800150
      }
    },
    {
      "raw": "followers.info()\nUsers.info()\nMasterAchievements\nMasterProfiles.info()",
      "total-ns": 3517505074,
      "vars": {},
      "p2m": {
        "MasterAchievements": 6664690,
        "MasterProfiles": 7921090,
        "Users": 3613496733,
        "followers": 31991950,
        "UserAchievements": 1175025205,
        "df": 1173073924,
        "Master_file": 7918070,
        "GM_individual_Tiers": 7145520,
        "Users_GM": 6160591,
        "GM_countries": 3126760,
        "GM_users": 20092480,
        "GM_user_follower": 6713000,
        "GM_influencers": 6116950
      },
      "m2p": {
        "MasterAchievements": 5921980,
        "MasterProfiles": 7025890,
        "Users": 1506234290,
        "followers": 22565200,
        "UserAchievements": 1053495686,
        "df": 1054805986,
        "Master_file": 6901530,
        "GM_individual_Tiers": 7500820,
        "Users_GM": 5989279,
        "GM_countries": 3273620,
        "GM_users": 20691040,
        "GM_user_follower": 5716330,
        "GM_influencers": 6283510
      }
    },
    {
      "raw": "#UserAchievements = pd.read_csv('../input/UserAchievements.csv', nrows = 30000000)\n# Quite a few kaggle staff in this section as Tier 4 (hence PerformanceTier == 5)\nGM_Achievements = UserAchievements.query('(Tier == 4) or (Tier == 5)')\n\n# UserAchievements is big, so now delete\ndel UserAchievements\n\nGM_Achievements[\"TierAchievementDate\"] = pd.to_datetime(GM_Achievements[\"TierAchievementDate\"])\nGM_Achievements = GM_Achievements.sort_values(by='TierAchievementDate', ascending=True)\nGM_Achievements.set_index('TierAchievementDate', inplace=True)\nGM_Achievements[\"one\"] = 1\n\nUsers_GM     = Users.query('(PerformanceTier == 4) or (PerformanceTier == 5)')\n# new name mapping to now include kaggle staff\nname_mapping = dict(Users_GM[['UserName','DisplayName']].values)\n\nCompetitions = GM_Achievements.query(\"AchievementType == 'Competitions'\")\nDatasets     = GM_Achievements.query(\"AchievementType == 'Datasets'\")\nScripts      = GM_Achievements.query(\"AchievementType == 'Scripts'\")\nDiscussion   = GM_Achievements.query(\"AchievementType == 'Discussion'\")\n\nUserAchievements_GM_any  = GM_Achievements.drop_duplicates(subset=['UserId'])\nUserAchievements_GM_any  = UserAchievements_GM_any.resample('D').sum().cumsum()\nUserAchievements_GM_comp = Competitions.resample('D').sum().cumsum()\nUserAchievements_GM_data = Datasets.resample('D').sum().cumsum()\nUserAchievements_GM_note = Scripts.resample('D').sum().cumsum()\nUserAchievements_GM_disc = Discussion.resample('D').sum().cumsum()\n\n# fig, ax = plt.subplots(figsize=(20, 7))\n# sns.lineplot(data=UserAchievements_GM_comp, x=UserAchievements_GM_comp.index,  y=UserAchievements_GM_comp[\"one\"],  linewidth = 3, color='magenta',label=\"Competitions\")\n# sns.lineplot(data=UserAchievements_GM_any, x=UserAchievements_GM_any.index,  y=UserAchievements_GM_any[\"one\"],  linewidth = 3, color='#ddaa17',label=\"Total GM\")\n# sns.lineplot(data=UserAchievements_GM_note, x=UserAchievements_GM_note.index,  y=UserAchievements_GM_note[\"one\"],  linewidth = 3, color='green',label=\"Notebooks\")\n# sns.lineplot(data=UserAchievements_GM_disc, x=UserAchievements_GM_disc.index,  y=UserAchievements_GM_disc[\"one\"],  linewidth = 3, color='red',label=\"Discussions\")\n# sns.lineplot(data=UserAchievements_GM_data, x=UserAchievements_GM_data.index,  y=UserAchievements_GM_data[\"one\"],  linewidth = 3, color='blue',label=\"Datasets\")\n# ax.set(xlabel='Year', ylabel='Number of GM')\n# # reordering the labels\n# handles, labels = plt.gca().get_legend_handles_labels()\n# # specify order\n# order = [1,0,2,3,4]\n# # pass handle & labels lists along with order as below\n# plt.legend([handles[i] for i in order], [labels[i] for i in order]);",
      "total-ns": 2812401333,
      "vars": {},
      "p2m": {
        "MasterAchievements": 9190820,
        "MasterProfiles": 7194690,
        "Users": 3885486329,
        "followers": 27943430,
        "df": 1269228114,
        "Master_file": 6934900,
        "GM_individual_Tiers": 6649890,
        "Users_GM": 5393249,
        "GM_countries": 3309940,
        "GM_users": 18466510,
        "GM_user_follower": 6419000,
        "GM_influencers": 6276380,
        "GM_Achievements": 6431090,
        "Competitions": 7026800,
        "Datasets": 418340,
        "Scripts": 5330830,
        "Discussion": 5570280,
        "UserAchievements_GM_any": 6176440,
        "UserAchievements_GM_comp": 6198400,
        "UserAchievements_GM_data": 217330,
        "UserAchievements_GM_note": 5891780,
        "UserAchievements_GM_disc": 5293070
      },
      "m2p": {
        "MasterAchievements": 10245120,
        "MasterProfiles": 5889320,
        "Users": 1564289239,
        "followers": 25270050,
        "df": 1252595613,
        "Master_file": 7330970,
        "GM_individual_Tiers": 5839330,
        "Users_GM": 16121550,
        "GM_countries": 3843680,
        "GM_users": 21059730,
        "GM_user_follower": 5435110,
        "GM_influencers": 5253589,
        "GM_Achievements": 5967719,
        "Competitions": 18898920,
        "Datasets": 16079670,
        "Scripts": 19117989,
        "Discussion": 17964340,
        "UserAchievements_GM_any": 4134170,
        "UserAchievements_GM_comp": 4346450,
        "UserAchievements_GM_data": 771640,
        "UserAchievements_GM_note": 4823740,
        "UserAchievements_GM_disc": 4074970
      }
    },
    {
      "raw": "n_top = 10\n\nCompetitions_Top_n = Competitions.sort_values(by='TotalGold', ascending=False).head(n_top).copy()\nCompetitions_Top_n  = pd.merge(Competitions_Top_n, Users_GM, left_on = ['UserId'], right_on = ['Id'], how='left')\n\n# replace GM_Id by display name\nCompetitions_Top_n[\"User\"] = Competitions_Top_n.UserName.map(lambda x: make_clickable_link(x))\nCompetitions_Top_n_styled  = Competitions_Top_n[[\"User\",\"TotalGold\"]].sort_values(by='TotalGold', ascending=False).style.bar(subset=['TotalGold'], vmin=0, color='#ddaa17')\nCompetitions_Top_n_styled.hide_index()",
      "total-ns": 129051928,
      "vars": {},
      "p2m": {
        "MasterAchievements": 6438620,
        "MasterProfiles": 6883040,
        "Users": 3361136357,
        "followers": 26100500,
        "df": 1352230152,
        "Master_file": 7742180,
        "GM_individual_Tiers": 7450720,
        "Users_GM": 6166510,
        "GM_countries": 3176820,
        "GM_users": 17710220,
        "GM_user_follower": 7024630,
        "GM_influencers": 6618990,
        "GM_Achievements": 7276080,
        "Competitions": 6964621,
        "Datasets": 260710,
        "Scripts": 5451951,
        "Discussion": 5103370,
        "UserAchievements_GM_any": 6576800,
        "UserAchievements_GM_comp": 6793190,
        "UserAchievements_GM_data": 204060,
        "UserAchievements_GM_note": 6470789,
        "UserAchievements_GM_disc": 6383040,
        "Competitions_Top_n": 2075801
      },
      "m2p": {
        "MasterAchievements": 5047210,
        "MasterProfiles": 6035350,
        "Users": 1596312549,
        "followers": 18838639,
        "df": 1249383834,
        "Master_file": 8715740,
        "GM_individual_Tiers": 6169520,
        "Users_GM": 6482250,
        "GM_countries": 2996059,
        "GM_users": 21353949,
        "GM_user_follower": 8151089,
        "GM_influencers": 6346670,
        "GM_Achievements": 6533750,
        "Competitions": 7023089,
        "Datasets": 1169969,
        "Scripts": 4708090,
        "Discussion": 4405570,
        "UserAchievements_GM_any": 6073309,
        "UserAchievements_GM_comp": 6273600,
        "UserAchievements_GM_data": 726040,
        "UserAchievements_GM_note": 5990460,
        "UserAchievements_GM_disc": 5829051,
        "Competitions_Top_n": 10408129
      }
    },
    {
      "raw": "Datasets_Top_n = Datasets.sort_values(by='TotalGold', ascending=False).head(n_top).copy()\nDatasets_Top_n  = pd.merge(Datasets_Top_n, Users_GM, left_on = ['UserId'], right_on = ['Id'], how='left')\n\n# replace GM_Id by display name\nDatasets_Top_n[\"User\"] = Datasets_Top_n.UserName.map(lambda x: make_clickable_link(x))\nDatasets_Top_n_styled  = Datasets_Top_n[[\"User\",\"TotalGold\"]].sort_values(by='TotalGold', ascending=False).style.bar(subset=['TotalGold'], vmin=0, color='#ddaa17')\nDatasets_Top_n_styled.hide_index()",
      "total-ns": 25494499,
      "vars": {},
      "p2m": {
        "MasterAchievements": 7198200,
        "MasterProfiles": 7114980,
        "Users": 3118367940,
        "followers": 26735619,
        "df": 1362643093,
        "Master_file": 7752940,
        "GM_individual_Tiers": 7050671,
        "Users_GM": 7065800,
        "GM_countries": 3539590,
        "GM_users": 21255810,
        "GM_user_follower": 6922150,
        "GM_influencers": 6583570,
        "GM_Achievements": 7972390,
        "Competitions": 7306080,
        "Datasets": 275250,
        "Scripts": 6265630,
        "Discussion": 6480059,
        "UserAchievements_GM_any": 7924070,
        "UserAchievements_GM_comp": 6414360,
        "UserAchievements_GM_data": 275340,
        "UserAchievements_GM_note": 9925660,
        "UserAchievements_GM_disc": 7118980,
        "Competitions_Top_n": 1852310,
        "Datasets_Top_n": 223729
      },
      "m2p": {
        "MasterAchievements": 5896120,
        "MasterProfiles": 5949180,
        "Users": 1647855048,
        "followers": 19735710,
        "df": 1160705375,
        "Master_file": 7823449,
        "GM_individual_Tiers": 7194429,
        "Users_GM": 6177929,
        "GM_countries": 3178610,
        "GM_users": 26058580,
        "GM_user_follower": 6111089,
        "GM_influencers": 5945620,
        "GM_Achievements": 6712820,
        "Competitions": 6615590,
        "Datasets": 1312350,
        "Scripts": 5765810,
        "Discussion": 5826110,
        "UserAchievements_GM_any": 6972560,
        "UserAchievements_GM_comp": 5855121,
        "UserAchievements_GM_data": 860830,
        "UserAchievements_GM_note": 6230300,
        "UserAchievements_GM_disc": 6861350,
        "Competitions_Top_n": 2817350,
        "Datasets_Top_n": 1292180
      }
    },
    {
      "raw": "Scripts_Top_n = Scripts.sort_values(by='TotalGold', ascending=False).head(n_top).copy()\nScripts_Top_n  = pd.merge(Scripts_Top_n, Users_GM, left_on = ['UserId'], right_on = ['Id'], how='left')\n\n# replace GM_Id by display name\nScripts_Top_n[\"User\"] = Scripts_Top_n.UserName.map(lambda x: make_clickable_link(x))\nScripts_Top_n_styled  = Scripts_Top_n[[\"User\",\"TotalGold\"]].sort_values(by='TotalGold', ascending=False).style.bar(subset=['TotalGold'], vmin=0, color='#ddaa17')\nScripts_Top_n_styled.hide_index()",
      "total-ns": 124425649,
      "vars": {},
      "p2m": {
        "MasterAchievements": 6698420,
        "MasterProfiles": 8707189,
        "Users": 3566916394,
        "followers": 36894709,
        "df": 1383603392,
        "Master_file": 8406080,
        "GM_individual_Tiers": 8378870,
        "Users_GM": 7358159,
        "GM_countries": 3904430,
        "GM_users": 23321740,
        "GM_user_follower": 6529040,
        "GM_influencers": 5559850,
        "GM_Achievements": 7307720,
        "Competitions": 7605170,
        "Datasets": 248870,
        "Scripts": 4902500,
        "Discussion": 4936350,
        "UserAchievements_GM_any": 6682849,
        "UserAchievements_GM_comp": 6414120,
        "UserAchievements_GM_data": 317960,
        "UserAchievements_GM_note": 6520520,
        "UserAchievements_GM_disc": 6131560,
        "Competitions_Top_n": 1911240,
        "Datasets_Top_n": 1083690,
        "Scripts_Top_n": 2081980
      },
      "m2p": {
        "MasterAchievements": 5506980,
        "MasterProfiles": 5426310,
        "Users": 1507513851,
        "followers": 25153210,
        "df": 1262153524,
        "Master_file": 8814050,
        "GM_individual_Tiers": 7806160,
        "Users_GM": 6496910,
        "GM_countries": 3535960,
        "GM_users": 26775320,
        "GM_user_follower": 6807309,
        "GM_influencers": 5418680,
        "GM_Achievements": 6789299,
        "Competitions": 6584640,
        "Datasets": 1185950,
        "Scripts": 4919150,
        "Discussion": 5018230,
        "UserAchievements_GM_any": 5381639,
        "UserAchievements_GM_comp": 5243080,
        "UserAchievements_GM_data": 853230,
        "UserAchievements_GM_note": 5226490,
        "UserAchievements_GM_disc": 7098120,
        "Competitions_Top_n": 2165340,
        "Datasets_Top_n": 1417740,
        "Scripts_Top_n": 11023380
      }
    },
    {
      "raw": "Discussion_Top_n = Discussion.sort_values(by='TotalGold', ascending=False).head(n_top).copy()\nDiscussion_Top_n  = pd.merge(Discussion_Top_n, Users_GM, left_on = ['UserId'], right_on = ['Id'], how='left')\n\n# replace GM_Id by display name\nDiscussion_Top_n[\"User\"] = Discussion_Top_n.UserName.map(lambda x: make_clickable_link(x))\nDiscussion_Top_n_styled  = Discussion_Top_n[[\"User\",\"TotalGold\"]].sort_values(by='TotalGold', ascending=False).style.bar(subset=['TotalGold'], vmin=0, color='#ddaa17')\nDiscussion_Top_n_styled.hide_index()",
      "total-ns": 107545918,
      "vars": {},
      "p2m": {
        "MasterAchievements": 6186490,
        "MasterProfiles": 8556500,
        "Users": 3671184012,
        "followers": 30139810,
        "df": 1201794275,
        "Master_file": 7931689,
        "GM_individual_Tiers": 6447800,
        "Users_GM": 5523210,
        "GM_countries": 3081280,
        "GM_users": 17114250,
        "GM_user_follower": 6211770,
        "GM_influencers": 5802029,
        "GM_Achievements": 7076600,
        "Competitions": 6563650,
        "Datasets": 200360,
        "Scripts": 8436430,
        "Discussion": 5835210,
        "UserAchievements_GM_any": 6904260,
        "UserAchievements_GM_comp": 6642039,
        "UserAchievements_GM_data": 209831,
        "UserAchievements_GM_note": 6605549,
        "UserAchievements_GM_disc": 6723630,
        "Competitions_Top_n": 1992770,
        "Datasets_Top_n": 229430,
        "Scripts_Top_n": 1894500,
        "Discussion_Top_n": 2026140
      },
      "m2p": {
        "MasterAchievements": 5317410,
        "MasterProfiles": 5529060,
        "Users": 1793486147,
        "followers": 23013959,
        "df": 1249526733,
        "Master_file": 6864810,
        "GM_individual_Tiers": 5508210,
        "Users_GM": 5688280,
        "GM_countries": 3183750,
        "GM_users": 20287620,
        "GM_user_follower": 6011760,
        "GM_influencers": 5330800,
        "GM_Achievements": 6552640,
        "Competitions": 5620890,
        "Datasets": 1288270,
        "Scripts": 4386610,
        "Discussion": 5194360,
        "UserAchievements_GM_any": 6093280,
        "UserAchievements_GM_comp": 5676320,
        "UserAchievements_GM_data": 657171,
        "UserAchievements_GM_note": 5687449,
        "UserAchievements_GM_disc": 6249370,
        "Competitions_Top_n": 2467430,
        "Datasets_Top_n": 1309170,
        "Scripts_Top_n": 1765820,
        "Discussion_Top_n": 9164480
      }
    }
  ]
}