{
  "cells": [
    {
      "raw": "# This Python 3 environment comes with many helpful analytics libraries installed\n# It is defined by the kaggle/python Docker image: https://github.com/kaggle/docker-python\n# For example, here's several helpful packages to load\n\nimport numpy as np # linear algebra\n\nimport os\nos.environ[\"MODIN_ENGINE\"] = \"ray\"\nimport ray\nos.environ['MODIN_CPUS'] = \"4\"\nray.init(num_cpus=4, runtime_env={'env_vars': {'__MODIN_AUTOIMPORT_PANDAS__': '1'}})\nimport modin.pandas as pd\nimport seaborn as sns \nimport matplotlib.pyplot as plt\n\n# Input data files are available in the read-only \"../input/\" directory\n# For example, running this (by clicking run or pressing Shift+Enter) will list all files under the input directory\n\nimport os\nfor dirname, _, filenames in os.walk('/kaggle/input'):\n    for filename in filenames:\n        print(os.path.join(dirname, filename))\n\n# You can write up to 20GB to the current directory (/kaggle/working/) that gets preserved as output when you create a version using \"Save & Run All\" \n# You can also write temporary files to /kaggle/temp/, but they won't be saved outside of the current session",
      "total-ns": 7130649506,
      "vars": {},
      "p2m": {},
      "m2p": {}
    },
    {
      "raw": "data = pd.read_csv(\"../input/Billionaires Statistics Dataset.csv\", index_col=\"rank\")",
      "total-ns": 5449571716,
      "vars": {},
      "p2m": {
        "data": 20751879
      },
      "m2p": {
        "data": 15716169
      }
    },
    {
      "raw": "df = data\nintended_df_size_in_MB = 1024\nfactor = intended_df_size_in_MB*(2**20)/df.memory_usage(index=True).sum()\nif int(factor) > 0:\n    df = pd.concat([df]*int(factor), ignore_index=True)\nelse:\n    rowCount = int(df.shape[0]*factor)\n    df = df[0:rowCount]\ndata = df\ndata.info()",
      "total-ns": 27437561677,
      "vars": {},
      "p2m": {
        "data": 12419047884,
        "df": 9868048364
      },
      "m2p": {
        "data": 87867271494,
        "df": 23400103923
      }
    },
    {
      "raw": "data.head(5)",
      "total-ns": 3691270,
      "vars": {},
      "p2m": {
        "data": 10340106458,
        "df": 10511703696
      },
      "m2p": {
        "data": 6084284048,
        "df": 6217963327
      }
    },
    {
      "raw": "data.describe()",
      "total-ns": 32806330,
      "vars": {},
      "p2m": {
        "data": 12404391494,
        "df": 9799977885
      },
      "m2p": {
        "data": 10390878427,
        "df": 5942590840
      }
    },
    {
      "raw": "country_names =data[\"country\"].value_counts() #List of how many billionaires there are in the country",
      "total-ns": 5731864143,
      "vars": {},
      "p2m": {
        "data": 10571446206,
        "df": 9633881086,
        "country_names": 5383300
      },
      "m2p": {
        "data": 6548859333,
        "df": 6039062348,
        "country_names": 17036249
      }
    },
    {
      "raw": "country_names ",
      "total-ns": 571120,
      "vars": {},
      "p2m": {
        "data": 10480690306,
        "df": 10102438991,
        "country_names": 4936210
      },
      "m2p": {
        "data": 5841195891,
        "df": 5949158131,
        "country_names": 16911130
      }
    },
    {
      "raw": "data_100 = data.loc[:100,[\"finalWorth\",\"category\",\"country\"]]\n",
      "total-ns": 2319950,
      "vars": {},
      "p2m": {
        "data": 9557143187,
        "df": 9549429407,
        "country_names": 4561150,
        "data_100": 5862639
      },
      "m2p": {
        "data": 5714507983,
        "df": 5915327920,
        "country_names": 16441170,
        "data_100": 993613518
      }
    },
    {
      "raw": "data_100_category = data_100[\"category\"].value_counts()",
      "total-ns": 89075489,
      "vars": {},
      "p2m": {
        "data": 10188895390,
        "df": 10171106980,
        "country_names": 4710560,
        "data_100": 6440259,
        "data_100_category": 2096120
      },
      "m2p": {
        "data": 5885890401,
        "df": 5948624110,
        "country_names": 17651810,
        "data_100": 5459281,
        "data_100_category": 6234270
      }
    },
    {
      "raw": "data_usa = data[data[\"country\"]== \"United States\"] #We focus on billionaires based in United States\n",
      "total-ns": 19615410,
      "vars": {},
      "p2m": {
        "data": 14322599441,
        "df": 13398901712,
        "country_names": 7367370,
        "data_100": 8959219,
        "data_100_category": 2064930,
        "data_usa": 3003884215
      },
      "m2p": {
        "data": 8021476205,
        "df": 10663023754,
        "country_names": 19597409,
        "data_100": 9247460,
        "data_100_category": 6713640,
        "data_usa": 2740569928
      }
    },
    {
      "raw": "data_usa_category = data_usa[\"category\"].value_counts()\ndata_usa_category",
      "total-ns": 1887386898,
      "vars": {},
      "p2m": {
        "data": 9917046584,
        "df": 10314064118,
        "country_names": 4798050,
        "data_100": 6736339,
        "data_100_category": 2997550,
        "data_usa": 3236850522,
        "data_usa_category": 2786020
      },
      "m2p": {
        "data": 6336296475,
        "df": 5787601242,
        "country_names": 21485389,
        "data_100": 5596771,
        "data_100_category": 7040320,
        "data_usa": 1932445997,
        "data_usa_category": 9484760
      }
    },
    {
      "raw": "data_usa_city = data_usa[\"city\"].value_counts()\nprint(data_usa_city)\ndata_usa_city.info()",
      "total-ns": 2010769857,
      "vars": {},
      "p2m": {
        "data": 10040968681,
        "df": 10318423569,
        "country_names": 4304209,
        "data_100": 6330270,
        "data_100_category": 2070191,
        "data_usa": 2803236927,
        "data_usa_category": 2112880,
        "data_usa_city": 6871310
      },
      "m2p": {
        "data": 5907836610,
        "df": 5904879231,
        "country_names": 16557210,
        "data_100": 5091181,
        "data_100_category": 6141520,
        "data_usa": 1860982328,
        "data_usa_category": 10611340,
        "data_usa_city": 22958590
      }
    },
    {
      "raw": "data.head(5)",
      "total-ns": 1439030,
      "vars": {},
      "p2m": {
        "data": 11102006540,
        "df": 10596679145,
        "country_names": 4177690,
        "data_100": 6232450,
        "data_100_category": 1638050,
        "data_usa": 2939842996,
        "data_usa_category": 1944900,
        "data_usa_city": 7816740
      },
      "m2p": {
        "data": 6355554885,
        "df": 6414147474,
        "country_names": 17390651,
        "data_100": 5905650,
        "data_100_category": 6140480,
        "data_usa": 1708116120,
        "data_usa_category": 8761820,
        "data_usa_city": 20354920
      }
    },
    {
      "raw": "category_list = list(data.category.unique())\ncategory_list",
      "total-ns": 7081840558,
      "vars": {},
      "p2m": {
        "data": 11417372855,
        "df": 9843017460,
        "country_names": 4762370,
        "data_100": 6886150,
        "data_100_category": 2531080,
        "data_usa": 3036906504,
        "data_usa_category": 2119560,
        "data_usa_city": 6203460
      },
      "m2p": {
        "data": 8325609403,
        "df": 6127313398,
        "country_names": 121134338,
        "data_100": 5770800,
        "data_100_category": 6441180,
        "data_usa": 1818330273,
        "data_usa_category": 7852480,
        "data_usa_city": 18641869
      }
    },
    {
      "raw": "data.finalWorth = data.finalWorth.astype(float)\nworth_average = []\nfor i in category_list:\n    x = data[data['category']==i]\n    worth_ratio = sum(x.finalWorth)/len(x)\n    worth_average.append(worth_ratio)\ndata2 = pd.DataFrame({'category_list': category_list,'worth_average':worth_average})\nnew_index = (data2['worth_average'].sort_values(ascending=False)).index.values\nnew_data = data2.reindex(new_index)",
      "total-ns": 244065125853,
      "vars": {},
      "p2m": {
        "data": 12005722098,
        "df": 15141277199,
        "country_names": 79472309,
        "data_100": 17821820,
        "data_100_category": 6721849,
        "data_usa": 3541974857,
        "data_usa_category": 2034730,
        "data_usa_city": 6995740,
        "x": 132714488,
        "data2": 2287430,
        "new_data": 1902660
      },
      "m2p": {
        "data": 32777594200,
        "df": 7524870245,
        "country_names": 164035658,
        "data_100": 22808579,
        "data_100_category": 31366860,
        "data_usa": 1966229381,
        "data_usa_category": 8772509,
        "data_usa_city": 23083590,
        "x": 98493518,
        "data2": 2484310,
        "new_data": 6432429
      }
    },
    {
      "raw": "data3 =data.dropna(axis=\"index\",how=\"any\",inplace=False) # \u0131 created new df because so many nan values was exist",
      "total-ns": 16838880,
      "vars": {},
      "p2m": {
        "data": 16170493664,
        "df": 11687644403,
        "country_names": 7874479,
        "data_100": 7361080,
        "data_100_category": 2060640,
        "data_usa": 3392508299,
        "data_usa_category": 2707050,
        "data_usa_city": 7856940,
        "x": 160302978,
        "data2": 2926760,
        "new_data": 2380590,
        "data3": 1029524684
      },
      "m2p": {
        "data": 11909219048,
        "df": 6966730224,
        "country_names": 26585060,
        "data_100": 6662870,
        "data_100_category": 7007370,
        "data_usa": 1743573253,
        "data_usa_category": 9006160,
        "data_usa_city": 28612140,
        "x": 111031968,
        "data2": 3568570,
        "new_data": 3366090,
        "data3": 1050317584
      }
    },
    {
      "raw": "data3.head() ",
      "total-ns": 2403930,
      "vars": {},
      "p2m": {
        "data": 12115610635,
        "df": 11642220053,
        "country_names": 5129360,
        "data_100": 9950770,
        "data_100_category": 2956490,
        "data_usa": 3652271654,
        "data_usa_category": 2445660,
        "data_usa_city": 8641279,
        "x": 137027798,
        "data2": 3496699,
        "new_data": 3974710,
        "data3": 1380708189
      },
      "m2p": {
        "data": 6518958371,
        "df": 7186036491,
        "country_names": 19836639,
        "data_100": 10464130,
        "data_100_category": 8313890,
        "data_usa": 1582551976,
        "data_usa_category": 8472150,
        "data_usa_city": 27203700,
        "x": 94743339,
        "data2": 2906780,
        "new_data": 2965061,
        "data3": 1070114693
      }
    },
    {
      "raw": "data3.info() #in the new df we have 238 rows for each column",
      "total-ns": 1489415267,
      "vars": {},
      "p2m": {
        "data": 13065649772,
        "df": 12187559945,
        "country_names": 4752089,
        "data_100": 6893330,
        "data_100_category": 3182330,
        "data_usa": 3391885518,
        "data_usa_category": 2880120,
        "data_usa_city": 5404050,
        "x": 170012027,
        "data2": 3179620,
        "new_data": 2968830,
        "data3": 972291896
      },
      "m2p": {
        "data": 7017955273,
        "df": 6381347523,
        "country_names": 17604911,
        "data_100": 7291530,
        "data_100_category": 7447230,
        "data_usa": 1536894917,
        "data_usa_category": 10109420,
        "data_usa_city": 36615089,
        "x": 128646078,
        "data2": 4084021,
        "new_data": 3283730,
        "data3": 598113081
      }
    },
    {
      "raw": "data3.country.unique()  # and 238 billionaires in usa, others deleted.",
      "total-ns": 519562831,
      "vars": {},
      "p2m": {
        "data": 11641446373,
        "df": 11609305383,
        "country_names": 5537280,
        "data_100": 6464280,
        "data_100_category": 2040190,
        "data_usa": 3519688536,
        "data_usa_category": 2468680,
        "data_usa_city": 6657040,
        "x": 143746487,
        "data2": 2651820,
        "new_data": 1771820,
        "data3": 1245366001
      },
      "m2p": {
        "data": 6051307648,
        "df": 5937789470,
        "country_names": 23407200,
        "data_100": 6227970,
        "data_100_category": 7636570,
        "data_usa": 1964629370,
        "data_usa_category": 9616610,
        "data_usa_city": 26351149,
        "x": 111565468,
        "data2": 2932700,
        "new_data": 2349310,
        "data3": 666821260
      }
    }
  ]
}