{
  "cells": [
    {
      "raw": "# importing libraries\nimport numpy as np # linear algebra\n\nimport os\nos.environ[\"MODIN_ENGINE\"] = \"ray\"\nimport ray\nos.environ['MODIN_CPUS'] = \"4\"\nray.init(num_cpus=4, runtime_env={'env_vars': {'__MODIN_AUTOIMPORT_PANDAS__': '1'}})\nimport modin.pandas as pd\nfrom datetime import datetime # datetime processing\n\n# setting path of the dataset\nimport os\nfor dirname, _, filenames in os.walk('../input'):\n    for filename in filenames:\n        print(os.path.join(dirname, filename))\n",
      "total-ns": 4162130299,
      "vars": {},
      "p2m": {},
      "m2p": {}
    },
    {
      "raw": "melb_house = pd.read_csv(\"../input/melb_data.csv\")\n\n# checking the columns\nmelb_house.head()",
      "total-ns": 5979373065,
      "vars": {},
      "p2m": {
        "melb_house": 21205709
      },
      "m2p": {
        "melb_house": 53554810
      }
    },
    {
      "raw": "df = melb_house\nintended_df_size_in_MB = 1024\nfactor = intended_df_size_in_MB*(2**20)/df.memory_usage(index=True).sum()\nif int(factor) > 0:\n    df = pd.concat([df]*int(factor), ignore_index=True)\nelse:\n    rowCount = int(df.shape[0]*factor)\n    df = df[0:rowCount]\nmelb_house = df\nmelb_house.info()",
      "total-ns": 13277544893,
      "vars": {},
      "p2m": {
        "melb_house": 13582923641,
        "df": 5949168945
      },
      "m2p": {
        "melb_house": 35796115129,
        "df": 13200927253
      }
    },
    {
      "raw": "melb_house.shape",
      "total-ns": 1007530,
      "vars": {},
      "p2m": {
        "melb_house": 5478127451,
        "df": 5019550217
      },
      "m2p": {
        "melb_house": 3839684911,
        "df": 3270538759
      }
    },
    {
      "raw": "melb_house.info()",
      "total-ns": 7098874981,
      "vars": {},
      "p2m": {
        "melb_house": 4864566729,
        "df": 4757734870
      },
      "m2p": {
        "melb_house": 3380218207,
        "df": 2985660862
      }
    },
    {
      "raw": "# checking for unique entries\n\nunique_val = []\nfor i in melb_house.columns:\n    u = melb_house[i].nunique()\n    unique_val.append(u)\n    \npd.DataFrame({\"No. of unique values\": unique_val}, index=melb_house.columns)",
      "total-ns": 59484070122,
      "vars": {},
      "p2m": {
        "melb_house": 4741176400,
        "df": 4956085808
      },
      "m2p": {
        "melb_house": 3178025730,
        "df": 3009222512
      }
    },
    {
      "raw": "# Working dataset\ndataset = melb_house.copy()",
      "total-ns": 906410,
      "vars": {},
      "p2m": {
        "melb_house": 5016224307,
        "df": 4990245368,
        "dataset": 5539227280
      },
      "m2p": {
        "melb_house": 3043116431,
        "df": 3163929220,
        "dataset": 3181601660
      }
    },
    {
      "raw": "# Features with missing values\nmiss = dataset.isnull().sum().sort_values(ascending = False).head(5)\nmiss_per = (miss/len(dataset))*100\n\n# Percentage of missing values\npd.DataFrame({'No. missing values': miss, '% of missind data': miss_per.values})",
      "total-ns": 6072772224,
      "vars": {},
      "p2m": {
        "melb_house": 4803935850,
        "df": 8141937827,
        "dataset": 5177605875,
        "miss": 2513680,
        "miss_per": 2055820
      },
      "m2p": {
        "melb_house": 3138979390,
        "df": 2899959133,
        "dataset": 4129527989,
        "miss": 2000710,
        "miss_per": 6629710
      }
    },
    {
      "raw": "dataset['Car'].value_counts()",
      "total-ns": 2475765189,
      "vars": {},
      "p2m": {
        "melb_house": 4739450800,
        "df": 4443281424,
        "dataset": 5074833377,
        "miss": 2071040,
        "miss_per": 1808720
      },
      "m2p": {
        "melb_house": 3265406239,
        "df": 3096632601,
        "dataset": 2942196524,
        "miss": 8467530,
        "miss_per": 5418510
      }
    },
    {
      "raw": "# Filling null value\ndataset['Car'].fillna(0, inplace = True)\n\n# confimation after filling the null values\nprint(\"Null values before replacement :\", melb_house['Car'].isnull().sum())\nprint(\"Null values after replacement :\", dataset['Car'].isnull().sum())",
      "total-ns": 4841688419,
      "vars": {},
      "p2m": {
        "melb_house": 4762038600,
        "df": 5218048214,
        "dataset": 6120625573,
        "miss": 12094890,
        "miss_per": 3143060
      },
      "m2p": {
        "melb_house": 3212448520,
        "df": 3730086033,
        "dataset": 25789124305,
        "miss": 10082860,
        "miss_per": 79592069
      }
    },
    {
      "raw": "dataset['CouncilArea'].value_counts()",
      "total-ns": 5059270827,
      "vars": {},
      "p2m": {
        "melb_house": 4588974861,
        "df": 5428806662,
        "dataset": 5764696088,
        "miss": 14589670,
        "miss_per": 5023219
      },
      "m2p": {
        "melb_house": 4108380129,
        "df": 3977004940,
        "dataset": 4990036097,
        "miss": 20473810,
        "miss_per": 89144049
      }
    },
    {
      "raw": "# Filling the null value \ndataset['CouncilArea'].fillna('Unavailable', inplace = True)\n\n\n# confimation after filling the null values\nprint(\"Null values before replacement :\", melb_house['CouncilArea'].isnull().sum())\nprint(\"Null values after replacement :\", dataset['CouncilArea'].isnull().sum())",
      "total-ns": 8985744397,
      "vars": {},
      "p2m": {
        "melb_house": 5203004735,
        "df": 5204083975,
        "dataset": 4759490200,
        "miss": 9184720,
        "miss_per": 3978560
      },
      "m2p": {
        "melb_house": 3391782447,
        "df": 3591675255,
        "dataset": 17979384426,
        "miss": 8448070,
        "miss_per": 76600249
      }
    },
    {
      "raw": "# Filling the null value \ndataset['YearBuilt'].fillna(\"Unknown\", inplace=True)\n\n# confimation after filling the null values\nprint(\"Null values before replacement :\", melb_house['YearBuilt'].isnull().sum())\nprint(\"Null values after replacement :\", dataset['YearBuilt'].isnull().sum())",
      "total-ns": 7025865183,
      "vars": {},
      "p2m": {
        "melb_house": 5422373122,
        "df": 5130177596,
        "dataset": 5237570206,
        "miss": 6886079,
        "miss_per": 4775890
      },
      "m2p": {
        "melb_house": 3912717512,
        "df": 3346252488,
        "dataset": 17034971057,
        "miss": 12036320,
        "miss_per": 125316409
      }
    },
    {
      "raw": "# Filling the null value \ndataset['BuildingArea'].fillna(0, inplace = True)\n\n# confimation after filling the null values\nprint(\"Null values before replacement :\", melb_house['BuildingArea'].isnull().sum())\nprint(\"Null values after replacement :\", dataset['BuildingArea'].isnull().sum())",
      "total-ns": 6579701127,
      "vars": {},
      "p2m": {
        "melb_house": 5191563675,
        "df": 5167913246,
        "dataset": 5111463977,
        "miss": 12003570,
        "miss_per": 5598591
      },
      "m2p": {
        "melb_house": 3796642402,
        "df": 3907973322,
        "dataset": 18254404632,
        "miss": 11778499,
        "miss_per": 60394529
      }
    },
    {
      "raw": "# log transformation of price\ndataset['Price_trans'] = np.log(dataset['Price'])",
      "total-ns": 7671745604,
      "vars": {},
      "p2m": {
        "melb_house": 5163530406,
        "df": 5007191837,
        "dataset": 5813448099,
        "miss": 9153320,
        "miss_per": 3237269
      },
      "m2p": {
        "melb_house": 4379015065,
        "df": 3729639464,
        "dataset": 5471206952,
        "miss": 13352949,
        "miss_per": 144798418
      }
    },
    {
      "raw": "# Grouping the numerical data\nnum =  dataset.select_dtypes(exclude=\"object\")\nnum = num.drop(['Price'], axis=1)",
      "total-ns": 15960860,
      "vars": {},
      "p2m": {
        "melb_house": 4992135038,
        "df": 5140724535,
        "dataset": 5658073380,
        "miss": 11226021,
        "miss_per": 3284590,
        "num": 298263386
      },
      "m2p": {
        "melb_house": 4446985624,
        "df": 3988258171,
        "dataset": 4265451837,
        "miss": 13646800,
        "miss_per": 59990188,
        "num": 5414815223
      }
    },
    {
      "raw": "# coverting date into datetime format\ndataset['Date'] = pd.to_datetime(dataset['Date'])\nyear = dataset['Date'].map(lambda x: datetime.strftime(x, '%Y'))\ndataset['year'] = year\nmonth = dataset['Date'].map(lambda x: datetime.strftime(x, '%b'))\ndataset['month'] = month",
      "total-ns": 68723759,
      "vars": {},
      "p2m": {
        "melb_house": 7424143776,
        "df": 8429967344,
        "dataset": 8966719098,
        "miss": 3363580,
        "miss_per": 2850610,
        "num": 279287816,
        "year": 3320620748,
        "month": 2366379570
      },
      "m2p": {
        "melb_house": 9171934896,
        "df": 7565156336,
        "dataset": 65723680510,
        "miss": 13121160,
        "miss_per": 9480860,
        "num": 2415848260,
        "year": 1140894206,
        "month": 715771572
      }
    },
    {
      "raw": "# Dataset of Metropolitan area\nrm = dataset[dataset['Regionname'].map(lambda x: 'Metropolitan' in x)]\n\n# Dataset of Victoria area\nrv = dataset[dataset['Regionname'].map(lambda x: 'Victoria' in x)]",
      "total-ns": 25441010955,
      "vars": {},
      "p2m": {
        "melb_house": 5490963942,
        "df": 5071080627,
        "dataset": 10671899208,
        "miss": 3083870,
        "miss_per": 2371600,
        "num": 482034514,
        "year": 1907790387,
        "month": 2226533182,
        "rm": 10194865442,
        "rv": 57274790
      },
      "m2p": {
        "melb_house": 9570844553,
        "df": 7521092846,
        "dataset": 5485514942,
        "miss": 18802430,
        "miss_per": 12033590,
        "num": 2457638420,
        "year": 3353048958,
        "month": 3101229131,
        "rm": 13064031050,
        "rv": 155274707
      }
    },
    {
      "raw": "",
      "total-ns": 284990,
      "vars": {},
      "p2m": {
        "melb_house": 5432273132,
        "df": 5701680452,
        "dataset": 9681649100,
        "miss": 2523580,
        "miss_per": 1753341,
        "num": 442664404,
        "year": 2284572761,
        "month": 1985803826,
        "rm": 9291970264,
        "rv": 54168529
      },
      "m2p": {
        "melb_house": 7821548433,
        "df": 8032329909,
        "dataset": 12198584896,
        "miss": 17290339,
        "miss_per": 7183530,
        "num": 2696450286,
        "year": 3978379261,
        "month": 3101330401,
        "rm": 10795656765,
        "rv": 84767469
      }
    }
  ]
}