{
  "cells": [
    {
      "raw": "# This Python 3 environment comes with many helpful analytics libraries installed\n# It is defined by the kaggle/python Docker image: https://github.com/kaggle/docker-python\n# For example, here's several helpful packages to load\n\nimport numpy as np # linear algebra\n\nimport os\nos.environ[\"MODIN_ENGINE\"] = \"ray\"\nimport ray\nos.environ['MODIN_CPUS'] = \"4\"\nray.init(num_cpus=4, runtime_env={'env_vars': {'__MODIN_AUTOIMPORT_PANDAS__': '1'}})\nimport modin.pandas as pd\n# Input data files are available in the read-only \"../input/\" directory\n# For example, running this (by clicking run or pressing Shift+Enter) will list all files under the input directory\n\nimport os\nfor dirname, _, filenames in os.walk('../input'):\n    for filename in filenames:\n        print(os.path.join(dirname, filename))\n        \n        \n# You can write up to 5GB to the current directory (/kaggle/working/) that gets preserved as output when you create a version using \"Save & Run All\" \n# You can also write temporary files to /kaggle/temp/, but they won't be saved outside of the current session",
      "total-ns": 2961108595,
      "vars": {},
      "p2m": {},
      "m2p": {}
    },
    {
      "raw": "training = pd.read_csv('../input/train.csv')\ntest = pd.read_csv('../input/test.csv')",
      "total-ns": 9368729894,
      "vars": {},
      "p2m": {
        "training": 14074760,
        "test": 11386680
      },
      "m2p": {
        "training": 37935580,
        "test": 29273430
      }
    },
    {
      "raw": "df = training\nintended_df_size_in_MB = 1024\nfactor = intended_df_size_in_MB*(2**20)/(training.memory_usage(index=True).sum()+test.memory_usage(index=True).sum())\nif int(factor) > 0:\n    df = pd.concat([df]*int(factor), ignore_index=True)\nelse:\n    rowCount = int(df.shape[0]*factor)\n    df = df[0:rowCount]\ntraining = df\n\ndf = test\nif int(factor) > 0:\n    df = pd.concat([df]*int(factor), ignore_index=True)\nelse:\n    rowCount = int(df.shape[0]*factor)\n    df = df[0:rowCount]\ntest = df\n    \ntraining.info()\ntest.info()",
      "total-ns": 83871669712,
      "vars": {},
      "p2m": {
        "training": 7377111928,
        "test": 3747371773,
        "df": 3276824729
      },
      "m2p": {
        "training": 195956963653,
        "test": 183948892134,
        "df": 7871724822
      }
    },
    {
      "raw": "training['train_test'] = 1\ntest['train_test'] = 0\ntest['Survived'] = np.NaN\nall_data = pd.concat([training,test])\n\nall_data.columns",
      "total-ns": 24663765652,
      "vars": {},
      "p2m": {
        "training": 10975159651,
        "test": 5692058168,
        "df": 3945199697,
        "all_data": 13124362027
      },
      "m2p": {
        "training": 3953488276,
        "test": 2405874984,
        "df": 1827481860,
        "all_data": 31286714529
      }
    },
    {
      "raw": "# Understand nature of the data .info() .describe()\n# Histograms and boxplots \n# Value counts \n# Missing data \n# Correlation between the metrics \n# Explore interesting themes \n    # Wealthy survive? \n    # By location \n    # Age scatterplot with ticket price \n    # Young and wealthy Variable? \n    # Total spent? \n# Feature engineering \n# preprocess data together or use a transformer? \n    # use label for train and test   \n# Scaling?\n\n# Model Baseline \n# Model comparison with CV ",
      "total-ns": 471370,
      "vars": {},
      "p2m": {
        "training": 10212352689,
        "test": 4258525024,
        "df": 3580890001,
        "all_data": 12759902001
      },
      "m2p": {
        "training": 6790261346,
        "test": 3439231242,
        "df": 2181615836,
        "all_data": 6388832791
      }
    },
    {
      "raw": "#quick look at our data types & null counts \ntraining.info()",
      "total-ns": 7307896030,
      "vars": {},
      "p2m": {
        "training": 7884244554,
        "test": 3367555263,
        "df": 3651862800,
        "all_data": 13018245898
      },
      "m2p": {
        "training": 3881882858,
        "test": 1809180790,
        "df": 1769163971,
        "all_data": 6299081741
      }
    },
    {
      "raw": "# to better understand the numeric data, we want to use the .describe() method. This gives us an understanding of the central tendencies of the data \ntraining.describe()",
      "total-ns": 19689270,
      "vars": {},
      "p2m": {
        "training": 10346654667,
        "test": 3083730846,
        "df": 3093055147,
        "all_data": 12851728350
      },
      "m2p": {
        "training": 6292029202,
        "test": 1642621942,
        "df": 1953063059,
        "all_data": 5756432257
      }
    },
    {
      "raw": "#quick way to separate numeric columns\ntraining.describe().columns",
      "total-ns": 16967039,
      "vars": {},
      "p2m": {
        "training": 10505476716,
        "test": 3869621349,
        "df": 3006076288,
        "all_data": 12098573099
      },
      "m2p": {
        "training": 5294065973,
        "test": 1703933351,
        "df": 1588691673,
        "all_data": 5690083257
      }
    },
    {
      "raw": "# look at numeric and categorical values separately \ndf_num = training[['Age','SibSp','Parch','Fare']]\ndf_cat = training[['Survived','Pclass','Sex','Ticket','Cabin','Embarked']]",
      "total-ns": 4123620,
      "vars": {},
      "p2m": {
        "training": 9660556365,
        "test": 4589020300,
        "df": 4017278927,
        "all_data": 14084735056,
        "df_num": 142292319,
        "df_cat": 4491573921
      },
      "m2p": {
        "training": 3960325137,
        "test": 2449751893,
        "df": 1932046628,
        "all_data": 8016178882,
        "df_num": 5621918329,
        "df_cat": 10879504561
      }
    },
    {
      "raw": "",
      "total-ns": 534520,
      "vars": {},
      "p2m": {
        "training": 8189913701,
        "test": 2821474299,
        "df": 3220566495,
        "all_data": 12725127191,
        "df_num": 219196037,
        "df_cat": 4468375762
      },
      "m2p": {
        "training": 7626264187,
        "test": 3072673477,
        "df": 2363196654,
        "all_data": 8618315326,
        "df_num": 1045815789,
        "df_cat": 3611182291
      }
    },
    {
      "raw": "",
      "total-ns": 319110,
      "vars": {},
      "p2m": {
        "training": 8635206856,
        "test": 3980918757,
        "df": 3417018443,
        "all_data": 14364126574,
        "df_num": 214980337,
        "df_cat": 6179396213
      },
      "m2p": {
        "training": 4432044641,
        "test": 1770905131,
        "df": 1577144122,
        "all_data": 6231933552,
        "df_num": 142559118,
        "df_cat": 3453856422
      }
    },
    {
      "raw": "",
      "total-ns": 416760,
      "vars": {},
      "p2m": {
        "training": 8532716057,
        "test": 3172905806,
        "df": 3552337481,
        "all_data": 15200506244,
        "df_num": 185502468,
        "df_cat": 6318940072
      },
      "m2p": {
        "training": 5641190588,
        "test": 2398489233,
        "df": 1786562850,
        "all_data": 7052784153,
        "df_num": 106142969,
        "df_cat": 3622027441
      }
    },
    {
      "raw": "\n    ",
      "total-ns": 296050,
      "vars": {},
      "p2m": {
        "training": 9412503597,
        "test": 4073859616,
        "df": 3066139697,
        "all_data": 15661966059,
        "df_num": 172997498,
        "df_cat": 6409533180
      },
      "m2p": {
        "training": 4905850197,
        "test": 1768585601,
        "df": 1591880482,
        "all_data": 6579322719,
        "df_num": 108378019,
        "df_cat": 3725250830
      }
    },
    {
      "raw": "# Comparing survival and each of these categorical variables \nprint(pd.pivot_table(training, index = 'Survived', columns = 'Pclass', values = 'Ticket' ,aggfunc ='count'))\nprint()\nprint(pd.pivot_table(training, index = 'Survived', columns = 'Sex', values = 'Ticket' ,aggfunc ='count'))\nprint()\nprint(pd.pivot_table(training, index = 'Survived', columns = 'Embarked', values = 'Ticket' ,aggfunc ='count'))",
      "total-ns": 33762027152,
      "vars": {},
      "p2m": {
        "training": 7907130654,
        "test": 2696034260,
        "df": 3997531246,
        "all_data": 13829424400,
        "df_num": 161214868,
        "df_cat": 5663631328
      },
      "m2p": {
        "training": 4744702788,
        "test": 1855658510,
        "df": 2160311297,
        "all_data": 6847690826,
        "df_num": 106800118,
        "df_cat": 3778530789
      }
    },
    {
      "raw": "df_cat.Cabin\ntraining['cabin_multiple'] = training.Cabin.apply(lambda x: 0 if pd.isna(x) else len(x.split(' ')))\n# after looking at this, we may want to look at cabin by letter or by number. Let's create some categories for this \n# letters \n# multiple letters \ntraining['cabin_multiple'].value_counts()",
      "total-ns": 15059992216,
      "vars": {},
      "p2m": {
        "training": 8910855582,
        "test": 3431265563,
        "df": 4570236280,
        "all_data": 14538709103,
        "df_num": 87596050,
        "df_cat": 5211977083
      },
      "m2p": {
        "training": 4830262288,
        "test": 2564621692,
        "df": 2284455115,
        "all_data": 13377038174,
        "df_num": 1099165688,
        "df_cat": 4745355488
      }
    },
    {
      "raw": "pd.pivot_table(training, index = 'Survived', columns = 'cabin_multiple', values = 'Ticket' ,aggfunc ='count')",
      "total-ns": 9171334020,
      "vars": {},
      "p2m": {
        "training": 8171314471,
        "test": 2923103868,
        "df": 3570086741,
        "all_data": 14009591238,
        "df_num": 314665696,
        "df_cat": 4223039415
      },
      "m2p": {
        "training": 4391638932,
        "test": 2398983484,
        "df": 1883077670,
        "all_data": 8449952767,
        "df_num": 187157318,
        "df_cat": 4043896185
      }
    },
    {
      "raw": "#creates categories based on the cabin letter (n stands for null)\n#in this case we will treat null values like it's own category\n\ntraining['cabin_adv'] = training.Cabin.apply(lambda x: str(x)[0])\n",
      "total-ns": 1205278506,
      "vars": {},
      "p2m": {
        "training": 9664807864,
        "test": 2993213988,
        "df": 3014477717,
        "all_data": 18517329269,
        "df_num": 292477366,
        "df_cat": 4255461103
      },
      "m2p": {
        "training": 12623163111,
        "test": 3154828936,
        "df": 2672956411,
        "all_data": 11688062773,
        "df_num": 1122817448,
        "df_cat": 5349580322
      }
    },
    {
      "raw": "#comparing surivial rate by cabin\nprint(training.cabin_adv.value_counts())\npd.pivot_table(training,index='Survived',columns='cabin_adv', values = 'Name', aggfunc='count')",
      "total-ns": 17588979248,
      "vars": {},
      "p2m": {
        "training": 9357986728,
        "test": 2799517780,
        "df": 5469574561,
        "all_data": 15743851848,
        "df_num": 268166917,
        "df_cat": 4679842060
      },
      "m2p": {
        "training": 4732870729,
        "test": 2541064122,
        "df": 2284558785,
        "all_data": 9680459574,
        "df_num": 122852179,
        "df_cat": 3507540221
      }
    },
    {
      "raw": "#understand ticket values better \n#numeric vs non numeric \ntraining['numeric_ticket'] = training.Ticket.apply(lambda x: 1 if x.isnumeric() else 0)\ntraining['ticket_letters'] = training.Ticket.apply(lambda x: ''.join(x.split(' ')[:-1]).replace('.','').replace('/','').lower() if len(x.split(' ')[:-1]) >0 else 0)\n",
      "total-ns": 10536698156,
      "vars": {},
      "p2m": {
        "training": 8923273813,
        "test": 4360494933,
        "df": 3296656515,
        "all_data": 14056872085,
        "df_num": 349880845,
        "df_cat": 5608986316
      },
      "m2p": {
        "training": 15364197903,
        "test": 3564535271,
        "df": 2606770301,
        "all_data": 7884627264,
        "df_num": 1099796138,
        "df_cat": 4098498133
      }
    },
    {
      "raw": "training['numeric_ticket'].value_counts()",
      "total-ns": 4292107280,
      "vars": {},
      "p2m": {
        "training": 10717027798,
        "test": 4149873933,
        "df": 2961441926,
        "all_data": 13346311257,
        "df_num": 348315676,
        "df_cat": 4934153534
      },
      "m2p": {
        "training": 5975253501,
        "test": 1727002130,
        "df": 1583240032,
        "all_data": 8102828717,
        "df_num": 695248632,
        "df_cat": 3958500624
      }
    },
    {
      "raw": "#lets us view all rows in dataframe through scrolling. This is for convenience \ntraining['ticket_letters'].value_counts()\n",
      "total-ns": 5431129237,
      "vars": {},
      "p2m": {
        "training": 9725071489,
        "test": 3511021509,
        "df": 3561255109,
        "all_data": 14560890153,
        "df_num": 291233517,
        "df_cat": 4768293275
      },
      "m2p": {
        "training": 5717823654,
        "test": 2298379624,
        "df": 1732497400,
        "all_data": 7895416269,
        "df_num": 127828409,
        "df_cat": 3892727955
      }
    },
    {
      "raw": "#difference in numeric vs non-numeric tickets in survival rate \npd.pivot_table(training,index='Survived',columns='numeric_ticket', values = 'Ticket', aggfunc='count')",
      "total-ns": 11352203399,
      "vars": {},
      "p2m": {
        "training": 10061152874,
        "test": 3218168883,
        "df": 3293489252,
        "all_data": 13425908676,
        "df_num": 255994217,
        "df_cat": 5192956820
      },
      "m2p": {
        "training": 5847637203,
        "test": 1971259038,
        "df": 1569023222,
        "all_data": 7267309246,
        "df_num": 130962378,
        "df_cat": 3660973988
      }
    },
    {
      "raw": "#survival rate across different tyicket types \npd.pivot_table(training,index='Survived',columns='ticket_letters', values = 'Ticket', aggfunc='count')",
      "total-ns": 12227135569,
      "vars": {},
      "p2m": {
        "training": 10287320911,
        "test": 3986129664,
        "df": 3933246025,
        "all_data": 15694776160,
        "df_num": 377783406,
        "df_cat": 6415907347
      },
      "m2p": {
        "training": 5771983053,
        "test": 2443753672,
        "df": 1885949058,
        "all_data": 8107846867,
        "df_num": 470097095,
        "df_cat": 6187423048
      }
    },
    {
      "raw": "#feature engineering on person's title \ntraining.Name.head(50)\ntraining['name_title'] = training.Name.apply(lambda x: x.split(',')[1].split('.')[0].strip())\n#mr., ms., master. etc",
      "total-ns": 1658156281,
      "vars": {},
      "p2m": {
        "training": 14907162858,
        "test": 3250620843,
        "df": 3307691592,
        "all_data": 13554551695,
        "df_num": 108578369,
        "df_cat": 5831873663
      },
      "m2p": {
        "training": 23724136827,
        "test": 3272168192,
        "df": 2887765347,
        "all_data": 13599781133,
        "df_num": 1054482999,
        "df_cat": 3405375551
      }
    },
    {
      "raw": "training['name_title'].value_counts()",
      "total-ns": 9023971156,
      "vars": {},
      "p2m": {
        "training": 13065201119,
        "test": 4031266423,
        "df": 4159216202,
        "all_data": 14908548399,
        "df_num": 274170857,
        "df_cat": 9140855955
      },
      "m2p": {
        "training": 7119612438,
        "test": 3140431624,
        "df": 1491226383,
        "all_data": 7507750254,
        "df_num": 124981849,
        "df_cat": 4366853690
      }
    },
    {
      "raw": "#create all categorical variables that we did above for both training and test sets \nall_data['cabin_multiple'] = all_data.Cabin.apply(lambda x: 0 if pd.isna(x) else len(x.split(' ')))\nall_data['cabin_adv'] = all_data.Cabin.apply(lambda x: str(x)[0])\nall_data['numeric_ticket'] = all_data.Ticket.apply(lambda x: 1 if x.isnumeric() else 0)\nall_data['ticket_letters'] = all_data.Ticket.apply(lambda x: ''.join(x.split(' ')[:-1]).replace('.','').replace('/','').lower() if len(x.split(' ')[:-1]) >0 else 0)\nall_data['name_title'] = all_data.Name.apply(lambda x: x.split(',')[1].split('.')[0].strip())\n\n#impute nulls for continuous data \n#all_data.Age = all_data.Age.fillna(training.Age.mean())\nall_data.Age = all_data.Age.fillna(training.Age.median())\n#all_data.Fare = all_data.Fare.fillna(training.Fare.mean())\nall_data.Fare = all_data.Fare.fillna(training.Fare.median())\n\n#drop null 'embarked' rows. Only 2 instances of this in training and 0 in test \nall_data.dropna(subset=['Embarked'],inplace = True)\n\n#tried log norm of sibsp (not used)\nall_data['norm_sibsp'] = np.log(all_data.SibSp+1)\n# all_data['norm_sibsp'].hist()\n\n# log norm of fare (used)\nall_data['norm_fare'] = np.log(all_data.Fare+1)\n# all_data['norm_fare'].hist()\n\n# converted fare to category for pd.get_dummies()\nall_data.Pclass = all_data.Pclass.astype(str)\n\n#created dummy variables from categories (also can use OneHotEncoder)\nall_dummies = pd.get_dummies(all_data[['Pclass','Sex','Age','SibSp','Parch','norm_fare','Embarked','cabin_adv','cabin_multiple','numeric_ticket','name_title','train_test']])\n\n#Split to train test again\nX_train = all_dummies[all_dummies.train_test == 1].drop(['train_test'], axis =1)\nX_test = all_dummies[all_dummies.train_test == 0].drop(['train_test'], axis =1)\n\n\ny_train = all_data[all_data.train_test==1].Survived\ny_train.shape",
      "total-ns": 280456812654,
      "vars": {},
      "p2m": {
        "training": 13482870115,
        "test": 3096171384,
        "df": 3211071873,
        "all_data": 21882941078,
        "df_num": 97520459,
        "df_cat": 4802138614,
        "all_dummies": 1598649243,
        "X_train": 1461058703,
        "X_test": 712323703,
        "y_train": 73319619
      },
      "m2p": {
        "training": 12947074161,
        "test": 3074274295,
        "df": 3007418855,
        "all_data": 53722603582,
        "df_num": 1030865688,
        "df_cat": 4112782642,
        "all_dummies": 10252106462,
        "X_train": 9163291055,
        "X_test": 4740261576,
        "y_train": 1018562918
      }
    },
    {
      "raw": "# Scale data \nfrom sklearn.preprocessing import StandardScaler\nscale = StandardScaler()\nall_dummies_scaled = all_dummies.copy()\nall_dummies_scaled[['Age','SibSp','Parch','norm_fare']]= scale.fit_transform(all_dummies_scaled[['Age','SibSp','Parch','norm_fare']])\nall_dummies_scaled\n\nX_train_scaled = all_dummies_scaled[all_dummies_scaled.train_test == 1].drop(['train_test'], axis =1)\nX_test_scaled = all_dummies_scaled[all_dummies_scaled.train_test == 0].drop(['train_test'], axis =1)\n\ny_train = all_data[all_data.train_test==1].Survived\n",
      "total-ns": 101176449388,
      "vars": {},
      "p2m": {
        "training": 14280206365,
        "test": 3107122224,
        "df": 3313015922,
        "all_data": 20875554110,
        "df_num": 88021999,
        "df_cat": 4534520387,
        "all_dummies": 1742965580,
        "X_train": 1544667002,
        "X_test": 242211067,
        "y_train": 45762179,
        "all_dummies_scaled": 1246749516,
        "X_train_scaled": 536007714,
        "X_test_scaled": 526881924
      },
      "m2p": {
        "training": 10695300707,
        "test": 3861196366,
        "df": 2887209117,
        "all_data": 21925448318,
        "df_num": 1037421188,
        "df_cat": 3879889784,
        "all_dummies": 5563871896,
        "X_train": 4529046418,
        "X_test": 2520808431,
        "y_train": 10671077788,
        "all_dummies_scaled": 15671786220,
        "X_train_scaled": 4830703764,
        "X_test_scaled": 2115846256
      }
    },
    {
      "raw": "",
      "total-ns": 393660,
      "vars": {},
      "p2m": {
        "training": 16039309646,
        "test": 3381847942,
        "df": 3292374673,
        "all_data": 20876562509,
        "df_num": 718351141,
        "df_cat": 4622547466,
        "all_dummies": 1041640619,
        "X_train": 1038012077,
        "X_test": 245341197,
        "y_train": 32937470,
        "all_dummies_scaled": 1511571743,
        "X_train_scaled": 1201380596,
        "X_test_scaled": 184319509
      },
      "m2p": {
        "training": 12139200311,
        "test": 3686816648,
        "df": 2747355948,
        "all_data": 26331869208,
        "df_num": 1070230398,
        "df_cat": 3387512691,
        "all_dummies": 5537060086,
        "X_train": 3346680232,
        "X_test": 2457544302,
        "y_train": 615478843,
        "all_dummies_scaled": 7506086973,
        "X_train_scaled": 3598088479,
        "X_test_scaled": 1514318693
      }
    },
    {
      "raw": "",
      "total-ns": 2126170,
      "vars": {},
      "p2m": {
        "training": 15595773230,
        "test": 4403334910,
        "df": 3338251222,
        "all_data": 21087220557,
        "df_num": 120410049,
        "df_cat": 4638876177,
        "all_dummies": 1939811707,
        "X_train": 910576720,
        "X_test": 167379639,
        "y_train": 32077320,
        "all_dummies_scaled": 1141840546,
        "X_train_scaled": 492468464,
        "X_test_scaled": 171993048
      },
      "m2p": {
        "training": 12729286183,
        "test": 3378612581,
        "df": 3098019135,
        "all_data": 19949081650,
        "df_num": 1072750297,
        "df_cat": 3576585109,
        "all_dummies": 5974069902,
        "X_train": 3430163001,
        "X_test": 1522659262,
        "y_train": 523279494,
        "all_dummies_scaled": 7711105792,
        "X_train_scaled": 3616560428,
        "X_test_scaled": 1495534683
      }
    },
    {
      "raw": "",
      "total-ns": 4301431,
      "vars": {},
      "p2m": {
        "training": 14823985372,
        "test": 3397014172,
        "df": 3770688478,
        "all_data": 20474417771,
        "df_num": 89857009,
        "df_cat": 8101740677,
        "all_dummies": 1599942311,
        "X_train": 685526622,
        "X_test": 436947125,
        "y_train": 67456389,
        "all_dummies_scaled": 836556970,
        "X_train_scaled": 615048462,
        "X_test_scaled": 215384648
      },
      "m2p": {
        "training": 13832467200,
        "test": 3969840277,
        "df": 2714522610,
        "all_data": 21242014172,
        "df_num": 1151696798,
        "df_cat": 6627146754,
        "all_dummies": 5967416041,
        "X_train": 3282945112,
        "X_test": 1553254342,
        "y_train": 1207916146,
        "all_dummies_scaled": 8201476586,
        "X_train_scaled": 3984250485,
        "X_test_scaled": 1554103752
      }
    },
    {
      "raw": "",
      "total-ns": 405900,
      "vars": {},
      "p2m": {
        "training": 14815568769,
        "test": 3708918137,
        "df": 3383116841,
        "all_data": 21081738207,
        "df_num": 121531989,
        "df_cat": 4685558836,
        "all_dummies": 1036034058,
        "X_train": 862264600,
        "X_test": 163030918,
        "y_train": 50853829,
        "all_dummies_scaled": 1096415988,
        "X_train_scaled": 443202194,
        "X_test_scaled": 312156407
      },
      "m2p": {
        "training": 12962001641,
        "test": 3333589642,
        "df": 3260550803,
        "all_data": 20726392062,
        "df_num": 1082660858,
        "df_cat": 3988258124,
        "all_dummies": 5944990292,
        "X_train": 3357880491,
        "X_test": 1531962643,
        "y_train": 1389362925,
        "all_dummies_scaled": 9619050009,
        "X_train_scaled": 3501496110,
        "X_test_scaled": 1571265962
      }
    },
    {
      "raw": "",
      "total-ns": 522940,
      "vars": {},
      "p2m": {
        "training": 13896750609,
        "test": 3481825430,
        "df": 2806763427,
        "all_data": 20025598609,
        "df_num": 449813995,
        "df_cat": 5101278651,
        "all_dummies": 1446734402,
        "X_train": 689259392,
        "X_test": 281584066,
        "y_train": 101080409,
        "all_dummies_scaled": 2086345106,
        "X_train_scaled": 1162362706,
        "X_test_scaled": 371407936
      },
      "m2p": {
        "training": 12625174725,
        "test": 3076303154,
        "df": 2794999688,
        "all_data": 27207684007,
        "df_num": 1036328558,
        "df_cat": 3768326727,
        "all_dummies": 5817491124,
        "X_train": 3342046232,
        "X_test": 1525921372,
        "y_train": 599251903,
        "all_dummies_scaled": 6888052741,
        "X_train_scaled": 4550024127,
        "X_test_scaled": 1772185540
      }
    },
    {
      "raw": "",
      "total-ns": 1045769,
      "vars": {},
      "p2m": {
        "training": 14457730893,
        "test": 3173494624,
        "df": 4235981381,
        "all_data": 20543397954,
        "df_num": 87262479,
        "df_cat": 5670211325,
        "all_dummies": 1644467921,
        "X_train": 748652351,
        "X_test": 279790707,
        "y_train": 66274130,
        "all_dummies_scaled": 1622662761,
        "X_train_scaled": 678037513,
        "X_test_scaled": 343293446
      },
      "m2p": {
        "training": 11536798258,
        "test": 3027468995,
        "df": 2956005956,
        "all_data": 20946036649,
        "df_num": 1436785474,
        "df_cat": 3808733706,
        "all_dummies": 5454334867,
        "X_train": 3305437572,
        "X_test": 1661572391,
        "y_train": 587299903,
        "all_dummies_scaled": 7102299108,
        "X_train_scaled": 3726197827,
        "X_test_scaled": 1579497262
      }
    },
    {
      "raw": "",
      "total-ns": 1713100,
      "vars": {},
      "p2m": {
        "training": 15027848057,
        "test": 3194204963,
        "df": 5406715528,
        "all_data": 21949438167,
        "df_num": 117529789,
        "df_cat": 5409282618,
        "all_dummies": 1145588507,
        "X_train": 917682619,
        "X_test": 179298628,
        "y_train": 44718619,
        "all_dummies_scaled": 863088830,
        "X_train_scaled": 453374425,
        "X_test_scaled": 182856628
      },
      "m2p": {
        "training": 12506922286,
        "test": 3918298175,
        "df": 3394337771,
        "all_data": 24241003651,
        "df_num": 1079946388,
        "df_cat": 4295755450,
        "all_dummies": 5339042588,
        "X_train": 3459032450,
        "X_test": 1526841953,
        "y_train": 537512384,
        "all_dummies_scaled": 9197966485,
        "X_train_scaled": 3487740981,
        "X_test_scaled": 1496745773
      }
    },
    {
      "raw": "",
      "total-ns": 307940,
      "vars": {},
      "p2m": {
        "training": 14796628320,
        "test": 4024029084,
        "df": 2950936906,
        "all_data": 24227226754,
        "df_num": 674407253,
        "df_cat": 5196860929,
        "all_dummies": 1121987507,
        "X_train": 1120192926,
        "X_test": 230800108,
        "y_train": 65207319,
        "all_dummies_scaled": 1271012715,
        "X_train_scaled": 702454862,
        "X_test_scaled": 153557997
      },
      "m2p": {
        "training": 12873368091,
        "test": 3757972817,
        "df": 3113076594,
        "all_data": 21219533646,
        "df_num": 1065996197,
        "df_cat": 3617253768,
        "all_dummies": 5692385672,
        "X_train": 4245025820,
        "X_test": 1538919122,
        "y_train": 551171713,
        "all_dummies_scaled": 7198896775,
        "X_train_scaled": 4413932398,
        "X_test_scaled": 1634544851
      }
    },
    {
      "raw": "",
      "total-ns": 257940,
      "vars": {},
      "p2m": {
        "training": 15133347331,
        "test": 3484234789,
        "df": 3795372445,
        "all_data": 19466924410,
        "df_num": 82637689,
        "df_cat": 5459738706,
        "all_dummies": 1744986249,
        "X_train": 1763314419,
        "X_test": 475713264,
        "y_train": 68283419,
        "all_dummies_scaled": 920246709,
        "X_train_scaled": 875543960,
        "X_test_scaled": 176199588
      },
      "m2p": {
        "training": 11842996860,
        "test": 3306808032,
        "df": 2997890855,
        "all_data": 29270269775,
        "df_num": 1020418068,
        "df_cat": 4486465027,
        "all_dummies": 5761928622,
        "X_train": 3317406461,
        "X_test": 2765890728,
        "y_train": 1107363467,
        "all_dummies_scaled": 7398708342,
        "X_train_scaled": 3541049228,
        "X_test_scaled": 1752222509
      }
    },
    {
      "raw": "",
      "total-ns": 365370,
      "vars": {},
      "p2m": {
        "training": 15076358222,
        "test": 4809688194,
        "df": 2966749485,
        "all_data": 21324106978,
        "df_num": 84878010,
        "df_cat": 4869853162,
        "all_dummies": 1584763511,
        "X_train": 819494330,
        "X_test": 170075137,
        "y_train": 34748330,
        "all_dummies_scaled": 1365545963,
        "X_train_scaled": 577594344,
        "X_test_scaled": 320644997
      },
      "m2p": {
        "training": 12156377387,
        "test": 3900752834,
        "df": 2919317355,
        "all_data": 19372313682,
        "df_num": 1017785587,
        "df_cat": 3429258240,
        "all_dummies": 5470997056,
        "X_train": 3340081311,
        "X_test": 1535106833,
        "y_train": 498383004,
        "all_dummies_scaled": 7169458656,
        "X_train_scaled": 3590451388,
        "X_test_scaled": 1496760082
      }
    },
    {
      "raw": "",
      "total-ns": 328210,
      "vars": {},
      "p2m": {
        "training": 15378725289,
        "test": 4139419471,
        "df": 4357990799,
        "all_data": 21849431632,
        "df_num": 86720869,
        "df_cat": 5283715428,
        "all_dummies": 1443281293,
        "X_train": 568815143,
        "X_test": 407535256,
        "y_train": 39264449,
        "all_dummies_scaled": 1239549055,
        "X_train_scaled": 667802733,
        "X_test_scaled": 363831576
      },
      "m2p": {
        "training": 13083847815,
        "test": 3627445297,
        "df": 2953962796,
        "all_data": 18971650217,
        "df_num": 1019842987,
        "df_cat": 3987667934,
        "all_dummies": 5304819087,
        "X_train": 4305681459,
        "X_test": 1521691212,
        "y_train": 588698514,
        "all_dummies_scaled": 7914651047,
        "X_train_scaled": 3696773626,
        "X_test_scaled": 1603302691
      }
    },
    {
      "raw": "",
      "total-ns": 425329,
      "vars": {},
      "p2m": {
        "training": 16845384431,
        "test": 3345454980,
        "df": 3583696338,
        "all_data": 20221145542,
        "df_num": 80938128,
        "df_cat": 5670578633,
        "all_dummies": 2982029495,
        "X_train": 992807388,
        "X_test": 487807684,
        "y_train": 54077109,
        "all_dummies_scaled": 1864663728,
        "X_train_scaled": 1148819686,
        "X_test_scaled": 238779817
      },
      "m2p": {
        "training": 11860434861,
        "test": 3329249320,
        "df": 3027805604,
        "all_data": 19744112427,
        "df_num": 1018640438,
        "df_cat": 3343013751,
        "all_dummies": 6708922111,
        "X_train": 4605346816,
        "X_test": 1606256281,
        "y_train": 632521063,
        "all_dummies_scaled": 6959760008,
        "X_train_scaled": 3788277885,
        "X_test_scaled": 1567965311
      }
    },
    {
      "raw": "",
      "total-ns": 1312520,
      "vars": {},
      "p2m": {
        "training": 15417653639,
        "test": 5487611375,
        "df": 5135419230,
        "all_data": 20315828170,
        "df_num": 118673559,
        "df_cat": 5095622030,
        "all_dummies": 1846344358,
        "X_train": 849588270,
        "X_test": 163104718,
        "y_train": 93309409,
        "all_dummies_scaled": 1373015044,
        "X_train_scaled": 967411328,
        "X_test_scaled": 348025106
      },
      "m2p": {
        "training": 14375160870,
        "test": 4826842063,
        "df": 3200631382,
        "all_data": 19155012864,
        "df_num": 1067611317,
        "df_cat": 3703860236,
        "all_dummies": 6088096708,
        "X_train": 3425630220,
        "X_test": 1532175872,
        "y_train": 581359693,
        "all_dummies_scaled": 8137126394,
        "X_train_scaled": 3548893628,
        "X_test_scaled": 1508909293
      }
    },
    {
      "raw": "",
      "total-ns": 330250,
      "vars": {},
      "p2m": {
        "training": 14548149659,
        "test": 3167083662,
        "df": 3438047719,
        "all_data": 20673350926,
        "df_num": 249396207,
        "df_cat": 5651504044,
        "all_dummies": 979252508,
        "X_train": 720974861,
        "X_test": 1448752023,
        "y_train": 52294739,
        "all_dummies_scaled": 1140816396,
        "X_train_scaled": 556562884,
        "X_test_scaled": 183564018
      },
      "m2p": {
        "training": 12568929971,
        "test": 3036010394,
        "df": 2875656637,
        "all_data": 19257526013,
        "df_num": 1107148117,
        "df_cat": 4467541657,
        "all_dummies": 5397820436,
        "X_train": 3311155511,
        "X_test": 1681124570,
        "y_train": 525673074,
        "all_dummies_scaled": 7566646821,
        "X_train_scaled": 3287859690,
        "X_test_scaled": 1513761422
      }
    },
    {
      "raw": "",
      "total-ns": 352150,
      "vars": {},
      "p2m": {
        "training": 14389647610,
        "test": 3931276893,
        "df": 4155102821,
        "all_data": 20424513419,
        "df_num": 85599509,
        "df_cat": 5890562470,
        "all_dummies": 736896221,
        "X_train": 910427089,
        "X_test": 284572616,
        "y_train": 53272350,
        "all_dummies_scaled": 1278604625,
        "X_train_scaled": 869740620,
        "X_test_scaled": 235327157
      },
      "m2p": {
        "training": 12422646523,
        "test": 3901563483,
        "df": 2876366696,
        "all_data": 18737795109,
        "df_num": 1064857958,
        "df_cat": 5055072410,
        "all_dummies": 5267744947,
        "X_train": 3349547311,
        "X_test": 1523412982,
        "y_train": 675913902,
        "all_dummies_scaled": 8368949911,
        "X_train_scaled": 3540659328,
        "X_test_scaled": 1541451652
      }
    },
    {
      "raw": "",
      "total-ns": 347870,
      "vars": {},
      "p2m": {
        "training": 14858397275,
        "test": 3673852906,
        "df": 3780244465,
        "all_data": 20802437295,
        "df_num": 88152059,
        "df_cat": 5488183251,
        "all_dummies": 786113822,
        "X_train": 670701954,
        "X_test": 258065307,
        "y_train": 49083509,
        "all_dummies_scaled": 927853071,
        "X_train_scaled": 1283321539,
        "X_test_scaled": 451188986
      },
      "m2p": {
        "training": 12196641466,
        "test": 3658953077,
        "df": 2783666776,
        "all_data": 19693572168,
        "df_num": 1327154424,
        "df_cat": 4218520810,
        "all_dummies": 5421790549,
        "X_train": 3282627148,
        "X_test": 1515274326,
        "y_train": 552017465,
        "all_dummies_scaled": 7633134278,
        "X_train_scaled": 3610491015,
        "X_test_scaled": 3092862540
      }
    },
    {
      "raw": "",
      "total-ns": 511870,
      "vars": {},
      "p2m": {
        "training": 15352687845,
        "test": 4023551003,
        "df": 3270669308,
        "all_data": 20559990606,
        "df_num": 115407309,
        "df_cat": 4816337504,
        "all_dummies": 1446387047,
        "X_train": 747772012,
        "X_test": 337994907,
        "y_train": 49240420,
        "all_dummies_scaled": 2099069150,
        "X_train_scaled": 964897241,
        "X_test_scaled": 267551157
      },
      "m2p": {
        "training": 12351358993,
        "test": 3034335942,
        "df": 2776072645,
        "all_data": 20360421467,
        "df_num": 1061293490,
        "df_cat": 3944419532,
        "all_dummies": 5777802224,
        "X_train": 3326026539,
        "X_test": 1594196456,
        "y_train": 878489412,
        "all_dummies_scaled": 6853327865,
        "X_train_scaled": 3570111156,
        "X_test_scaled": 1506900126
      }
    },
    {
      "raw": "",
      "total-ns": 330200,
      "vars": {},
      "p2m": {
        "training": 20183683119,
        "test": 3503551097,
        "df": 3336195078,
        "all_data": 18431148686,
        "df_num": 114247879,
        "df_cat": 4536751147,
        "all_dummies": 1150977539,
        "X_train": 651403474,
        "X_test": 262210697,
        "y_train": 58565439,
        "all_dummies_scaled": 1666351834,
        "X_train_scaled": 1235124319,
        "X_test_scaled": 266065437
      },
      "m2p": {
        "training": 12088815126,
        "test": 3274281009,
        "df": 3499815787,
        "all_data": 19504794896,
        "df_num": 1056768370,
        "df_cat": 3778208044,
        "all_dummies": 5393967739,
        "X_train": 3311038759,
        "X_test": 1599415195,
        "y_train": 671330894,
        "all_dummies_scaled": 6830758026,
        "X_train_scaled": 3784085364,
        "X_test_scaled": 1498984346
      }
    },
    {
      "raw": "",
      "total-ns": 346820,
      "vars": {},
      "p2m": {
        "training": 14287715015,
        "test": 3327137839,
        "df": 3679427076,
        "all_data": 19021014570,
        "df_num": 187787728,
        "df_cat": 5149055431,
        "all_dummies": 1077601089,
        "X_train": 1246927788,
        "X_test": 233944458,
        "y_train": 27576980,
        "all_dummies_scaled": 1097626040,
        "X_train_scaled": 640160124,
        "X_test_scaled": 161440768
      },
      "m2p": {
        "training": 12372885853,
        "test": 3739783375,
        "df": 2868816103,
        "all_data": 19746466134,
        "df_num": 1039420730,
        "df_cat": 5055241103,
        "all_dummies": 5594318507,
        "X_train": 3501659158,
        "X_test": 1581187805,
        "y_train": 486446635,
        "all_dummies_scaled": 6593242617,
        "X_train_scaled": 3566521656,
        "X_test_scaled": 1741488804
      }
    },
    {
      "raw": "",
      "total-ns": 331270,
      "vars": {},
      "p2m": {
        "training": 16060858838,
        "test": 3547548236,
        "df": 3568266246,
        "all_data": 20447457717,
        "df_num": 85829190,
        "df_cat": 5578036767,
        "all_dummies": 1349565317,
        "X_train": 859925032,
        "X_test": 341194677,
        "y_train": 33963879,
        "all_dummies_scaled": 1538312385,
        "X_train_scaled": 894940231,
        "X_test_scaled": 512632735
      },
      "m2p": {
        "training": 12776007190,
        "test": 3063837402,
        "df": 3327814139,
        "all_data": 20873042343,
        "df_num": 1015010391,
        "df_cat": 3722393056,
        "all_dummies": 5297842579,
        "X_train": 3488519028,
        "X_test": 1557382085,
        "y_train": 625365504,
        "all_dummies_scaled": 7683610048,
        "X_train_scaled": 5245710459,
        "X_test_scaled": 1620691845
      }
    },
    {
      "raw": "#Because the total feature space is so large, I used a randomized search to narrow down the paramters for the model. I took the best model from this and did a more granular search \n\"\"\"\nrf = RandomForestClassifier(random_state = 1)\nparam_grid =  {'n_estimators': [100,500,1000], \n                                  'bootstrap': [True,False],\n                                  'max_depth': [3,5,10,20,50,75,100,None],\n                                  'max_features': ['auto','sqrt'],\n                                  'min_samples_leaf': [1,2,4,10],\n                                  'min_samples_split': [2,5,10]}\n                                  \nclf_rf_rnd = RandomizedSearchCV(rf, param_distributions = param_grid, n_iter = 100, cv = 5, verbose = True, n_jobs = -1)\nbest_clf_rf_rnd = clf_rf_rnd.fit(X_train_scaled,y_train)\nclf_performance(best_clf_rf_rnd,'Random Forest')\"\"\"",
      "total-ns": 2640660,
      "vars": {},
      "p2m": {
        "training": 15017782009,
        "test": 3917682823,
        "df": 3054009742,
        "all_data": 20256122419,
        "df_num": 84251340,
        "df_cat": 5291327080,
        "all_dummies": 1648081425,
        "X_train": 924213401,
        "X_test": 284046668,
        "y_train": 46960420,
        "all_dummies_scaled": 1463929957,
        "X_train_scaled": 915257571,
        "X_test_scaled": 405518596
      },
      "m2p": {
        "training": 12046881406,
        "test": 3337126598,
        "df": 3294197629,
        "all_data": 19452469526,
        "df_num": 1025084881,
        "df_cat": 3550528106,
        "all_dummies": 5711989366,
        "X_train": 3563471846,
        "X_test": 1579371075,
        "y_train": 588224294,
        "all_dummies_scaled": 7276344870,
        "X_train_scaled": 3608455215,
        "X_test_scaled": 1574531625
      }
    },
    {
      "raw": "",
      "total-ns": 300721,
      "vars": {},
      "p2m": {
        "training": 14224513946,
        "test": 2866634333,
        "df": 3317582760,
        "all_data": 21259705339,
        "df_num": 80984908,
        "df_cat": 5410593199,
        "all_dummies": 1845960143,
        "X_train": 1073794889,
        "X_test": 204806848,
        "y_train": 48091510,
        "all_dummies_scaled": 828326733,
        "X_train_scaled": 541147605,
        "X_test_scaled": 228949828
      },
      "m2p": {
        "training": 12203199474,
        "test": 3121353511,
        "df": 2849513362,
        "all_data": 20182858009,
        "df_num": 1019252421,
        "df_cat": 3908585583,
        "all_dummies": 5745690916,
        "X_train": 3521924817,
        "X_test": 2538231936,
        "y_train": 505217865,
        "all_dummies_scaled": 7128555082,
        "X_train_scaled": 3325964048,
        "X_test_scaled": 1564573965
      }
    },
    {
      "raw": "",
      "total-ns": 335660,
      "vars": {},
      "p2m": {
        "training": 19896264702,
        "test": 5550192017,
        "df": 4262883690,
        "all_data": 20464280167,
        "df_num": 85555409,
        "df_cat": 5480465668,
        "all_dummies": 993962460,
        "X_train": 930970121,
        "X_test": 310917307,
        "y_train": 52121220,
        "all_dummies_scaled": 997079820,
        "X_train_scaled": 649645414,
        "X_test_scaled": 283378368
      },
      "m2p": {
        "training": 12351685823,
        "test": 3559723007,
        "df": 4162396721,
        "all_data": 19384235427,
        "df_num": 1025437511,
        "df_cat": 3897414713,
        "all_dummies": 5341094600,
        "X_train": 3363056007,
        "X_test": 1633609495,
        "y_train": 633453104,
        "all_dummies_scaled": 7065608763,
        "X_train_scaled": 3991031493,
        "X_test_scaled": 1837247262
      }
    },
    {
      "raw": "\"\"\"xgb = XGBClassifier(random_state = 1)\n\nparam_grid = {\n    'n_estimators': [20, 50, 100, 250, 500,1000],\n    'colsample_bytree': [0.2, 0.5, 0.7, 0.8, 1],\n    'max_depth': [2, 5, 10, 15, 20, 25, None],\n    'reg_alpha': [0, 0.5, 1],\n    'reg_lambda': [1, 1.5, 2],\n    'subsample': [0.5,0.6,0.7, 0.8, 0.9],\n    'learning_rate':[.01,0.1,0.2,0.3,0.5, 0.7, 0.9],\n    'gamma':[0,.01,.1,1,10,100],\n    'min_child_weight':[0,.01,0.1,1,10,100],\n    'sampling_method': ['uniform', 'gradient_based']\n}\n\n#clf_xgb = GridSearchCV(xgb, param_grid = param_grid, cv = 5, verbose = True, n_jobs = -1)\n#best_clf_xgb = clf_xgb.fit(X_train_scaled,y_train)\n#clf_performance(best_clf_xgb,'XGB')\nclf_xgb_rnd = RandomizedSearchCV(xgb, param_distributions = param_grid, n_iter = 1000, cv = 5, verbose = True, n_jobs = -1)\nbest_clf_xgb_rnd = clf_xgb_rnd.fit(X_train_scaled,y_train)\nclf_performance(best_clf_xgb_rnd,'XGB')\"\"\"",
      "total-ns": 709670,
      "vars": {},
      "p2m": {
        "training": 16254467716,
        "test": 3528649218,
        "df": 2860761923,
        "all_data": 19439992136,
        "df_num": 82304439,
        "df_cat": 4791264604,
        "all_dummies": 1308784798,
        "X_train": 912531871,
        "X_test": 192372909,
        "y_train": 78808610,
        "all_dummies_scaled": 1188075439,
        "X_train_scaled": 845545912,
        "X_test_scaled": 211120548
      },
      "m2p": {
        "training": 12772307749,
        "test": 2949300722,
        "df": 2755422853,
        "all_data": 20854017033,
        "df_num": 1021142951,
        "df_cat": 3900252463,
        "all_dummies": 5844630925,
        "X_train": 3304268869,
        "X_test": 1532869265,
        "y_train": 677959054,
        "all_dummies_scaled": 7021295853,
        "X_train_scaled": 4684175336,
        "X_test_scaled": 1594351365
      }
    },
    {
      "raw": "",
      "total-ns": 333140,
      "vars": {},
      "p2m": {
        "training": 14385868733,
        "test": 3695343544,
        "df": 3423811433,
        "all_data": 21691053138,
        "df_num": 89435649,
        "df_cat": 4977301527,
        "all_dummies": 1255768387,
        "X_train": 985233079,
        "X_test": 420175886,
        "y_train": 63020349,
        "all_dummies_scaled": 1129281649,
        "X_train_scaled": 1118422937,
        "X_test_scaled": 311085037
      },
      "m2p": {
        "training": 12215633605,
        "test": 3237481610,
        "df": 2737144161,
        "all_data": 24949338723,
        "df_num": 1027590889,
        "df_cat": 3612517511,
        "all_dummies": 5380844334,
        "X_train": 3498394762,
        "X_test": 1603263482,
        "y_train": 631511183,
        "all_dummies_scaled": 8481920960,
        "X_train_scaled": 3490512903,
        "X_test_scaled": 1744028581
      }
    },
    {
      "raw": "",
      "total-ns": 1594540,
      "vars": {},
      "p2m": {
        "training": 13962591670,
        "test": 4027761157,
        "df": 3701119390,
        "all_data": 19174413446,
        "df_num": 87483409,
        "df_cat": 5232235976,
        "all_dummies": 1247275966,
        "X_train": 823682281,
        "X_test": 164875408,
        "y_train": 41175450,
        "all_dummies_scaled": 978347890,
        "X_train_scaled": 1256944087,
        "X_test_scaled": 348072666
      },
      "m2p": {
        "training": 12219469610,
        "test": 3355821214,
        "df": 2907810639,
        "all_data": 24388379782,
        "df_num": 1017500029,
        "df_cat": 3448456662,
        "all_dummies": 5303543323,
        "X_train": 3313548755,
        "X_test": 1546307083,
        "y_train": 503107224,
        "all_dummies_scaled": 7495252710,
        "X_train_scaled": 4343378124,
        "X_test_scaled": 1597508023
      }
    },
    {
      "raw": "\n",
      "total-ns": 2203830,
      "vars": {},
      "p2m": {
        "training": 14238849528,
        "test": 3293433674,
        "df": 3352573805,
        "all_data": 19678348651,
        "df_num": 123605068,
        "df_cat": 5382051072,
        "all_dummies": 1804876203,
        "X_train": 646375132,
        "X_test": 201194108,
        "y_train": 58904729,
        "all_dummies_scaled": 1424390733,
        "X_train_scaled": 756480472,
        "X_test_scaled": 598784363
      },
      "m2p": {
        "training": 11560917257,
        "test": 3466240273,
        "df": 3058427338,
        "all_data": 18950199726,
        "df_num": 1068272739,
        "df_cat": 3710750101,
        "all_dummies": 6129931028,
        "X_train": 3291522606,
        "X_test": 1530695154,
        "y_train": 740397232,
        "all_dummies_scaled": 7973285874,
        "X_train_scaled": 4813864710,
        "X_test_scaled": 1511161654
      }
    },
    {
      "raw": "",
      "total-ns": 507881,
      "vars": {},
      "p2m": {
        "training": 16090741997,
        "test": 3760691593,
        "df": 3629474032,
        "all_data": 22231651762,
        "df_num": 87298549,
        "df_cat": 4798172639,
        "all_dummies": 1174121627,
        "X_train": 878991520,
        "X_test": 363583576,
        "y_train": 49581490,
        "all_dummies_scaled": 929920180,
        "X_train_scaled": 1135201618,
        "X_test_scaled": 560936583
      },
      "m2p": {
        "training": 14757357695,
        "test": 3516911424,
        "df": 2879619426,
        "all_data": 19719952494,
        "df_num": 1050637729,
        "df_cat": 3783307090,
        "all_dummies": 5628431710,
        "X_train": 3320336014,
        "X_test": 1573883502,
        "y_train": 622053853,
        "all_dummies_scaled": 6672285150,
        "X_train_scaled": 3410324054,
        "X_test_scaled": 1825907691
      }
    },
    {
      "raw": "",
      "total-ns": 424641,
      "vars": {},
      "p2m": {
        "training": 14176215918,
        "test": 3882822779,
        "df": 3946327878,
        "all_data": 20319504433,
        "df_num": 84086039,
        "df_cat": 5190594964,
        "all_dummies": 1200823367,
        "X_train": 1021967499,
        "X_test": 222741948,
        "y_train": 31082009,
        "all_dummies_scaled": 1226641347,
        "X_train_scaled": 1346654355,
        "X_test_scaled": 379796346
      },
      "m2p": {
        "training": 11718394896,
        "test": 3495808683,
        "df": 3070164747,
        "all_data": 19642543131,
        "df_num": 1021444289,
        "df_cat": 3390966034,
        "all_dummies": 5750380059,
        "X_train": 3324722465,
        "X_test": 1731198351,
        "y_train": 514256554,
        "all_dummies_scaled": 7097826595,
        "X_train_scaled": 4392538483,
        "X_test_scaled": 1658619613
      }
    },
    {
      "raw": "",
      "total-ns": 352450,
      "vars": {},
      "p2m": {
        "training": 13733817634,
        "test": 3491240143,
        "df": 3298739234,
        "all_data": 20416525762,
        "df_num": 84304778,
        "df_cat": 5798510697,
        "all_dummies": 1512963854,
        "X_train": 889560650,
        "X_test": 171743508,
        "y_train": 53710619,
        "all_dummies_scaled": 1102554449,
        "X_train_scaled": 877573581,
        "X_test_scaled": 359819526
      },
      "m2p": {
        "training": 12356225708,
        "test": 3189786996,
        "df": 3375487204,
        "all_data": 20219125745,
        "df_num": 1019496759,
        "df_cat": 3745408501,
        "all_dummies": 5465937952,
        "X_train": 3317721645,
        "X_test": 1590821163,
        "y_train": 507719765,
        "all_dummies_scaled": 9357212380,
        "X_train_scaled": 3686805561,
        "X_test_scaled": 1523648734
      }
    },
    {
      "raw": "",
      "total-ns": 340750,
      "vars": {},
      "p2m": {
        "training": 15297429287,
        "test": 3958972307,
        "df": 4654151740,
        "all_data": 20199404214,
        "df_num": 83905019,
        "df_cat": 5037313256,
        "all_dummies": 1721453711,
        "X_train": 673389873,
        "X_test": 255509497,
        "y_train": 37830350,
        "all_dummies_scaled": 1503194824,
        "X_train_scaled": 908276070,
        "X_test_scaled": 213930708
      },
      "m2p": {
        "training": 12447050367,
        "test": 3587565372,
        "df": 2860032559,
        "all_data": 18979054008,
        "df_num": 1020205909,
        "df_cat": 3619061482,
        "all_dummies": 5551017411,
        "X_train": 3348166425,
        "X_test": 1605831932,
        "y_train": 690036173,
        "all_dummies_scaled": 6624281738,
        "X_train_scaled": 4306602214,
        "X_test_scaled": 1569798543
      }
    },
    {
      "raw": "",
      "total-ns": 375620,
      "vars": {},
      "p2m": {
        "training": 14043624411,
        "test": 3879876359,
        "df": 3788846070,
        "all_data": 20320515682,
        "df_num": 87283639,
        "df_cat": 4514788922,
        "all_dummies": 1771639261,
        "X_train": 654487373,
        "X_test": 173911728,
        "y_train": 57061520,
        "all_dummies_scaled": 1148002288,
        "X_train_scaled": 853716981,
        "X_test_scaled": 680068803
      },
      "m2p": {
        "training": 12434894618,
        "test": 3334538884,
        "df": 2913010719,
        "all_data": 20261031674,
        "df_num": 1022073339,
        "df_cat": 3268526005,
        "all_dummies": 5562307231,
        "X_train": 3388023834,
        "X_test": 1527843774,
        "y_train": 591039794,
        "all_dummies_scaled": 8762114786,
        "X_train_scaled": 4626209450,
        "X_test_scaled": 1724665961
      }
    },
    {
      "raw": "",
      "total-ns": 564040,
      "vars": {},
      "p2m": {
        "training": 14115954400,
        "test": 3848338568,
        "df": 2990958988,
        "all_data": 19001101327,
        "df_num": 114136109,
        "df_cat": 4869295958,
        "all_dummies": 1077557658,
        "X_train": 681446704,
        "X_test": 213065569,
        "y_train": 29393390,
        "all_dummies_scaled": 1059906210,
        "X_train_scaled": 842510513,
        "X_test_scaled": 471388536
      },
      "m2p": {
        "training": 12962645341,
        "test": 3717925300,
        "df": 2745878490,
        "all_data": 19360424114,
        "df_num": 1067412868,
        "df_cat": 3435258493,
        "all_dummies": 5632707540,
        "X_train": 3311739774,
        "X_test": 2403636649,
        "y_train": 656743794,
        "all_dummies_scaled": 9646846360,
        "X_train_scaled": 5015639108,
        "X_test_scaled": 1578871797
      }
    }
  ]
}