{
  "cells": [
    {
      "raw": "# This Python 3 environment comes with many helpful analytics libraries installed\n# It is defined by the kaggle/python Docker image: https://github.com/kaggle/docker-python\n# For example, here's several helpful packages to load\n\nimport numpy as np # linear algebra\n\nimport os\nos.environ[\"MODIN_ENGINE\"] = \"ray\"\nimport ray\nos.environ['MODIN_CPUS'] = \"4\"\nray.init(num_cpus=4, runtime_env={'env_vars': {'__MODIN_AUTOIMPORT_PANDAS__': '1'}})\nimport modin.pandas as pd\n# Input data files are available in the read-only \"../input/\" directory\n# For example, running this (by clicking run or pressing Shift+Enter) will list all files under the input directory\n\nimport os\nfor dirname, _, filenames in os.walk('/kaggle/input'):\n    for filename in filenames:\n        print(os.path.join(dirname, filename))\n\n# You can write up to 20GB to the current directory (/kaggle/working/) that gets preserved as output when you create a version using \"Save & Run All\" \n# You can also write temporary files to /kaggle/temp/, but they won't be saved outside of the current session",
      "total-ns": 2802947029,
      "vars": {},
      "p2m": {},
      "m2p": {}
    },
    {
      "raw": "df = pd.read_csv(\"../input/shopping_trends_updated.csv\")\ndf.head()",
      "total-ns": 5945105439,
      "vars": {},
      "p2m": {
        "df": 9739490
      },
      "m2p": {
        "df": 27814150
      }
    },
    {
      "raw": "df = df\nintended_df_size_in_MB = 1024\nfactor = intended_df_size_in_MB*(2**20)/df.memory_usage(index=True).sum()\nif int(factor) > 0:\n    df = pd.concat([df]*int(factor), ignore_index=True)\nelse:\n    rowCount = int(df.shape[0]*factor)\n    df = df[0:rowCount]\ndf = df\ndf.info()",
      "total-ns": 22231486951,
      "vars": {},
      "p2m": {
        "df": 4790796917
      },
      "m2p": {
        "df": 58047983516
      }
    },
    {
      "raw": "df.shape",
      "total-ns": 1054660,
      "vars": {},
      "p2m": {
        "df": 6700449408
      },
      "m2p": {
        "df": 4438968492
      }
    },
    {
      "raw": "df.columns",
      "total-ns": 952310,
      "vars": {},
      "p2m": {
        "df": 5341521339
      },
      "m2p": {
        "df": 5372307337
      }
    },
    {
      "raw": "df.info()",
      "total-ns": 12100875866,
      "vars": {},
      "p2m": {
        "df": 8960502724
      },
      "m2p": {
        "df": 4068730548
      }
    },
    {
      "raw": "df.isnull().sum()",
      "total-ns": 36984139,
      "vars": {},
      "p2m": {
        "df": 7805555952
      },
      "m2p": {
        "df": 6794345286
      }
    },
    {
      "raw": "df.duplicated().sum()",
      "total-ns": 224415837404,
      "vars": {},
      "p2m": {
        "df": 4955430503
      },
      "m2p": {
        "df": 4483830019
      }
    },
    {
      "raw": "df.describe()",
      "total-ns": 18206000,
      "vars": {},
      "p2m": {
        "df": 6168267766
      },
      "m2p": {
        "df": 5874794420
      }
    },
    {
      "raw": "gender_counts = df['Gender'].value_counts()",
      "total-ns": 4136585315,
      "vars": {},
      "p2m": {
        "df": 5434891137,
        "gender_counts": 2270329
      },
      "m2p": {
        "df": 4276791843,
        "gender_counts": 8850871
      }
    },
    {
      "raw": "category_data = df['Category'].value_counts()",
      "total-ns": 3898284717,
      "vars": {},
      "p2m": {
        "df": 5103986601,
        "gender_counts": 2107350,
        "category_data": 1909960
      },
      "m2p": {
        "df": 4530672139,
        "gender_counts": 9287919,
        "category_data": 5573890
      }
    },
    {
      "raw": "df.columns",
      "total-ns": 662410,
      "vars": {},
      "p2m": {
        "df": 5006654452,
        "gender_counts": 2237150,
        "category_data": 1690361
      },
      "m2p": {
        "df": 4201978883,
        "gender_counts": 8600371,
        "category_data": 5758810
      }
    },
    {
      "raw": "sold_items = df['Item Purchased'].value_counts().sort_values(ascending = False)\n",
      "total-ns": 3874999787,
      "vars": {},
      "p2m": {
        "df": 5064514641,
        "gender_counts": 2115640,
        "category_data": 2488180,
        "sold_items": 1933630
      },
      "m2p": {
        "df": 4414503970,
        "gender_counts": 7483019,
        "category_data": 7278260,
        "sold_items": 5928690
      }
    },
    {
      "raw": "var = df.groupby(['Item Purchased', 'Gender']).size().reset_index(name='Customer Count')\nsorted_var = var.sort_values(by='Item Purchased', ascending=False)",
      "total-ns": 7992664492,
      "vars": {},
      "p2m": {
        "df": 7302057702,
        "gender_counts": 3773260,
        "category_data": 4363440,
        "sold_items": 3038360,
        "var": 5481930,
        "sorted_var": 5171490
      },
      "m2p": {
        "df": 6194575316,
        "gender_counts": 13020620,
        "category_data": 11964750,
        "sold_items": 9162830,
        "var": 12894409,
        "sorted_var": 12184260
      }
    },
    {
      "raw": "var = df.groupby('Category')['Purchase Amount (USD)'].sum().reset_index().sort_values(by='Purchase Amount (USD)',ascending=False)",
      "total-ns": 15449117232,
      "vars": {},
      "p2m": {
        "df": 5407551907,
        "gender_counts": 2666300,
        "category_data": 2523070,
        "sold_items": 2546530,
        "var": 2165880,
        "sorted_var": 3970020
      },
      "m2p": {
        "df": 4379788191,
        "gender_counts": 8418870,
        "category_data": 7931260,
        "sold_items": 6907781,
        "var": 7158301,
        "sorted_var": 3960129
      }
    },
    {
      "raw": "var = df.groupby('Location')['Purchase Amount (USD)'].sum().reset_index().sort_values(by='Purchase Amount (USD)',ascending=False).head(10)",
      "total-ns": 10521754459,
      "vars": {},
      "p2m": {
        "df": 5337074818,
        "gender_counts": 2392100,
        "category_data": 1941370,
        "sold_items": 1765940,
        "var": 1841980,
        "sorted_var": 3204639
      },
      "m2p": {
        "df": 4325565311,
        "gender_counts": 10503639,
        "category_data": 5968200,
        "sold_items": 5768210,
        "var": 6750330,
        "sorted_var": 3509220
      }
    },
    {
      "raw": "size_count = df['Size'].value_counts()",
      "total-ns": 3961030406,
      "vars": {},
      "p2m": {
        "df": 5210369060,
        "gender_counts": 2106190,
        "category_data": 2149860,
        "sold_items": 1932490,
        "var": 2064840,
        "sorted_var": 3986699,
        "size_count": 1985800
      },
      "m2p": {
        "df": 4597873238,
        "gender_counts": 8660880,
        "category_data": 4955140,
        "sold_items": 5035530,
        "var": 2449720,
        "sorted_var": 3940170,
        "size_count": 7283951
      }
    },
    {
      "raw": "color_count = df['Color'].value_counts().head(10)",
      "total-ns": 4208048333,
      "vars": {},
      "p2m": {
        "df": 5277451449,
        "gender_counts": 1896430,
        "category_data": 1909500,
        "sold_items": 1678899,
        "var": 1727500,
        "sorted_var": 2871239,
        "size_count": 1542261,
        "color_count": 1580990
      },
      "m2p": {
        "df": 4285540902,
        "gender_counts": 8286880,
        "category_data": 4789890,
        "sold_items": 4543740,
        "var": 1601181,
        "sorted_var": 3074781,
        "size_count": 6749101,
        "color_count": 6053990
      }
    },
    {
      "raw": "df.columns",
      "total-ns": 726280,
      "vars": {},
      "p2m": {
        "df": 5055855792,
        "gender_counts": 1640920,
        "category_data": 1492610,
        "sold_items": 1686860,
        "var": 1728460,
        "sorted_var": 4883650,
        "size_count": 1677780,
        "color_count": 2335210
      },
      "m2p": {
        "df": 4419021400,
        "gender_counts": 6936510,
        "category_data": 4764150,
        "sold_items": 4959480,
        "var": 1740610,
        "sorted_var": 2912150,
        "size_count": 6119630,
        "color_count": 6515420
      }
    },
    {
      "raw": "season_data = df['Season'].value_counts()",
      "total-ns": 3836505438,
      "vars": {},
      "p2m": {
        "df": 4997386092,
        "gender_counts": 2358810,
        "category_data": 1434460,
        "sold_items": 1351940,
        "var": 1467250,
        "sorted_var": 2609440,
        "size_count": 1406990,
        "color_count": 1405670,
        "season_data": 1358770
      },
      "m2p": {
        "df": 4337036342,
        "gender_counts": 7867500,
        "category_data": 5112600,
        "sold_items": 4387730,
        "var": 1980330,
        "sorted_var": 2894010,
        "size_count": 5172680,
        "color_count": 4921140,
        "season_data": 3799000
      }
    },
    {
      "raw": "subs_count = df['Subscription Status'].value_counts()",
      "total-ns": 3988189877,
      "vars": {},
      "p2m": {
        "df": 4926419264,
        "gender_counts": 2314910,
        "category_data": 7149290,
        "sold_items": 2436500,
        "var": 2275120,
        "sorted_var": 3956940,
        "size_count": 1873450,
        "color_count": 2073310,
        "season_data": 1826680,
        "subs_count": 1942000
      },
      "m2p": {
        "df": 4357140831,
        "gender_counts": 8621310,
        "category_data": 6283340,
        "sold_items": 7664550,
        "var": 2150790,
        "sorted_var": 3512899,
        "size_count": 7359170,
        "color_count": 6926320,
        "season_data": 5810390,
        "subs_count": 5200550
      }
    },
    {
      "raw": "shipping_count = df['Shipping Type'].value_counts()",
      "total-ns": 4046024065,
      "vars": {},
      "p2m": {
        "df": 5276100979,
        "gender_counts": 2525120,
        "category_data": 2348790,
        "sold_items": 2454870,
        "var": 2106050,
        "sorted_var": 3902090,
        "size_count": 2286819,
        "color_count": 2278380,
        "season_data": 2442700,
        "subs_count": 2976560,
        "shipping_count": 2573160
      },
      "m2p": {
        "df": 4220968603,
        "gender_counts": 9244740,
        "category_data": 8181710,
        "sold_items": 7671710,
        "var": 2479591,
        "sorted_var": 5040500,
        "size_count": 6545550,
        "color_count": 7075710,
        "season_data": 8057740,
        "subs_count": 7392960,
        "shipping_count": 6347110
      }
    },
    {
      "raw": "disc_count = df['Discount Applied'].value_counts()",
      "total-ns": 3829184928,
      "vars": {},
      "p2m": {
        "df": 5175752280,
        "gender_counts": 2332880,
        "category_data": 3157770,
        "sold_items": 3108259,
        "var": 2684759,
        "sorted_var": 4426159,
        "size_count": 3135940,
        "color_count": 3197700,
        "season_data": 3078580,
        "subs_count": 3489800,
        "shipping_count": 3036960,
        "disc_count": 3495961
      },
      "m2p": {
        "df": 4858573815,
        "gender_counts": 9397180,
        "category_data": 8212630,
        "sold_items": 9063120,
        "var": 2654190,
        "sorted_var": 4379620,
        "size_count": 9821790,
        "color_count": 8524980,
        "season_data": 8926000,
        "subs_count": 8521570,
        "shipping_count": 9276249,
        "disc_count": 8549469
      }
    },
    {
      "raw": "df.columns",
      "total-ns": 723330,
      "vars": {},
      "p2m": {
        "df": 5155802501,
        "gender_counts": 3078870,
        "category_data": 2662000,
        "sold_items": 2138150,
        "var": 2084330,
        "sorted_var": 3927360,
        "size_count": 2136920,
        "color_count": 1959250,
        "season_data": 2304690,
        "subs_count": 2825950,
        "shipping_count": 2620820,
        "disc_count": 2087089
      },
      "m2p": {
        "df": 4353810671,
        "gender_counts": 10687440,
        "category_data": 7639470,
        "sold_items": 7496710,
        "var": 2153350,
        "sorted_var": 3041750,
        "size_count": 7368750,
        "color_count": 6759699,
        "season_data": 6836050,
        "subs_count": 7610730,
        "shipping_count": 7977170,
        "disc_count": 6541660
      }
    },
    {
      "raw": "df['Promo Code Used'].value_counts()",
      "total-ns": 3774920780,
      "vars": {},
      "p2m": {
        "df": 5011836412,
        "gender_counts": 1867560,
        "category_data": 2038619,
        "sold_items": 1660261,
        "var": 2107800,
        "sorted_var": 3115920,
        "size_count": 1636990,
        "color_count": 1425360,
        "season_data": 2148800,
        "subs_count": 1957610,
        "shipping_count": 1832000,
        "disc_count": 1899731
      },
      "m2p": {
        "df": 4364429591,
        "gender_counts": 6687789,
        "category_data": 6653661,
        "sold_items": 5417219,
        "var": 3152690,
        "sorted_var": 3147860,
        "size_count": 6467709,
        "color_count": 5459810,
        "season_data": 7561150,
        "subs_count": 6770740,
        "shipping_count": 6410520,
        "disc_count": 6462969
      }
    }
  ]
}