{
  "cells": [
    {
      "raw": "# This Python 3 environment comes with many helpful analytics libraries installed\n# It is defined by the kaggle/python Docker image: https://github.com/kaggle/docker-python\n# For example, here's several helpful packages to load\n\nimport numpy as np # linear algebra\n\nimport os\nos.environ[\"MODIN_ENGINE\"] = \"ray\"\nimport ray\nos.environ['MODIN_CPUS'] = \"4\"\nray.init(num_cpus=4, runtime_env={'env_vars': {'__MODIN_AUTOIMPORT_PANDAS__': '1'}})\nimport modin.pandas as pd\n# Input data files are available in the read-only \"../input/\" directory\n# For example, running this (by clicking run or pressing Shift+Enter) will list all files under the input directory\n\nimport os\nfor dirname, _, filenames in os.walk('../input'):\n    for filename in filenames:\n        print(os.path.join(dirname, filename))\n\n# You can write up to 20GB to the current directory (/kaggle/working/) that gets preserved as output when you create a version using \"Save & Run All\" \n# You can also write temporary files to /kaggle/temp/, but they won't be saved outside of the current session",
      "total-ns": 2931477726,
      "vars": {},
      "p2m": {},
      "m2p": {}
    },
    {
      "raw": "df = pd.read_csv('../input/highereducationstudentsperformanceevaluation/DATA (1).csv')\ndf.head()",
      "total-ns": 6396105705,
      "vars": {},
      "p2m": {
        "df": 11035930
      },
      "m2p": {
        "df": 29343330
      }
    },
    {
      "raw": "df = df\nintended_df_size_in_MB = 1024\nfactor = intended_df_size_in_MB*(2**20)/df.memory_usage(index=True).sum()\nif int(factor) > 0:\n    df = pd.concat([df]*int(factor), ignore_index=True)\nelse:\n    rowCount = int(df.shape[0]*factor)\n    df = df[0:rowCount]\ndf = df\ndf.info()",
      "total-ns": 172687900567,
      "vars": {},
      "p2m": {
        "df": 3349081089
      },
      "m2p": {
        "df": 1026940854697
      }
    },
    {
      "raw": "df.shape",
      "total-ns": 1504260,
      "vars": {},
      "p2m": {
        "df": 1727548374
      },
      "m2p": {
        "df": 3814212333
      }
    },
    {
      "raw": "df.info()",
      "total-ns": 1276193111,
      "vars": {},
      "p2m": {
        "df": 1585149536
      },
      "m2p": {
        "df": 1573248316
      }
    },
    {
      "raw": "# Rename columns\ndf.rename(columns={'1': 'AGE', '7': 'SINGLE','20':'ATTENDENCE','25':'NOTETAKING','30': 'GPA'}, inplace=True)\n\n# Access the renamed columns using loc\npreview_columns = ['AGE', 'SINGLE', 'NOTETAKING','GPA','GRADE']\ndf.loc[:, preview_columns].head()",
      "total-ns": 4862209,
      "vars": {},
      "p2m": {
        "df": 1735805014
      },
      "m2p": {
        "df": 3941392931
      }
    },
    {
      "raw": "df_clean = df.copy()\n\n# List of columns to keep\nselected_columns = [\n    'AGE',\n    'SINGLE',\n    'NOTETAKING',\n    'GPA',\n    'GRADE',\n    'ATTENDENCE',\n]\n\n# Get the list of columns that exist in the DataFrame but are not in the selected_columns list\ncolumns_to_remove = [col for col in df_clean.columns if col not in selected_columns]\n\n# Drop the columns that are not in the selected_columns list\ndf_clean.drop(columns=columns_to_remove, inplace=True)\n\n# Display DataFrame info to verify\ndf_clean.info()",
      "total-ns": 1009362814,
      "vars": {},
      "p2m": {
        "df": 2034683309,
        "df_clean": 286897866
      },
      "m2p": {
        "df": 758386069,
        "df_clean": 926476966
      }
    },
    {
      "raw": "df_cut = df.copy()\n#Cutting our data to make it more managable\ncolumns_to_remove = [\n    '3',\n    '9',\n    '10',\n    '14',\n    '15',\n    '16',\n    '21',\n    '23',\n    '24',\n    '28',\n    '5',\n    '6',\n    '22',\n    'COURSE ID',\n]\n# Drop the columns to remove\ndf_cut.drop(columns=columns_to_remove, inplace=True)\n\n# Display DataFrame info to verify\ndf_cut.info()",
      "total-ns": 1337797440,
      "vars": {},
      "p2m": {
        "df": 3965233800,
        "df_clean": 256170546,
        "df_cut": 2000602640
      },
      "m2p": {
        "df": 973409285,
        "df_clean": 219300507,
        "df_cut": 6944327905
      }
    },
    {
      "raw": "# Rename columns\ndf_cut.rename(columns={\n    '1': 'AGE',\n    '2': 'SEX',\n    '4': 'SCHOLSHIP',\n    '7': 'SINGLE',\n    '8': 'SALARY',\n    '11': 'MOTHERS_EDU',\n    '12': 'FATHERS_EDU',\n    '13': 'SIBLNIGS',\n    '17': 'STUDY_HOURS',\n    '18': 'READS_NON_FIC',\n    '19': 'READS_FIC',\n    '25': 'NOTETAKING',\n    '26': 'LISTENS',\n    '27': 'DISCUSSION',\n    '29': 'PAST_GPA',\n    '30': 'GPA',}, inplace=True)",
      "total-ns": 16233220,
      "vars": {},
      "p2m": {
        "df": 1348809580,
        "df_clean": 80112329,
        "df_cut": 1182058952
      },
      "m2p": {
        "df": 13693969103,
        "df_clean": 454443403,
        "df_cut": 4153145237
      }
    }
  ]
}