{
  "cells": [
    {
      "raw": "\nimport os\nos.environ[\"MODIN_ENGINE\"] = \"ray\"\nimport ray\nos.environ['MODIN_CPUS'] = \"4\"\nray.init(num_cpus=4, runtime_env={'env_vars': {'__MODIN_AUTOIMPORT_PANDAS__': '1'}})\nimport modin.pandas as pd\ndf = pd.read_csv(filepath_or_buffer='../input/Airline Dataset.csv', parse_dates=['Departure Date'])\ndf.head()",
      "total-ns": 8982422728,
      "vars": {},
      "p2m": {
        "df": 95029219
      },
      "m2p": {
        "df": 311638966
      }
    },
    {
      "raw": "df = df\nintended_df_size_in_MB = 1024\nfactor = intended_df_size_in_MB*(2**20)/df.memory_usage(index=True).sum()\nif int(factor) > 0:\n    df = pd.concat([df]*int(factor), ignore_index=True)\nelse:\n    rowCount = int(df.shape[0]*factor)\n    df = df[0:rowCount]\ndf = df\ndf.info()",
      "total-ns": 31631122853,
      "vars": {},
      "p2m": {
        "df": 16156315496
      },
      "m2p": {
        "df": 53927953836
      }
    },
    {
      "raw": "df.info()",
      "total-ns": 17522460976,
      "vars": {},
      "p2m": {
        "df": 17333742558
      },
      "m2p": {
        "df": 7718480943
      }
    },
    {
      "raw": "df.nunique()",
      "total-ns": 10941099,
      "vars": {},
      "p2m": {
        "df": 21662312733
      },
      "m2p": {
        "df": 10028972799
      }
    },
    {
      "raw": "df['Departure Date'].dt.year.value_counts()",
      "total-ns": 7171643102,
      "vars": {},
      "p2m": {
        "df": 17657182154
      },
      "m2p": {
        "df": 8058452638
      }
    },
    {
      "raw": "df['Last Name'].value_counts().nlargest(n=10)",
      "total-ns": 14168936996,
      "vars": {},
      "p2m": {
        "df": 17464139207
      },
      "m2p": {
        "df": 7754027573
      }
    }
  ]
}