{
  "cells": [
    {
      "raw": "\nimport os\nos.environ[\"MODIN_ENGINE\"] = \"ray\"\nimport ray\nos.environ['MODIN_CPUS'] = \"4\"\nray.init(num_cpus=4, runtime_env={'env_vars': {'__MODIN_AUTOIMPORT_PANDAS__': '1'}})\nimport modin.pandas as pd\nimport numpy as np\n\npd.plotting.register_matplotlib_converters()\nimport matplotlib.pyplot as plt\n%matplotlib inline\nimport seaborn as sns",
      "total-ns": 6910861795,
      "vars": {},
      "p2m": {},
      "m2p": {}
    },
    {
      "raw": "data =  pd.read_csv('../input/used_cars_Pakistan.csv',index_col=0)\ndata",
      "total-ns": 4877636646,
      "vars": {},
      "p2m": {
        "data": 21730011
      },
      "m2p": {
        "data": 23835627
      }
    },
    {
      "raw": "df = data\nintended_df_size_in_MB = 1024\nfactor = intended_df_size_in_MB*(2**20)/df.memory_usage(index=True).sum()\nif int(factor) > 0:\n    df = pd.concat([df]*int(factor), ignore_index=True)\nelse:\n    rowCount = int(df.shape[0]*factor)\n    df = df[0:rowCount]\ndata = df\ndata.info()",
      "total-ns": 7294517363,
      "vars": {},
      "p2m": {
        "data": 2934080720,
        "df": 2642508288
      },
      "m2p": {
        "data": 12496430549,
        "df": 5727898943
      }
    },
    {
      "raw": "data.make.value_counts().head(10)",
      "total-ns": 3040727161,
      "vars": {},
      "p2m": {
        "data": 2710044120,
        "df": 2782806291
      },
      "m2p": {
        "data": 2207577046,
        "df": 2174433704
      }
    },
    {
      "raw": "data.model.value_counts().head(10)",
      "total-ns": 3073462692,
      "vars": {},
      "p2m": {
        "data": 3578757808,
        "df": 3652123135
      },
      "m2p": {
        "data": 2877526344,
        "df": 2817197192
      }
    },
    {
      "raw": "data.city.value_counts().head(10)",
      "total-ns": 4699748654,
      "vars": {},
      "p2m": {
        "data": 3686180348,
        "df": 2822748740
      },
      "m2p": {
        "data": 2994974314,
        "df": 2826033358
      }
    },
    {
      "raw": "data.year.value_counts().head(10)",
      "total-ns": 1448690139,
      "vars": {},
      "p2m": {
        "data": 2616727064,
        "df": 2698248223
      },
      "m2p": {
        "data": 2264318110,
        "df": 2249948113
      }
    },
    {
      "raw": "data.Engine_displacement.value_counts().head(5)",
      "total-ns": 1337669812,
      "vars": {},
      "p2m": {
        "data": 2703408557,
        "df": 2785702794
      },
      "m2p": {
        "data": 2438746871,
        "df": 2114288990
      }
    },
    {
      "raw": "data.Battery.value_counts().head()",
      "total-ns": 1166101475,
      "vars": {},
      "p2m": {
        "data": 2674647869,
        "df": 2745127461
      },
      "m2p": {
        "data": 2238122123,
        "df": 2418195489
      }
    },
    {
      "raw": "100*(len(data)-data.Battery.isnull().sum())/len(data)",
      "total-ns": 1059504002,
      "vars": {},
      "p2m": {
        "data": 2736441305,
        "df": 2763461081
      },
      "m2p": {
        "data": 2231581161,
        "df": 2139918135
      }
    },
    {
      "raw": "data.Price_Rs.mean()",
      "total-ns": 1089387981,
      "vars": {},
      "p2m": {
        "data": 2783770564,
        "df": 2819604474
      },
      "m2p": {
        "data": 2278682087,
        "df": 2203500684
      }
    },
    {
      "raw": "data.Price_Rs.median()",
      "total-ns": 1461258697,
      "vars": {},
      "p2m": {
        "data": 2764025481,
        "df": 2780368951
      },
      "m2p": {
        "data": 2125975997,
        "df": 2346774698
      }
    },
    {
      "raw": "",
      "total-ns": 330830,
      "vars": {},
      "p2m": {
        "data": 2628418522,
        "df": 2611435644
      },
      "m2p": {
        "data": 2152004125,
        "df": 2186339651
      }
    }
  ]
}