{
  "cells": [
    {
      "raw": "import warnings\nwarnings.filterwarnings('ignore')\nimport numpy as np\n\nimport os\nos.environ[\"MODIN_ENGINE\"] = \"ray\"\nimport ray\nos.environ['MODIN_CPUS'] = \"4\"\nray.init(num_cpus=4, runtime_env={'env_vars': {'__MODIN_AUTOIMPORT_PANDAS__': '1'}})\nimport modin.pandas as pd\n",
      "total-ns": 2703771736,
      "vars": {},
      "p2m": {},
      "m2p": {}
    },
    {
      "raw": "df=pd.read_csv(r'../input/churn-bigml-80.csv')",
      "total-ns": 5651916051,
      "vars": {},
      "p2m": {
        "df": 14877675
      },
      "m2p": {
        "df": 38204635
      }
    },
    {
      "raw": "df = df\nintended_df_size_in_MB = 1024\nfactor = intended_df_size_in_MB*(2**20)/df.memory_usage(index=True).sum()\nif int(factor) > 0:\n    df = pd.concat([df]*int(factor), ignore_index=True)\nelse:\n    rowCount = int(df.shape[0]*factor)\n    df = df[0:rowCount]\ndf = df\ndf.info()",
      "total-ns": 18333916724,
      "vars": {},
      "p2m": {
        "df": 1621320403
      },
      "m2p": {
        "df": 61249150259
      }
    },
    {
      "raw": "df.head()",
      "total-ns": 1637140,
      "vars": {},
      "p2m": {
        "df": 1427740382
      },
      "m2p": {
        "df": 1379862111
      }
    },
    {
      "raw": "df.shape",
      "total-ns": 531931,
      "vars": {},
      "p2m": {
        "df": 1618496063
      },
      "m2p": {
        "df": 1411920724
      }
    },
    {
      "raw": "df.columns",
      "total-ns": 641870,
      "vars": {},
      "p2m": {
        "df": 1339622560
      },
      "m2p": {
        "df": 1274579153
      }
    },
    {
      "raw": "df.nunique()",
      "total-ns": 5711919,
      "vars": {},
      "p2m": {
        "df": 2089335128
      },
      "m2p": {
        "df": 1909081624
      }
    },
    {
      "raw": "df.info()",
      "total-ns": 3251056423,
      "vars": {},
      "p2m": {
        "df": 1362074285
      },
      "m2p": {
        "df": 1350144247
      }
    },
    {
      "raw": "df[\"Churn\"] = df[\"Churn\"].astype(\"int64\")",
      "total-ns": 16097187,
      "vars": {},
      "p2m": {
        "df": 1577026012
      },
      "m2p": {
        "df": 5721039025
      }
    },
    {
      "raw": "df.info()",
      "total-ns": 2796572965,
      "vars": {},
      "p2m": {
        "df": 1879104071
      },
      "m2p": {
        "df": 1397799427
      }
    },
    {
      "raw": "df.describe().T",
      "total-ns": 28692675,
      "vars": {},
      "p2m": {
        "df": 3189940892
      },
      "m2p": {
        "df": 1968689962
      }
    },
    {
      "raw": "df.describe(include=[\"object\"]).T",
      "total-ns": 13940589,
      "vars": {},
      "p2m": {
        "df": 3928860319
      },
      "m2p": {
        "df": 1861580688
      }
    },
    {
      "raw": "df[\"Churn\"].value_counts()",
      "total-ns": 6306704735,
      "vars": {},
      "p2m": {
        "df": 2199840791
      },
      "m2p": {
        "df": 1961555190
      }
    },
    {
      "raw": "df[\"Churn\"].value_counts(normalize=True)",
      "total-ns": 1171861124,
      "vars": {},
      "p2m": {
        "df": 1793756244
      },
      "m2p": {
        "df": 1428058083
      }
    },
    {
      "raw": "df.sort_values(by=\"Total day charge\", ascending=False).head()",
      "total-ns": 20737836976,
      "vars": {},
      "p2m": {
        "df": 2004110317
      },
      "m2p": {
        "df": 1798056544
      }
    },
    {
      "raw": "df.sort_values(by=[\"Total day charge\", 'Total day calls'], ascending=[True, False]).head()",
      "total-ns": 18553546718,
      "vars": {},
      "p2m": {
        "df": 1845346751
      },
      "m2p": {
        "df": 1830328427
      }
    },
    {
      "raw": "df.loc[0:5, \"State\":\"Area code\"]",
      "total-ns": 3068599,
      "vars": {},
      "p2m": {
        "df": 1841098583
      },
      "m2p": {
        "df": 1383439259
      }
    },
    {
      "raw": "df.iloc[0:5, 0:3]",
      "total-ns": 1940639,
      "vars": {},
      "p2m": {
        "df": 1799280988
      },
      "m2p": {
        "df": 1546449330
      }
    },
    {
      "raw": "df.groupby(\"Churn\")[\"Total day minutes\"].mean()",
      "total-ns": 4929236784,
      "vars": {},
      "p2m": {
        "df": 1774875036
      },
      "m2p": {
        "df": 1801794678
      }
    },
    {
      "raw": "columns_to_show = [\"Total day minutes\", \"Total eve minutes\", \"Total night minutes\"]\n\ndf.groupby([\"Churn\"])[columns_to_show].agg(['mean', 'std', 'max', 'min'])",
      "total-ns": 2030483565,
      "vars": {},
      "p2m": {
        "df": 1886474557
      },
      "m2p": {
        "df": 1455204823
      }
    },
    {
      "raw": "df.apply(np.max)",
      "total-ns": 3367813220,
      "vars": {},
      "p2m": {
        "df": 1803521436
      },
      "m2p": {
        "df": 1405467790
      }
    },
    {
      "raw": "df[ (df[\"Churn\"] == 0) & (df[\"International plan\"] == \"No\") ][\"Total intl minutes\"].max()",
      "total-ns": 10113261387,
      "vars": {},
      "p2m": {
        "df": 1815077323
      },
      "m2p": {
        "df": 1468235898
      }
    },
    {
      "raw": "pd.crosstab(df[\"Churn\"], df[\"International plan\"])",
      "total-ns": 5397182034,
      "vars": {},
      "p2m": {
        "df": 1759501213
      },
      "m2p": {
        "df": 1453838613
      }
    },
    {
      "raw": "pd.crosstab(df[\"Churn\"], df[\"International plan\"], normalize=True)",
      "total-ns": 5370296475,
      "vars": {},
      "p2m": {
        "df": 1741188629
      },
      "m2p": {
        "df": 1480279844
      }
    },
    {
      "raw": "total_calls = (\n    df[\"Total day calls\"]\n    + df[\"Total eve calls\"]\n    + df[\"Total night calls\"]\n    + df[\"Total intl calls\"]\n)\n\ndf.insert(loc=len(df.columns), column=\"Total calls\", value=total_calls)",
      "total-ns": 28638869,
      "vars": {},
      "p2m": {
        "df": 1973072749,
        "total_calls": 28912916
      },
      "m2p": {
        "df": 13081867289,
        "total_calls": 37693673
      }
    },
    {
      "raw": "d = {\"No\": 0, \"Yes\": 1}",
      "total-ns": 1952899,
      "vars": {},
      "p2m": {
        "df": 2701295054,
        "total_calls": 25752545
      },
      "m2p": {
        "df": 2588867333,
        "total_calls": 110794181
      }
    },
    {
      "raw": "df[\"International plan\"] = df[\"International plan\"].map(d)",
      "total-ns": 21032706,
      "vars": {},
      "p2m": {
        "df": 1640852297,
        "total_calls": 24839445
      },
      "m2p": {
        "df": 21309524179,
        "total_calls": 69330118
      }
    },
    {
      "raw": "df = df.replace({\"Voice mail plan\": d})",
      "total-ns": 3362469,
      "vars": {},
      "p2m": {
        "df": 1274953890,
        "total_calls": 23090446
      },
      "m2p": {
        "df": 4509781601,
        "total_calls": 71929308
      }
    },
    {
      "raw": "df.head()",
      "total-ns": 1267690,
      "vars": {},
      "p2m": {
        "df": 1622789340,
        "total_calls": 31738304
      },
      "m2p": {
        "df": 850538523,
        "total_calls": 119037099
      }
    },
    {
      "raw": "df[\"Total charge\"] =df[\"Total day charge\"] + df[\"Total eve charge\"] + df[\"Total night charge\"] + df[\"Total intl charge\"]",
      "total-ns": 71419218,
      "vars": {},
      "p2m": {
        "df": 1193291964,
        "total_calls": 25158495
      },
      "m2p": {
        "df": 9310323812,
        "total_calls": 97936173
      }
    },
    {
      "raw": "df.head()",
      "total-ns": 1457250,
      "vars": {},
      "p2m": {
        "df": 1432024152,
        "total_calls": 46703622
      },
      "m2p": {
        "df": 1045783220,
        "total_calls": 101535493
      }
    },
    {
      "raw": "df.drop([\"Total charge\", \"Total day calls\"], axis=1, inplace=True)",
      "total-ns": 3946669,
      "vars": {},
      "p2m": {
        "df": 1202878437,
        "total_calls": 27720241
      },
      "m2p": {
        "df": 7752238972,
        "total_calls": 770549414
      }
    },
    {
      "raw": "df.head()",
      "total-ns": 2071050,
      "vars": {},
      "p2m": {
        "df": 1267406969,
        "total_calls": 29894931
      },
      "m2p": {
        "df": 3194802288,
        "total_calls": 85731042
      }
    },
    {
      "raw": "",
      "total-ns": 240360,
      "vars": {},
      "p2m": {
        "df": 980055760,
        "total_calls": 21778851
      },
      "m2p": {
        "df": 848503837,
        "total_calls": 75694203
      }
    },
    {
      "raw": "",
      "total-ns": 219340,
      "vars": {},
      "p2m": {
        "df": 1250887498,
        "total_calls": 20669751
      },
      "m2p": {
        "df": 812963635,
        "total_calls": 58263202
      }
    },
    {
      "raw": "",
      "total-ns": 185280,
      "vars": {},
      "p2m": {
        "df": 1218532977,
        "total_calls": 26199431
      },
      "m2p": {
        "df": 792653254,
        "total_calls": 72995202
      }
    },
    {
      "raw": "",
      "total-ns": 222230,
      "vars": {},
      "p2m": {
        "df": 1158941246,
        "total_calls": 20934410
      },
      "m2p": {
        "df": 845524756,
        "total_calls": 75561563
      }
    }
  ]
}