{
  "cells": [
    {
      "raw": "import os\n\nimport os\nos.environ[\"MODIN_ENGINE\"] = \"ray\"\nimport ray\nos.environ['MODIN_CPUS'] = \"4\"\nray.init(num_cpus=4, runtime_env={'env_vars': {'__MODIN_AUTOIMPORT_PANDAS__': '1'}})\nimport modin.pandas as pd\nimport seaborn as sns \nimport matplotlib.pyplot as plt ",
      "total-ns": 5598144269,
      "vars": {},
      "p2m": {},
      "m2p": {}
    },
    {
      "raw": "data = pd.read_csv('../input/nfl-big-data-bowl-2023/week1.csv')\nscout = pd.read_csv('../input/nfl-big-data-bowl-2023/pffScoutingData.csv')\nplays = pd.read_csv('../input/nfl-big-data-bowl-2023/plays.csv')\nplayers = pd.read_csv('../input/nfl-big-data-bowl-2023/players.csv')\n\n# Let's merge these data into one set \ndata = data.merge(scout, how='left')\ndata.shape",
      "total-ns": 9281779737,
      "vars": {},
      "p2m": {
        "data": 438564944,
        "scout": 41066381,
        "plays": 15731590,
        "players": 6489320
      },
      "m2p": {
        "data": 1541344427,
        "scout": 44227281,
        "plays": 42149552,
        "players": 15924810
      }
    },
    {
      "raw": "df = data\nintended_df_size_in_MB = 1024\nfactor = intended_df_size_in_MB*(2**20)/df.memory_usage(index=True).sum()\nif int(factor) > 0:\n    df = pd.concat([df]*int(factor), ignore_index=True)\nelse:\n    rowCount = int(df.shape[0]*factor)\n    df = df[0:rowCount]\ndata = df\ndata.info()",
      "total-ns": 6578933144,
      "vars": {},
      "p2m": {
        "data": 2554667090,
        "scout": 52611156,
        "plays": 23159592,
        "players": 10687901,
        "df": 2015678665
      },
      "m2p": {
        "data": 11628329089,
        "scout": 54638507,
        "plays": 27817783,
        "players": 6276731,
        "df": 5578237351
      }
    },
    {
      "raw": "# get ball snap indicies \n_idxs = (data\n         .loc[data['event']=='ball_snap', \n              'frameId']\n         .index\n         .values)\n\n# to get 500ms of movement after snap, get 5 rows (each row is 100ms of info)\nx = [(_idxs+x).tolist() for x in range(0,6)]\nidxs = [item for sublist in x for item in sublist] #the output x is a list of lists, so this is just to flatten the list\n\n# filter for snap + 500ms of data only using our selected indicies\n_df = data.loc[idxs]",
      "total-ns": 3754867498,
      "vars": {},
      "p2m": {
        "data": 2928655996,
        "scout": 46725915,
        "plays": 17811652,
        "players": 8054841,
        "df": 2498103469,
        "_df": 258447059
      },
      "m2p": {
        "data": 2573613347,
        "scout": 38157925,
        "plays": 23598922,
        "players": 7788021,
        "df": 1825080844,
        "_df": 347110899
      }
    },
    {
      "raw": "gid = 2021090900\npid = 97 \nnid = 25511 \n_df.loc[(_df['gameId']==gid) & (_df['playId']==pid) & (_df['nflId']==nid)]",
      "total-ns": 5733399369,
      "vars": {},
      "p2m": {
        "data": 1953022028,
        "scout": 42390255,
        "plays": 16902782,
        "players": 6739201,
        "df": 1990761892,
        "_df": 260615569
      },
      "m2p": {
        "data": 2281599934,
        "scout": 35869534,
        "plays": 20839202,
        "players": 6740921,
        "df": 1832168794,
        "_df": 303051794
      }
    },
    {
      "raw": "# get line of scrimmage info to compute block/rush depth relative to LOS\n_los = (data\n        .loc[(data['team']=='football') & \n             (data['frameId']==1), \n             ['gameId', 'playId', 'x']]\n        .rename(columns={'x':'los'}))\n\n# merge LOS info back to subsetted data\n_df = _df.merge(_los)",
      "total-ns": 11352278295,
      "vars": {},
      "p2m": {
        "data": 2358649142,
        "scout": 40521245,
        "plays": 16920662,
        "players": 6720910,
        "df": 3238233941,
        "_df": 1758717786,
        "_los": 16851061
      },
      "m2p": {
        "data": 1750948135,
        "scout": 58543126,
        "plays": 22287202,
        "players": 5738721,
        "df": 1846364266,
        "_df": 6346222277,
        "_los": 16134042
      }
    },
    {
      "raw": "_df.loc[(_df['gameId']==gid) & (_df['playId']==pid) & (_df['nflId']==nid)]",
      "total-ns": 8052949698,
      "vars": {},
      "p2m": {
        "data": 2128266777,
        "scout": 41283334,
        "plays": 19099243,
        "players": 9325871,
        "df": 2820565574,
        "_df": 1719484692,
        "_los": 7616031
      },
      "m2p": {
        "data": 2044571198,
        "scout": 54488406,
        "plays": 26684283,
        "players": 6717552,
        "df": 2322822519,
        "_df": 1082221690,
        "_los": 8510821
      }
    },
    {
      "raw": "# get difference from LOS for all frames and players \n_df['los_diff'] = _df['x'].sub(_df['los'])\n\n# multiply by -1 for plays going the \"left\" direction \n# this is so pass block is monotonic in the same direction (as well as pass rush)\n_df.loc[_df['playDirection']=='left', 'los_diff'] = _df.loc[_df['playDirection']=='left', 'los_diff'].mul(-1)\n\n# merge onto play info to get possession team (could do this anywhere, i do it here for no real optimal reason)\n_df = plays.loc[:, ['gameId', 'playId', 'possessionTeam']].merge(_df)",
      "total-ns": 27983315167,
      "vars": {},
      "p2m": {
        "data": 1994879423,
        "scout": 40311334,
        "plays": 23674523,
        "players": 8746661,
        "df": 2155160211,
        "_df": 1067026948,
        "_los": 5921850
      },
      "m2p": {
        "data": 4835066248,
        "scout": 83556459,
        "plays": 22832452,
        "players": 17876782,
        "df": 1894380521,
        "_df": 3633466844,
        "_los": 12188559
      }
    },
    {
      "raw": "_df.loc[(_df['gameId']==gid) & (_df['playId']==pid) & (_df['nflId']==nid)]",
      "total-ns": 8986972659,
      "vars": {},
      "p2m": {
        "data": 2044428285,
        "scout": 45385836,
        "plays": 17285158,
        "players": 7271380,
        "df": 2092369552,
        "_df": 906022111,
        "_los": 5906129
      },
      "m2p": {
        "data": 2095099971,
        "scout": 39681408,
        "plays": 31245428,
        "players": 6367740,
        "df": 1856051029,
        "_df": 1127513015,
        "_los": 5867960
      }
    },
    {
      "raw": "# indicate if a player is on the possession team (1), the defensive team (0), or neither aka the football (-1)\n_df['posTeam'] = 0\n_df.loc[_df['possessionTeam']==_df['team'], 'posTeam'] = 1 \n_df.loc[_df['team']=='football', 'posTeam'] = -1\n\n# create initial snap speed dataframe (mean of speed and acceleration per player)\nsnap_speed = (_df\n              .loc[:, ['nflId','s','a']]\n              .groupby('nflId', \n                       as_index=False)\n              .mean())",
      "total-ns": 13984185271,
      "vars": {},
      "p2m": {
        "data": 2010420767,
        "scout": 42048107,
        "plays": 16319009,
        "players": 6327339,
        "df": 1919619644,
        "_df": 1479101898,
        "_los": 7648409,
        "snap_speed": 6483609
      },
      "m2p": {
        "data": 1992567140,
        "scout": 29455128,
        "plays": 21549528,
        "players": 5321970,
        "df": 1795598304,
        "_df": 3603212826,
        "_los": 9845580,
        "snap_speed": 3927700
      }
    },
    {
      "raw": "snap_speed.head()",
      "total-ns": 1309030,
      "vars": {},
      "p2m": {
        "data": 2094817892,
        "scout": 41694307,
        "plays": 19194748,
        "players": 7934709,
        "df": 2046411925,
        "_df": 1001402884,
        "_los": 6929500,
        "snap_speed": 6144810
      },
      "m2p": {
        "data": 1834213371,
        "scout": 52229595,
        "plays": 23820819,
        "players": 6647060,
        "df": 1899341526,
        "_df": 1139733374,
        "_los": 8237739,
        "snap_speed": 5466019
      }
    },
    {
      "raw": "# given whether a offense player or defense player, aggregate by maxmimum or minimum LOS difference, respectively. \n# e.g. if o-lineman has more a negative LOS diff, they allow more pass rush penetration \n_off = _df.loc[_df['posTeam']==1, ['gameId', 'playId', 'nflId', 'los_diff']].groupby(['gameId', 'playId', 'nflId'], as_index=False).max()\n_def = _df.loc[_df['posTeam']==0, ['gameId', 'playId', 'nflId', 'los_diff']].groupby(['gameId', 'playId', 'nflId'], as_index=False).min()\nlos_diff = _off.append(_def)\nlos_diff = (los_diff\n            .loc[:, ['nflId', 'los_diff']]\n            .groupby('nflId', \n                     as_index=False)\n            .mean())\n\n# merge LOS diff data back onto snap speed\nsnap_speed = snap_speed.merge(los_diff)\nsnap_speed = snap_speed.rename(columns={'s':'snap_s', 'a':'snap_a', 'los_diff':'snap_los_diff'})\n",
      "total-ns": 6621463418,
      "vars": {},
      "p2m": {
        "data": 2068439294,
        "scout": 45712617,
        "plays": 21290319,
        "players": 7922109,
        "df": 2035097096,
        "_df": 917620271,
        "_los": 5525619,
        "snap_speed": 4166110,
        "_off": 5568879,
        "_def": 5923939,
        "los_diff": 4653640
      },
      "m2p": {
        "data": 1876510278,
        "scout": 41083156,
        "plays": 24288478,
        "players": 7845139,
        "df": 1727247839,
        "_df": 1167048222,
        "_los": 6015230,
        "snap_speed": 14985559,
        "_off": 5080910,
        "_def": 5552810,
        "los_diff": 2575030
      }
    },
    {
      "raw": "snap_speed.head()",
      "total-ns": 1284960,
      "vars": {},
      "p2m": {
        "data": 2033691836,
        "scout": 37936258,
        "plays": 20369468,
        "players": 7339429,
        "df": 1875416698,
        "_df": 1547395292,
        "_los": 6043079,
        "snap_speed": 4242320,
        "_off": 6059760,
        "_def": 6043910,
        "los_diff": 6373869
      },
      "m2p": {
        "data": 1718323759,
        "scout": 37434907,
        "plays": 23733308,
        "players": 6949470,
        "df": 1820404522,
        "_df": 1049824061,
        "_los": 7095620,
        "snap_speed": 4228059,
        "_off": 5626659,
        "_def": 5421959,
        "los_diff": 5490860
      }
    },
    {
      "raw": "df_plt = players.loc[:, ['nflId', 'officialPosition', 'displayName']].merge(snap_speed)\n# STEFANOS: Disable plotting\n# sns.scatterplot(data=df_plt.loc[df_plt['officialPosition'].isin(['T','G','C','DT','NT','DE'])], x='snap_s', y='snap_los_diff', hue='officialPosition')\n# plt.axhline(0, ls=':', lw=2, c='k')\n# plt.legend(bbox_to_anchor=(1.02,1), loc=2)\n# sns.despine()\n# plt.show()",
      "total-ns": 72495565,
      "vars": {},
      "p2m": {
        "data": 1956083012,
        "scout": 40727737,
        "plays": 20097489,
        "players": 7754380,
        "df": 2051792095,
        "_df": 975764076,
        "_los": 5601010,
        "snap_speed": 4743479,
        "_off": 6179959,
        "_def": 6346519,
        "los_diff": 5216680,
        "df_plt": 5570999
      },
      "m2p": {
        "data": 1834247921,
        "scout": 30963078,
        "plays": 23782998,
        "players": 7084119,
        "df": 1826053361,
        "_df": 1109902686,
        "_los": 6085900,
        "snap_speed": 4478710,
        "_off": 5827360,
        "_def": 5332299,
        "los_diff": 4517119,
        "df_plt": 17399399
      }
    },
    {
      "raw": "df_plt.loc[(df_plt['officialPosition']=='DE') & (df_plt['snap_los_diff']<0)].sort_values('snap_los_diff')",
      "total-ns": 5160217089,
      "vars": {},
      "p2m": {
        "data": 2300407806,
        "scout": 36172097,
        "plays": 16148199,
        "players": 6593560,
        "df": 2068932223,
        "_df": 939794878,
        "_los": 6288199,
        "snap_speed": 4608950,
        "_off": 6306270,
        "_def": 6961350,
        "los_diff": 6070080,
        "df_plt": 6654170
      },
      "m2p": {
        "data": 1880582568,
        "scout": 28300118,
        "plays": 19730938,
        "players": 5715889,
        "df": 1694491131,
        "_df": 1148534014,
        "_los": 6651609,
        "snap_speed": 4866310,
        "_off": 5619379,
        "_def": 7021150,
        "los_diff": 5893380,
        "df_plt": 6011469
      }
    }
  ]
}