{
  "cells": [
    {
      "raw": "#invite people for the Kaggle party\nimport os\n\nimport os\nos.environ[\"MODIN_ENGINE\"] = \"ray\"\nimport ray\nos.environ['MODIN_CPUS'] = \"4\"\nray.init(num_cpus=4, runtime_env={'env_vars': {'__MODIN_AUTOIMPORT_PANDAS__': '1'}})\nimport modin.pandas as pd\nimport matplotlib.pyplot as plt\nimport seaborn as sns\nimport numpy as np\n# STEFANOS: Unneeded\n# from scipy.stats import norm\nfrom sklearn.preprocessing import StandardScaler\n# from scipy import stats\nimport warnings\nwarnings.filterwarnings('ignore')\n# STEFANOS: Disable magic functions\n# %matplotlib inline",
      "total-ns": 6375055470,
      "vars": {},
      "p2m": {},
      "m2p": {}
    },
    {
      "raw": "#bring in the six packs\ndf_train = pd.read_csv('../input/train.csv')",
      "total-ns": 5120454287,
      "vars": {},
      "p2m": {
        "df_train": 29850234
      },
      "m2p": {
        "df_train": 264604130
      }
    },
    {
      "raw": "df = df_train\nintended_df_size_in_MB = 1024\nfactor = intended_df_size_in_MB*(2**20)/df.memory_usage(index=True).sum()\nif int(factor) > 0:\n    df = pd.concat([df]*int(factor), ignore_index=True)\nelse:\n    rowCount = int(df.shape[0]*factor)\n    df = df[0:rowCount]\ndf_train = df\ndf_train.info()",
      "total-ns": 27987770142,
      "vars": {},
      "p2m": {
        "df_train": 4016062437,
        "df": 3426579078
      },
      "m2p": {
        "df_train": 76535563112,
        "df": 11937997748
      }
    },
    {
      "raw": "#check the decoration\ndf_train.columns",
      "total-ns": 678950,
      "vars": {},
      "p2m": {
        "df_train": 3486860043,
        "df": 3517591260
      },
      "m2p": {
        "df_train": 3970620881,
        "df": 4046066753
      }
    },
    {
      "raw": "#descriptive statistics summary\ndf_train['SalePrice'].describe()",
      "total-ns": 15121638,
      "vars": {},
      "p2m": {
        "df_train": 3554911136,
        "df": 3491820372
      },
      "m2p": {
        "df_train": 4399304933,
        "df": 3844583951
      }
    },
    {
      "raw": "\n#histogram\n# STEFANOS: Disable plotting\n# sns.distplot(df_train['SalePrice']);",
      "total-ns": 537550,
      "vars": {},
      "p2m": {
        "df_train": 4685689407,
        "df": 4626905242
      },
      "m2p": {
        "df_train": 3959743072,
        "df": 4807396906
      }
    },
    {
      "raw": "#skewness and kurtosis\nprint(\"Skewness: %f\" % df_train['SalePrice'].skew())\nprint(\"Kurtosis: %f\" % df_train['SalePrice'].kurt())",
      "total-ns": 2030288801,
      "vars": {},
      "p2m": {
        "df_train": 3578933714,
        "df": 3453100586
      },
      "m2p": {
        "df_train": 4876060271,
        "df": 3869608349
      }
    },
    {
      "raw": "#scatter plot grlivarea/saleprice\nvar = 'GrLivArea'\ndata = pd.concat([df_train['SalePrice'], df_train[var]], axis=1)\n# STEFANOS: Disable plotting\n# data.plot.scatter(x=var, y='SalePrice', ylim=(0,800000));",
      "total-ns": 4465339,
      "vars": {},
      "p2m": {
        "df_train": 3665087987,
        "df": 3531977529,
        "data": 17439819
      },
      "m2p": {
        "df_train": 3889445418,
        "df": 3940656863,
        "data": 2368394721
      }
    },
    {
      "raw": "#scatter plot totalbsmtsf/saleprice\nvar = 'TotalBsmtSF'\ndata = pd.concat([df_train['SalePrice'], df_train[var]], axis=1)\n# STEFANOS: Disable plotting\n# data.plot.scatter(x=var, y='SalePrice', ylim=(0,800000));",
      "total-ns": 4070120,
      "vars": {},
      "p2m": {
        "df_train": 3807560325,
        "df": 4156192164,
        "data": 42394226
      },
      "m2p": {
        "df_train": 3820064174,
        "df": 3741570060,
        "data": 4400563512
      }
    },
    {
      "raw": "#box plot overallqual/saleprice\nvar = 'OverallQual'\ndata = pd.concat([df_train['SalePrice'], df_train[var]], axis=1)\n# STEFANOS: Disable plotting\n# f, ax = plt.subplots(figsize=(8, 6))\n# fig = sns.boxplot(x=var, y=\"SalePrice\", data=data)\n# fig.axis(ymin=0, ymax=800000);",
      "total-ns": 19531568,
      "vars": {},
      "p2m": {
        "df_train": 7795234904,
        "df": 3535952809,
        "data": 20240728
      },
      "m2p": {
        "df_train": 8324687017,
        "df": 5084886042,
        "data": 3137681833
      }
    },
    {
      "raw": "var = 'YearBuilt'\ndata = pd.concat([df_train['SalePrice'], df_train[var]], axis=1)\n# STEFANOS: Disable plotting\n# f, ax = plt.subplots(figsize=(16, 8))\n# fig = sns.boxplot(x=var, y=\"SalePrice\", data=data)\n# fig.axis(ymin=0, ymax=800000);\n# plt.xticks(rotation=90);",
      "total-ns": 5401879,
      "vars": {},
      "p2m": {
        "df_train": 4174353212,
        "df": 8729423481,
        "data": 24736518
      },
      "m2p": {
        "df_train": 3910270286,
        "df": 6962004277,
        "data": 3937181103
      }
    },
    {
      "raw": "#correlation matrix\ncorrmat = df_train.corr()\n# STEFANOS: Disable plotting\n# f, ax = plt.subplots(figsize=(12, 9))\n# sns.heatmap(corrmat, vmax=.8, square=True);",
      "total-ns": 9626230862,
      "vars": {},
      "p2m": {
        "df_train": 6717452218,
        "df": 6345556782,
        "data": 123928939,
        "corrmat": 5004389
      },
      "m2p": {
        "df_train": 5904336810,
        "df": 8727380771,
        "data": 46249746,
        "corrmat": 32477602940
      }
    },
    {
      "raw": "#saleprice correlation matrix\nk = 10 #number of variables for heatmap\n# STEFANOS-DISABLE-FOR-MODIN: Seems it doesn't support nlargest()\n#### ORIGINAL CODE ####\n# cols = corrmat.nlargest(k, 'SalePrice')['SalePrice'].index\n#### COMPATIBLE FOR MODIN ####\ncols = corrmat.sort_values(by='SalePrice', ascending=False).head(k)['SalePrice'].index\n\n\ncm = np.corrcoef(df_train[cols].values.T)\n# STEFANOS: Disable plotting\n# sns.set(font_scale=1.25)\n# hm = sns.heatmap(cm, cbar=True, annot=True, square=True, fmt='.2f', annot_kws={'size': 10}, yticklabels=cols.values, xticklabels=cols.values)\n# plt.show()",
      "total-ns": 3538792938,
      "vars": {},
      "p2m": {
        "df_train": 3471024534,
        "df": 3504653871,
        "data": 25231278,
        "corrmat": 8249168
      },
      "m2p": {
        "df_train": 4043155034,
        "df": 4040945943,
        "data": 29820687,
        "corrmat": 7153539
      }
    },
    {
      "raw": "#scatterplot\n# STEFANOS: Disable plotting\n# sns.set()\n# cols = ['SalePrice', 'OverallQual', 'GrLivArea', 'GarageCars', 'TotalBsmtSF', 'FullBath', 'YearBuilt']\n# sns.pairplot(df_train[cols], size = 2.5)\n# plt.show();",
      "total-ns": 620240,
      "vars": {},
      "p2m": {
        "df_train": 3375016542,
        "df": 3493875722,
        "data": 19755588,
        "corrmat": 6397940
      },
      "m2p": {
        "df_train": 4407500263,
        "df": 3910826886,
        "data": 29409078,
        "corrmat": 4748740
      }
    },
    {
      "raw": "#missing data\ntotal = df_train.isnull().sum().sort_values(ascending=False)\npercent = (df_train.isnull().sum()/df_train.isnull().count()).sort_values(ascending=False)\nmissing_data = pd.concat([total, percent], axis=1, keys=['Total', 'Percent'])\nmissing_data.head(20)",
      "total-ns": 24528747229,
      "vars": {},
      "p2m": {
        "df_train": 3447521056,
        "df": 3502530832,
        "data": 16630119,
        "corrmat": 6644120,
        "total": 4160939,
        "percent": 3597179,
        "missing_data": 3914860
      },
      "m2p": {
        "df_train": 4010983927,
        "df": 4058666413,
        "data": 23694067,
        "corrmat": 4363320,
        "total": 14982528,
        "percent": 9919359,
        "missing_data": 19214928
      }
    },
    {
      "raw": "#dealing with missing data\ndf_train = df_train.drop((missing_data[missing_data['Total'] > 1]).index,1)\n# STEFANOS: Disabled this line because for some it raises an exception when we replicate data.\n# I think it's better to disable one line in order to replicate data, so that we are fair to other\n# notebooks (e.g., if we don't replicate data, the cells of this notebook might be fast enough that they're all\n# discarded as very fast cells in the stats)\n# df_train = df_train.drop(df_train.loc[df_train['Electrical'].isnull()].index)\ndf_train.isnull().sum().max() #just checking that there's no missing data missing...",
      "total-ns": 7732559119,
      "vars": {},
      "p2m": {
        "df_train": 2819192212,
        "df": 4052668313,
        "data": 40906986,
        "corrmat": 8485399,
        "total": 9660009,
        "percent": 5566979,
        "missing_data": 5893049
      },
      "m2p": {
        "df_train": 10342877549,
        "df": 4565630048,
        "data": 69167814,
        "corrmat": 13218169,
        "total": 92646092,
        "percent": 27805558,
        "missing_data": 5296910
      }
    },
    {
      "raw": "#standardizing data\nsaleprice_scaled = StandardScaler().fit_transform(df_train['SalePrice'][:,np.newaxis]);\nlow_range = saleprice_scaled[saleprice_scaled[:,0].argsort()][:10]\nhigh_range= saleprice_scaled[saleprice_scaled[:,0].argsort()][-10:]\nprint('outer range (low) of the distribution:')\nprint(low_range)\nprint('\\nouter range (high) of the distribution:')\nprint(high_range)",
      "total-ns": 1148444239,
      "vars": {},
      "p2m": {
        "df_train": 3604543573,
        "df": 4187336651,
        "data": 33205937,
        "corrmat": 6259110,
        "total": 5407899,
        "percent": 6364279,
        "missing_data": 6055369
      },
      "m2p": {
        "df_train": 2263597670,
        "df": 4447021448,
        "data": 30807628,
        "corrmat": 7903039,
        "total": 24579638,
        "percent": 22386858,
        "missing_data": 6182450
      }
    },
    {
      "raw": "#bivariate analysis saleprice/grlivarea\nvar = 'GrLivArea'\ndata = pd.concat([df_train['SalePrice'], df_train[var]], axis=1)\n# STEFANOS: Disable plotting\n# data.plot.scatter(x=var, y='SalePrice', ylim=(0,800000));",
      "total-ns": 16537449,
      "vars": {},
      "p2m": {
        "df_train": 2830810111,
        "df": 4344371778,
        "data": 35447856,
        "corrmat": 21117668,
        "total": 6681690,
        "percent": 8419409,
        "missing_data": 7631179
      },
      "m2p": {
        "df_train": 2583871923,
        "df": 4373123665,
        "data": 1364425821,
        "corrmat": 21713659,
        "total": 34431098,
        "percent": 26014238,
        "missing_data": 5536740
      }
    },
    {
      "raw": "#deleting points\ndf_train.sort_values(by = 'GrLivArea', ascending = False)[:2]\ndf_train = df_train.drop(df_train[df_train['Id'] == 1299].index)\ndf_train = df_train.drop(df_train[df_train['Id'] == 524].index)",
      "total-ns": 24099695057,
      "vars": {},
      "p2m": {
        "df_train": 2054515129,
        "df": 4113032297,
        "data": 19159258,
        "corrmat": 6490559,
        "total": 6422620,
        "percent": 5561729,
        "missing_data": 5274479
      },
      "m2p": {
        "df_train": 8456866545,
        "df": 3965817531,
        "data": 17855038,
        "corrmat": 6209860,
        "total": 20198758,
        "percent": 22772468,
        "missing_data": 5252980
      }
    },
    {
      "raw": "#bivariate analysis saleprice/grlivarea\nvar = 'TotalBsmtSF'\ndata = pd.concat([df_train['SalePrice'], df_train[var]], axis=1)\n# STEFANOS: Disable plotting\n# data.plot.scatter(x=var, y='SalePrice', ylim=(0,800000));",
      "total-ns": 9341410,
      "vars": {},
      "p2m": {
        "df_train": 2257969801,
        "df": 3329885036,
        "data": 87800003,
        "corrmat": 28181198,
        "total": 9261319,
        "percent": 7537700,
        "missing_data": 6175590
      },
      "m2p": {
        "df_train": 2424852396,
        "df": 3726502082,
        "data": 3145729652,
        "corrmat": 16914338,
        "total": 222184610,
        "percent": 23439747,
        "missing_data": 8231999
      }
    },
    {
      "raw": "#histogram and normal probability plot\n# STEFANOS: Disable plotting\n# sns.distplot(df_train['SalePrice'], fit=norm);\n# fig = plt.figure()\n# res = stats.probplot(df_train['SalePrice'], plot=plt)",
      "total-ns": 433720,
      "vars": {},
      "p2m": {
        "df_train": 2947612230,
        "df": 3664305737,
        "data": 42080166,
        "corrmat": 10301239,
        "total": 7495109,
        "percent": 4659410,
        "missing_data": 3568189
      },
      "m2p": {
        "df_train": 3738534311,
        "df": 8433565487,
        "data": 25847198,
        "corrmat": 11493689,
        "total": 37501407,
        "percent": 26046748,
        "missing_data": 3861600
      }
    },
    {
      "raw": "#applying log transformation\ndf_train['SalePrice'] = np.log(df_train['SalePrice'])",
      "total-ns": 1781537153,
      "vars": {},
      "p2m": {
        "df_train": 2525629537,
        "df": 4536493051,
        "data": 19617038,
        "corrmat": 4469719,
        "total": 8223909,
        "percent": 7667230,
        "missing_data": 6017750
      },
      "m2p": {
        "df_train": 4094373570,
        "df": 4574437907,
        "data": 19297039,
        "corrmat": 3770030,
        "total": 49281196,
        "percent": 23899348,
        "missing_data": 5873489
      }
    },
    {
      "raw": "#transformed histogram and normal probability plot\n# STEFANOS: Disable plotting\n# sns.distplot(df_train['SalePrice'], fit=norm);\n# fig = plt.figure()\n# res = stats.probplot(df_train['SalePrice'], plot=plt)",
      "total-ns": 443930,
      "vars": {},
      "p2m": {
        "df_train": 3577483255,
        "df": 4534739802,
        "data": 44674126,
        "corrmat": 8818689,
        "total": 12327840,
        "percent": 8245930,
        "missing_data": 8663199
      },
      "m2p": {
        "df_train": 2290491548,
        "df": 3927626795,
        "data": 28377628,
        "corrmat": 7868140,
        "total": 48592555,
        "percent": 25667857,
        "missing_data": 10798508
      }
    },
    {
      "raw": "#histogram and normal probability plot\n# STEFANOS: Disable plotting\n# sns.distplot(df_train['GrLivArea'], fit=norm);\n# fig = plt.figure()\n# res = stats.probplot(df_train['GrLivArea'], plot=plt)",
      "total-ns": 501550,
      "vars": {},
      "p2m": {
        "df_train": 2828737932,
        "df": 4617791893,
        "data": 51048526,
        "corrmat": 8249589,
        "total": 8859339,
        "percent": 7274429,
        "missing_data": 11392438
      },
      "m2p": {
        "df_train": 2571907404,
        "df": 4025270186,
        "data": 24784669,
        "corrmat": 11431339,
        "total": 36187207,
        "percent": 28817128,
        "missing_data": 5548930
      }
    },
    {
      "raw": "#data transformation\ndf_train['GrLivArea'] = np.log(df_train['GrLivArea'])",
      "total-ns": 1178343435,
      "vars": {},
      "p2m": {
        "df_train": 2646188887,
        "df": 3485782953,
        "data": 28065588,
        "corrmat": 6775199,
        "total": 5187200,
        "percent": 5114379,
        "missing_data": 4862589
      },
      "m2p": {
        "df_train": 4089683280,
        "df": 3888260537,
        "data": 31511557,
        "corrmat": 6762139,
        "total": 18420168,
        "percent": 18743299,
        "missing_data": 5317290
      }
    },
    {
      "raw": "#transformed histogram and normal probability plot\n# STEFANOS: Disable plotting\n# sns.distplot(df_train['GrLivArea'], fit=norm);\n# fig = plt.figure()\n# res = stats.probplot(df_train['GrLivArea'], plot=plt)",
      "total-ns": 520560,
      "vars": {},
      "p2m": {
        "df_train": 2158521710,
        "df": 3532965779,
        "data": 24065778,
        "corrmat": 5901160,
        "total": 5477870,
        "percent": 4469270,
        "missing_data": 4986440
      },
      "m2p": {
        "df_train": 2284946239,
        "df": 3923315884,
        "data": 23453298,
        "corrmat": 4868469,
        "total": 19774508,
        "percent": 19733078,
        "missing_data": 4067749
      }
    },
    {
      "raw": "#histogram and normal probability plot\n# STEFANOS: Disable plotting\n# sns.distplot(df_train['TotalBsmtSF'], fit=norm);\n# fig = plt.figure()\n# res = stats.probplot(df_train['TotalBsmtSF'], plot=plt)",
      "total-ns": 748640,
      "vars": {},
      "p2m": {
        "df_train": 2127368303,
        "df": 3860977180,
        "data": 22019848,
        "corrmat": 4647330,
        "total": 3677349,
        "percent": 3477940,
        "missing_data": 4366980
      },
      "m2p": {
        "df_train": 2491981810,
        "df": 3859056650,
        "data": 17341869,
        "corrmat": 4549439,
        "total": 15115209,
        "percent": 13086129,
        "missing_data": 3885599
      }
    },
    {
      "raw": "#create column for new variable (one is enough because it's a binary categorical feature)\n#if area>0 it gets 1, for area==0 it gets 0\ndf_train['HasBsmt'] = pd.Series(len(df_train['TotalBsmtSF']), index=df_train.index)\ndf_train['HasBsmt'] = 0 \ndf_train.loc[df_train['TotalBsmtSF']>0,'HasBsmt'] = 1",
      "total-ns": 1526455406,
      "vars": {},
      "p2m": {
        "df_train": 2134756832,
        "df": 3587708943,
        "data": 27069697,
        "corrmat": 6661469,
        "total": 5394130,
        "percent": 5862370,
        "missing_data": 6199609
      },
      "m2p": {
        "df_train": 2563111893,
        "df": 3989807359,
        "data": 27117318,
        "corrmat": 7629019,
        "total": 26044808,
        "percent": 23411148,
        "missing_data": 5248680
      }
    },
    {
      "raw": "#transform data\ndf_train.loc[df_train['HasBsmt']==1,'TotalBsmtSF'] = np.log(df_train['TotalBsmtSF'])",
      "total-ns": 4270833684,
      "vars": {},
      "p2m": {
        "df_train": 3068511660,
        "df": 4576451557,
        "data": 33939616,
        "corrmat": 8300499,
        "total": 6921489,
        "percent": 8791899,
        "missing_data": 12810558
      },
      "m2p": {
        "df_train": 8693006094,
        "df": 4642688921,
        "data": 24148317,
        "corrmat": 17352558,
        "total": 38655807,
        "percent": 34414677,
        "missing_data": 12351489
      }
    },
    {
      "raw": "#histogram and normal probability plot\n# STEFANOS: Disable plotting\n# sns.distplot(df_train[df_train['TotalBsmtSF']>0]['TotalBsmtSF'], fit=norm);\n# fig = plt.figure()\n# res = stats.probplot(df_train[df_train['TotalBsmtSF']>0]['TotalBsmtSF'], plot=plt)\n_ = df_train[df_train['TotalBsmtSF']>0]['TotalBsmtSF']\n_ = df_train[df_train['TotalBsmtSF']>0]['TotalBsmtSF']",
      "total-ns": 13783731765,
      "vars": {},
      "p2m": {
        "_": 24774698,
        "df_train": 2448971945,
        "df": 3693687744,
        "data": 23036898,
        "corrmat": 6312140,
        "total": 5832509,
        "percent": 4895270,
        "missing_data": 5415439
      },
      "m2p": {
        "_": 1209323414,
        "df_train": 2402528348,
        "df": 3766104318,
        "data": 26378348,
        "corrmat": 6197100,
        "total": 21027188,
        "percent": 19920378,
        "missing_data": 4858040
      }
    },
    {
      "raw": "#scatter plot\n# STEFANOS: Disable plotting\n# plt.scatter(df_train['GrLivArea'], df_train['SalePrice']);",
      "total-ns": 437300,
      "vars": {},
      "p2m": {
        "_": 14745748,
        "df_train": 2328058886,
        "df": 3642683689,
        "data": 20252169,
        "corrmat": 5624819,
        "total": 4669490,
        "percent": 5348290,
        "missing_data": 5262230
      },
      "m2p": {
        "_": 54689836,
        "df_train": 2435791675,
        "df": 4303639341,
        "data": 21122168,
        "corrmat": 5534640,
        "total": 16904469,
        "percent": 19154398,
        "missing_data": 5520339
      }
    },
    {
      "raw": "#scatter plot\n# STEFANOS: Disable plotting\n# plt.scatter(df_train[df_train['TotalBsmtSF']>0]['TotalBsmtSF'], df_train[df_train['TotalBsmtSF']>0]['SalePrice']);\n_ = df_train[df_train['TotalBsmtSF']>0]['TotalBsmtSF']\n_ = df_train[df_train['TotalBsmtSF']>0]['SalePrice']",
      "total-ns": 11627936652,
      "vars": {},
      "p2m": {
        "_": 18852228,
        "df_train": 2032595770,
        "df": 3595886952,
        "data": 20303348,
        "corrmat": 6992699,
        "total": 5546179,
        "percent": 4387120,
        "missing_data": 4823099
      },
      "m2p": {
        "_": 460121169,
        "df_train": 2408675569,
        "df": 3937750994,
        "data": 20884958,
        "corrmat": 6571990,
        "total": 18515868,
        "percent": 17291678,
        "missing_data": 4502380
      }
    },
    {
      "raw": "#convert categorical variable into dummy\ndf_train = pd.get_dummies(df_train)",
      "total-ns": 13711570602,
      "vars": {},
      "p2m": {
        "_": 17361357,
        "df_train": 1503272548,
        "df": 3726871100,
        "data": 19944828,
        "corrmat": 5744209,
        "total": 4639880,
        "percent": 4919179,
        "missing_data": 6369309
      },
      "m2p": {
        "_": 69615725,
        "df_train": 4489217264,
        "df": 5193553752,
        "data": 20273449,
        "corrmat": 4932500,
        "total": 15754279,
        "percent": 16904349,
        "missing_data": 5383190
      }
    }
  ]
}