{
  "cells": [
    {
      "raw": "# This Python 3 environment comes with many helpful analytics libraries installed\n# It is defined by the kaggle/python Docker image: https://github.com/kaggle/docker-python\n# For example, here's several helpful packages to load\n\nimport numpy as np # linear algebra\nimport pandas as pd # data processing, CSV file I/O (e.g. pd.read_csv)\n\n# Input data files are available in the read-only \"../input/\" directory\n# For example, running this (by clicking run or pressing Shift+Enter) will list all files under the input directory\n\nimport os\nfor dirname, _, filenames in os.walk('../input'):\n    for filename in filenames:\n        print(os.path.join(dirname, filename))\n\n# You can write up to 20GB to the current directory (/kaggle/working/) that gets preserved as output when you create a version using \"Save & Run All\" \n# You can also write temporary files to /kaggle/temp/, but they won't be saved outside of the current session",
      "total-ns": 5094529,
      "vars": {},
      "p2m": {},
      "m2p": {}
    },
    {
      "raw": "\nimport os\nos.environ[\"MODIN_ENGINE\"] = \"ray\"\nimport ray\nos.environ['MODIN_CPUS'] = \"4\"\nray.init(num_cpus=4, runtime_env={'env_vars': {'__MODIN_AUTOIMPORT_PANDAS__': '1'}})\nimport modin.pandas as pd\ndf = pd.read_csv('../input/Electric_Vehicle_Population_Data.csv')",
      "total-ns": 9772501873,
      "vars": {},
      "p2m": {
        "df": 98792522
      },
      "m2p": {
        "df": 235651667
      }
    },
    {
      "raw": "df = df\nintended_df_size_in_MB = 1024\nfactor = intended_df_size_in_MB*(2**20)/df.memory_usage(index=True).sum()\nif int(factor) > 0:\n    df = pd.concat([df]*int(factor), ignore_index=True)\nelse:\n    rowCount = int(df.shape[0]*factor)\n    df = df[0:rowCount]\ndf = df\ndf.info()",
      "total-ns": 13664671050,
      "vars": {},
      "p2m": {
        "df": 5801588049
      },
      "m2p": {
        "df": 24457330446
      }
    },
    {
      "raw": "# Display the first few rows of the dataset\nprint(df.head())\n\n# Get information about the dataset\nprint(df.info())",
      "total-ns": 18223573085,
      "vars": {},
      "p2m": {
        "df": 4997828900
      },
      "m2p": {
        "df": 5030756817
      }
    },
    {
      "raw": "df['Model Year'].hist()",
      "total-ns": 5713650877,
      "vars": {},
      "p2m": {
        "df": 4778355049
      },
      "m2p": {
        "df": 3813935264
      }
    },
    {
      "raw": "avg_range = df['Electric Range'].mean()\nmedian_price = df['Base MSRP'].median()",
      "total-ns": 6715226328,
      "vars": {},
      "p2m": {
        "df": 5002278320
      },
      "m2p": {
        "df": 3806354974
      }
    },
    {
      "raw": "ev_2020 = df[df['Model Year'] == 2020]",
      "total-ns": 18754349,
      "vars": {},
      "p2m": {
        "df": 7899204274,
        "ev_2020": 389697685
      },
      "m2p": {
        "df": 5921521219,
        "ev_2020": 793894060
      }
    },
    {
      "raw": "groupby_make = df.groupby('Make')['Electric Range'].mean()",
      "total-ns": 10178058464,
      "vars": {},
      "p2m": {
        "df": 5321689692,
        "ev_2020": 454297880,
        "groupby_make": 3590390
      },
      "m2p": {
        "df": 3937957663,
        "ev_2020": 410103574,
        "groupby_make": 4124050
      }
    },
    {
      "raw": "# Select only numeric columns from the DataFrame\nnumeric_df = df.select_dtypes(include=['float64', 'int64'])\n",
      "total-ns": 4442579,
      "vars": {},
      "p2m": {
        "df": 6142168889,
        "ev_2020": 358915879,
        "groupby_make": 3116679,
        "numeric_df": 302592143
      },
      "m2p": {
        "df": 4236412387,
        "ev_2020": 348213729,
        "groupby_make": 12546009,
        "numeric_df": 5072991844
      }
    }
  ]
}