{
  "cells": [
    {
      "raw": "\nimport os\nos.environ[\"MODIN_ENGINE\"] = \"ray\"\nimport ray\nos.environ['MODIN_CPUS'] = \"4\"\nray.init(num_cpus=4, runtime_env={'env_vars': {'__MODIN_AUTOIMPORT_PANDAS__': '1'}})\nimport modin.pandas as pd\nimport numpy as np\n\n# pd.set_option('max_columns', 100) # So we can see more columns\n\n# Read in the training data\ntrain = pd.read_csv('../input/train.csv', low_memory=False)",
      "total-ns": 14958349032,
      "vars": {},
      "p2m": {
        "train": 843872656
      },
      "m2p": {
        "train": 2121351023
      }
    },
    {
      "raw": "df = train\nintended_df_size_in_MB = 1024\nfactor = intended_df_size_in_MB*(2**20)/df.memory_usage(index=True).sum()\nif int(factor) > 0:\n    df = pd.concat([df]*int(factor), ignore_index=True)\nelse:\n    rowCount = int(df.shape[0]*factor)\n    df = df[0:rowCount]\ntrain = df\ntrain.info()",
      "total-ns": 11474217629,
      "vars": {},
      "p2m": {
        "train": 3168843291,
        "df": 2570810953
      },
      "m2p": {
        "train": 19030806974,
        "df": 9604687564
      }
    },
    {
      "raw": "# https://stackoverflow.com/questions/30228069/how-to-display-the-value-of-the-bar-on-each-bar-with-pyplot-barh\ndef label_bars(ax, bars, text_format, **kwargs):\n    \"\"\"\n    Attaches a label on every bar of a regular or horizontal bar chart\n    \"\"\"\n    ys = [bar.get_y() for bar in bars]\n    y_is_constant = all(y == ys[0] for y in ys)  # -> regular bar chart, since all all bars start on the same y level (0)\n\n    if y_is_constant:\n        _label_bar(ax, bars, text_format, **kwargs)\n    else:\n        _label_barh(ax, bars, text_format, **kwargs)\n\n\ndef _label_bar(ax, bars, text_format, **kwargs):\n    \"\"\"\n    Attach a text label to each bar displaying its y value\n    \"\"\"\n    max_y_value = ax.get_ylim()[1]\n    inside_distance = max_y_value * 0.05\n    outside_distance = max_y_value * 0.01\n\n    for bar in bars:\n        text = text_format.format(bar.get_height())\n        text_x = bar.get_x() + bar.get_width() / 2\n\n        is_inside = bar.get_height() >= max_y_value * 0.15\n        if is_inside:\n            color = \"white\"\n            text_y = bar.get_height() - inside_distance\n        else:\n            color = \"black\"\n            text_y = bar.get_height() + outside_distance\n\n        ax.text(text_x, text_y, text, ha='center', va='bottom', color=color, **kwargs)\n\n\ndef _label_barh(ax, bars, text_format, **kwargs):\n    \"\"\"\n    Attach a text label to each bar displaying its y value\n    Note: label always outside. otherwise it's too hard to control as numbers can be very long\n    \"\"\"\n    max_x_value = ax.get_xlim()[1]\n    distance = max_x_value * 0.0025\n\n    for bar in bars:\n        text = text_format.format(bar.get_width())\n\n        text_x = bar.get_width() + distance\n        text_y = bar.get_y() + bar.get_height() / 2\n\n        ax.text(text_x, text_y, text, va='center', **kwargs)",
      "total-ns": 3665710,
      "vars": {},
      "p2m": {
        "train": 2582500802,
        "df": 2596553631
      },
      "m2p": {
        "train": 3063272810,
        "df": 3078539429
      }
    },
    {
      "raw": "train.groupby('PlayId').first()['Yards'] ",
      "total-ns": 5502486906,
      "vars": {},
      "p2m": {
        "train": 3905794036,
        "df": 2623505820
      },
      "m2p": {
        "train": 5181373654,
        "df": 3900147076
      }
    },
    {
      "raw": "# fig, axes = plt.subplots(4, 1, figsize=(15, 8), sharex=True)\n# n = 0\n# for i, d in train.groupby('Down'):\n#     d['Yards'].plot(kind='hist',\n#                     bins=30,\n#                    color=color_pal[n],\n#                    ax=axes[n],\n#                    title=f'Yards Gained on down {i}')\n#     n+=1",
      "total-ns": 484600,
      "vars": {},
      "p2m": {
        "train": 2555453376,
        "df": 2707205062
      },
      "m2p": {
        "train": 3141911343,
        "df": 3048823491
      }
    },
    {
      "raw": "# fig, ax = plt.subplots(figsize=(20, 5))\n# sns.violinplot(x='Distance-to-Gain',\n#                y='Yards',\n#                data=train.rename(columns={'Distance':'Distance-to-Gain'}),\n#                ax=ax)\n# plt.ylim(-10, 20)\n# plt.title('Yards vs Distance-to-Gain')\n# plt.show()",
      "total-ns": 535089,
      "vars": {},
      "p2m": {
        "train": 2641605617,
        "df": 2686853684
      },
      "m2p": {
        "train": 3027377164,
        "df": 2972296658
      }
    },
    {
      "raw": "print('Unique game data provided: {}'.format(train['GameId'].nunique()))\nprint('Unique play data provided: {}'.format(train['PlayId'].nunique()))",
      "total-ns": 2558777124,
      "vars": {},
      "p2m": {
        "train": 2700429452,
        "df": 2644061937
      },
      "m2p": {
        "train": 2963519989,
        "df": 2864606748
      }
    },
    {
      "raw": "train.groupby('GameId')['PlayId'] \\\n    .nunique()",
      "total-ns": 2713383061,
      "vars": {},
      "p2m": {
        "train": 2663271225,
        "df": 2690859773
      },
      "m2p": {
        "train": 2983300708,
        "df": 3019445294
      }
    },
    {
      "raw": "# fig, (ax1, ax2) = plt.subplots(1, 2, figsize=(15, 5))\n# sns.boxplot(data=train.groupby('PlayId').first()[['Distance','Down']],\n#             x='Down', y='Distance', ax=ax1)\n# ax1.set_title('Distance-to-Gain by Down')\n# sns.boxplot(data=train.groupby('PlayId').first()[['Yards','Down']],\n#             x='Down', y='Yards', ax=ax2)\n# ax2.set_title('Yards Gained by Down')\n# plt.show()",
      "total-ns": 506420,
      "vars": {},
      "p2m": {
        "train": 2632504748,
        "df": 2578436453
      },
      "m2p": {
        "train": 3201147188,
        "df": 3182549090
      }
    },
    {
      "raw": "train['Distance']",
      "total-ns": 3107870,
      "vars": {},
      "p2m": {
        "train": 2662531966,
        "df": 2602054078
      },
      "m2p": {
        "train": 2990721327,
        "df": 3050418161
      }
    },
    {
      "raw": "# fig, (ax1, ax2, ax3) = plt.subplots(1, 3, figsize=(16, 4))\n# train['S'].plot(kind='hist', ax=ax1,\n#                 title='Distribution of Speed',\n#                 bins=20,\n#                 color=color_pal[0])\n# train['A'].plot(kind='hist',\n#                 ax=ax2,\n#                 title='Distribution of Acceleration',\n#                 bins=20,\n#                 color=color_pal[1])\n# train['Dis'].plot(kind='hist',\n#                   ax=ax3,\n#                   title='Distribution of Distance',\n#                   bins=20,\n#                   color=color_pal[2])\n# plt.show()",
      "total-ns": 509360,
      "vars": {},
      "p2m": {
        "train": 2823261412,
        "df": 2720378261
      },
      "m2p": {
        "train": 3010971786,
        "df": 3054121782
      }
    },
    {
      "raw": "\ntrain.query(\"NflIdRusher == NflId\")['S'] \ntrain.query(\"NflIdRusher == NflId\")['A'] \ntrain.query(\"NflIdRusher == NflId\")['Dis'] ",
      "total-ns": 7936617001,
      "vars": {},
      "p2m": {
        "train": 2569358233,
        "df": 2684481784
      },
      "m2p": {
        "train": 2949076531,
        "df": 2887188877
      }
    },
    {
      "raw": "",
      "total-ns": 334340,
      "vars": {},
      "p2m": {
        "train": 2654971856,
        "df": 2647055606
      },
      "m2p": {
        "train": 3089435039,
        "df": 3137077046
      }
    },
    {
      "raw": "train.groupby('PlayId') \\\n    .first() \\\n    .groupby('OffensePersonnel') \\\n    .count()['GameId'] \\\n    .sort_values(ascending=False) \\\n    .head(15) \\\n    .sort_values() \ntrain.groupby('PlayId') \\\n    .first() \\\n    .groupby('DefensePersonnel') \\\n    .count()['GameId'] \\\n    .sort_values(ascending=False) \\\n    .head(15) \\\n    .sort_values()",
      "total-ns": 11275507660,
      "vars": {},
      "p2m": {
        "train": 2784644365,
        "df": 2782470395
      },
      "m2p": {
        "train": 2962119091,
        "df": 2964534720
      }
    },
    {
      "raw": "top_10_defenses = train.groupby('DefensePersonnel')['GameId'] \\\n    .count() \\\n    .sort_values(ascending=False).index[:10] \\\n    .tolist()",
      "total-ns": 5404088624,
      "vars": {},
      "p2m": {
        "train": 2733014930,
        "df": 2634998318
      },
      "m2p": {
        "train": 3433871361,
        "df": 3120871877
      }
    },
    {
      "raw": "train_play = train.groupby('PlayId').first()\ntrain_top10_def = train_play.loc[train_play['DefensePersonnel'].isin(top_10_defenses)]",
      "total-ns": 5743439546,
      "vars": {},
      "p2m": {
        "train": 2822497822,
        "df": 2696980223,
        "train_play": 63360585,
        "train_top10_def": 71735964
      },
      "m2p": {
        "train": 3024769454,
        "df": 2952047691,
        "train_play": 69713534,
        "train_top10_def": 56164395
      }
    },
    {
      "raw": "# fig, ax = plt.subplots(figsize=(15, 5))\n# ax.set_ylim(-10, 60)\n# ax.set_title('Yards vs Quarter')\n# sns.boxenplot(x='Quarter',\n#             y='Yards',\n#             data=train.sample(5000),\n#             ax=ax)\n# plt.show()",
      "total-ns": 557290,
      "vars": {},
      "p2m": {
        "train": 2641979517,
        "df": 2701585761,
        "train_play": 56408516,
        "train_top10_def": 50692146
      },
      "m2p": {
        "train": 3115377297,
        "df": 3026314695,
        "train_play": 57031556,
        "train_top10_def": 39164046
      }
    },
    {
      "raw": "# fig, ax = plt.subplots(figsize=(15, 5))\n# ax.set_ylim(-10, 60)\n# sns.boxenplot(x='DefendersInTheBox',\n#                y='Yards',\n#                data=train.query('DefendersInTheBox > 2'),\n#                ax=ax)\n# plt.title('Yards vs Defenders in the Box')\n# plt.show()",
      "total-ns": 339890,
      "vars": {},
      "p2m": {
        "train": 2691511072,
        "df": 2757421007,
        "train_play": 63267025,
        "train_top10_def": 57993036
      },
      "m2p": {
        "train": 3075724871,
        "df": 3073050911,
        "train_play": 63970404,
        "train_top10_def": 44959207
      }
    },
    {
      "raw": "# fig, axes = plt.subplots(3, 2, constrained_layout=True, figsize=(15 , 10))\n# #fig.tight_layout()\n# ax_idx = 0\n# ax_idx2 = 0\n# for i in range(4, 10):\n#     this_ax = axes[ax_idx2][ax_idx]\n#     #print(ax_idx, ax_idx2)\n#     sns.distplot(train.query('DefendersInTheBox == @i')['Yards'],\n#                 ax=this_ax,\n#                 color=color_pal[ax_idx2])\n#     this_ax.set_title(f'{i} Defenders in the box')\n#     this_ax.set_xlim(-10, 20)\n#     ax_idx += 1\n#     if ax_idx == 2:\n#         ax_idx = 0\n#         ax_idx2 += 1\n# plt.show()",
      "total-ns": 429929,
      "vars": {},
      "p2m": {
        "train": 2753949728,
        "df": 2527467537,
        "train_play": 56001765,
        "train_top10_def": 51071155
      },
      "m2p": {
        "train": 3067350981,
        "df": 2996683738,
        "train_play": 56600135,
        "train_top10_def": 41602346
      }
    },
    {
      "raw": "train.query(\"NflIdRusher == NflId\") \\\n    .groupby('DisplayName')['Yards'] \\\n    .agg(['count','mean']) \\\n    .query('count > 100') \\\n    .sort_values('mean', ascending=True) \\\n    .tail(10)['mean'] \ntrain.query(\"NflIdRusher == NflId\") \\\n    .groupby('DisplayName')['Yards'] \\\n    .agg(['count','mean']) \\\n    .query('count > 100') \\\n    .sort_values('mean', ascending=True) \\\n    .head(10)['mean']",
      "total-ns": 5791949651,
      "vars": {},
      "p2m": {
        "train": 2560319534,
        "df": 2620038599,
        "train_play": 69852764,
        "train_top10_def": 67776074
      },
      "m2p": {
        "train": 3086363050,
        "df": 3093758759,
        "train_play": 69541884,
        "train_top10_def": 168321886
      }
    },
    {
      "raw": "# Create the DL-LB combos\ntrain['DL_LB'] = train['DefensePersonnel'] \\\n    .str[:10] \\\n    .str.replace(' DL, ','-') \\\n    .str.replace(' LB','') # Clean up and convert to DL-LB combo\ntop_5_dl_lb_combos = train.groupby('DL_LB').count()['GameId'] \\\n    .sort_values() \\\n    .tail(10).index.tolist()\nax = train.loc[train['DL_LB'].isin(top_5_dl_lb_combos)] \\\n    .groupby('DL_LB')",
      "total-ns": 26492292296,
      "vars": {},
      "p2m": {
        "train": 4816158214,
        "df": 4441981795,
        "train_play": 74195644,
        "train_top10_def": 74320914
      },
      "m2p": {
        "train": 4529789739,
        "df": 3201075011,
        "train_play": 63810274,
        "train_top10_def": 61754075
      }
    },
    {
      "raw": "def create_football_field(linenumbers=True,\n                          endzones=True,\n                          highlight_line=False,\n                          highlight_line_number=50,\n                          highlighted_name='Line of Scrimmage',\n                          fifty_is_los=False,\n                          figsize=(12*2, 6.33*2)):\n    \"\"\"\n    Function that plots the football field for viewing plays.\n    Allows for showing or hiding endzones.\n    \"\"\"\n    # rect = patches.Rectangle((0, 0), 120, 53.3, linewidth=0.1,\n    #                          edgecolor='r', facecolor='darkgreen', zorder=0)\n\n    # fig, ax = plt.subplots(1, figsize=figsize)\n    # ax.add_patch(rect)\n\n    # plt.plot([10, 10, 10, 20, 20, 30, 30, 40, 40, 50, 50, 60, 60, 70, 70, 80,\n    #           80, 90, 90, 100, 100, 110, 110, 120, 0, 0, 120, 120],\n    #          [0, 0, 53.3, 53.3, 0, 0, 53.3, 53.3, 0, 0, 53.3, 53.3, 0, 0, 53.3,\n    #           53.3, 0, 0, 53.3, 53.3, 0, 0, 53.3, 53.3, 53.3, 0, 0, 53.3],\n    #          color='white')\n    # if fifty_is_los:\n    #     plt.plot([60, 60], [0, 53.3], color='gold')\n    #     plt.text(62, 50, '<- Player Yardline at Snap', color='gold')\n    # # Endzones\n    # if endzones:\n    #     ez1 = patches.Rectangle((0, 0), 10, 53.3,\n    #                             linewidth=0.1,\n    #                             edgecolor='r',\n    #                             facecolor='blue',\n    #                             alpha=0.2,\n    #                             zorder=0)\n    #     ez2 = patches.Rectangle((110, 0), 120, 53.3,\n    #                             linewidth=0.1,\n    #                             edgecolor='r',\n    #                             facecolor='blue',\n    #                             alpha=0.2,\n    #                             zorder=0)\n    #     ax.add_patch(ez1)\n    #     ax.add_patch(ez2)\n    # plt.xlim(0, 120)\n    # plt.ylim(-5, 58.3)\n    # plt.axis('off')\n    if linenumbers:\n        for x in range(20, 110, 10):\n            numb = x\n            if x > 50:\n                numb = 120 - x\n            # plt.text(x, 5, str(numb - 10),\n            #          horizontalalignment='center',\n            #          fontsize=20,  # fontname='Arial',\n            #          color='white')\n            # plt.text(x - 0.95, 53.3 - 5, str(numb - 10),\n            #          horizontalalignment='center',\n            #          fontsize=20,  # fontname='Arial',\n            #          color='white', rotation=180)\n    if endzones:\n        hash_range = range(11, 110)\n    else:\n        hash_range = range(1, 120)\n\n    # for x in hash_range:\n    #     ax.plot([x, x], [0.4, 0.7], color='white')\n    #     ax.plot([x, x], [53.0, 52.5], color='white')\n    #     ax.plot([x, x], [22.91, 23.57], color='white')\n    #     ax.plot([x, x], [29.73, 30.39], color='white')\n\n    # if highlight_line:\n    #     hl = highlight_line_number + 10\n    #     plt.plot([hl, hl], [0, 53.3], color='yellow')\n    #     plt.text(hl + 2, 50, '<- {}'.format(highlighted_name),\n    #              color='yellow')\n    # return fig, ax\n\nimport math\ndef get_dx_dy(angle, dist):\n    cartesianAngleRadians = (450-angle)*math.pi/180.0\n    dx = dist * math.cos(cartesianAngleRadians)\n    dy = dist * math.sin(cartesianAngleRadians)\n    return dx, dy",
      "total-ns": 3344080,
      "vars": {},
      "p2m": {
        "train": 5883999234,
        "df": 2607136210,
        "train_play": 57412534,
        "train_top10_def": 71881314
      },
      "m2p": {
        "train": 5193823372,
        "df": 2913488594,
        "train_play": 47980167,
        "train_top10_def": 51328485
      }
    },
    {
      "raw": "play_id = train.query(\"DL_LB == '3-4'\")['PlayId'].reset_index(drop=True)[500]\ntrain.query(\"PlayId == @play_id and Team == 'away'\") \ntrain.query(\"PlayId == @play_id and Team == 'home'\") \ntrain.query(\"PlayId == @play_id and NflIdRusher == NflId\") \nrusher_row = train.query(\"PlayId == @play_id and NflIdRusher == NflId\")\nyards_covered = rusher_row[\"Yards\"].values[0]\n\nx = rusher_row[\"X\"].values[0]\ny = rusher_row[\"Y\"].values[0]\nrusher_dir = rusher_row[\"Dir\"].values[0]\nrusher_speed = rusher_row[\"S\"].values[0]\ndx, dy = get_dx_dy(rusher_dir, rusher_speed)\nyards_gained = train.query(\"PlayId == @play_id\")['Yards'].tolist()[0]",
      "total-ns": 22742620042,
      "vars": {},
      "p2m": {
        "train": 4778934917,
        "df": 4414069037,
        "train_play": 66485224,
        "train_top10_def": 60941925,
        "rusher_row": 4725240
      },
      "m2p": {
        "train": 4429366886,
        "df": 4585394063,
        "train_play": 52220276,
        "train_top10_def": 47026116,
        "rusher_row": 26173448
      }
    },
    {
      "raw": "play_id = train.query(\"DL_LB == '4-3'\")['PlayId'].reset_index(drop=True)[500]\ntrain.query(\"PlayId == @play_id and Team == 'away'\") \ntrain.query(\"PlayId == @play_id and Team == 'home'\")\ntrain.query(\"PlayId == @play_id and NflIdRusher == NflId\")\nrusher_row = train.query(\"PlayId == @play_id and NflIdRusher == NflId\")\nyards_covered = rusher_row[\"Yards\"].values[0]\n\nx = rusher_row[\"X\"].values[0]\ny = rusher_row[\"Y\"].values[0]\nrusher_dir = rusher_row[\"Dir\"].values[0]\nrusher_speed = rusher_row[\"S\"].values[0]\ndx, dy = get_dx_dy(rusher_dir, rusher_speed)\nyards_gained = train.query(\"PlayId == @play_id\")['Yards'].tolist()[0]",
      "total-ns": 18716937341,
      "vars": {},
      "p2m": {
        "train": 3766464112,
        "df": 2728620950,
        "train_play": 74276944,
        "train_top10_def": 46008846,
        "rusher_row": 4062850
      },
      "m2p": {
        "train": 3461970259,
        "df": 2993654927,
        "train_play": 55953555,
        "train_top10_def": 51016956,
        "rusher_row": 19784238
      }
    },
    {
      "raw": "play_id = train.query(\"DL_LB == '4-2'\")['PlayId'].reset_index(drop=True)[500]\ntrain.query(\"PlayId == @play_id and Team == 'away'\")\ntrain.query(\"PlayId == @play_id and Team == 'home'\") \ntrain.query(\"PlayId == @play_id and NflIdRusher == NflId\")\nrusher_row = train.query(\"PlayId == @play_id and NflIdRusher == NflId\")\nyards_covered = rusher_row[\"Yards\"].values[0]\n\nx = rusher_row[\"X\"].values[0]\ny = rusher_row[\"Y\"].values[0]\nrusher_dir = rusher_row[\"Dir\"].values[0]\nrusher_speed = rusher_row[\"S\"].values[0]\ndx, dy = get_dx_dy(rusher_dir, rusher_speed)\nyards_gained = train.query(\"PlayId == @play_id\")['Yards'].tolist()[0]",
      "total-ns": 20187906397,
      "vars": {},
      "p2m": {
        "train": 3359593637,
        "df": 3652282781,
        "train_play": 63868815,
        "train_top10_def": 56239745,
        "rusher_row": 5098350
      },
      "m2p": {
        "train": 3654142472,
        "df": 3157639573,
        "train_play": 50269636,
        "train_top10_def": 45408126,
        "rusher_row": 24588398
      }
    },
    {
      "raw": "train['SnapHandoffSeconds'] = (pd.to_datetime(train['TimeHandoff']) - \\\n                               pd.to_datetime(train['TimeSnap'])).dt.total_seconds()\n\n(train.groupby('SnapHandoffSeconds').count() / 22 )['GameId']",
      "total-ns": 27934784095,
      "vars": {},
      "p2m": {
        "train": 6160545590,
        "df": 2899170996,
        "train_play": 69096034,
        "train_top10_def": 61998214,
        "rusher_row": 5459729
      },
      "m2p": {
        "train": 5940755579,
        "df": 3121894987,
        "train_play": 55846675,
        "train_top10_def": 388175707,
        "rusher_row": 6668340
      }
    },
    {
      "raw": "train.groupby('SnapHandoffSeconds')['Yards'].mean()",
      "total-ns": 4316129046,
      "vars": {},
      "p2m": {
        "train": 3327958519,
        "df": 2641973147,
        "train_play": 74638813,
        "train_top10_def": 79227664,
        "rusher_row": 6032699
      },
      "m2p": {
        "train": 3654077001,
        "df": 3095730349,
        "train_play": 49259186,
        "train_top10_def": 56932285,
        "rusher_row": 5100730
      }
    },
    {
      "raw": "",
      "total-ns": 297930,
      "vars": {},
      "p2m": {
        "train": 3482244717,
        "df": 2875354567,
        "train_play": 62324075,
        "train_top10_def": 56326225,
        "rusher_row": 4003709
      },
      "m2p": {
        "train": 3404350853,
        "df": 3088322370,
        "train_play": 48967626,
        "train_top10_def": 44135256,
        "rusher_row": 3869810
      }
    },
    {
      "raw": "",
      "total-ns": 254740,
      "vars": {},
      "p2m": {
        "train": 3432275180,
        "df": 2720531831,
        "train_play": 63254584,
        "train_top10_def": 57067786,
        "rusher_row": 4729130
      },
      "m2p": {
        "train": 3279610294,
        "df": 3227817508,
        "train_play": 42612566,
        "train_top10_def": 47292877,
        "rusher_row": 4243069
      }
    }
  ]
}