{
  "cells": [
    {
      "raw": "#Import required libraries\n\nimport os\nos.environ[\"MODIN_ENGINE\"] = \"ray\"\nimport ray\nos.environ['MODIN_CPUS'] = \"4\"\nray.init(num_cpus=4, runtime_env={'env_vars': {'__MODIN_AUTOIMPORT_PANDAS__': '1'}})\nimport modin.pandas as pd\nimport numpy as np",
      "total-ns": 3567263769,
      "vars": {},
      "p2m": {},
      "m2p": {}
    },
    {
      "raw": "#load bitcoin data\nbtc_master = pd.read_csv('../input/gemini_BTCUSD_2020_1min.csv')\n\n#load ethereum data\neth_master = pd.read_csv('../input/gemini_ETHUSD_2020_1min.csv')\n\n#load litecoin data\nltc_master = pd.read_csv('../input/gemini_LTCUSD_2020_1min.csv')",
      "total-ns": 7806726875,
      "vars": {},
      "p2m": {
        "btc_master": 143573967,
        "eth_master": 144795307,
        "ltc_master": 115498364
      },
      "m2p": {
        "btc_master": 306654476,
        "eth_master": 301043096,
        "ltc_master": 311703996
      }
    },
    {
      "raw": "df = btc_master\nintended_df_size_in_MB = 1024\nfactor = intended_df_size_in_MB*(2**20)/(btc_master.memory_usage(index=True).sum()+eth_master.memory_usage(index=True).sum()+ltc_master.memory_usage(index=True).sum())\nif int(factor) > 0:\n    df = pd.concat([df]*int(factor), ignore_index=True)\nelse:\n    rowCount = int(df.shape[0]*factor)\n    df = df[0:rowCount]\nbtc_master = df\n\ndf = eth_master\nif int(factor) > 0:\n    df = pd.concat([df]*int(factor), ignore_index=True)\nelse:\n    rowCount = int(df.shape[0]*factor)\n    df = df[0:rowCount]\neth_master = df\n\ndf = ltc_master\nif int(factor) > 0:\n    df = pd.concat([df]*int(factor), ignore_index=True)\nelse:\n    rowCount = int(df.shape[0]*factor)\n    df = df[0:rowCount]\nltc_master = df\n    \nbtc_master.info()\neth_master.info()\nltc_master.info()",
      "total-ns": 6744480812,
      "vars": {},
      "p2m": {
        "btc_master": 1604225258,
        "eth_master": 1584627706,
        "ltc_master": 1800816961,
        "df": 1575284515
      },
      "m2p": {
        "btc_master": 5298028492,
        "eth_master": 5089402458,
        "ltc_master": 5137007673,
        "df": 3020889005
      }
    },
    {
      "raw": "#Check the data dimensions for bitcoin\nbtc_master.head()",
      "total-ns": 1347570,
      "vars": {},
      "p2m": {
        "btc_master": 1523528569,
        "eth_master": 1507587967,
        "ltc_master": 1575999266,
        "df": 1630300581
      },
      "m2p": {
        "btc_master": 803635464,
        "eth_master": 799143764,
        "ltc_master": 805171354,
        "df": 790445663
      }
    },
    {
      "raw": "btc_master.info()",
      "total-ns": 1775458188,
      "vars": {},
      "p2m": {
        "btc_master": 1534717170,
        "eth_master": 1550656702,
        "ltc_master": 1543700912,
        "df": 1571805315
      },
      "m2p": {
        "btc_master": 803583145,
        "eth_master": 782263572,
        "ltc_master": 798573224,
        "df": 788012373
      }
    },
    {
      "raw": "#Check the data dimensions for ethereum\neth_master.shape",
      "total-ns": 441800,
      "vars": {},
      "p2m": {
        "btc_master": 1604041328,
        "eth_master": 1559702873,
        "ltc_master": 1566563304,
        "df": 1582809966
      },
      "m2p": {
        "btc_master": 789202813,
        "eth_master": 778347611,
        "ltc_master": 811000565,
        "df": 790392452
      }
    },
    {
      "raw": "eth_master.info()",
      "total-ns": 1779686289,
      "vars": {},
      "p2m": {
        "btc_master": 1519794428,
        "eth_master": 1534369611,
        "ltc_master": 1576577397,
        "df": 1539097212
      },
      "m2p": {
        "btc_master": 786941563,
        "eth_master": 771903730,
        "ltc_master": 775849931,
        "df": 785263351
      }
    },
    {
      "raw": "#Check the data dimensions for litecoin\nltc_master.shape",
      "total-ns": 478699,
      "vars": {},
      "p2m": {
        "btc_master": 1591815319,
        "eth_master": 1549144791,
        "ltc_master": 1593767848,
        "df": 1550236211
      },
      "m2p": {
        "btc_master": 783157270,
        "eth_master": 767032671,
        "ltc_master": 761830042,
        "df": 769003291
      }
    },
    {
      "raw": "ltc_master.info()",
      "total-ns": 1790850679,
      "vars": {},
      "p2m": {
        "btc_master": 1541615362,
        "eth_master": 1576801400,
        "ltc_master": 1530635363,
        "df": 1550503751
      },
      "m2p": {
        "btc_master": 778568241,
        "eth_master": 772386170,
        "ltc_master": 770714771,
        "df": 761140241
      }
    },
    {
      "raw": "#Convert the object type Date column to datetime type\nbtc_master['Date'] = pd.to_datetime(btc_master['Date'], format='%m/%d/%Y %H:%M')\neth_master['Date'] = pd.to_datetime(eth_master['Date'], format='%m/%d/%Y %H:%M')\nltc_master['Date'] = pd.to_datetime(ltc_master['Date'], format='%m/%d/%Y %H:%M')",
      "total-ns": 35130158,
      "vars": {},
      "p2m": {
        "btc_master": 499105065,
        "eth_master": 467706146,
        "ltc_master": 396178879,
        "df": 1640524877
      },
      "m2p": {
        "btc_master": 32671252792,
        "eth_master": 1786252189,
        "ltc_master": 1795127919,
        "df": 777751341
      }
    },
    {
      "raw": "#drop from bitcoin\nbtc_master.drop(['Unix Timestamp','Symbol','Open', 'High','Low'], axis = 1, inplace = True)\n#drop from ethereum \neth_master.drop(['Unix Timestamp','Symbol','Open', 'High','Low'], axis = 1, inplace = True)\n#drop from litecoin\nltc_master.drop(['Unix Timestamp','Symbol','Open', 'High','Low'], axis = 1, inplace = True)\n\nltc_master.columns",
      "total-ns": 5068440,
      "vars": {},
      "p2m": {
        "btc_master": 85401996,
        "eth_master": 150891892,
        "ltc_master": 82616435,
        "df": 1604272258
      },
      "m2p": {
        "btc_master": 390584670,
        "eth_master": 439428788,
        "ltc_master": 429733248,
        "df": 779687351
      }
    },
    {
      "raw": "#get all the records in bitcoin dataset but not in ethereum dataset\nbtc_master[~(btc_master['Date'].isin(eth_master[\"Date\"]))]",
      "total-ns": 65224579159,
      "vars": {},
      "p2m": {
        "btc_master": 104575589,
        "eth_master": 83391977,
        "ltc_master": 104028740,
        "df": 1818614921
      },
      "m2p": {
        "btc_master": 75002157,
        "eth_master": 73885487,
        "ltc_master": 72163526,
        "df": 788563340
      }
    },
    {
      "raw": "#get all the records in ethereum dataset but not in bitcoin dataset\neth_master[~(eth_master['Date'].isin(btc_master[\"Date\"]))]",
      "total-ns": 71041158584,
      "vars": {},
      "p2m": {
        "btc_master": 86977658,
        "eth_master": 89582768,
        "ltc_master": 356628632,
        "df": 1588835631
      },
      "m2p": {
        "btc_master": 81101997,
        "eth_master": 74300027,
        "ltc_master": 76815506,
        "df": 796252120
      }
    },
    {
      "raw": "#get all the records in litecoin dataset but not in bitcoin dataset\nltc_master[~(ltc_master['Date'].isin(btc_master[\"Date\"]))].count()",
      "total-ns": 65072413978,
      "vars": {},
      "p2m": {
        "btc_master": 89630236,
        "eth_master": 141312901,
        "ltc_master": 151877602,
        "df": 1768998254
      },
      "m2p": {
        "btc_master": 70122466,
        "eth_master": 77133516,
        "ltc_master": 74034045,
        "df": 808823551
      }
    },
    {
      "raw": "#get all the records in litecoin dataset but not in ethereum dataset\nltc_master[~(ltc_master['Date'].isin(eth_master[\"Date\"]))].count()",
      "total-ns": 64657540489,
      "vars": {},
      "p2m": {
        "btc_master": 76918996,
        "eth_master": 106512098,
        "ltc_master": 157240002,
        "df": 1667986786
      },
      "m2p": {
        "btc_master": 69667235,
        "eth_master": 73620906,
        "ltc_master": 76920466,
        "df": 795887890
      }
    },
    {
      "raw": "#Loose the time information\nbtc_master['Date'] = btc_master['Date'].dt.date\n\n#Aggregate by date\nbtc_grouped = pd.pivot_table(btc_master, values=['Close', 'Volume'], index=['Date'],\n                    aggfunc={'Close': np.mean,\n                             'Volume': np.sum})\n\nbtc_grouped.head()",
      "total-ns": 23673869269,
      "vars": {},
      "p2m": {
        "btc_master": 12714769455,
        "eth_master": 79490938,
        "ltc_master": 90760639,
        "df": 1794079063,
        "btc_grouped": 5514931
      },
      "m2p": {
        "btc_master": 14373369841,
        "eth_master": 74472648,
        "ltc_master": 75572128,
        "df": 783601390,
        "btc_grouped": 3345510
      }
    },
    {
      "raw": "btc_grouped.shape",
      "total-ns": 607400,
      "vars": {},
      "p2m": {
        "btc_master": 12555539402,
        "eth_master": 88795520,
        "ltc_master": 205272230,
        "df": 3638828391,
        "btc_grouped": 22806302
      },
      "m2p": {
        "btc_master": 1016715344,
        "eth_master": 73978367,
        "ltc_master": 81191829,
        "df": 1227896326,
        "btc_grouped": 12850591
      }
    },
    {
      "raw": "#Loose the time information\neth_master['Date'] = eth_master['Date'].dt.date\n\n#Aggregate by date\neth_grouped = pd.pivot_table(eth_master, values=['Close', 'Volume'], index=['Date'],\n                    aggfunc={'Close': np.mean,\n                             'Volume': np.sum})\neth_grouped.head()",
      "total-ns": 38856385704,
      "vars": {},
      "p2m": {
        "btc_master": 12739348880,
        "eth_master": 12682961074,
        "ltc_master": 121913202,
        "df": 1904581014,
        "btc_grouped": 13288581,
        "eth_grouped": 10182320
      },
      "m2p": {
        "btc_master": 1141688026,
        "eth_master": 14994321919,
        "ltc_master": 204881571,
        "df": 1190946642,
        "btc_grouped": 12040370,
        "eth_grouped": 4880600
      }
    },
    {
      "raw": "eth_grouped.shape",
      "total-ns": 1320750,
      "vars": {},
      "p2m": {
        "btc_master": 12965217434,
        "eth_master": 12607441966,
        "ltc_master": 123112320,
        "df": 1741564921,
        "btc_grouped": 9646650,
        "eth_grouped": 9092479
      },
      "m2p": {
        "btc_master": 1232596216,
        "eth_master": 1198768065,
        "ltc_master": 96591353,
        "df": 930218825,
        "btc_grouped": 13210659,
        "eth_grouped": 11212409
      }
    },
    {
      "raw": "#Loose the time information\nltc_master['Date'] = ltc_master['Date'].dt.date\n\n#Aggregate by date\nltc_grouped = pd.pivot_table(ltc_master, values=['Close', 'Volume'], index=['Date'],\n                    aggfunc={'Close': np.mean,\n                             'Volume': np.sum})\nltc_grouped.head()",
      "total-ns": 25250436899,
      "vars": {},
      "p2m": {
        "btc_master": 12685543831,
        "eth_master": 12739053396,
        "ltc_master": 12644957883,
        "df": 1928607786,
        "btc_grouped": 8516639,
        "eth_grouped": 8301979,
        "ltc_grouped": 8352610
      },
      "m2p": {
        "btc_master": 1067552105,
        "eth_master": 1053649575,
        "ltc_master": 14791430213,
        "df": 812358045,
        "btc_grouped": 8177399,
        "eth_grouped": 5899220,
        "ltc_grouped": 5533069
      }
    },
    {
      "raw": "ltc_grouped.shape",
      "total-ns": 620490,
      "vars": {},
      "p2m": {
        "btc_master": 12790058452,
        "eth_master": 12457902849,
        "ltc_master": 12563042214,
        "df": 2223737344,
        "btc_grouped": 8920690,
        "eth_grouped": 8543310,
        "ltc_grouped": 9437520
      },
      "m2p": {
        "btc_master": 1076395274,
        "eth_master": 1062604115,
        "ltc_master": 1067374115,
        "df": 786620878,
        "btc_grouped": 9676240,
        "eth_grouped": 7605890,
        "ltc_grouped": 7753970
      }
    },
    {
      "raw": "btc = btc_grouped['Close'].max()\neth = eth_grouped['Close'].max()\nltc = ltc_grouped['Close'].max()\n\n#What is the highest closing value of Bitcoin and when\nprint(\"Highest average value of BTC \", btc,\"was recorded on \",btc_grouped[btc_grouped['Close'] == btc].index.values[0])\n\n#What is the highest closing value of Ethereum and when\nprint(\"Highest average value of ETH \", eth,\"was recorded on \",eth_grouped[eth_grouped['Close'] == eth].index.values[0])\n\n#What is the highest closing value of Litecoin and when\nprint(\"Highest average value of LTC \", ltc,\"was recorded on \",ltc_grouped[ltc_grouped['Close'] == ltc].index.values[0])\n",
      "total-ns": 413380355,
      "vars": {},
      "p2m": {
        "btc_master": 12232717471,
        "eth_master": 12373800833,
        "ltc_master": 12613157285,
        "df": 1830300300,
        "btc_grouped": 8666840,
        "eth_grouped": 8204120,
        "ltc_grouped": 8136860
      },
      "m2p": {
        "btc_master": 1038971451,
        "eth_master": 1092166222,
        "ltc_master": 1370922364,
        "df": 774511548,
        "btc_grouped": 13709841,
        "eth_grouped": 11994220,
        "ltc_grouped": 10890390
      }
    },
    {
      "raw": "btc = btc_grouped['Volume'].max()\neth = eth_grouped['Volume'].max()\nltc = ltc_grouped['Volume'].max()\n\n\n#What is the highest closing volume of Bitcoin and when\nprint(\"Highest volume of BTC \", btc,\"was recorded on \",\n      btc_grouped[btc_grouped['Volume'] == btc].index.values[0])\n\n#What is the highest closing volume of Ethereum and when\nprint(\"Highest volume of ETH \", eth,\"was recorded on \",\n     eth_grouped[eth_grouped['Volume'] == eth].index.values[0])\n\n#What is the highest closing volume of Litecoin and when\nprint(\"Highest volume of LTC \", ltc,\"was recorded on \",\n     ltc_grouped[ltc_grouped['Volume'] == ltc].index.values[0])",
      "total-ns": 406295954,
      "vars": {},
      "p2m": {
        "btc_master": 12817867898,
        "eth_master": 12563700495,
        "ltc_master": 12541456065,
        "df": 2214405914,
        "btc_grouped": 7422191,
        "eth_grouped": 5346560,
        "ltc_grouped": 7128500
      },
      "m2p": {
        "btc_master": 1032900241,
        "eth_master": 1185419263,
        "ltc_master": 1045490981,
        "df": 820664049,
        "btc_grouped": 8982941,
        "eth_grouped": 4688941,
        "ltc_grouped": 5955210
      }
    },
    {
      "raw": "btc = btc_grouped[btc_grouped['Volume'] == btc_grouped['Volume'].max()]['Close'].values[0]\neth = eth_grouped[eth_grouped['Volume'] == eth_grouped['Volume'].max()]['Close'].values[0]\nltc = ltc_grouped[ltc_grouped['Volume'] == ltc_grouped['Volume'].max()]['Close'].values[0]\n\n#What is the closing value of Bitcoin and when the highest volume was transacted \nprint(\"Highest volume of BTC was\", btc_grouped['Volume'].max(),\"and mean closing value on that day was\",btc)\n\n#What is the highest closing volume of Ethereum and when\nprint(\"Highest volume of ETH \", eth_grouped['Volume'].max(),\"and mean closing value on that day was \",eth)\n\n#What is the highest closing volume of Litecoin and when\nprint(\"Highest volume of LTC \", ltc_grouped['Volume'].max(),\"and mean closing value on that day was \",ltc)\n",
      "total-ns": 567658746,
      "vars": {},
      "p2m": {
        "btc_master": 14936856780,
        "eth_master": 17065579163,
        "ltc_master": 12439873394,
        "df": 1936488711,
        "btc_grouped": 9273430,
        "eth_grouped": 9271580,
        "ltc_grouped": 9081170
      },
      "m2p": {
        "btc_master": 1028317011,
        "eth_master": 1561703357,
        "ltc_master": 1076711101,
        "df": 780568288,
        "btc_grouped": 13615071,
        "eth_grouped": 12882771,
        "ltc_grouped": 15007491
      }
    },
    {
      "raw": "#What is the closing value of Bitcoin and when the highest volume was transacted \nprint(\"Lowest average closing value of BTC \", btc_grouped['Close'].min())\n\n#What is the closing value of Bitcoin and when the highest volume was transacted \nprint(\"Lowest average closing value of ETH \", eth_grouped['Close'].min())\n\n#What is the closing value of Bitcoin and when the highest volume was transacted \nprint(\"Lowest average closing value of LTC \", ltc_grouped['Close'].min())",
      "total-ns": 161995012,
      "vars": {},
      "p2m": {
        "btc_master": 12894384329,
        "eth_master": 12609734805,
        "ltc_master": 12936427738,
        "df": 1978646142,
        "btc_grouped": 9613490,
        "eth_grouped": 8747200,
        "ltc_grouped": 9040120
      },
      "m2p": {
        "btc_master": 1085245351,
        "eth_master": 1074143361,
        "ltc_master": 1070708682,
        "df": 828057120,
        "btc_grouped": 9879700,
        "eth_grouped": 7746570,
        "ltc_grouped": 8600450
      }
    },
    {
      "raw": "#Merge bitcoin and ethereum data\nbtc_eth = pd.merge(btc_grouped, eth_grouped, suffixes=('_btc', '_eth'), left_index=True, right_index=True)\nbtc_eth.head()",
      "total-ns": 10071440,
      "vars": {},
      "p2m": {
        "btc_master": 12511857205,
        "eth_master": 12770495397,
        "ltc_master": 12457058244,
        "df": 1940923101,
        "btc_grouped": 7785470,
        "eth_grouped": 7423240,
        "ltc_grouped": 8009910,
        "btc_eth": 7391470
      },
      "m2p": {
        "btc_master": 1042165681,
        "eth_master": 1043789031,
        "ltc_master": 1067191821,
        "df": 798161578,
        "btc_grouped": 7042020,
        "eth_grouped": 6727010,
        "ltc_grouped": 6864070,
        "btc_eth": 60756181
      }
    },
    {
      "raw": "#Merge litecoin with other two\nbtc_eth_ltc = pd.merge(btc_eth, ltc_grouped, left_index=True, right_index=True)\nbtc_eth_ltc.rename(columns={\"Close\": \"Close_ltc\", \"Volume\": \"Volume_ltc\"}, inplace=True)\nbtc_eth_ltc.head()",
      "total-ns": 8063270,
      "vars": {},
      "p2m": {
        "btc_master": 12839311178,
        "eth_master": 12589050107,
        "ltc_master": 12714976755,
        "df": 1884843781,
        "btc_grouped": 6575980,
        "eth_grouped": 8074480,
        "ltc_grouped": 6299830,
        "btc_eth": 7428440,
        "btc_eth_ltc": 11257060
      },
      "m2p": {
        "btc_master": 1028367301,
        "eth_master": 1037362541,
        "ltc_master": 1093290967,
        "df": 774613093,
        "btc_grouped": 5752140,
        "eth_grouped": 5144231,
        "ltc_grouped": 5044120,
        "btc_eth": 5544050,
        "btc_eth_ltc": 60844283
      }
    },
    {
      "raw": "#Corelation between the currencies\nbtc_eth_ltc.corr()",
      "total-ns": 88938994,
      "vars": {},
      "p2m": {
        "btc_master": 12372694310,
        "eth_master": 12827203499,
        "ltc_master": 12442010813,
        "df": 1847279409,
        "btc_grouped": 6462640,
        "eth_grouped": 6102620,
        "ltc_grouped": 5964610,
        "btc_eth": 7121411,
        "btc_eth_ltc": 6812120
      },
      "m2p": {
        "btc_master": 1112504947,
        "eth_master": 1131958628,
        "ltc_master": 1066815085,
        "df": 793012754,
        "btc_grouped": 5693911,
        "eth_grouped": 4940190,
        "ltc_grouped": 4987761,
        "btc_eth": 5400780,
        "btc_eth_ltc": 5869730
      }
    }
  ]
}