{
  "cells": [
    {
      "raw": "import os\nimport numpy as np\n\nimport os\nos.environ[\"MODIN_ENGINE\"] = \"ray\"\nimport ray\nos.environ['MODIN_CPUS'] = \"4\"\nray.init(num_cpus=4, runtime_env={'env_vars': {'__MODIN_AUTOIMPORT_PANDAS__': '1'}})\nimport modin.pandas as pd\n\n# import seaborn as sns\n# import plotly.express as px \n# import matplotlib.pyplot as plt\n%matplotlib inline\n\nfrom sklearn.cluster import KMeans\nfrom sklearn.preprocessing import StandardScaler\nfrom sklearn.pipeline import Pipeline\nfrom sklearn.manifold import TSNE\nfrom sklearn.decomposition import PCA\nfrom sklearn.metrics import euclidean_distances\nfrom scipy.spatial.distance import cdist\n\nimport warnings\nwarnings.filterwarnings(\"ignore\")",
      "total-ns": 6309497566,
      "vars": {},
      "p2m": {},
      "m2p": {}
    },
    {
      "raw": "data = pd.read_csv(\"../input/data.csv\")\ngenre_data = pd.read_csv('../input/data_by_genres.csv')\nyear_data = pd.read_csv('../input/data_by_year.csv')",
      "total-ns": 9667861149,
      "vars": {},
      "p2m": {
        "data": 187877247,
        "genre_data": 10703629,
        "year_data": 5555710
      },
      "m2p": {
        "data": 376638073,
        "genre_data": 29647120,
        "year_data": 24990380
      }
    },
    {
      "raw": "df = data\nintended_df_size_in_MB = 1024\nfactor = intended_df_size_in_MB*(2**20)/(data.memory_usage(index=True).sum()+genre_data.memory_usage(index=True).sum()+year_data.memory_usage(index=True).sum())\nif int(factor) > 0:\n    df = pd.concat([df]*int(factor), ignore_index=True)\nelse:\n    rowCount = int(df.shape[0]*factor)\n    df = df[0:rowCount]\ndata = df\n\ndf = genre_data\nif int(factor) > 0:\n    df = pd.concat([df]*int(factor), ignore_index=True)\nelse:\n    rowCount = int(df.shape[0]*factor)\n    df = df[0:rowCount]\ngenre_data = df\n\ndf = year_data\nif int(factor) > 0:\n    df = pd.concat([df]*int(factor), ignore_index=True)\nelse:\n    rowCount = int(df.shape[0]*factor)\n    df = df[0:rowCount]\nyear_data = df\n    \ndata.info()\ngenre_data.info()\nyear_data.info()",
      "total-ns": 12125578368,
      "vars": {},
      "p2m": {
        "data": 8471394279,
        "genre_data": 30933799,
        "year_data": 5242611,
        "df": 6331100
      },
      "m2p": {
        "data": 24765744339,
        "genre_data": 376933533,
        "year_data": 177950247,
        "df": 27067309
      }
    },
    {
      "raw": "print(data.info())",
      "total-ns": 6368256109,
      "vars": {},
      "p2m": {
        "data": 8135241150,
        "genre_data": 28593299,
        "year_data": 6407031,
        "df": 6184620
      },
      "m2p": {
        "data": 3639323460,
        "genre_data": 21456020,
        "year_data": 4755919,
        "df": 5410669
      }
    },
    {
      "raw": "print(genre_data.info())",
      "total-ns": 136046857,
      "vars": {},
      "p2m": {
        "data": 8191173949,
        "genre_data": 27313789,
        "year_data": 7083000,
        "df": 5634729
      },
      "m2p": {
        "data": 3520242403,
        "genre_data": 20177990,
        "year_data": 6524350,
        "df": 4336220
      }
    },
    {
      "raw": "print(year_data.info())",
      "total-ns": 87928747,
      "vars": {},
      "p2m": {
        "data": 8164286899,
        "genre_data": 24849159,
        "year_data": 6951880,
        "df": 8704510
      },
      "m2p": {
        "data": 3513827893,
        "genre_data": 23013950,
        "year_data": 5571920,
        "df": 5241889
      }
    },
    {
      "raw": "# from yellowbrick.target import FeatureCorrelation\n\nfeature_names = ['acousticness', 'danceability', 'energy', 'instrumentalness',\n       'liveness', 'loudness', 'speechiness', 'tempo', 'valence','duration_ms','explicit','key','mode','year']\n\nX, y = data[feature_names], data['popularity']\n\n# Create a list of the feature names\nfeatures = np.array(feature_names)\n\n# Instantiate the visualizer\n# visualizer = FeatureCorrelation(labels=features)\n\n# plt.rcParams['figure.figsize']=(20,20)\n# visualizer.fit(X, y)     # Fit the data to the visualizer\n# visualizer.show()",
      "total-ns": 20419410,
      "vars": {},
      "p2m": {
        "data": 10002074014,
        "genre_data": 26574909,
        "year_data": 6317860,
        "df": 5895181,
        "X": 599847625,
        "y": 28729720
      },
      "m2p": {
        "data": 4901086560,
        "genre_data": 20148010,
        "year_data": 5812010,
        "df": 5418710,
        "X": 286481923,
        "y": 7955634035
      }
    },
    {
      "raw": "def get_decade(year):\n    period_start = int(year/10) * 10\n    decade = '{}s'.format(period_start)\n    return decade\n\ndata['decade'] = data['year'].apply(get_decade)\n\n# sns.set(rc={'figure.figsize':(11 ,6)})\n# sns.countplot(data['decade'])",
      "total-ns": 1343840848,
      "vars": {},
      "p2m": {
        "data": 11762644701,
        "genre_data": 27759389,
        "year_data": 6175239,
        "df": 5545850,
        "X": 604845035,
        "y": 28014630
      },
      "m2p": {
        "data": 17871921611,
        "genre_data": 135057147,
        "year_data": 6339880,
        "df": 4546120,
        "X": 262027683,
        "y": 611760485
      }
    },
    {
      "raw": "sound_features = ['acousticness', 'danceability', 'energy', 'instrumentalness', 'liveness', 'valence']\n# fig = px.line(year_data, x='year', y=sound_features)\n# fig.show()",
      "total-ns": 669260,
      "vars": {},
      "p2m": {
        "data": 11797825700,
        "genre_data": 30994929,
        "year_data": 8975699,
        "df": 5760789,
        "X": 339746302,
        "y": 59301588
      },
      "m2p": {
        "data": 7361992199,
        "genre_data": 21940640,
        "year_data": 5764290,
        "df": 5265561,
        "X": 335893612,
        "y": 454968168
      }
    },
    {
      "raw": "top10_genres = genre_data.nlargest(10, 'popularity')\n\n# fig = px.bar(top10_genres, x='genres', y=['valence', 'energy', 'danceability', 'acousticness'], barmode='group')\n# fig.show()",
      "total-ns": 1493762453,
      "vars": {},
      "p2m": {
        "data": 11943634817,
        "genre_data": 29116769,
        "year_data": 5880920,
        "df": 5739649,
        "X": 236930654,
        "y": 385630621,
        "top10_genres": 2055390
      },
      "m2p": {
        "data": 6506298810,
        "genre_data": 25774230,
        "year_data": 5475620,
        "df": 4750720,
        "X": 343646272,
        "y": 56610749,
        "top10_genres": 6190020
      }
    },
    {
      "raw": "# from sklearn.cluster import KMeans\n# from sklearn.preprocessing import StandardScaler\n# from sklearn.pipeline import Pipeline\n# \n# cluster_pipeline = Pipeline([('scaler', StandardScaler()), ('kmeans', KMeans(n_clusters=10))])\n# X = genre_data.select_dtypes(np.number)\n# cluster_pipeline.fit(X)\n# genre_data['cluster'] = cluster_pipeline.predict(X)",
      "total-ns": 566150,
      "vars": {},
      "p2m": {
        "data": 11691038652,
        "genre_data": 27088969,
        "year_data": 6358020,
        "df": 5629481,
        "X": 232698665,
        "y": 18030640,
        "top10_genres": 2442860
      },
      "m2p": {
        "data": 4461404831,
        "genre_data": 27770990,
        "year_data": 6974540,
        "df": 5336080,
        "X": 268334083,
        "y": 75976958,
        "top10_genres": 2935229
      }
    },
    {
      "raw": "# Visualizing the Clusters with t-SNE\n\n# from sklearn.manifold import TSNE\n\n# tsne_pipeline = Pipeline([('scaler', StandardScaler()), ('tsne', TSNE(n_components=2, verbose=1))])\n# genre_embedding = tsne_pipeline.fit_transform(X)\n# projection = pd.DataFrame(columns=['x', 'y'], data=genre_embedding)\n# projection['genres'] = genre_data['genres']\n# projection['cluster'] = genre_data['cluster']\n\n# fig = px.scatter(\n#     projection, x='x', y='y', color='cluster', hover_data=['x', 'y', 'genres'])\n# fig.show()",
      "total-ns": 921810,
      "vars": {},
      "p2m": {
        "data": 11593901105,
        "genre_data": 28796689,
        "year_data": 6448700,
        "df": 5495539,
        "X": 233844804,
        "y": 17144859,
        "top10_genres": 2042490
      },
      "m2p": {
        "data": 4292320655,
        "genre_data": 23202850,
        "year_data": 6186380,
        "df": 5384030,
        "X": 273879333,
        "y": 61194629,
        "top10_genres": 3456180
      }
    },
    {
      "raw": "# song_cluster_pipeline = Pipeline([('scaler', StandardScaler()), \n#                                   ('kmeans', KMeans(n_clusters=20, \n#                                    verbose=False))\n#                                  ], verbose=False)\n# \n# X = data.select_dtypes(np.number)\n# number_cols = list(X.columns)\n# song_cluster_pipeline.fit(X)\n# song_cluster_labels = song_cluster_pipeline.predict(X)\n# data['cluster_label'] = song_cluster_labels",
      "total-ns": 582170,
      "vars": {},
      "p2m": {
        "data": 11665268764,
        "genre_data": 28410780,
        "year_data": 6418920,
        "df": 6001970,
        "X": 232005524,
        "y": 22819699,
        "top10_genres": 2231350
      },
      "m2p": {
        "data": 4311276924,
        "genre_data": 33515439,
        "year_data": 6122059,
        "df": 5809340,
        "X": 257857074,
        "y": 415004220,
        "top10_genres": 2309260
      }
    },
    {
      "raw": "# Visualizing the Clusters with PCA\n\n# from sklearn.decomposition import PCA\n\n# pca_pipeline = Pipeline([('scaler', StandardScaler()), ('PCA', PCA(n_components=2))])\n# song_embedding = pca_pipeline.fit_transform(X)\n# projection = pd.DataFrame(columns=['x', 'y'], data=song_embedding)\n# projection['title'] = data['name']\n# projection['cluster'] = data['cluster_label']\n\n# fig = px.scatter(\n#     projection, x='x', y='y', color='cluster', hover_data=['x', 'y', 'title'])\n# fig.show()",
      "total-ns": 463900,
      "vars": {},
      "p2m": {
        "data": 11464727350,
        "genre_data": 32373199,
        "year_data": 6770349,
        "df": 6335130,
        "X": 235302914,
        "y": 23318639,
        "top10_genres": 1887480
      },
      "m2p": {
        "data": 4319755534,
        "genre_data": 31666930,
        "year_data": 6126901,
        "df": 5580700,
        "X": 264579483,
        "y": 73192228,
        "top10_genres": 2202580
      }
    },
    {
      "raw": "# !pip install spotipy",
      "total-ns": 661150,
      "vars": {},
      "p2m": {
        "data": 11660358544,
        "genre_data": 28240509,
        "year_data": 6694300,
        "df": 6267190,
        "X": 569927037,
        "y": 23771209,
        "top10_genres": 1730060
      },
      "m2p": {
        "data": 4334275053,
        "genre_data": 32616489,
        "year_data": 5598929,
        "df": 4542760,
        "X": 263907753,
        "y": 61604219,
        "top10_genres": 2270320
      }
    },
    {
      "raw": "# import spotipy\n# from spotipy.oauth2 import SpotifyClientCredentials\n# from collections import defaultdict\n\n# sp = spotipy.Spotify(auth_manager=SpotifyClientCredentials(client_id=os.environ[\"SPOTIFY_CLIENT_ID\"],\n#                                                            client_secret=os.environ[\"SPOTIFY_CLIENT_SECRET\"]))\n\n# def find_song(name, year):\n#     song_data = defaultdict()\n#     results = sp.search(q= 'track: {} year: {}'.format(name,year), limit=1)\n#     if results['tracks']['items'] == []:\n#         return None\n\n#     results = results['tracks']['items'][0]\n#     track_id = results['id']\n#     audio_features = sp.audio_features(track_id)[0]\n\n#     song_data['name'] = [name]\n#     song_data['year'] = [year]\n#     song_data['explicit'] = [int(results['explicit'])]\n#     song_data['duration_ms'] = [results['duration_ms']]\n#     song_data['popularity'] = [results['popularity']]\n\n#     for key, value in audio_features.items():\n#         song_data[key] = value\n\n#     return pd.DataFrame(song_data)",
      "total-ns": 616120,
      "vars": {},
      "p2m": {
        "data": 11600224184,
        "genre_data": 32751999,
        "year_data": 6435751,
        "df": 5933269,
        "X": 238390884,
        "y": 22959540,
        "top10_genres": 2294150
      },
      "m2p": {
        "data": 4383518363,
        "genre_data": 33716470,
        "year_data": 6065900,
        "df": 4672089,
        "X": 260438394,
        "y": 59674029,
        "top10_genres": 2078350
      }
    },
    {
      "raw": "# from collections import defaultdict\n# from sklearn.metrics import euclidean_distances\n# from scipy.spatial.distance import cdist\n# import difflib\n\n# number_cols = ['valence', 'year', 'acousticness', 'danceability', 'duration_ms', 'energy', 'explicit',\n#  'instrumentalness', 'key', 'liveness', 'loudness', 'mode', 'popularity', 'speechiness', 'tempo']\n\n\n# def get_song_data(song, spotify_data):\n    \n#     try:\n#         song_data = spotify_data[(spotify_data['name'] == song['name']) \n#                                 & (spotify_data['year'] == song['year'])].iloc[0]\n#         return song_data\n    \n#     except IndexError:\n#         return find_song(song['name'], song['year'])\n        \n\n# def get_mean_vector(song_list, spotify_data):\n    \n#     song_vectors = []\n    \n#     for song in song_list:\n#         song_data = get_song_data(song, spotify_data)\n#         if song_data is None:\n#             print('Warning: {} does not exist in Spotify or in database'.format(song['name']))\n#             continue\n#         song_vector = song_data[number_cols].values\n#         song_vectors.append(song_vector)  \n    \n#     song_matrix = np.array(list(song_vectors))\n#     return np.mean(song_matrix, axis=0)\n\n\n# def flatten_dict_list(dict_list):\n    \n#     flattened_dict = defaultdict()\n#     for key in dict_list[0].keys():\n#         flattened_dict[key] = []\n    \n#     for dictionary in dict_list:\n#         for key, value in dictionary.items():\n#             flattened_dict[key].append(value)\n            \n#     return flattened_dict\n\n\n# def recommend_songs( song_list, spotify_data, n_songs=10):\n    \n#     metadata_cols = ['name', 'year', 'artists']\n#     song_dict = flatten_dict_list(song_list)\n    \n#     song_center = get_mean_vector(song_list, spotify_data)\n#     scaler = song_cluster_pipeline.steps[0][1]\n#     scaled_data = scaler.transform(spotify_data[number_cols])\n#     scaled_song_center = scaler.transform(song_center.reshape(1, -1))\n#     distances = cdist(scaled_song_center, scaled_data, 'cosine')\n#     index = list(np.argsort(distances)[:, :n_songs][0])\n    \n#     rec_songs = spotify_data.iloc[index]\n#     rec_songs = rec_songs[~rec_songs['name'].isin(song_dict['name'])]\n#     return rec_songs[metadata_cols].to_dict(orient='records')",
      "total-ns": 772230,
      "vars": {},
      "p2m": {
        "data": 18689622141,
        "genre_data": 36221451,
        "year_data": 10957141,
        "df": 7739160,
        "X": 776871768,
        "y": 24980620,
        "top10_genres": 1460310
      },
      "m2p": {
        "data": 4525494489,
        "genre_data": 37430481,
        "year_data": 5297600,
        "df": 7662490,
        "X": 576163744,
        "y": 66709121,
        "top10_genres": 1976891
      }
    },
    {
      "raw": "# recommend_songs([{'name': 'Come As You Are', 'year':1991},\n#                 {'name': 'Smells Like Teen Spirit', 'year': 1991},\n#                 {'name': 'Lithium', 'year': 1992},\n#                 {'name': 'All Apologies', 'year': 1993},\n#                 {'name': 'Stay Away', 'year': 1993}],  data)",
      "total-ns": 667210,
      "vars": {},
      "p2m": {
        "data": 11868323061,
        "genre_data": 28818140,
        "year_data": 5768780,
        "df": 6211440,
        "X": 239519315,
        "y": 30219140,
        "top10_genres": 2446851
      },
      "m2p": {
        "data": 4661847194,
        "genre_data": 34368591,
        "year_data": 5209810,
        "df": 5464960,
        "X": 275796016,
        "y": 66587922,
        "top10_genres": 3479551
      }
    },
    {
      "raw": "",
      "total-ns": 428180,
      "vars": {},
      "p2m": {
        "data": 11998192595,
        "genre_data": 31787881,
        "year_data": 6341320,
        "df": 5402420,
        "X": 587764963,
        "y": 24669381,
        "top10_genres": 1917090
      },
      "m2p": {
        "data": 7893857642,
        "genre_data": 35336430,
        "year_data": 6068260,
        "df": 5516551,
        "X": 288100817,
        "y": 60483321,
        "top10_genres": 2325130
      }
    }
  ]
}