{
  "cells": [
    {
      "raw": "import numpy as np # linear algebra\n\nimport os\nos.environ[\"MODIN_ENGINE\"] = \"ray\"\nimport ray\nos.environ['MODIN_CPUS'] = \"4\"\nray.init(num_cpus=4, runtime_env={'env_vars': {'__MODIN_AUTOIMPORT_PANDAS__': '1'}})\nimport modin.pandas as pd\nimport datetime\nimport os\n#print(os.listdir(\"../input\"))\n\nimport time\n\nimport matplotlib.pyplot as plt\nimport seaborn as sns\n%matplotlib inline",
      "total-ns": 4854692170,
      "vars": {},
      "p2m": {},
      "m2p": {}
    },
    {
      "raw": "#make wider graphs\nsns.set(rc={'figure.figsize':(12,5)});\nplt.figure(figsize=(12,5));",
      "total-ns": 10932420,
      "vars": {},
      "p2m": {},
      "m2p": {}
    },
    {
      "raw": "#import first 10,000,000 rows of train and all test data\ntrain = pd.read_csv('../input/train.csv', nrows=10000000)\ntest = pd.read_csv('../input/test.csv')",
      "total-ns": 23872183271,
      "vars": {},
      "p2m": {
        "train": 1274068888,
        "test": 1338601413
      },
      "m2p": {
        "train": 3405813476,
        "test": 2728407867
      }
    },
    {
      "raw": "df = train\nintended_df_size_in_MB = 1024\nfactor = intended_df_size_in_MB*(2**20)/(train.memory_usage(index=True).sum()+test.memory_usage(index=True).sum())\nif int(factor) > 0:\n    df = pd.concat([df]*int(factor), ignore_index=True)\nelse:\n    rowCount = int(df.shape[0]*factor)\n    df = df[0:rowCount]\ntrain = df\n\ndf = test\nif int(factor) > 0:\n    df = pd.concat([df]*int(factor), ignore_index=True)\nelse:\n    rowCount = int(df.shape[0]*factor)\n    df = df[0:rowCount]\ntest = df\n\ntrain.info()\ntest.info()",
      "total-ns": 4784500313,
      "vars": {},
      "p2m": {
        "train": 685558742,
        "test": 681135806,
        "df": 709034826
      },
      "m2p": {
        "train": 1265956309,
        "test": 1173303736,
        "df": 670591235
      }
    },
    {
      "raw": "train.head()",
      "total-ns": 1416550,
      "vars": {},
      "p2m": {
        "train": 677060316,
        "test": 706858585,
        "df": 876217866
      },
      "m2p": {
        "train": 760134748,
        "test": 598372623,
        "df": 603286674
      }
    },
    {
      "raw": "test.head()",
      "total-ns": 1409380,
      "vars": {},
      "p2m": {
        "train": 688980714,
        "test": 723149954,
        "df": 711997366
      },
      "m2p": {
        "train": 764610897,
        "test": 576343872,
        "df": 611336514
      }
    },
    {
      "raw": "variables = ['ip', 'app', 'device', 'os', 'channel']\nfor v in variables:\n    train[v] = train[v].astype('category')\n    test[v]=test[v].astype('category')",
      "total-ns": 11372976190,
      "vars": {},
      "p2m": {
        "train": 532612082,
        "test": 478602440,
        "df": 554385233
      },
      "m2p": {
        "train": 3389403385,
        "test": 2451886544,
        "df": 548470402
      }
    },
    {
      "raw": "#set click_time and attributed_time as timeseries\ntrain['click_time'] = pd.to_datetime(train['click_time'])\ntrain['attributed_time'] = pd.to_datetime(train['attributed_time'])\ntest['click_time'] = pd.to_datetime(test['click_time'])\n\n#set as_attributed in train as a categorical\ntrain['is_attributed']=train['is_attributed'].astype('category')",
      "total-ns": 2960677495,
      "vars": {},
      "p2m": {
        "train": 209349345,
        "test": 529848662,
        "df": 613028194
      },
      "m2p": {
        "train": 1393397460,
        "test": 786012327,
        "df": 555548883
      }
    },
    {
      "raw": "train.describe()",
      "total-ns": 19579820,
      "vars": {},
      "p2m": {
        "train": 115978602,
        "test": 147661423,
        "df": 603105543
      },
      "m2p": {
        "train": 149876854,
        "test": 269184136,
        "df": 589897113
      }
    },
    {
      "raw": "plt.figure(figsize=(10, 6))\ncols = ['ip', 'app', 'device', 'os', 'channel']\nuniques = [len(train[col].unique()) for col in cols]\n# sns.set(font_scale=1.2)\n# ax = sns.barplot(cols, uniques, log=True)\n# ax.set(xlabel='Feature', ylabel='log(unique count)', title='Number of unique values per feature (from 10,000,000 samples)')\n# for p, uniq in zip(ax.patches, uniques):\n#     height = p.get_height()\n#     ax.text(p.get_x()+p.get_width()/2.,\n#             height + 10,\n#             uniq,\n#             ha=\"center\") \n# for col, uniq in zip(cols, uniques):\n#     ax.text(col, uniq, uniq, color='black', ha=\"center\")",
      "total-ns": 682339385,
      "vars": {},
      "p2m": {
        "train": 80859832,
        "test": 100540442,
        "df": 690681705
      },
      "m2p": {
        "train": 138554804,
        "test": 215963145,
        "df": 579924993
      }
    },
    {
      "raw": "#double check that 'attributed_time' is not Null for all values that resulted in download (i.e. is_attributed == 1)\ntrain[['attributed_time', 'is_attributed']][train['is_attributed']==1].describe()",
      "total-ns": 31373721,
      "vars": {},
      "p2m": {
        "train": 143402773,
        "test": 108163172,
        "df": 534794642
      },
      "m2p": {
        "train": 187244854,
        "test": 221929455,
        "df": 560159472
      }
    },
    {
      "raw": "#set click_id to categorical, for cleaner statistics view\ntest['click_id']=test['click_id'].astype('category')\ntest.describe()",
      "total-ns": 3674786951,
      "vars": {},
      "p2m": {
        "train": 169738233,
        "test": 833761918,
        "df": 2883789574
      },
      "m2p": {
        "train": 212237245,
        "test": 4398149867,
        "df": 2009308804
      }
    },
    {
      "raw": "plt.figure(figsize=(6,6))\n#sns.set(font_scale=1.2)\nmean = (train.is_attributed.values == 1).mean()\n# ax = sns.barplot(['App Downloaded (1)', 'Not Downloaded (0)'], [mean, 1-mean])\n# ax.set(ylabel='Proportion', title='App Downloaded vs Not Downloaded')\n# for p, uniq in zip(ax.patches, [mean, 1-mean]):\n#     height = p.get_height()\n#     ax.text(p.get_x()+p.get_width()/2.,\n#             height+0.01,\n#             '{}%'.format(round(uniq * 100, 2)),\n#             ha=\"center\")",
      "total-ns": 2654624968,
      "vars": {},
      "p2m": {
        "train": 248215056,
        "test": 196863644,
        "df": 1041847433
      },
      "m2p": {
        "train": 319021897,
        "test": 2990493746,
        "df": 1948522763
      }
    },
    {
      "raw": "#temporary table to see ips with their associated count frequencies\ntemp = train['ip'].value_counts().reset_index(name='counts')\ntemp.columns = ['ip', 'counts']\ntemp[:10]",
      "total-ns": 877234439,
      "vars": {},
      "p2m": {
        "train": 90038133,
        "test": 390079268,
        "df": 1072495053,
        "temp": 7056129
      },
      "m2p": {
        "train": 205534225,
        "test": 1953003383,
        "df": 1186268417,
        "temp": 59728602
      }
    },
    {
      "raw": "#add temporary counts of ip feature ('counts') to the train table, to see if IPs with high counts have conversions\ntrain= train.merge(temp, on='ip', how='left')",
      "total-ns": 1810049490,
      "vars": {},
      "p2m": {
        "train": 127035403,
        "test": 283300796,
        "df": 584701083,
        "temp": 8970261
      },
      "m2p": {
        "train": 999525242,
        "test": 1988462544,
        "df": 1310492119,
        "temp": 25676720
      }
    },
    {
      "raw": "#check top 10 values\ntrain[train['is_attributed']==1].sort_values('counts', ascending=False)[:10]",
      "total-ns": 309136828,
      "vars": {},
      "p2m": {
        "train": 110854082,
        "test": 111152453,
        "df": 540250512,
        "temp": 7094951
      },
      "m2p": {
        "train": 153937533,
        "test": 1891517982,
        "df": 570373592,
        "temp": 13554200
      }
    },
    {
      "raw": "train[train['is_attributed']==1].ip.describe()",
      "total-ns": 103107181,
      "vars": {},
      "p2m": {
        "train": 106641522,
        "test": 125664902,
        "df": 536862222,
        "temp": 6277470
      },
      "m2p": {
        "train": 147628794,
        "test": 1890846862,
        "df": 537833652,
        "temp": 13603710
      }
    },
    {
      "raw": "#convert 'is_attributed' back to numeric for proportion calculations\ntrain['is_attributed']=train['is_attributed'].astype(int)",
      "total-ns": 12026770,
      "vars": {},
      "p2m": {
        "train": 526397752,
        "test": 138438343,
        "df": 739858236,
        "temp": 29255121
      },
      "m2p": {
        "train": 636403634,
        "test": 1949157542,
        "df": 654739894,
        "temp": 25533601
      }
    },
    {
      "raw": "proportion = train[['ip', 'is_attributed']].groupby('ip', as_index=False).mean().sort_values('is_attributed', ascending=False)\ncounts = train[['ip', 'is_attributed']].groupby('ip', as_index=False).count().sort_values('is_attributed', ascending=False)\nmerge = counts.merge(proportion, on='ip', how='left')\nmerge.columns = ['ip', 'click_count', 'prop_downloaded']\n\n# ax = merge[:300].plot(secondary_y='prop_downloaded')\n# plt.title('Conversion Rates over Counts of 300 Most Popular IPs')\n# ax.set(ylabel='Count of clicks')\n# plt.ylabel('Proportion Downloaded')\n# plt.show()\n\nprint('Counversion Rates over Counts of Most Popular IPs')\nprint(merge[:20])\n",
      "total-ns": 2290171670,
      "vars": {},
      "p2m": {
        "train": 192853065,
        "test": 126071762,
        "df": 1187014215,
        "temp": 8167020,
        "proportion": 6272580,
        "counts": 10613300,
        "merge": 10306391
      },
      "m2p": {
        "train": 335420067,
        "test": 2291552910,
        "df": 1159237847,
        "temp": 15922550,
        "proportion": 20748631,
        "counts": 17815400,
        "merge": 51885060
      }
    },
    {
      "raw": "proportion = train[['app', 'is_attributed']].groupby('app', as_index=False).mean().sort_values('is_attributed', ascending=False)\ncounts = train[['app', 'is_attributed']].groupby('app', as_index=False).count().sort_values('is_attributed', ascending=False)\nmerge = counts.merge(proportion, on='app', how='left')\nmerge.columns = ['app', 'click_count', 'prop_downloaded']\n\n# ax = merge[:100].plot(secondary_y='prop_downloaded')\n# plt.title('Conversion Rates over Counts of 100 Most Popular Apps')\n# ax.set(ylabel='Count of clicks')\n# plt.ylabel('Proportion Downloaded')\n# plt.show()\n\nprint('Counversion Rates over Counts of Most Popular Apps')\nprint(merge[:20])",
      "total-ns": 3525900637,
      "vars": {},
      "p2m": {
        "train": 139696633,
        "test": 210453555,
        "df": 765782137,
        "temp": 6915770,
        "proportion": 4528089,
        "counts": 5609860,
        "merge": 6070021
      },
      "m2p": {
        "train": 528056272,
        "test": 2075943986,
        "df": 2848047582,
        "temp": 13682620,
        "proportion": 5632500,
        "counts": 6720051,
        "merge": 19483940
      }
    },
    {
      "raw": "proportion = train[['os', 'is_attributed']].groupby('os', as_index=False).mean().sort_values('is_attributed', ascending=False)\ncounts = train[['os', 'is_attributed']].groupby('os', as_index=False).count().sort_values('is_attributed', ascending=False)\nmerge = counts.merge(proportion, on='os', how='left')\nmerge.columns = ['os', 'click_count', 'prop_downloaded']\n\n# ax = merge[:100].plot(secondary_y='prop_downloaded')\n# plt.title('Conversion Rates over Counts of 100 Most Popular Operating Systems')\n# ax.set(ylabel='Count of clicks')\n# plt.ylabel('Proportion Downloaded')\n# plt.show()\n\nprint('Counversion Rates over Counts of Most Popular Operating Systems')\nprint(merge[:20])",
      "total-ns": 872223209,
      "vars": {},
      "p2m": {
        "train": 134943823,
        "test": 210587124,
        "df": 1174297036,
        "temp": 17309300,
        "proportion": 18640160,
        "counts": 40760911,
        "merge": 26796321
      },
      "m2p": {
        "train": 239057235,
        "test": 1856758091,
        "df": 1106956154,
        "temp": 79526872,
        "proportion": 46167791,
        "counts": 31701051,
        "merge": 624355934
      }
    },
    {
      "raw": "proportion = train[['device', 'is_attributed']].groupby('device', as_index=False).mean().sort_values('is_attributed', ascending=False)\ncounts = train[['device', 'is_attributed']].groupby('device', as_index=False).count().sort_values('is_attributed', ascending=False)\nmerge = counts.merge(proportion, on='device', how='left')\nmerge.columns = ['device', 'click_count', 'prop_downloaded']\n\nprint('Count of clicks and proportion of downloads by device:')\nprint(merge)",
      "total-ns": 3539438258,
      "vars": {},
      "p2m": {
        "train": 136928413,
        "test": 136690473,
        "df": 714327176,
        "temp": 8775180,
        "proportion": 7993369,
        "counts": 6509990,
        "merge": 5783780
      },
      "m2p": {
        "train": 214734635,
        "test": 1965438213,
        "df": 1574517745,
        "temp": 14806650,
        "proportion": 6596790,
        "counts": 7172040,
        "merge": 20787960
      }
    },
    {
      "raw": "proportion = train[['channel', 'is_attributed']].groupby('channel', as_index=False).mean().sort_values('is_attributed', ascending=False)\ncounts = train[['channel', 'is_attributed']].groupby('channel', as_index=False).count().sort_values('is_attributed', ascending=False)\nmerge = counts.merge(proportion, on='channel', how='left')\nmerge.columns = ['channel', 'click_count', 'prop_downloaded']\n\n# ax = merge[:100].plot(secondary_y='prop_downloaded')\n# plt.title('Conversion Rates over Counts of 100 Most Popular Apps')\n# ax.set(ylabel='Count of clicks')\n# plt.ylabel('Proportion Downloaded')\n# plt.show()\n\nprint('Counversion Rates over Counts of Most Popular Channels')\nprint(merge[:20])",
      "total-ns": 814573138,
      "vars": {},
      "p2m": {
        "train": 138328413,
        "test": 114944983,
        "df": 540207632,
        "temp": 7127120,
        "proportion": 6096571,
        "counts": 4711840,
        "merge": 6504300
      },
      "m2p": {
        "train": 239562306,
        "test": 1884452061,
        "df": 547162612,
        "temp": 14475090,
        "proportion": 6083330,
        "counts": 6476789,
        "merge": 26660530
      }
    },
    {
      "raw": "train_smp = pd.read_csv('../input/train_sample.csv')",
      "total-ns": 116172403,
      "vars": {},
      "p2m": {
        "train": 123636343,
        "test": 143863973,
        "df": 614203753,
        "temp": 6207750,
        "proportion": 5140740,
        "counts": 5722440,
        "merge": 6345341,
        "train_smp": 23226291
      },
      "m2p": {
        "train": 141894723,
        "test": 1807814100,
        "df": 624319914,
        "temp": 13289031,
        "proportion": 8475720,
        "counts": 7778170,
        "merge": 8210530,
        "train_smp": 69777771
      }
    },
    {
      "raw": "train_smp.head(7)",
      "total-ns": 1238890,
      "vars": {},
      "p2m": {
        "train": 147559983,
        "test": 121039313,
        "df": 533681991,
        "temp": 6452770,
        "proportion": 6142871,
        "counts": 5590060,
        "merge": 6267610,
        "train_smp": 24764741
      },
      "m2p": {
        "train": 234654856,
        "test": 1906946002,
        "df": 558033672,
        "temp": 14504551,
        "proportion": 8261640,
        "counts": 8222720,
        "merge": 7720120,
        "train_smp": 19335811
      }
    },
    {
      "raw": "#convert click_time and attributed_time to time series\ntrain_smp['click_time'] = pd.to_datetime(train_smp['click_time'])\ntrain_smp['attributed_time'] = pd.to_datetime(train_smp['attributed_time'])",
      "total-ns": 23890621,
      "vars": {},
      "p2m": {
        "train": 139146984,
        "test": 119863193,
        "df": 541270501,
        "temp": 5760750,
        "proportion": 5363540,
        "counts": 6010040,
        "merge": 6280080,
        "train_smp": 11897640
      },
      "m2p": {
        "train": 171422873,
        "test": 1835951471,
        "df": 547539011,
        "temp": 11937981,
        "proportion": 7749470,
        "counts": 7337861,
        "merge": 7715891,
        "train_smp": 135083533
      }
    },
    {
      "raw": "#round the time to nearest hour\ntrain_smp['click_rnd']=train_smp['click_time'].dt.round('H')  \n\n#check for hourly patterns\ntrain_smp[['click_rnd','is_attributed']].groupby(['click_rnd'], as_index=True).count()\n# plt.title('HOURLY CLICK FREQUENCY');\n# plt.ylabel('Number of Clicks');\n\ntrain_smp[['click_rnd','is_attributed']].groupby(['click_rnd'], as_index=True).mean()\n# plt.title('HOURLY CONVERSION RATIO');\n# plt.ylabel('Converted Ratio');",
      "total-ns": 369005458,
      "vars": {},
      "p2m": {
        "train": 124606353,
        "test": 121881043,
        "df": 544771963,
        "temp": 7719390,
        "proportion": 6521770,
        "counts": 8267120,
        "merge": 6568750,
        "train_smp": 9603560
      },
      "m2p": {
        "train": 145536423,
        "test": 1805579580,
        "df": 544307161,
        "temp": 13036091,
        "proportion": 8652500,
        "counts": 8856191,
        "merge": 8883500,
        "train_smp": 30224921
      }
    },
    {
      "raw": "#extract hour as a feature\ntrain_smp['click_hour']=train_smp['click_time'].dt.hour",
      "total-ns": 8668450,
      "vars": {},
      "p2m": {
        "train": 121752602,
        "test": 119205952,
        "df": 542047351,
        "temp": 6819840,
        "proportion": 7831010,
        "counts": 5883890,
        "merge": 5725070,
        "train_smp": 10233660
      },
      "m2p": {
        "train": 147801744,
        "test": 1807889720,
        "df": 545037762,
        "temp": 15197650,
        "proportion": 8696260,
        "counts": 8747261,
        "merge": 7775290,
        "train_smp": 31460451
      }
    },
    {
      "raw": "train_smp.head(7)",
      "total-ns": 1195980,
      "vars": {},
      "p2m": {
        "train": 118323402,
        "test": 119987092,
        "df": 550099213,
        "temp": 7988220,
        "proportion": 7009279,
        "counts": 6656500,
        "merge": 7565840,
        "train_smp": 10060630
      },
      "m2p": {
        "train": 143952493,
        "test": 1826654351,
        "df": 549030672,
        "temp": 15872520,
        "proportion": 12899191,
        "counts": 10245621,
        "merge": 9260060,
        "train_smp": 8763771
      }
    },
    {
      "raw": "train_smp[['click_hour','is_attributed']].groupby(['click_hour'], as_index=True).count()\n# .plot(kind='bar', color='#a675a1')\n# plt.title('HOURLY CLICK FREQUENCY Barplot');\n# plt.ylabel('Number of Clicks');\n\ntrain_smp[['click_hour','is_attributed']].groupby(['click_hour'], as_index=True).count()\n# .plot(color='#a675a1')\n# plt.title('HOURLY CLICK FREQUENCY Lineplot');\n# plt.ylabel('Number of Clicks');",
      "total-ns": 234665875,
      "vars": {},
      "p2m": {
        "train": 120986033,
        "test": 137352463,
        "df": 612421693,
        "temp": 6255190,
        "proportion": 4953270,
        "counts": 5685350,
        "merge": 6105410,
        "train_smp": 9662171
      },
      "m2p": {
        "train": 146095263,
        "test": 1792761479,
        "df": 631274184,
        "temp": 11835921,
        "proportion": 7522970,
        "counts": 8408660,
        "merge": 8163860,
        "train_smp": 10466160
      }
    },
    {
      "raw": "train_smp[['click_hour','is_attributed']].groupby(['click_hour'], as_index=True).mean()\n# .plot(kind='bar', color='#75a1a6')\n# plt.title('HOURLY CONVERSION RATIO Barplot');\n# plt.ylabel('Converted Ratio');\n\ntrain_smp[['click_hour','is_attributed']].groupby(['click_hour'], as_index=True).mean()\n# .plot( color='#75a1a6')\n# plt.title('HOURLY CONVERSION RATIO Lineplot');\n# plt.ylabel('Converted Ratio');",
      "total-ns": 239833765,
      "vars": {},
      "p2m": {
        "train": 139379263,
        "test": 124006963,
        "df": 550814143,
        "temp": 7067420,
        "proportion": 7357290,
        "counts": 8034841,
        "merge": 7495810,
        "train_smp": 14243471
      },
      "m2p": {
        "train": 236356105,
        "test": 1945083242,
        "df": 539431011,
        "temp": 14640230,
        "proportion": 10679170,
        "counts": 9405370,
        "merge": 9403820,
        "train_smp": 9668631
      }
    },
    {
      "raw": "#adapted from https://stackoverflow.com/questions/9103166/multiple-axis-in-matplotlib-with-different-scales\n#smonek's answer\n\n\ngroup = train_smp[['click_hour','is_attributed']].groupby(['click_hour'], as_index=False).mean()\nx = group['click_hour']\nymean = group['is_attributed']\ngroup = train_smp[['click_hour','is_attributed']].groupby(['click_hour'], as_index=False).count()\nycount = group['is_attributed']\n\n\n# fig = plt.figure()\n# host = fig.add_subplot(111)\n\n# par1 = host.twinx()\n\n# host.set_xlabel(\"Time\")\n# host.set_ylabel(\"Proportion Converted\")\n# par1.set_ylabel(\"Click Count\")\n\n# #color1 = plt.cm.viridis(0)\n# #color2 = plt.cm.viridis(0.5)\n# color1 = '#75a1a6'\n# color2 = '#a675a1'\n\n# p1, = host.plot(x, ymean, color=color1,label=\"Proportion Converted\")\n# p2, = par1.plot(x, ycount, color=color2, label=\"Click Count\")\n\n# lns = [p1, p2]\n# host.legend(handles=lns, loc='best')\n\n# host.yaxis.label.set_color(p1.get_color())\n# par1.yaxis.label.set_color(p2.get_color())\n\n# plt.savefig(\"pyplot_multiple_y-axis.png\", bbox_inches='tight')",
      "total-ns": 1779608989,
      "vars": {},
      "p2m": {
        "train": 147795864,
        "test": 111757792,
        "df": 551095833,
        "temp": 6776430,
        "proportion": 5831130,
        "counts": 8019900,
        "merge": 7100060,
        "train_smp": 13297990,
        "group": 1962490,
        "x": 2091400,
        "ymean": 2105080,
        "ycount": 1738620
      },
      "m2p": {
        "train": 155650933,
        "test": 1832504511,
        "df": 547915532,
        "temp": 13577550,
        "proportion": 8660130,
        "counts": 9125600,
        "merge": 8930821,
        "train_smp": 9830170,
        "group": 1324240,
        "x": 6688560,
        "ymean": 5320360,
        "ycount": 5946480
      }
    },
    {
      "raw": "# sns.barplot('click_hour', 'is_attributed', data=train_smp)\n# plt.title('HOURLY CONVERSION RATIO');\n# plt.ylabel('Converted Ratio');",
      "total-ns": 412440,
      "vars": {},
      "p2m": {
        "train": 128212133,
        "test": 122321692,
        "df": 531046912,
        "temp": 7176700,
        "proportion": 5958861,
        "counts": 7028700,
        "merge": 6382370,
        "train_smp": 9829340,
        "group": 1752070,
        "x": 1864270,
        "ymean": 1979780,
        "ycount": 2313400
      },
      "m2p": {
        "train": 154435574,
        "test": 1824953311,
        "df": 544990472,
        "temp": 15024120,
        "proportion": 8830300,
        "counts": 8348610,
        "merge": 8612410,
        "train_smp": 8658280,
        "group": 2192940,
        "x": 6720160,
        "ymean": 5895820,
        "ycount": 6674060
      }
    },
    {
      "raw": "train_smp['timePass']= train_smp['attributed_time']-train_smp['click_time']\n#check:\ntrain_smp[train_smp['is_attributed']==1][:15]",
      "total-ns": 143842984,
      "vars": {},
      "p2m": {
        "train": 122130033,
        "test": 133706122,
        "df": 602615323,
        "temp": 6172540,
        "proportion": 6104400,
        "counts": 6182481,
        "merge": 7270971,
        "train_smp": 11582080,
        "group": 2099220,
        "x": 2311230,
        "ymean": 2238831,
        "ycount": 1946551
      },
      "m2p": {
        "train": 163346053,
        "test": 1841898080,
        "df": 621207724,
        "temp": 13829531,
        "proportion": 8573500,
        "counts": 8881590,
        "merge": 9574651,
        "train_smp": 32897861,
        "group": 2110810,
        "x": 6136400,
        "ymean": 5975470,
        "ycount": 5752659
      }
    },
    {
      "raw": "train_smp['timePass'].describe()",
      "total-ns": 14237060,
      "vars": {},
      "p2m": {
        "train": 153838174,
        "test": 121825153,
        "df": 540965041,
        "temp": 6503710,
        "proportion": 5506430,
        "counts": 5754250,
        "merge": 7224861,
        "train_smp": 10720640,
        "group": 1690190,
        "x": 1541620,
        "ymean": 1745360,
        "ycount": 1750170
      },
      "m2p": {
        "train": 255615425,
        "test": 1849180330,
        "df": 542154783,
        "temp": 13666450,
        "proportion": 7835950,
        "counts": 8372660,
        "merge": 8848230,
        "train_smp": 9803861,
        "group": 1821720,
        "x": 6293720,
        "ymean": 5083510,
        "ycount": 4874460
      }
    },
    {
      "raw": "#check first 10,000,000 of actual train data\ntrain['timePass']= train['attributed_time']-train['click_time']\ntrain['timePass'].describe()",
      "total-ns": 413280249,
      "vars": {},
      "p2m": {
        "train": 156546964,
        "test": 130737443,
        "df": 602211864,
        "temp": 7616010,
        "proportion": 5788160,
        "counts": 6096190,
        "merge": 6256100,
        "train_smp": 11618670,
        "group": 1791339,
        "x": 1901200,
        "ymean": 1994170,
        "ycount": 1490440
      },
      "m2p": {
        "train": 506488291,
        "test": 1785550929,
        "df": 634879414,
        "temp": 14946621,
        "proportion": 8886780,
        "counts": 8747100,
        "merge": 9083610,
        "train_smp": 10083580,
        "group": 2034190,
        "x": 5835370,
        "ymean": 5596361,
        "ycount": 5159720
      }
    },
    {
      "raw": "",
      "total-ns": 261700,
      "vars": {},
      "p2m": {
        "train": 196337545,
        "test": 132083803,
        "df": 693904515,
        "temp": 7243750,
        "proportion": 5892850,
        "counts": 7832550,
        "merge": 8078561,
        "train_smp": 14362700,
        "group": 2470429,
        "x": 4095110,
        "ymean": 2773040,
        "ycount": 2393460
      },
      "m2p": {
        "train": 280237336,
        "test": 1921974452,
        "df": 1007754612,
        "temp": 13696761,
        "proportion": 8098130,
        "counts": 8540850,
        "merge": 8865641,
        "train_smp": 15152850,
        "group": 3483241,
        "x": 7117701,
        "ymean": 9440140,
        "ycount": 7800680
      }
    }
  ]
}