{
  "cells": [
    {
      "raw": "# This Python 3 environment comes with many helpful analytics libraries installed\n# It is defined by the kaggle/python Docker image: https://github.com/kaggle/docker-python\n# For example, here's several helpful packages to load\n\nimport numpy as np # linear algebra\n\nimport os\nos.environ[\"MODIN_ENGINE\"] = \"ray\"\nimport ray\nos.environ['MODIN_CPUS'] = \"4\"\nray.init(num_cpus=4, runtime_env={'env_vars': {'__MODIN_AUTOIMPORT_PANDAS__': '1'}})\nimport modin.pandas as pd\n# Input data files are available in the read-only \"../input/\" directory\n# For example, running this (by clicking run or pressing Shift+Enter) will list all files under the input directory\n\nimport os\nfor dirname, _, filenames in os.walk('/kaggle/input'):\n    for filename in filenames:\n        print(os.path.join(dirname, filename))\n\n# You can write up to 20GB to the current directory (/kaggle/working/) that gets preserved as output when you create a version using \"Save & Run All\" \n# You can also write temporary files to /kaggle/temp/, but they won't be saved outside of the current session",
      "total-ns": 4888633705
    },
    {
      "raw": "df = pd.read_csv(\"../input/shopping_trends_updated.csv\")\ndf.head()",
      "total-ns": 8101979633
    },
    {
      "raw": "df.info()",
      "total-ns": 184457928
    },
    {
      "raw": "df.shape",
      "total-ns": 896859
    },
    {
      "raw": "df.columns",
      "total-ns": 418944
    },
    {
      "raw": "df.info()",
      "total-ns": 144588156
    },
    {
      "raw": "df.isnull().sum()",
      "total-ns": 36540450
    },
    {
      "raw": "df.duplicated().sum()",
      "total-ns": 486148675
    },
    {
      "raw": "df.describe()",
      "total-ns": 20379330
    },
    {
      "raw": "gender_counts = df['Gender'].value_counts()",
      "total-ns": 184850096
    },
    {
      "raw": "category_data = df['Category'].value_counts()",
      "total-ns": 119993981
    },
    {
      "raw": "df.columns",
      "total-ns": 860274
    },
    {
      "raw": "sold_items = df['Item Purchased'].value_counts().sort_values(ascending = False)\n",
      "total-ns": 142671085
    },
    {
      "raw": "var = df.groupby(['Item Purchased', 'Gender']).size().reset_index(name='Customer Count')\nsorted_var = var.sort_values(by='Item Purchased', ascending=False)",
      "total-ns": 203306177
    },
    {
      "raw": "var = df.groupby('Category')['Purchase Amount (USD)'].sum().reset_index().sort_values(by='Purchase Amount (USD)',ascending=False)",
      "total-ns": 133175038
    },
    {
      "raw": "var = df.groupby('Location')['Purchase Amount (USD)'].sum().reset_index().sort_values(by='Purchase Amount (USD)',ascending=False).head(10)",
      "total-ns": 163412139
    },
    {
      "raw": "size_count = df['Size'].value_counts()",
      "total-ns": 113606135
    },
    {
      "raw": "color_count = df['Color'].value_counts().head(10)",
      "total-ns": 135355708
    },
    {
      "raw": "df.columns",
      "total-ns": 566664
    },
    {
      "raw": "season_data = df['Season'].value_counts()",
      "total-ns": 116275546
    },
    {
      "raw": "subs_count = df['Subscription Status'].value_counts()",
      "total-ns": 133015949
    },
    {
      "raw": "shipping_count = df['Shipping Type'].value_counts()",
      "total-ns": 137636418
    },
    {
      "raw": "disc_count = df['Discount Applied'].value_counts()",
      "total-ns": 134690763
    },
    {
      "raw": "df.columns",
      "total-ns": 973105
    },
    {
      "raw": "df['Promo Code Used'].value_counts()",
      "total-ns": 128489622
    }
  ]
}