{
  "cells": [
    {
      "raw": "import warnings\nwarnings.filterwarnings('ignore')\nimport numpy as np\nimport pandas as pd",
      "total-ns": 433185975
    },
    {
      "raw": "df=pd.read_csv(r'../input/churn-bigml-80.csv')",
      "total-ns": 14573472
    },
    {
      "raw": "df.info()",
      "total-ns": 67360794
    },
    {
      "raw": "df.head()",
      "total-ns": 665288
    },
    {
      "raw": "df.shape",
      "total-ns": 321285
    },
    {
      "raw": "df.columns",
      "total-ns": 195128
    },
    {
      "raw": "df.nunique()",
      "total-ns": 3554039
    },
    {
      "raw": "df.info()",
      "total-ns": 7100991
    },
    {
      "raw": "df[\"Churn\"] = df[\"Churn\"].astype(\"int64\")",
      "total-ns": 953919
    },
    {
      "raw": "df.info()",
      "total-ns": 7118177
    },
    {
      "raw": "df.describe().T",
      "total-ns": 34253125
    },
    {
      "raw": "df.describe(include=[\"object\"]).T",
      "total-ns": 6262812
    },
    {
      "raw": "df[\"Churn\"].value_counts()",
      "total-ns": 931895
    },
    {
      "raw": "df[\"Churn\"].value_counts(normalize=True)",
      "total-ns": 923150
    },
    {
      "raw": "df.sort_values(by=\"Total day charge\", ascending=False).head()",
      "total-ns": 1515671
    },
    {
      "raw": "df.sort_values(by=[\"Total day charge\", 'Total day calls'], ascending=[True, False]).head()",
      "total-ns": 3627786
    },
    {
      "raw": "df.loc[0:5, \"State\":\"Area code\"]",
      "total-ns": 2190795
    },
    {
      "raw": "df.iloc[0:5, 0:3]",
      "total-ns": 701551
    },
    {
      "raw": "df.groupby(\"Churn\")[\"Total day minutes\"].mean()",
      "total-ns": 1382987
    },
    {
      "raw": "columns_to_show = [\"Total day minutes\", \"Total eve minutes\", \"Total night minutes\"]\n\ndf.groupby([\"Churn\"])[columns_to_show].agg(['mean', 'std', 'max', 'min'])",
      "total-ns": 8216844
    },
    {
      "raw": "df.apply(np.max)",
      "total-ns": 3878804
    },
    {
      "raw": "df[ (df[\"Churn\"] == 0) & (df[\"International plan\"] == \"No\") ][\"Total intl minutes\"].max()",
      "total-ns": 2138634
    },
    {
      "raw": "pd.crosstab(df[\"Churn\"], df[\"International plan\"])",
      "total-ns": 9932306
    },
    {
      "raw": "pd.crosstab(df[\"Churn\"], df[\"International plan\"], normalize=True)",
      "total-ns": 8959928
    },
    {
      "raw": "total_calls = (\n    df[\"Total day calls\"]\n    + df[\"Total eve calls\"]\n    + df[\"Total night calls\"]\n    + df[\"Total intl calls\"]\n)\n\ndf.insert(loc=len(df.columns), column=\"Total calls\", value=total_calls)",
      "total-ns": 1751051
    },
    {
      "raw": "d = {\"No\": 0, \"Yes\": 1}",
      "total-ns": 482677
    },
    {
      "raw": "df[\"International plan\"] = df[\"International plan\"].map(d)",
      "total-ns": 1639059
    },
    {
      "raw": "df = df.replace({\"Voice mail plan\": d})",
      "total-ns": 3077822
    },
    {
      "raw": "df.head()",
      "total-ns": 538432
    },
    {
      "raw": "df[\"Total charge\"] =df[\"Total day charge\"] + df[\"Total eve charge\"] + df[\"Total night charge\"] + df[\"Total intl charge\"]",
      "total-ns": 1510620
    },
    {
      "raw": "df.head()",
      "total-ns": 458377
    },
    {
      "raw": "df.drop([\"Total charge\", \"Total day calls\"], axis=1, inplace=True)",
      "total-ns": 1500110
    },
    {
      "raw": "df.head()",
      "total-ns": 400493
    },
    {
      "raw": "",
      "total-ns": 78313
    },
    {
      "raw": "",
      "total-ns": 58870
    },
    {
      "raw": "",
      "total-ns": 54415
    },
    {
      "raw": "",
      "total-ns": 51596
    }
  ]
}