{
  "cells": [
    {
      "raw": "# This Python 3 environment comes with many helpful analytics libraries installed\n# It is defined by the kaggle/python Docker image: https://github.com/kaggle/docker-python\n# For example, here's several helpful packages to load\n\nimport numpy as np # linear algebra\nimport os\n\nimport pandas as pd\nimport functools\n\nimport os\nos.environ[\"MODIN_ENGINE\"] = \"ray\"\nimport ray\nos.environ['MODIN_CPUS'] = \"4\"\nray.init(num_cpus=4, runtime_env={'env_vars': {'__MODIN_AUTOIMPORT_PANDAS__': '1'}})\nimport modin.pandas as modin_pd\n\n\nos.environ[\"USE_MODIN\"]=\"True\"\n\nfrom typing import Dict, List, Optional, Tuple, Any, Literal, Callable\nfrom pandas._typing import AggFuncType, Axis, IndexLabel, Suffixes\n\n_CS598_save_DataFrame_apply = pd.DataFrame.apply\n_CS598_save_DataFrame_merge = pd.DataFrame.merge\n_CS598_save_Series_apply = pd.Series.apply\n_CS598_save_to_datetime = pd.to_datetime\n\ndef _CS598_Series_apply(self, func: AggFuncType, convert_dtype: bool = True,\n                        args: tuple[Any, ...] = (), **kwargs):\n  default_call = functools.partial(_CS598_save_Series_apply, self, func, convert_dtype, args, **kwargs)\n  assert isinstance(self, pd.Series)\n  \n  if os.environ[\"USE_MODIN\"] == \"True\":\n    modin_ser = modin_pd.Series(self)\n    # TODO: We need a generic way to deal with this.\n    # Problem: pd.numeric is passed which doesn't work on a modin dataframe.\n    if func == pd.to_numeric:\n      assert false\n      func = modin_pd.to_numeric\n    modin_res = modin_ser.apply(func, convert_dtype, args, **kwargs)\n    return modin_res._to_pandas()\n  return default_call()\n\ndef _CS598_DataFrame_apply(\n    self,\n    func: AggFuncType,\n    axis: Axis = 0,\n    raw: bool = False,\n    result_type: Literal[\"expand\", \"reduce\", \"broadcast\"] | None = None,\n    args=(),\n    **kwargs,\n):\n  default_call = functools.partial(_CS598_save_DataFrame_apply, self, func, axis, raw, result_type, args, **kwargs)\n  assert isinstance(self, pd.DataFrame)\n  \n  if os.environ[\"USE_MODIN\"] == \"True\":\n    modin_df = modin_pd.DataFrame(self)\n    modin_res = modin_df.apply(func, axis, raw, result_type, args, **kwargs)\n    return modin_res._to_pandas()\n  return default_call()\n\ndef _CS598_DataFrame_merge(\n    self,\n    right: pd.DataFrame | pd.Series,\n    how: str = \"inner\",\n    on: IndexLabel | None = None,\n    left_on: IndexLabel | None = None,\n    right_on: IndexLabel | None = None,\n    left_index: bool = False,\n    right_index: bool = False,\n    sort: bool = False,\n    suffixes: Suffixes = (\"_x\", \"_y\"),\n    copy: bool = True,\n    indicator: bool = False,\n    validate: str | None = None,\n) -> pd.DataFrame:\n  assert isinstance(self, pd.DataFrame)        \n  default_call = functools.partial(_CS598_save_DataFrame_merge, self, right, how, on, \n      left_on, right_on, left_index, right_index, sort, suffixes, copy, indicator, validate)\n  \n  if os.environ[\"USE_MODIN\"] == \"True\":\n    modin_df = modin_pd.DataFrame(self)\n    modin_res = modin_df.merge(right, how, on, \n      left_on, right_on, left_index, right_index, sort, suffixes, copy, indicator, validate)\n    return modin_res._to_pandas()\n  return default_call()\n\n\ndef _CS598_to_datetime(\n    arg,\n    errors = \"raise\",\n    dayfirst: bool = False,\n    yearfirst: bool = False,\n    utc: bool | None = None,\n    format: str | None = None,\n    exact: bool = True,\n    unit: str | None = None,\n    infer_datetime_format: bool = False,\n    origin=\"unix\",\n    cache: bool = True,\n):\n  default_call = functools.partial(_CS598_save_to_datetime, arg, errors, dayfirst,\n      yearfirst, utc, format, exact, unit,infer_datetime_format, origin, cache)\n  \n  if os.environ[\"USE_MODIN\"] == \"True\":\n    if type(arg) == pd.DataFrame:\n      arg = modin_pd.DataFrame(arg)\n    elif type(arg) == pd.Series:\n      arg = modin_pd.Series(arg)\n\n    modin_res = modin_pd.to_datetime(arg, errors, dayfirst,\n      yearfirst, utc, format, exact, unit,infer_datetime_format, origin, cache)\n    return modin_res._to_pandas()\n  return default_call()\n\nassert pd.Series.apply != _CS598_Series_apply\nassert pd.DataFrame.apply != _CS598_DataFrame_apply\nassert pd.DataFrame.merge != _CS598_DataFrame_merge\nassert pd.to_datetime != _CS598_to_datetime\n# Overwriting is not trivial. Thanks to:\n# https://github.com/lux-org/lux/blob/550a2eca90b26c944ebe8600df7a51907bc851be/lux/core/__init__.py#L27\npd.Series.apply = pd.core.frame.Series.apply = pd.core.series.Series.apply = _CS598_Series_apply\npd.DataFrame.apply = pd.core.frame.DataFrame.apply = _CS598_DataFrame_apply\npd.DataFrame.merge = pd.core.frame.DataFrame.merge = _CS598_save_DataFrame_merge\npd.to_datetime = _CS598_to_datetime\nimport seaborn as sns  # data visualization\nimport matplotlib.pyplot as plt\n\n\n# Input data files are available in the read-only \"../input/\" directory\n# For example, running this (by clicking run or pressing Shift+Enter) will list all files under the input directory\n\nimport os\nfor dirname, _, filenames in os.walk('../input'):\n    for filename in filenames:\n        print(os.path.join(dirname, filename))\n\n# You can write up to 20GB to the current directory (/kaggle/working/) that gets preserved as output when you create a version using \"Save & Run All\" \n# You can also write temporary files to /kaggle/temp/, but they won't be saved outside of the current session",
      "total-ns": 10207033560,
      "vars": {},
      "p2m": {},
      "m2p": {}
    },
    {
      "raw": "vlgr_df = pd.read_csv(\"../input/animal-crossing-new-horizons-nookplaza-dataset/villagers.csv\")\npopul_df = pd.read_csv(\"../input/acnh-villager-popularity/acnh_villager_data.csv\")",
      "total-ns": 28225207,
      "vars": {
        "vlgr_df": 452632,
        "popul_df": 32579
      },
      "p2m": {},
      "m2p": {}
    },
    {
      "raw": "vlgr_df.info()",
      "total-ns": 32468714,
      "vars": {
        "vlgr_df": 452632,
        "popul_df": 32579
      },
      "p2m": {},
      "m2p": {}
    },
    {
      "raw": "vlgr_df.head()",
      "total-ns": 8337067,
      "vars": {
        "vlgr_df": 452632,
        "popul_df": 32579
      },
      "p2m": {},
      "m2p": {}
    },
    {
      "raw": "popul_df.head()",
      "total-ns": 1902000,
      "vars": {
        "vlgr_df": 452632,
        "popul_df": 32579
      },
      "p2m": {},
      "m2p": {}
    },
    {
      "raw": "vlgr_df.info()",
      "total-ns": 20645461,
      "vars": {
        "vlgr_df": 452632,
        "popul_df": 32579
      },
      "p2m": {},
      "m2p": {}
    },
    {
      "raw": "popul_df.info()",
      "total-ns": 19312971,
      "vars": {
        "vlgr_df": 452632,
        "popul_df": 32579
      },
      "p2m": {},
      "m2p": {}
    },
    {
      "raw": "# There are some missing/non-matching names \nvlgr_df[\"Name\"].isin(popul_df['name']).sum()",
      "total-ns": 2524666,
      "vars": {
        "vlgr_df": 452632,
        "popul_df": 32579
      },
      "p2m": {},
      "m2p": {}
    },
    {
      "raw": "# vlgr_df does not have these names...\nmismatch_names = popul_df[\"name\"][popul_df[\"name\"].isin(vlgr_df[\"Name\"]) == False]\nmismatch_names",
      "total-ns": 2345584,
      "vars": {
        "vlgr_df": 452632,
        "popul_df": 32579,
        "mismatch_names": 1955
      },
      "p2m": {},
      "m2p": {}
    },
    {
      "raw": "# %%time\n# Data set is small enough to pick out the same names\n# Correcting names in popul_df to match vlgr_df\npopul_df['name'] = popul_df['name'].replace(['OHare'],\"O\\'Hare\")\npopul_df['name'] = popul_df['name'].replace(['Buck(Brows)'],\"Buck\")\npopul_df['name'] = popul_df['name'].replace(['Renee'],\"Ren\u00e9e\")\npopul_df['name'] = popul_df['name'].replace(['WartJr'],\"Wart Jr.\")\npopul_df['name'] = popul_df['name'].replace(['Crackle(Spork)'],\"Spork\")",
      "total-ns": 17978871,
      "vars": {
        "vlgr_df": 452632,
        "popul_df": 32590,
        "mismatch_names": 1955
      },
      "p2m": {},
      "m2p": {}
    },
    {
      "raw": "# Checking if All names match\nvlgr_df[\"Name\"].isin(popul_df['name']).sum()",
      "total-ns": 3104075,
      "vars": {
        "vlgr_df": 452632,
        "popul_df": 32590,
        "mismatch_names": 1955
      },
      "p2m": {},
      "m2p": {}
    },
    {
      "raw": "# drop villagers that are in popul_df but not in vlgr_df\npopul_df = popul_df.drop(popul_df[popul_df[\"name\"].isin(vlgr_df[\"Name\"]) == False].index)",
      "total-ns": 5540485,
      "vars": {
        "vlgr_df": 452632,
        "popul_df": 33841,
        "mismatch_names": 1955
      },
      "p2m": {},
      "m2p": {}
    },
    {
      "raw": "# Now that both df have same length, we can set index as names and combine the 2 dfs\npopul_df.set_index('name', drop=True, inplace=True)\nvlgr_df.set_index('Name', drop=True, inplace=True)",
      "total-ns": 5319907,
      "vars": {
        "vlgr_df": 452504,
        "popul_df": 30713,
        "mismatch_names": 1955
      },
      "p2m": {},
      "m2p": {}
    },
    {
      "raw": "combined_df = popul_df.merge(vlgr_df, left_index=True, right_index=True)",
      "total-ns": 8653315,
      "vars": {
        "vlgr_df": 460800,
        "popul_df": 39009,
        "mismatch_names": 1955,
        "combined_df": 458760
      },
      "p2m": {},
      "m2p": {}
    },
    {
      "raw": "# drop irrelevent columns\ncombined_df.drop(columns=['Furniture List', 'Filename', 'Unique Entry ID', \"Wallpaper\", \"Flooring\", \"Birthday\", \"Favorite Song\"], inplace=True)",
      "total-ns": 4941355,
      "vars": {
        "vlgr_df": 460800,
        "popul_df": 39009,
        "mismatch_names": 1955,
        "combined_df": 250961
      },
      "p2m": {},
      "m2p": {}
    },
    {
      "raw": "combined_df.sort_values(['tier', 'rank'], inplace=True)\ncombined_df['overall_ranking'] = np.arange(1, len(combined_df)+1)\ncombined_df.insert(2, 'overall_ranking', combined_df.pop('overall_ranking'))",
      "total-ns": 20371156,
      "vars": {
        "vlgr_df": 460800,
        "popul_df": 39009,
        "mismatch_names": 1955,
        "combined_df": 254089
      },
      "p2m": {},
      "m2p": {}
    },
    {
      "raw": "overall_mean = combined_df.overall_ranking.mean()\nprint(f'The overall_mean is {overall_mean}, this would serve as a baseline for to compare against popularity performance of our features.')",
      "total-ns": 1768742,
      "vars": {
        "vlgr_df": 460800,
        "popul_df": 39009,
        "mismatch_names": 1955,
        "combined_df": 254089
      },
      "p2m": {},
      "m2p": {}
    },
    {
      "raw": "combined_df.columns",
      "total-ns": 886209,
      "vars": {
        "vlgr_df": 460800,
        "popul_df": 39009,
        "mismatch_names": 1955,
        "combined_df": 254089
      },
      "p2m": {},
      "m2p": {}
    },
    {
      "raw": "combined_df['Gender'].value_counts()",
      "total-ns": 2837729,
      "vars": {
        "vlgr_df": 460800,
        "popul_df": 39009,
        "mismatch_names": 1955,
        "combined_df": 254089
      },
      "p2m": {},
      "m2p": {}
    },
    {
      "raw": "## -- STEFANOS: Disable plotting\n# combined_df.groupby('tier').Gender.value_counts().plot.barh()\n## -- STEFANOS-DISABLE-FOR-MODIN: Actually, it seems we can't even run the last part with Modin, so\n## we only leave the groupby.\n# combined_df.groupby('tier').Gender.value_counts()\ncombined_df.groupby('tier')",
      "total-ns": 2248460,
      "vars": {
        "vlgr_df": 460800,
        "popul_df": 39009,
        "mismatch_names": 1955,
        "combined_df": 254089
      },
      "p2m": {},
      "m2p": {}
    },
    {
      "raw": "## -- STEFANOS: Disable plotting\n# plt.figure(figsize=(5, 5))\n# plt.axhline(overall_mean, color='r')\n# sns.boxplot(x=\"Gender\", y='overall_ranking', data=combined_df)",
      "total-ns": 494245,
      "vars": {
        "vlgr_df": 460800,
        "popul_df": 39009,
        "mismatch_names": 1955,
        "combined_df": 254089
      },
      "p2m": {},
      "m2p": {}
    },
    {
      "raw": "pd.pivot_table(combined_df, index = 'tier', values = 'Catchphrase', columns=\"Gender\", aggfunc='count')",
      "total-ns": 29727430,
      "vars": {
        "vlgr_df": 460800,
        "popul_df": 39009,
        "mismatch_names": 1955,
        "combined_df": 254089
      },
      "p2m": {},
      "m2p": {}
    },
    {
      "raw": "# creating value counts dataframe for each species type\nspecies_ranking = combined_df.groupby('Species').mean()['overall_ranking'].to_frame().reset_index().sort_values('overall_ranking')\nspecies_ranking",
      "total-ns": 11380570,
      "vars": {
        "vlgr_df": 460800,
        "popul_df": 39009,
        "mismatch_names": 1955,
        "combined_df": 254089,
        "species_ranking": 2757
      },
      "p2m": {},
      "m2p": {}
    },
    {
      "raw": "## -- STEFANOS: Disable plotting\n# plt.figure(figsize=(30,5))\n# sns.set(font_scale=1.4)\n# plt.xticks(rotation=45)\n# plt.axhline(overall_mean, color='r')\n# sns.scatterplot(x='Species', y=\"overall_ranking\", data=species_ranking,label='mean overall-ranking', s=300)",
      "total-ns": 590130,
      "vars": {
        "vlgr_df": 460800,
        "popul_df": 39009,
        "mismatch_names": 1955,
        "combined_df": 254089,
        "species_ranking": 2757
      },
      "p2m": {},
      "m2p": {}
    },
    {
      "raw": "## -- STEFANOS: Disable plotting\n# plt.figure(figsize=(30, 10))\n# plt.axhline(overall_mean, color='r')\n# sns.scatterplot(x=\"Species\", y='overall_ranking', hue='tier', s=100, data=combined_df)",
      "total-ns": 938426,
      "vars": {
        "vlgr_df": 460800,
        "popul_df": 39009,
        "mismatch_names": 1955,
        "combined_df": 254089,
        "species_ranking": 2757
      },
      "p2m": {},
      "m2p": {}
    },
    {
      "raw": "combined_df.Personality.value_counts()",
      "total-ns": 8184288,
      "vars": {
        "vlgr_df": 460800,
        "popul_df": 39009,
        "mismatch_names": 1955,
        "combined_df": 254089,
        "species_ranking": 2757
      },
      "p2m": {},
      "m2p": {}
    },
    {
      "raw": "# creating value counts dataframe for each personality type\npersonality_ranking = combined_df.groupby('Personality').mean()['overall_ranking'].to_frame().reset_index().sort_values('overall_ranking')",
      "total-ns": 5846362,
      "vars": {
        "vlgr_df": 460800,
        "popul_df": 39009,
        "mismatch_names": 1955,
        "combined_df": 254089,
        "species_ranking": 2757,
        "personality_ranking": 645
      },
      "p2m": {},
      "m2p": {}
    },
    {
      "raw": "## -- STEFANOS: Disable plotting\n# plt.figure(figsize=(20,5))\n# sns.set(font_scale=1.4)\n# plt.xticks(rotation=45)\n# plt.axhline(overall_mean, color='r')\n# sns.scatterplot(x='Personality', y=\"overall_ranking\", data=personality_ranking,label='mean personality ranking', s=300)",
      "total-ns": 1165589,
      "vars": {
        "vlgr_df": 460800,
        "popul_df": 39009,
        "mismatch_names": 1955,
        "combined_df": 254089,
        "species_ranking": 2757,
        "personality_ranking": 645
      },
      "p2m": {},
      "m2p": {}
    },
    {
      "raw": "## -- STEFANOS: Disable plotting\n# plt.figure(figsize=(10, 10))\n# plt.axhline(overall_mean, color='r')\n# sns.boxplot(x=\"Personality\", y='overall_ranking', data=combined_df)",
      "total-ns": 510188,
      "vars": {
        "vlgr_df": 460800,
        "popul_df": 39009,
        "mismatch_names": 1955,
        "combined_df": 254089,
        "species_ranking": 2757,
        "personality_ranking": 645
      },
      "p2m": {},
      "m2p": {}
    },
    {
      "raw": "pd.pivot_table(combined_df, index = 'tier', values = 'Catchphrase', columns=\"Personality\", aggfunc='count')",
      "total-ns": 77251113,
      "vars": {
        "vlgr_df": 460800,
        "popul_df": 39009,
        "mismatch_names": 1955,
        "combined_df": 254089,
        "species_ranking": 2757,
        "personality_ranking": 645
      },
      "p2m": {},
      "m2p": {}
    },
    {
      "raw": "# generating value counts dataframe for each style type\nstyle_ranking1 = combined_df.groupby('Style 1').mean()['overall_ranking'].to_frame().reset_index().sort_values('overall_ranking')\nstyle_ranking2 = combined_df.groupby('Style 2').mean()['overall_ranking'].to_frame().reset_index().sort_values('overall_ranking')",
      "total-ns": 16616769,
      "vars": {
        "vlgr_df": 460800,
        "popul_df": 39009,
        "mismatch_names": 1955,
        "combined_df": 254089,
        "species_ranking": 2757,
        "personality_ranking": 645,
        "style_ranking1": 489,
        "style_ranking2": 489
      },
      "p2m": {},
      "m2p": {}
    },
    {
      "raw": "# combining the 2 style columns and finding a mean\nstyle_ranking = style_ranking1.copy()\nstyle_series = (style_ranking1['overall_ranking'] + style_ranking2['overall_ranking'])/2\nstyle_ranking[\"overall_ranking\"] = style_series",
      "total-ns": 4905790,
      "vars": {
        "vlgr_df": 460800,
        "popul_df": 39009,
        "mismatch_names": 1955,
        "combined_df": 254089,
        "species_ranking": 2757,
        "personality_ranking": 645,
        "style_ranking1": 661,
        "style_ranking2": 661,
        "style_ranking": 661,
        "style_series": 284
      },
      "p2m": {},
      "m2p": {}
    },
    {
      "raw": "style_ranking",
      "total-ns": 830091,
      "vars": {
        "vlgr_df": 460800,
        "popul_df": 39009,
        "mismatch_names": 1955,
        "combined_df": 254089,
        "species_ranking": 2757,
        "personality_ranking": 645,
        "style_ranking1": 661,
        "style_ranking2": 661,
        "style_ranking": 661,
        "style_series": 284
      },
      "p2m": {},
      "m2p": {}
    },
    {
      "raw": "## -- STEFANOS: Disable plotting\n# plt.figure(figsize=(20,5))\n# sns.set(font_scale=1.4)\n# plt.xticks(rotation=45)\n# plt.axhline(overall_mean, color='r')\n# sns.scatterplot(x='Style 1', y=\"overall_ranking\", data=style_ranking, s=300)",
      "total-ns": 506972,
      "vars": {
        "vlgr_df": 460800,
        "popul_df": 39009,
        "mismatch_names": 1955,
        "combined_df": 254089,
        "species_ranking": 2757,
        "personality_ranking": 645,
        "style_ranking1": 661,
        "style_ranking2": 661,
        "style_ranking": 661,
        "style_series": 284
      },
      "p2m": {},
      "m2p": {}
    },
    {
      "raw": "## -- STEFANOS: Disable plotting\n# plt.figure(figsize=(7, 7))\n# plt.axhline(overall_mean, color='r')\n# sns.boxplot(x=\"Style 1\", y='overall_ranking', data=combined_df)\n# plt.title('Style 1')\n# plt.figure(figsize=(7, 7))\n# plt.axhline(overall_mean, color='r')\n# sns.boxplot(x=\"Style 2\", y='overall_ranking', data=combined_df)\n# plt.title('Style 2')",
      "total-ns": 698256,
      "vars": {
        "vlgr_df": 460800,
        "popul_df": 39009,
        "mismatch_names": 1955,
        "combined_df": 254089,
        "species_ranking": 2757,
        "personality_ranking": 645,
        "style_ranking1": 661,
        "style_ranking2": 661,
        "style_ranking": 661,
        "style_series": 284
      },
      "p2m": {},
      "m2p": {}
    },
    {
      "raw": "pd.pivot_table(combined_df, index = 'tier', values = 'Catchphrase', columns=\"Style 1\", aggfunc='count')",
      "total-ns": 17456962,
      "vars": {
        "vlgr_df": 460800,
        "popul_df": 39009,
        "mismatch_names": 1955,
        "combined_df": 254089,
        "species_ranking": 2757,
        "personality_ranking": 645,
        "style_ranking1": 661,
        "style_ranking2": 661,
        "style_ranking": 661,
        "style_series": 284
      },
      "p2m": {},
      "m2p": {}
    },
    {
      "raw": "pd.pivot_table(combined_df, index = 'tier', values = 'Catchphrase', columns=\"Style 2\", aggfunc='count')",
      "total-ns": 13631651,
      "vars": {
        "vlgr_df": 460800,
        "popul_df": 39009,
        "mismatch_names": 1955,
        "combined_df": 254089,
        "species_ranking": 2757,
        "personality_ranking": 645,
        "style_ranking1": 661,
        "style_ranking2": 661,
        "style_ranking": 661,
        "style_series": 284
      },
      "p2m": {},
      "m2p": {}
    }
  ]
}