{
  "cells": [
    {
      "raw": "# importing libraries\nimport numpy as np # linear algebra\n\nimport pandas as pd\nimport functools\n\nimport os\nos.environ[\"MODIN_ENGINE\"] = \"ray\"\nimport ray\nos.environ['MODIN_CPUS'] = \"4\"\nray.init(num_cpus=4, runtime_env={'env_vars': {'__MODIN_AUTOIMPORT_PANDAS__': '1'}})\nimport modin.pandas as modin_pd\n\n\nos.environ[\"USE_MODIN\"]=\"True\"\n\nfrom typing import Dict, List, Optional, Tuple, Any, Literal, Callable\nfrom pandas._typing import AggFuncType, Axis, IndexLabel, Suffixes\n\n_CS598_save_DataFrame_apply = pd.DataFrame.apply\n_CS598_save_DataFrame_merge = pd.DataFrame.merge\n_CS598_save_Series_apply = pd.Series.apply\n_CS598_save_to_datetime = pd.to_datetime\n\ndef _CS598_Series_apply(self, func: AggFuncType, convert_dtype: bool = True,\n                        args: tuple[Any, ...] = (), **kwargs):\n  default_call = functools.partial(_CS598_save_Series_apply, self, func, convert_dtype, args, **kwargs)\n  assert isinstance(self, pd.Series)\n  \n  if os.environ[\"USE_MODIN\"] == \"True\":\n    modin_ser = modin_pd.Series(self)\n    # TODO: We need a generic way to deal with this.\n    # Problem: pd.numeric is passed which doesn't work on a modin dataframe.\n    if func == pd.to_numeric:\n      assert false\n      func = modin_pd.to_numeric\n    modin_res = modin_ser.apply(func, convert_dtype, args, **kwargs)\n    return modin_res._to_pandas()\n  return default_call()\n\ndef _CS598_DataFrame_apply(\n    self,\n    func: AggFuncType,\n    axis: Axis = 0,\n    raw: bool = False,\n    result_type: Literal[\"expand\", \"reduce\", \"broadcast\"] | None = None,\n    args=(),\n    **kwargs,\n):\n  default_call = functools.partial(_CS598_save_DataFrame_apply, self, func, axis, raw, result_type, args, **kwargs)\n  assert isinstance(self, pd.DataFrame)\n  \n  if os.environ[\"USE_MODIN\"] == \"True\":\n    modin_df = modin_pd.DataFrame(self)\n    modin_res = modin_df.apply(func, axis, raw, result_type, args, **kwargs)\n    return modin_res._to_pandas()\n  return default_call()\n\ndef _CS598_DataFrame_merge(\n    self,\n    right: pd.DataFrame | pd.Series,\n    how: str = \"inner\",\n    on: IndexLabel | None = None,\n    left_on: IndexLabel | None = None,\n    right_on: IndexLabel | None = None,\n    left_index: bool = False,\n    right_index: bool = False,\n    sort: bool = False,\n    suffixes: Suffixes = (\"_x\", \"_y\"),\n    copy: bool = True,\n    indicator: bool = False,\n    validate: str | None = None,\n) -> pd.DataFrame:\n  assert isinstance(self, pd.DataFrame)        \n  default_call = functools.partial(_CS598_save_DataFrame_merge, self, right, how, on, \n      left_on, right_on, left_index, right_index, sort, suffixes, copy, indicator, validate)\n  \n  if os.environ[\"USE_MODIN\"] == \"True\":\n    modin_df = modin_pd.DataFrame(self)\n    modin_res = modin_df.merge(right, how, on, \n      left_on, right_on, left_index, right_index, sort, suffixes, copy, indicator, validate)\n    return modin_res._to_pandas()\n  return default_call()\n\n\ndef _CS598_to_datetime(\n    arg,\n    errors = \"raise\",\n    dayfirst: bool = False,\n    yearfirst: bool = False,\n    utc: bool | None = None,\n    format: str | None = None,\n    exact: bool = True,\n    unit: str | None = None,\n    infer_datetime_format: bool = False,\n    origin=\"unix\",\n    cache: bool = True,\n):\n  default_call = functools.partial(_CS598_save_to_datetime, arg, errors, dayfirst,\n      yearfirst, utc, format, exact, unit,infer_datetime_format, origin, cache)\n  \n  if os.environ[\"USE_MODIN\"] == \"True\":\n    if type(arg) == pd.DataFrame:\n      arg = modin_pd.DataFrame(arg)\n    elif type(arg) == pd.Series:\n      arg = modin_pd.Series(arg)\n\n    modin_res = modin_pd.to_datetime(arg, errors, dayfirst,\n      yearfirst, utc, format, exact, unit,infer_datetime_format, origin, cache)\n    return modin_res._to_pandas()\n  return default_call()\n\nassert pd.Series.apply != _CS598_Series_apply\nassert pd.DataFrame.apply != _CS598_DataFrame_apply\nassert pd.DataFrame.merge != _CS598_DataFrame_merge\nassert pd.to_datetime != _CS598_to_datetime\n# Overwriting is not trivial. Thanks to:\n# https://github.com/lux-org/lux/blob/550a2eca90b26c944ebe8600df7a51907bc851be/lux/core/__init__.py#L27\npd.Series.apply = pd.core.frame.Series.apply = pd.core.series.Series.apply = _CS598_Series_apply\npd.DataFrame.apply = pd.core.frame.DataFrame.apply = _CS598_DataFrame_apply\npd.DataFrame.merge = pd.core.frame.DataFrame.merge = _CS598_save_DataFrame_merge\npd.to_datetime = _CS598_to_datetime\nfrom datetime import datetime # datetime processing\n\n# setting path of the dataset\nimport os\nfor dirname, _, filenames in os.walk('../input'):\n    for filename in filenames:\n        print(os.path.join(dirname, filename))\n",
      "total-ns": 2950471378,
      "vars": {},
      "p2m": {},
      "m2p": {}
    },
    {
      "raw": "melb_house = pd.read_csv(\"../input/melb_data.csv\")\n\n# checking the columns\nmelb_house.head()",
      "total-ns": 115918518,
      "vars": {
        "melb_house": 8531121
      },
      "p2m": {},
      "m2p": {}
    },
    {
      "raw": "melb_house.info()",
      "total-ns": 56478679,
      "vars": {
        "melb_house": 8531121
      },
      "p2m": {},
      "m2p": {}
    },
    {
      "raw": "melb_house.shape",
      "total-ns": 667940,
      "vars": {
        "melb_house": 8531121
      },
      "p2m": {},
      "m2p": {}
    },
    {
      "raw": "melb_house.info()",
      "total-ns": 25519450,
      "vars": {
        "melb_house": 8531121
      },
      "p2m": {},
      "m2p": {}
    },
    {
      "raw": "# checking for unique entries\n\nunique_val = []\nfor i in melb_house.columns:\n    u = melb_house[i].nunique()\n    unique_val.append(u)\n    \npd.DataFrame({\"No. of unique values\": unique_val}, index=melb_house.columns)",
      "total-ns": 13807010,
      "vars": {
        "melb_house": 8531121
      },
      "p2m": {},
      "m2p": {}
    },
    {
      "raw": "# Working dataset\ndataset = melb_house.copy()",
      "total-ns": 1242740,
      "vars": {
        "melb_house": 8531121,
        "dataset": 8531121
      },
      "p2m": {},
      "m2p": {}
    },
    {
      "raw": "# Features with missing values\nmiss = dataset.isnull().sum().sort_values(ascending = False).head(5)\nmiss_per = (miss/len(dataset))*100\n\n# Percentage of missing values\npd.DataFrame({'No. missing values': miss, '% of missind data': miss_per.values})",
      "total-ns": 22905739,
      "vars": {
        "melb_house": 8531121,
        "dataset": 8531121,
        "miss": 382,
        "miss_per": 382
      },
      "p2m": {},
      "m2p": {}
    },
    {
      "raw": "dataset['Car'].value_counts()",
      "total-ns": 6088330,
      "vars": {
        "melb_house": 8531121,
        "dataset": 8531121,
        "miss": 382,
        "miss_per": 382
      },
      "p2m": {},
      "m2p": {}
    },
    {
      "raw": "# Filling null value\ndataset['Car'].fillna(0, inplace = True)\n\n# confimation after filling the null values\nprint(\"Null values before replacement :\", melb_house['Car'].isnull().sum())\nprint(\"Null values after replacement :\", dataset['Car'].isnull().sum())",
      "total-ns": 2148369,
      "vars": {
        "melb_house": 8531121,
        "dataset": 8531121,
        "miss": 382,
        "miss_per": 382
      },
      "p2m": {},
      "m2p": {}
    },
    {
      "raw": "dataset['CouncilArea'].value_counts()",
      "total-ns": 1907029,
      "vars": {
        "melb_house": 8531121,
        "dataset": 8531121,
        "miss": 382,
        "miss_per": 382
      },
      "p2m": {},
      "m2p": {}
    },
    {
      "raw": "# Filling the null value \ndataset['CouncilArea'].fillna('Unavailable', inplace = True)\n\n\n# confimation after filling the null values\nprint(\"Null values before replacement :\", melb_house['CouncilArea'].isnull().sum())\nprint(\"Null values after replacement :\", dataset['CouncilArea'].isnull().sum())",
      "total-ns": 4278080,
      "vars": {
        "melb_house": 8531121,
        "dataset": 8580405,
        "miss": 382,
        "miss_per": 382
      },
      "p2m": {},
      "m2p": {}
    },
    {
      "raw": "# Filling the null value \ndataset['YearBuilt'].fillna(\"Unknown\", inplace=True)\n\n# confimation after filling the null values\nprint(\"Null values before replacement :\", melb_house['YearBuilt'].isnull().sum())\nprint(\"Null values after replacement :\", dataset['YearBuilt'].isnull().sum())",
      "total-ns": 3961910,
      "vars": {
        "melb_house": 8531121,
        "dataset": 9078325,
        "miss": 382,
        "miss_per": 382
      },
      "p2m": {},
      "m2p": {}
    },
    {
      "raw": "# Filling the null value \ndataset['BuildingArea'].fillna(0, inplace = True)\n\n# confimation after filling the null values\nprint(\"Null values before replacement :\", melb_house['BuildingArea'].isnull().sum())\nprint(\"Null values after replacement :\", dataset['BuildingArea'].isnull().sum())",
      "total-ns": 2285030,
      "vars": {
        "melb_house": 8531121,
        "dataset": 9078325,
        "miss": 382,
        "miss_per": 382
      },
      "p2m": {},
      "m2p": {}
    },
    {
      "raw": "# log transformation of price\ndataset['Price_trans'] = np.log(dataset['Price'])",
      "total-ns": 1405730,
      "vars": {
        "melb_house": 8531121,
        "dataset": 9186965,
        "miss": 382,
        "miss_per": 382
      },
      "p2m": {},
      "m2p": {}
    },
    {
      "raw": "# Grouping the numerical data\nnum =  dataset.select_dtypes(exclude=\"object\")\nnum = num.drop(['Price'], axis=1)",
      "total-ns": 4549640,
      "vars": {
        "melb_house": 8531121,
        "dataset": 9186965,
        "miss": 382,
        "miss_per": 382,
        "num": 1303824
      },
      "p2m": {},
      "m2p": {}
    },
    {
      "raw": "# coverting date into datetime format\ndataset['Date'] = pd.to_datetime(dataset['Date'])\nyear = dataset['Date'].map(lambda x: datetime.strftime(x, '%Y'))\ndataset['year'] = year\nmonth = dataset['Date'].map(lambda x: datetime.strftime(x, '%b'))\ndataset['month'] = month",
      "total-ns": 5563591668,
      "vars": {
        "melb_house": 8531121,
        "dataset": 10032662,
        "miss": 382,
        "miss_per": 382,
        "num": 1303824,
        "year": 828524,
        "month": 814944
      },
      "p2m": {},
      "m2p": {}
    },
    {
      "raw": "# Dataset of Metropolitan area\nrm = dataset[dataset['Regionname'].map(lambda x: 'Metropolitan' in x)]\n\n# Dataset of Victoria area\nrv = dataset[dataset['Regionname'].map(lambda x: 'Victoria' in x)]",
      "total-ns": 12669910,
      "vars": {
        "melb_house": 8531121,
        "dataset": 10032662,
        "miss": 382,
        "miss_per": 382,
        "num": 1303824,
        "year": 828524,
        "month": 814944,
        "rm": 10047894,
        "rv": 93296
      },
      "p2m": {},
      "m2p": {}
    },
    {
      "raw": "",
      "total-ns": 302379,
      "vars": {
        "melb_house": 8531121,
        "dataset": 10032662,
        "miss": 382,
        "miss_per": 382,
        "num": 1303824,
        "year": 828524,
        "month": 814944,
        "rm": 10047894,
        "rv": 93296
      },
      "p2m": {},
      "m2p": {}
    }
  ]
}