{
  "cells": [
    {
      "raw": "import os\n\nimport pandas as pd\nimport functools\n\nimport os\nos.environ[\"MODIN_ENGINE\"] = \"ray\"\nimport ray\nos.environ['MODIN_CPUS'] = \"4\"\nray.init(num_cpus=4, runtime_env={'env_vars': {'__MODIN_AUTOIMPORT_PANDAS__': '1'}})\nimport modin.pandas as modin_pd\n\n\nos.environ[\"USE_MODIN\"]=\"True\"\n\nfrom typing import Dict, List, Optional, Tuple, Any, Literal, Callable\nfrom pandas._typing import AggFuncType, Axis, IndexLabel, Suffixes\n\n_CS598_save_DataFrame_apply = pd.DataFrame.apply\n_CS598_save_DataFrame_merge = pd.DataFrame.merge\n_CS598_save_Series_apply = pd.Series.apply\n_CS598_save_to_datetime = pd.to_datetime\n\ndef _CS598_Series_apply(self, func: AggFuncType, convert_dtype: bool = True,\n                        args: tuple[Any, ...] = (), **kwargs):\n  default_call = functools.partial(_CS598_save_Series_apply, self, func, convert_dtype, args, **kwargs)\n  assert isinstance(self, pd.Series)\n  \n  if os.environ[\"USE_MODIN\"] == \"True\":\n    modin_ser = modin_pd.Series(self)\n    # TODO: We need a generic way to deal with this.\n    # Problem: pd.numeric is passed which doesn't work on a modin dataframe.\n    if func == pd.to_numeric:\n      assert false\n      func = modin_pd.to_numeric\n    modin_res = modin_ser.apply(func, convert_dtype, args, **kwargs)\n    return modin_res._to_pandas()\n  return default_call()\n\ndef _CS598_DataFrame_apply(\n    self,\n    func: AggFuncType,\n    axis: Axis = 0,\n    raw: bool = False,\n    result_type: Literal[\"expand\", \"reduce\", \"broadcast\"] | None = None,\n    args=(),\n    **kwargs,\n):\n  default_call = functools.partial(_CS598_save_DataFrame_apply, self, func, axis, raw, result_type, args, **kwargs)\n  assert isinstance(self, pd.DataFrame)\n  \n  if os.environ[\"USE_MODIN\"] == \"True\":\n    modin_df = modin_pd.DataFrame(self)\n    modin_res = modin_df.apply(func, axis, raw, result_type, args, **kwargs)\n    return modin_res._to_pandas()\n  return default_call()\n\ndef _CS598_DataFrame_merge(\n    self,\n    right: pd.DataFrame | pd.Series,\n    how: str = \"inner\",\n    on: IndexLabel | None = None,\n    left_on: IndexLabel | None = None,\n    right_on: IndexLabel | None = None,\n    left_index: bool = False,\n    right_index: bool = False,\n    sort: bool = False,\n    suffixes: Suffixes = (\"_x\", \"_y\"),\n    copy: bool = True,\n    indicator: bool = False,\n    validate: str | None = None,\n) -> pd.DataFrame:\n  assert isinstance(self, pd.DataFrame)        \n  default_call = functools.partial(_CS598_save_DataFrame_merge, self, right, how, on, \n      left_on, right_on, left_index, right_index, sort, suffixes, copy, indicator, validate)\n  \n  if os.environ[\"USE_MODIN\"] == \"True\":\n    modin_df = modin_pd.DataFrame(self)\n    modin_res = modin_df.merge(right, how, on, \n      left_on, right_on, left_index, right_index, sort, suffixes, copy, indicator, validate)\n    return modin_res._to_pandas()\n  return default_call()\n\n\ndef _CS598_to_datetime(\n    arg,\n    errors = \"raise\",\n    dayfirst: bool = False,\n    yearfirst: bool = False,\n    utc: bool | None = None,\n    format: str | None = None,\n    exact: bool = True,\n    unit: str | None = None,\n    infer_datetime_format: bool = False,\n    origin=\"unix\",\n    cache: bool = True,\n):\n  default_call = functools.partial(_CS598_save_to_datetime, arg, errors, dayfirst,\n      yearfirst, utc, format, exact, unit,infer_datetime_format, origin, cache)\n  \n  if os.environ[\"USE_MODIN\"] == \"True\":\n    if type(arg) == pd.DataFrame:\n      arg = modin_pd.DataFrame(arg)\n    elif type(arg) == pd.Series:\n      arg = modin_pd.Series(arg)\n\n    modin_res = modin_pd.to_datetime(arg, errors, dayfirst,\n      yearfirst, utc, format, exact, unit,infer_datetime_format, origin, cache)\n    return modin_res._to_pandas()\n  return default_call()\n\nassert pd.Series.apply != _CS598_Series_apply\nassert pd.DataFrame.apply != _CS598_DataFrame_apply\nassert pd.DataFrame.merge != _CS598_DataFrame_merge\nassert pd.to_datetime != _CS598_to_datetime\n# Overwriting is not trivial. Thanks to:\n# https://github.com/lux-org/lux/blob/550a2eca90b26c944ebe8600df7a51907bc851be/lux/core/__init__.py#L27\npd.Series.apply = pd.core.frame.Series.apply = pd.core.series.Series.apply = _CS598_Series_apply\npd.DataFrame.apply = pd.core.frame.DataFrame.apply = _CS598_DataFrame_apply\npd.DataFrame.merge = pd.core.frame.DataFrame.merge = _CS598_save_DataFrame_merge\npd.to_datetime = _CS598_to_datetime\nimport numpy as np\n\n# visualization\nimport matplotlib.pyplot as plt\nimport seaborn as sns\nimport plotly.express as px\nimport plotly.figure_factory as ff\nimport plotly.graph_objects as go\n\ncolors = ['gold', 'mediumturquoise', 'darkorange', 'lightgreen']\nkaggle_colors = ['#39c5ff', '#ffffff', '#f2f2f2', '#9ca3a4', '#3f484b']\nfont = 'Rubik'",
      "total-ns": 12156742135,
      "vars": {},
      "p2m": {},
      "m2p": {}
    },
    {
      "raw": "df = pd.read_csv('../input/kaggle-survey-2022/kaggle_survey_2022_responses.csv')",
      "total-ns": 3282178621,
      "vars": {
        "df": 266476583
      },
      "p2m": {},
      "m2p": {}
    },
    {
      "raw": "df.info()",
      "total-ns": 51358023,
      "vars": {
        "df": 266476583
      },
      "p2m": {},
      "m2p": {}
    },
    {
      "raw": "df",
      "total-ns": 973797,
      "vars": {
        "df": 266476583
      },
      "p2m": {},
      "m2p": {}
    },
    {
      "raw": "df = df[1:]",
      "total-ns": 3757323,
      "vars": {
        "df": 266418745
      },
      "p2m": {},
      "m2p": {}
    },
    {
      "raw": "df['Duration (in seconds)'] = df['Duration (in seconds)'].astype('int')",
      "total-ns": 210095131,
      "vars": {
        "df": 265697268
      },
      "p2m": {},
      "m2p": {}
    },
    {
      "raw": "df.loc[df[\"Q3\"] == \"Nonbinary\", \"Q3\"] = \"Others\"\ndf.loc[df[\"Q3\"] == \"Prefer not to say\", \"Q3\"] = \"Others\"\ndf.loc[df[\"Q3\"] == \"Prefer to self-describe\", \"Q3\"] = \"Others\"",
      "total-ns": 25387624,
      "vars": {
        "df": 265692799
      },
      "p2m": {},
      "m2p": {}
    },
    {
      "raw": "gender_count = df.groupby(['Q3']).size().reset_index().rename(columns={0: 'count'})\n\n# STEFANOS: Disable plotting\n# fig=px.bar(data_frame=gender_count, x='Q3', y='count',color='Q3',template='plotly_dark',color_discrete_sequence=['#39c5ff','#F5F5F1'],\n#                  text_auto=True,barmode='stack',\n#           title=\"Gender Countplot\")\n\n# fig.update_traces(textfont_size=20, textangle=0, textposition=\"outside\", cliponaxis=False)\n# fig.update_traces( marker_line_color='#3f484b',\n#                   marker_line_width=3.5)\n\n# fig.update_layout(\n#     title=\"Gender Countplot\",\n#     xaxis_title=\"Genders\",\n#     yaxis_title=\"Count\",\n#     legend_title=\"Genders\",\n#     font=dict(\n#         family=\"Rubik\",\n#         size=18\n#     )\n# )\n\n# fig.show()",
      "total-ns": 64861606,
      "vars": {
        "df": 265692799,
        "gender_count": 353
      },
      "p2m": {},
      "m2p": {}
    },
    {
      "raw": "duration_count = df.groupby(['Duration (in seconds)']).size().reset_index().rename(columns={0: 'count'})\nduration_count = duration_count[:1000]\n\n# STEFANOS: Disable plotting\n# fig=px.histogram(data_frame=duration_count, x='Duration (in seconds)', y='count',template='plotly_dark',color_discrete_sequence=['#39c5ff','#F5F5F1'],\n#                  text_auto=True,barmode='stack',\n#           title=\"Duration Histogram\")\n\n# fig.update_traces(textfont_size=20, textangle=0, textposition=\"outside\", cliponaxis=False)\n# fig.update_traces( marker_line_color='#3f484b',\n#                   marker_line_width=3.5)\n\n# fig.update_layout(\n#     title=\"Duration Histogram\",\n#     font=dict(\n#         family=\"Rubik\",\n#         size=14\n#     )\n# )\n\n# fig.show()",
      "total-ns": 35022584,
      "vars": {
        "df": 265692799,
        "gender_count": 353,
        "duration_count": 16144
      },
      "p2m": {},
      "m2p": {}
    },
    {
      "raw": "age_count = df.groupby(['Q2']).size().reset_index().rename(columns={0: 'count'})\n\n# STEFANOS: Disable plotting\n# fig=px.bar(data_frame=age_count, x='Q2', y='count',color='Q2',template='plotly_dark',color_discrete_sequence=['#39c5ff','#F5F5F1'],\n#                  text_auto=True,barmode='stack',\n#           title=\"Age Countplot\")\n\n# fig.update_traces(textfont_size=20, textangle=0, textposition=\"outside\", cliponaxis=False)\n# fig.update_traces( marker_line_color='#3f484b',\n#                   marker_line_width=3.5)\n\n# fig.update_layout(\n#     title=\"Age Countplot\",\n#     xaxis_title=\"Age Groups\",\n#     yaxis_title=\"Count\",\n#     legend_title=\"Age Groups\",\n#     font=dict(\n#         family=\"Rubik\",\n#         size=12\n#     )\n# )\n\n# fig.show()",
      "total-ns": 15338991,
      "vars": {
        "df": 265692799,
        "gender_count": 353,
        "duration_count": 16144,
        "age_count": 912
      },
      "p2m": {},
      "m2p": {}
    },
    {
      "raw": "country_count = df.groupby(['Q4']).size().reset_index().rename(columns={0: 'count'})\ncountry_count = country_count.sort_values(by=['count'], ascending=False).reset_index(drop=True)\ncountry_count = country_count[:10]\n\n# STEFANOS: Disable plotting\n# fig=px.bar(data_frame=country_count,x='Q4', y='count',color='Q4',template='plotly_dark',color_discrete_sequence=['#39c5ff','#F5F5F1'],\n#                  text_auto=True,barmode='stack',\n#           title=\"Country Countplot\")\n\n# fig.update_traces(textfont_size=20, textangle=0, textposition=\"outside\", cliponaxis=False)\n# fig.update_traces( marker_line_color='#3f484b',\n#                   marker_line_width=3.5)\n\n# fig.update_layout(\n#     title=\"Top 10 Countries Plot\",\n#     xaxis_title=\"Countries\",\n#     yaxis_title=\"Count\",\n#     legend_title=\"Countries\",\n#     font=dict(\n#         family=\"Rubik\",\n#         size=13\n#     )\n# )\n\n# fig.show()",
      "total-ns": 22655045,
      "vars": {
        "df": 265692799,
        "gender_count": 353,
        "duration_count": 16144,
        "age_count": 912,
        "country_count": 870
      },
      "p2m": {},
      "m2p": {}
    },
    {
      "raw": "country_df = df.groupby(['Q4']).size().reset_index().rename(columns={0: 'count'})\n\n# STEFANOS: Disable plotting\n# fig = px.choropleth(country_df, locations=\"Q4\", color=\"count\", \n#                     locationmode='country names',\n#                     range_color=[0,5000],\n#                     color_continuous_scale=[(0, \"#ffffff\"), (1, '#39c5ff')],\n#                     template='plotly_dark'\n#                    )\n\n# fig.update_layout(\n#     title=\"World Map\",\n#     font=dict(\n#         family=\"Rubik\",\n#         size=14\n#     )\n# )\n\n# fig.show()",
      "total-ns": 16624228,
      "vars": {
        "df": 265692799,
        "gender_count": 353,
        "duration_count": 16144,
        "age_count": 912,
        "country_count": 870,
        "country_df": 4474
      },
      "p2m": {},
      "m2p": {}
    },
    {
      "raw": "student_count = df.groupby(['Q5']).size().reset_index().rename(columns={0: 'count'})\n\n# STEFANOS: Disable plotting\n# fig = go.Figure(\n#     data=[go.Pie(labels=student_count['Q5'], values=student_count['count'], hole=.4)])\n\n# fig.update_traces(hoverinfo='label+percent', textinfo='value', textfont_size=20,\n#                   marker=dict(colors=colors, line=dict(color='#000000', width=2)))\n\n# fig.update_layout(\n#     title=\"Student Count\",\n#     template='plotly_dark',\n#     font=dict(\n#         family=\"Rubik\",\n#         size=18\n#     )\n# )\n\n# fig.show()",
      "total-ns": 12949839,
      "vars": {
        "df": 265692799,
        "gender_count": 353,
        "duration_count": 16144,
        "age_count": 912,
        "country_count": 870,
        "country_df": 4474,
        "student_count": 279
      },
      "p2m": {},
      "m2p": {}
    },
    {
      "raw": "degree_count = df.groupby(['Q8']).size().reset_index().rename(columns={0: 'count'})\ndegree_count.loc[degree_count[\"Q8\"] == \"Some college/university study without earning a bachelor\u2019s degree\", \"Q8\"] = \"College Without Bachelors\"\n\n# STEFANOS: Disable plotting\n# fig = go.Figure(\n#     data=[go.Pie(labels=degree_count['Q8'], values=degree_count['count'], hole=.4)])\n\n# fig.update_traces(hoverinfo='label+percent', textinfo='value', textfont_size=20,\n#                   marker=dict(colors=colors, line=dict(color='#000000', width=2)))\n\n# # fig.update_layout(template='plotly_dark')\n\n# fig.update_layout(\n#     title=\"Educational Background\",\n#     template='plotly_dark',\n#     font=dict(\n#         family=\"Rubik\",\n#         size=14\n#     )\n# )\n\n# fig.show()",
      "total-ns": 18343526,
      "vars": {
        "df": 265692799,
        "gender_count": 353,
        "duration_count": 16144,
        "age_count": 912,
        "country_count": 870,
        "country_df": 4474,
        "student_count": 279,
        "degree_count": 833
      },
      "p2m": {},
      "m2p": {}
    },
    {
      "raw": "experience_count = df.groupby(['Q16']).size().reset_index().rename(columns={0: 'count'})\n\n# STEFANOS: Disable plotting\n# fig = go.Figure(\n#     data=[go.Pie(labels=experience_count['Q16'], values=experience_count['count'], hole=.4)])\n\n# fig.update_traces(hoverinfo='label+percent', textinfo='value', textfont_size=20,\n#                   marker=dict(colors=colors, line=dict(color='#000000', width=2)))\n\n# # fig.update_layout(template='plotly_dark')\n\n# fig.update_layout(\n#     title=\"ML Experience\",\n#     template='plotly_dark',\n#     font=dict(\n#         family=\"Rubik\",\n#         size=14\n#     )\n# )\n\n# fig.show()",
      "total-ns": 13339881,
      "vars": {
        "df": 265692799,
        "gender_count": 353,
        "duration_count": 16144,
        "age_count": 912,
        "country_count": 870,
        "country_df": 4474,
        "student_count": 279,
        "degree_count": 833,
        "experience_count": 851
      },
      "p2m": {},
      "m2p": {}
    },
    {
      "raw": "annual_income_df = df.groupby(['Q29']).size().reset_index().rename(columns={0: 'count'})\n\n# STEFANOS: Disable plotting\n# fig = go.Figure(\n#     data=[go.Pie(labels=annual_income_df['Q29'], values=annual_income_df['count'], hole=.4)])\n\n# fig.update_traces(hoverinfo='label+percent', textinfo='value', textfont_size=20,\n#                   marker=dict(colors=colors, line=dict(color='#000000', width=2)))\n\n# # fig.update_layout(template='plotly_dark')\n\n# fig.update_layout(\n#     title=\"Yearly Compensation in USD\",\n#     template='plotly_dark',\n#     font=dict(\n#         family=\"Rubik\",\n#         size=14\n#     )\n# )\n\n# fig.show()",
      "total-ns": 34385389,
      "vars": {
        "df": 265692799,
        "gender_count": 353,
        "duration_count": 16144,
        "age_count": 912,
        "country_count": 870,
        "country_df": 4474,
        "student_count": 279,
        "degree_count": 833,
        "experience_count": 851,
        "annual_income_df": 2166
      },
      "p2m": {},
      "m2p": {}
    },
    {
      "raw": "gender_duration_count = df.groupby(['Duration (in seconds)', 'Q3']).size().reset_index().rename(columns={0: 'count'})\ngender_duration_count = gender_duration_count[:3000]\n\n# STEFANOS: Disable plotting\n# hist_colors = ['#39c5ff', '#ffffff', 'orange']\n\n# fig = px.histogram(gender_duration_count, x=\"Duration (in seconds)\", y=\"count\", color='Q3',\n#                    marginal=\"box\", color_discrete_sequence=hist_colors,\n#                    hover_data=gender_duration_count.columns,\n#                   template='plotly_dark')\n\n# fig.update_layout(\n#     title=\"Duration X Gender\",\n#     xaxis_title=\"Duration (in seconds)\",\n#     yaxis_title=\"Count\",\n#     legend_title=\"Gender\",\n#     font=dict(\n#         family=\"Rubik\",\n#         size=16\n#     )\n# )\n\n# fig.show()",
      "total-ns": 29433775,
      "vars": {
        "df": 265692799,
        "gender_count": 353,
        "duration_count": 16144,
        "age_count": 912,
        "country_count": 870,
        "country_df": 4474,
        "student_count": 279,
        "degree_count": 833,
        "experience_count": 851,
        "annual_income_df": 2166,
        "gender_duration_count": 231184
      },
      "p2m": {},
      "m2p": {}
    },
    {
      "raw": "country_gender = df.groupby(['Q4', 'Q3']).size().reset_index().rename(columns={0: 'count'})\n\n# STEFANOS: Disable plotting\n# fig = px.treemap(country_gender, values='count', path=['Q4', 'Q3'], template='plotly_dark',\n#                 title=\"Country X Gender TreeMap\")\n# fig.update_traces(textinfo=\"label+percent parent\")\n\n# fig.show()",
      "total-ns": 37212250,
      "vars": {
        "df": 265692799,
        "gender_count": 353,
        "duration_count": 16144,
        "age_count": 912,
        "country_count": 870,
        "country_df": 4474,
        "student_count": 279,
        "degree_count": 833,
        "experience_count": 851,
        "annual_income_df": 2166,
        "gender_duration_count": 231184,
        "country_gender": 22508
      },
      "p2m": {},
      "m2p": {}
    },
    {
      "raw": "age_duration_df = df[df['Duration (in seconds)']<2000].groupby('Q2')['Duration (in seconds)'].mean().round(1).reset_index()\n\n# STEFANOS: Disable plotting\n# fig=px.bar(data_frame=age_duration_df, x='Q2', y='Duration (in seconds)',\n#            color='Q2',template='plotly_dark',color_discrete_sequence=['#39c5ff','#F5F5F1'],\n#                  text_auto=True,barmode='stack',\n#           title=\"Age Countplot\")\n\n# fig.update_traces(textfont_size=20, textangle=0, textposition=\"outside\", cliponaxis=False)\n# fig.update_traces( marker_line_color='#3f484b',\n#                   marker_line_width=3.5)\n\n# fig.update_layout(\n#     title=\"Duration with Age\",\n#     xaxis_title=\"Age Groups\",\n#     yaxis_title=\"Duration (in seconds)\",\n#     legend_title=\"Age Groups\",\n#     font=dict(\n#         family=\"Rubik\",\n#         size=12\n#     )\n# )\n\n# fig.show()",
      "total-ns": 277743225,
      "vars": {
        "df": 265692799,
        "gender_count": 353,
        "duration_count": 16144,
        "age_count": 912,
        "country_count": 870,
        "country_df": 4474,
        "student_count": 279,
        "degree_count": 833,
        "experience_count": 851,
        "annual_income_df": 2166,
        "gender_duration_count": 231184,
        "country_gender": 22508,
        "age_duration_df": 912
      },
      "p2m": {},
      "m2p": {}
    },
    {
      "raw": "education_gender = df.groupby(['Q8', 'Q3']).size().reset_index().rename(columns={0: 'count'})\n\n# STEFANOS: Disable plotting\n# fig = px.treemap(education_gender, values='count', path=['Q8', 'Q3'], template='plotly_dark',\n#                 title=\"Education X Gender TreeMap\")\n# fig.update_traces(textinfo=\"label+percent parent\")\n\n# fig.show()",
      "total-ns": 22710083,
      "vars": {
        "df": 265692799,
        "gender_count": 353,
        "duration_count": 16144,
        "age_count": 912,
        "country_count": 870,
        "country_df": 4474,
        "student_count": 279,
        "degree_count": 833,
        "experience_count": 851,
        "annual_income_df": 2166,
        "gender_duration_count": 231184,
        "country_gender": 22508,
        "age_duration_df": 912,
        "education_gender": 3896
      },
      "p2m": {},
      "m2p": {}
    },
    {
      "raw": "## Not Including India bcz it acts as an outlier here\ntop_9_countries = ['United States of America','Other', 'Brazil',\n                   'Nigeria', 'Pakistan', 'Japan', 'China', 'Egypt', 'Mexico']\n\ntop_9_countries_df = df[df['Q4'].isin(top_9_countries)]\n# STEFANOS: Disable plotting\n# fig = px.density_heatmap(\n#     top_9_countries_df, x='Q4', y='Q2',\n#     marginal_x='histogram', marginal_y='histogram', histfunc='count'\n# )\n\n# fig.update_yaxes(categoryorder='array', categoryarray= ['18-21','22-24','25-29','30-34', '35-39',\n#                                                         '40-44', '45-49', '50-54', '55-59', '60-69', '70+'])\n\n# fig.update_layout(\n#     title=\"Countires X Age Groups Density Plot\",\n#     xaxis_title=\"Countries\",\n#     yaxis_title=\"Age Groups\",\n#     font=dict(\n#         family=\"Rubik\",\n#         size=14\n#     )\n# )\n\n# fig.show()",
      "total-ns": 80017163,
      "vars": {
        "df": 265692799,
        "gender_count": 353,
        "duration_count": 16144,
        "age_count": 912,
        "country_count": 870,
        "country_df": 4474,
        "student_count": 279,
        "degree_count": 833,
        "experience_count": 851,
        "annual_income_df": 2166,
        "gender_duration_count": 231184,
        "country_gender": 22508,
        "age_duration_df": 912,
        "education_gender": 3896,
        "top_9_countries_df": 92533325
      },
      "p2m": {},
      "m2p": {}
    },
    {
      "raw": "gender_student = df.groupby(['Q3', 'Q5']).size().reset_index().rename(columns={0: 'count'})\n\n# STEFANOS: Disable plotting\n# fig = px.sunburst(gender_student, values='count', path=['Q3', 'Q5'], template='plotly_dark',\n#                 title=\"Gender X Student Sunburst\")\n# fig.update_traces(textinfo=\"label+percent parent\")\n\n# fig.show()",
      "total-ns": 18853494,
      "vars": {
        "df": 265692799,
        "gender_count": 353,
        "duration_count": 16144,
        "age_count": 912,
        "country_count": 870,
        "country_df": 4474,
        "student_count": 279,
        "degree_count": 833,
        "experience_count": 851,
        "annual_income_df": 2166,
        "gender_duration_count": 231184,
        "country_gender": 22508,
        "age_duration_df": 912,
        "education_gender": 3896,
        "top_9_countries_df": 92533325,
        "gender_student": 919
      },
      "p2m": {},
      "m2p": {}
    }
  ]
}