{
  "cells": [
    {
      "raw": "import numpy as np # linear algebra\n\nimport pandas as pd\nimport functools\n\nimport os\nos.environ[\"MODIN_ENGINE\"] = \"ray\"\nimport ray\nos.environ['MODIN_CPUS'] = \"4\"\nray.init(num_cpus=4, runtime_env={'env_vars': {'__MODIN_AUTOIMPORT_PANDAS__': '1'}})\nimport modin.pandas as modin_pd\n\n\nos.environ[\"USE_MODIN\"]=\"True\"\n\nfrom typing import Dict, List, Optional, Tuple, Any, Literal, Callable\nfrom pandas._typing import AggFuncType, Axis, IndexLabel, Suffixes\n\n_CS598_save_DataFrame_apply = pd.DataFrame.apply\n_CS598_save_DataFrame_merge = pd.DataFrame.merge\n_CS598_save_Series_apply = pd.Series.apply\n_CS598_save_to_datetime = pd.to_datetime\n\ndef _CS598_Series_apply(self, func: AggFuncType, convert_dtype: bool = True,\n                        args: tuple[Any, ...] = (), **kwargs):\n  default_call = functools.partial(_CS598_save_Series_apply, self, func, convert_dtype, args, **kwargs)\n  assert isinstance(self, pd.Series)\n  \n  if os.environ[\"USE_MODIN\"] == \"True\":\n    modin_ser = modin_pd.Series(self)\n    # TODO: We need a generic way to deal with this.\n    # Problem: pd.numeric is passed which doesn't work on a modin dataframe.\n    if func == pd.to_numeric:\n      assert false\n      func = modin_pd.to_numeric\n    modin_res = modin_ser.apply(func, convert_dtype, args, **kwargs)\n    return modin_res._to_pandas()\n  return default_call()\n\ndef _CS598_DataFrame_apply(\n    self,\n    func: AggFuncType,\n    axis: Axis = 0,\n    raw: bool = False,\n    result_type: Literal[\"expand\", \"reduce\", \"broadcast\"] | None = None,\n    args=(),\n    **kwargs,\n):\n  default_call = functools.partial(_CS598_save_DataFrame_apply, self, func, axis, raw, result_type, args, **kwargs)\n  assert isinstance(self, pd.DataFrame)\n  \n  if os.environ[\"USE_MODIN\"] == \"True\":\n    modin_df = modin_pd.DataFrame(self)\n    modin_res = modin_df.apply(func, axis, raw, result_type, args, **kwargs)\n    return modin_res._to_pandas()\n  return default_call()\n\ndef _CS598_DataFrame_merge(\n    self,\n    right: pd.DataFrame | pd.Series,\n    how: str = \"inner\",\n    on: IndexLabel | None = None,\n    left_on: IndexLabel | None = None,\n    right_on: IndexLabel | None = None,\n    left_index: bool = False,\n    right_index: bool = False,\n    sort: bool = False,\n    suffixes: Suffixes = (\"_x\", \"_y\"),\n    copy: bool = True,\n    indicator: bool = False,\n    validate: str | None = None,\n) -> pd.DataFrame:\n  assert isinstance(self, pd.DataFrame)        \n  default_call = functools.partial(_CS598_save_DataFrame_merge, self, right, how, on, \n      left_on, right_on, left_index, right_index, sort, suffixes, copy, indicator, validate)\n  \n  if os.environ[\"USE_MODIN\"] == \"True\":\n    modin_df = modin_pd.DataFrame(self)\n    modin_res = modin_df.merge(right, how, on, \n      left_on, right_on, left_index, right_index, sort, suffixes, copy, indicator, validate)\n    return modin_res._to_pandas()\n  return default_call()\n\n\ndef _CS598_to_datetime(\n    arg,\n    errors = \"raise\",\n    dayfirst: bool = False,\n    yearfirst: bool = False,\n    utc: bool | None = None,\n    format: str | None = None,\n    exact: bool = True,\n    unit: str | None = None,\n    infer_datetime_format: bool = False,\n    origin=\"unix\",\n    cache: bool = True,\n):\n  default_call = functools.partial(_CS598_save_to_datetime, arg, errors, dayfirst,\n      yearfirst, utc, format, exact, unit,infer_datetime_format, origin, cache)\n  \n  if os.environ[\"USE_MODIN\"] == \"True\":\n    if type(arg) == pd.DataFrame:\n      arg = modin_pd.DataFrame(arg)\n    elif type(arg) == pd.Series:\n      arg = modin_pd.Series(arg)\n\n    modin_res = modin_pd.to_datetime(arg, errors, dayfirst,\n      yearfirst, utc, format, exact, unit,infer_datetime_format, origin, cache)\n    return modin_res._to_pandas()\n  return default_call()\n\nassert pd.Series.apply != _CS598_Series_apply\nassert pd.DataFrame.apply != _CS598_DataFrame_apply\nassert pd.DataFrame.merge != _CS598_DataFrame_merge\nassert pd.to_datetime != _CS598_to_datetime\n# Overwriting is not trivial. Thanks to:\n# https://github.com/lux-org/lux/blob/550a2eca90b26c944ebe8600df7a51907bc851be/lux/core/__init__.py#L27\npd.Series.apply = pd.core.frame.Series.apply = pd.core.series.Series.apply = _CS598_Series_apply\npd.DataFrame.apply = pd.core.frame.DataFrame.apply = _CS598_DataFrame_apply\npd.DataFrame.merge = pd.core.frame.DataFrame.merge = _CS598_save_DataFrame_merge\npd.to_datetime = _CS598_to_datetime\nimport datetime\nimport os\n#print(os.listdir(\"../input\"))\n\nimport time\n\nimport matplotlib.pyplot as plt\nimport seaborn as sns\n%matplotlib inline",
      "total-ns": 4558541326,
      "vars": {},
      "p2m": {},
      "m2p": {}
    },
    {
      "raw": "#make wider graphs\nsns.set(rc={'figure.figsize':(12,5)});\nplt.figure(figsize=(12,5));",
      "total-ns": 5085060,
      "vars": {},
      "p2m": {},
      "m2p": {}
    },
    {
      "raw": "#import first 10,000,000 rows of train and all test data\ntrain = pd.read_csv('../input/train.csv', nrows=10000000)\ntest = pd.read_csv('../input/test.csv')",
      "total-ns": 17849361979,
      "vars": {
        "train": 1560823692,
        "test": 2330018300
      },
      "p2m": {},
      "m2p": {}
    },
    {
      "raw": "test.info()",
      "total-ns": 4880870,
      "vars": {
        "train": 1560823692,
        "test": 2330018300
      },
      "p2m": {},
      "m2p": {}
    },
    {
      "raw": "train.head()",
      "total-ns": 953110,
      "vars": {
        "train": 1560823692,
        "test": 2330018300
      },
      "p2m": {},
      "m2p": {}
    },
    {
      "raw": "test.head()",
      "total-ns": 859950,
      "vars": {
        "train": 1560823692,
        "test": 2330018300
      },
      "p2m": {},
      "m2p": {}
    },
    {
      "raw": "variables = ['ip', 'app', 'device', 'os', 'channel']\nfor v in variables:\n    train[v] = train[v].astype('category')\n    test[v]=test[v].astype('category')",
      "total-ns": 2686956691,
      "vars": {
        "train": 1283554884,
        "test": 1806877392
      },
      "p2m": {},
      "m2p": {}
    },
    {
      "raw": "#set click_time and attributed_time as timeseries\ntrain['click_time'] = pd.to_datetime(train['click_time'])\ntrain['attributed_time'] = pd.to_datetime(train['attributed_time'])\ntest['click_time'] = pd.to_datetime(test['click_time'])\n\n#set as_attributed in train as a categorical\ntrain['is_attributed']=train['is_attributed'].astype('category')",
      "total-ns": 10821797788,
      "vars": {
        "train": 292731460,
        "test": 529125500
      },
      "p2m": {},
      "m2p": {}
    },
    {
      "raw": "train.describe()",
      "total-ns": 821056265,
      "vars": {
        "train": 292731460,
        "test": 529125500
      },
      "p2m": {},
      "m2p": {}
    },
    {
      "raw": "plt.figure(figsize=(10, 6))\ncols = ['ip', 'app', 'device', 'os', 'channel']\nuniques = [len(train[col].unique()) for col in cols]\n# sns.set(font_scale=1.2)\n# ax = sns.barplot(cols, uniques, log=True)\n# ax.set(xlabel='Feature', ylabel='log(unique count)', title='Number of unique values per feature (from 10,000,000 samples)')\n# for p, uniq in zip(ax.patches, uniques):\n#     height = p.get_height()\n#     ax.text(p.get_x()+p.get_width()/2.,\n#             height + 10,\n#             uniq,\n#             ha=\"center\") \n# for col, uniq in zip(cols, uniques):\n#     ax.text(col, uniq, uniq, color='black', ha=\"center\")",
      "total-ns": 166182969,
      "vars": {
        "train": 292731460,
        "test": 529125500
      },
      "p2m": {},
      "m2p": {}
    },
    {
      "raw": "#double check that 'attributed_time' is not Null for all values that resulted in download (i.e. is_attributed == 1)\ntrain[['attributed_time', 'is_attributed']][train['is_attributed']==1].describe()",
      "total-ns": 117991622,
      "vars": {
        "train": 292731460,
        "test": 529125500
      },
      "p2m": {},
      "m2p": {}
    },
    {
      "raw": "#set click_id to categorical, for cleaner statistics view\ntest['click_id']=test['click_id'].astype('category')\ntest.describe()",
      "total-ns": 5626758724,
      "vars": {
        "train": 292731460,
        "test": 1145352632
      },
      "p2m": {},
      "m2p": {}
    },
    {
      "raw": "plt.figure(figsize=(6,6))\n#sns.set(font_scale=1.2)\nmean = (train.is_attributed.values == 1).mean()\n# ax = sns.barplot(['App Downloaded (1)', 'Not Downloaded (0)'], [mean, 1-mean])\n# ax.set(ylabel='Proportion', title='App Downloaded vs Not Downloaded')\n# for p, uniq in zip(ax.patches, [mean, 1-mean]):\n#     height = p.get_height()\n#     ax.text(p.get_x()+p.get_width()/2.,\n#             height+0.01,\n#             '{}%'.format(round(uniq * 100, 2)),\n#             ha=\"center\")",
      "total-ns": 10354919,
      "vars": {
        "train": 292731460,
        "test": 1145352632
      },
      "p2m": {},
      "m2p": {}
    },
    {
      "raw": "#temporary table to see ips with their associated count frequencies\ntemp = train['ip'].value_counts().reset_index(name='counts')\ntemp.columns = ['ip', 'counts']\ntemp[:10]",
      "total-ns": 52453956,
      "vars": {
        "train": 292731460,
        "test": 1145352632,
        "temp": 3488520
      },
      "p2m": {},
      "m2p": {}
    },
    {
      "raw": "#add temporary counts of ip feature ('counts') to the train table, to see if IPs with high counts have conversions\ntrain= train.merge(temp, on='ip', how='left')",
      "total-ns": 1625517822,
      "vars": {
        "train": 452731332,
        "test": 1145352632,
        "temp": 3488520
      },
      "p2m": {},
      "m2p": {}
    },
    {
      "raw": "#check top 10 values\ntrain[train['is_attributed']==1].sort_values('counts', ascending=False)[:10]",
      "total-ns": 8844540,
      "vars": {
        "train": 452731332,
        "test": 1145352632,
        "temp": 3488520
      },
      "p2m": {},
      "m2p": {}
    },
    {
      "raw": "train[train['is_attributed']==1].ip.describe()",
      "total-ns": 9968220,
      "vars": {
        "train": 452731332,
        "test": 1145352632,
        "temp": 3488520
      },
      "p2m": {},
      "m2p": {}
    },
    {
      "raw": "#convert 'is_attributed' back to numeric for proportion calculations\ntrain['is_attributed']=train['is_attributed'].astype(int)",
      "total-ns": 32124078,
      "vars": {
        "train": 522731208,
        "test": 1145352632,
        "temp": 3488520
      },
      "p2m": {},
      "m2p": {}
    },
    {
      "raw": "proportion = train[['ip', 'is_attributed']].groupby('ip', as_index=False).mean().sort_values('is_attributed', ascending=False)\ncounts = train[['ip', 'is_attributed']].groupby('ip', as_index=False).count().sort_values('is_attributed', ascending=False)\nmerge = counts.merge(proportion, on='ip', how='left')\nmerge.columns = ['ip', 'click_count', 'prop_downloaded']\n\n# ax = merge[:300].plot(secondary_y='prop_downloaded')\n# plt.title('Conversion Rates over Counts of 300 Most Popular IPs')\n# ax.set(ylabel='Count of clicks')\n# plt.ylabel('Proportion Downloaded')\n# plt.show()\n\nprint('Counversion Rates over Counts of Most Popular IPs')\nprint(merge[:20])\n",
      "total-ns": 45486315285,
      "vars": {
        "train": 522731208,
        "test": 1145352632,
        "temp": 3488520,
        "proportion": 4038312,
        "counts": 4038312,
        "merge": 4588232
      },
      "p2m": {},
      "m2p": {}
    },
    {
      "raw": "proportion = train[['app', 'is_attributed']].groupby('app', as_index=False).mean().sort_values('is_attributed', ascending=False)\ncounts = train[['app', 'is_attributed']].groupby('app', as_index=False).count().sort_values('is_attributed', ascending=False)\nmerge = counts.merge(proportion, on='app', how='left')\nmerge.columns = ['app', 'click_count', 'prop_downloaded']\n\n# ax = merge[:100].plot(secondary_y='prop_downloaded')\n# plt.title('Conversion Rates over Counts of 100 Most Popular Apps')\n# ax.set(ylabel='Count of clicks')\n# plt.ylabel('Proportion Downloaded')\n# plt.show()\n\nprint('Counversion Rates over Counts of Most Popular Apps')\nprint(merge[:20])",
      "total-ns": 45825670113,
      "vars": {
        "train": 522731208,
        "test": 1145352632,
        "temp": 3488520,
        "proportion": 16944,
        "counts": 16944,
        "merge": 19600
      },
      "p2m": {},
      "m2p": {}
    },
    {
      "raw": "proportion = train[['os', 'is_attributed']].groupby('os', as_index=False).mean().sort_values('is_attributed', ascending=False)\ncounts = train[['os', 'is_attributed']].groupby('os', as_index=False).count().sort_values('is_attributed', ascending=False)\nmerge = counts.merge(proportion, on='os', how='left')\nmerge.columns = ['os', 'click_count', 'prop_downloaded']\n\n# ax = merge[:100].plot(secondary_y='prop_downloaded')\n# plt.title('Conversion Rates over Counts of 100 Most Popular Operating Systems')\n# ax.set(ylabel='Count of clicks')\n# plt.ylabel('Proportion Downloaded')\n# plt.show()\n\nprint('Counversion Rates over Counts of Most Popular Operating Systems')\nprint(merge[:20])",
      "total-ns": 53820774079,
      "vars": {
        "train": 522731208,
        "test": 1145352632,
        "temp": 3488520,
        "proportion": 15904,
        "counts": 15904,
        "merge": 18240
      },
      "p2m": {},
      "m2p": {}
    },
    {
      "raw": "proportion = train[['device', 'is_attributed']].groupby('device', as_index=False).mean().sort_values('is_attributed', ascending=False)\ncounts = train[['device', 'is_attributed']].groupby('device', as_index=False).count().sort_values('is_attributed', ascending=False)\nmerge = counts.merge(proportion, on='device', how='left')\nmerge.columns = ['device', 'click_count', 'prop_downloaded']\n\nprint('Count of clicks and proportion of downloads by device:')\nprint(merge)",
      "total-ns": 43585020622,
      "vars": {
        "train": 522731208,
        "test": 1145352632,
        "temp": 3488520,
        "proportion": 57520,
        "counts": 57520,
        "merge": 65040
      },
      "p2m": {},
      "m2p": {}
    },
    {
      "raw": "proportion = train[['channel', 'is_attributed']].groupby('channel', as_index=False).mean().sort_values('is_attributed', ascending=False)\ncounts = train[['channel', 'is_attributed']].groupby('channel', as_index=False).count().sort_values('is_attributed', ascending=False)\nmerge = counts.merge(proportion, on='channel', how='left')\nmerge.columns = ['channel', 'click_count', 'prop_downloaded']\n\n# ax = merge[:100].plot(secondary_y='prop_downloaded')\n# plt.title('Conversion Rates over Counts of 100 Most Popular Apps')\n# ax.set(ylabel='Count of clicks')\n# plt.ylabel('Proportion Downloaded')\n# plt.show()\n\nprint('Counversion Rates over Counts of Most Popular Channels')\nprint(merge[:20])",
      "total-ns": 43323973450,
      "vars": {
        "train": 522731208,
        "test": 1145352632,
        "temp": 3488520,
        "proportion": 8604,
        "counts": 8604,
        "merge": 9964
      },
      "p2m": {},
      "m2p": {}
    },
    {
      "raw": "train_smp = pd.read_csv('../input/train_sample.csv')",
      "total-ns": 70143726,
      "vars": {
        "train": 522731208,
        "test": 1145352632,
        "temp": 3488520,
        "proportion": 8604,
        "counts": 8604,
        "merge": 9964,
        "train_smp": 15610132
      },
      "p2m": {},
      "m2p": {}
    },
    {
      "raw": "train_smp.head(7)",
      "total-ns": 597830,
      "vars": {
        "train": 522731208,
        "test": 1145352632,
        "temp": 3488520,
        "proportion": 8604,
        "counts": 8604,
        "merge": 9964,
        "train_smp": 15610132
      },
      "p2m": {},
      "m2p": {}
    },
    {
      "raw": "#convert click_time and attributed_time to time series\ntrain_smp['click_time'] = pd.to_datetime(train_smp['click_time'])\ntrain_smp['attributed_time'] = pd.to_datetime(train_smp['attributed_time'])",
      "total-ns": 154885359,
      "vars": {
        "train": 522731208,
        "test": 1145352632,
        "temp": 3488520,
        "proportion": 8604,
        "counts": 8604,
        "merge": 9964,
        "train_smp": 6400144
      },
      "p2m": {},
      "m2p": {}
    },
    {
      "raw": "#round the time to nearest hour\ntrain_smp['click_rnd']=train_smp['click_time'].dt.round('H')  \n\n#check for hourly patterns\ntrain_smp[['click_rnd','is_attributed']].groupby(['click_rnd'], as_index=True).count()\n# plt.title('HOURLY CLICK FREQUENCY');\n# plt.ylabel('Number of Clicks');\n\ntrain_smp[['click_rnd','is_attributed']].groupby(['click_rnd'], as_index=True).mean()\n# plt.title('HOURLY CONVERSION RATIO');\n# plt.ylabel('Converted Ratio');",
      "total-ns": 11122689,
      "vars": {
        "train": 522731208,
        "test": 1145352632,
        "temp": 3488520,
        "proportion": 8604,
        "counts": 8604,
        "merge": 9964,
        "train_smp": 7200144
      },
      "p2m": {},
      "m2p": {}
    },
    {
      "raw": "#extract hour as a feature\ntrain_smp['click_hour']=train_smp['click_time'].dt.hour",
      "total-ns": 4333569,
      "vars": {
        "train": 522731208,
        "test": 1145352632,
        "temp": 3488520,
        "proportion": 8604,
        "counts": 8604,
        "merge": 9964,
        "train_smp": 8000144
      },
      "p2m": {},
      "m2p": {}
    },
    {
      "raw": "train_smp.head(7)",
      "total-ns": 524090,
      "vars": {
        "train": 522731208,
        "test": 1145352632,
        "temp": 3488520,
        "proportion": 8604,
        "counts": 8604,
        "merge": 9964,
        "train_smp": 8000144
      },
      "p2m": {},
      "m2p": {}
    },
    {
      "raw": "train_smp[['click_hour','is_attributed']].groupby(['click_hour'], as_index=True).count()\n# .plot(kind='bar', color='#a675a1')\n# plt.title('HOURLY CLICK FREQUENCY Barplot');\n# plt.ylabel('Number of Clicks');\n\ntrain_smp[['click_hour','is_attributed']].groupby(['click_hour'], as_index=True).count()\n# .plot(color='#a675a1')\n# plt.title('HOURLY CLICK FREQUENCY Lineplot');\n# plt.ylabel('Number of Clicks');",
      "total-ns": 6868830,
      "vars": {
        "train": 522731208,
        "test": 1145352632,
        "temp": 3488520,
        "proportion": 8604,
        "counts": 8604,
        "merge": 9964,
        "train_smp": 8000144
      },
      "p2m": {},
      "m2p": {}
    },
    {
      "raw": "train_smp[['click_hour','is_attributed']].groupby(['click_hour'], as_index=True).mean()\n# .plot(kind='bar', color='#75a1a6')\n# plt.title('HOURLY CONVERSION RATIO Barplot');\n# plt.ylabel('Converted Ratio');\n\ntrain_smp[['click_hour','is_attributed']].groupby(['click_hour'], as_index=True).mean()\n# .plot( color='#75a1a6')\n# plt.title('HOURLY CONVERSION RATIO Lineplot');\n# plt.ylabel('Converted Ratio');",
      "total-ns": 6012080,
      "vars": {
        "train": 522731208,
        "test": 1145352632,
        "temp": 3488520,
        "proportion": 8604,
        "counts": 8604,
        "merge": 9964,
        "train_smp": 8000144
      },
      "p2m": {},
      "m2p": {}
    },
    {
      "raw": "#adapted from https://stackoverflow.com/questions/9103166/multiple-axis-in-matplotlib-with-different-scales\n#smonek's answer\n\n\ngroup = train_smp[['click_hour','is_attributed']].groupby(['click_hour'], as_index=False).mean()\nx = group['click_hour']\nymean = group['is_attributed']\ngroup = train_smp[['click_hour','is_attributed']].groupby(['click_hour'], as_index=False).count()\nycount = group['is_attributed']\n\n\n# fig = plt.figure()\n# host = fig.add_subplot(111)\n\n# par1 = host.twinx()\n\n# host.set_xlabel(\"Time\")\n# host.set_ylabel(\"Proportion Converted\")\n# par1.set_ylabel(\"Click Count\")\n\n# #color1 = plt.cm.viridis(0)\n# #color2 = plt.cm.viridis(0.5)\n# color1 = '#75a1a6'\n# color2 = '#a675a1'\n\n# p1, = host.plot(x, ymean, color=color1,label=\"Proportion Converted\")\n# p2, = par1.plot(x, ycount, color=color2, label=\"Click Count\")\n\n# lns = [p1, p2]\n# host.legend(handles=lns, loc='best')\n\n# host.yaxis.label.set_color(p1.get_color())\n# par1.yaxis.label.set_color(p2.get_color())\n\n# plt.savefig(\"pyplot_multiple_y-axis.png\", bbox_inches='tight')",
      "total-ns": 6166649,
      "vars": {
        "train": 522731208,
        "test": 1145352632,
        "temp": 3488520,
        "proportion": 8604,
        "counts": 8604,
        "merge": 9964,
        "train_smp": 8000144,
        "group": 528,
        "x": 336,
        "ymean": 336,
        "ycount": 336
      },
      "p2m": {},
      "m2p": {}
    },
    {
      "raw": "# sns.barplot('click_hour', 'is_attributed', data=train_smp)\n# plt.title('HOURLY CONVERSION RATIO');\n# plt.ylabel('Converted Ratio');",
      "total-ns": 252101,
      "vars": {
        "train": 522731208,
        "test": 1145352632,
        "temp": 3488520,
        "proportion": 8604,
        "counts": 8604,
        "merge": 9964,
        "train_smp": 8000144,
        "group": 528,
        "x": 336,
        "ymean": 336,
        "ycount": 336
      },
      "p2m": {},
      "m2p": {}
    },
    {
      "raw": "train_smp['timePass']= train_smp['attributed_time']-train_smp['click_time']\n#check:\ntrain_smp[train_smp['is_attributed']==1][:15]",
      "total-ns": 2682640,
      "vars": {
        "train": 522731208,
        "test": 1145352632,
        "temp": 3488520,
        "proportion": 8604,
        "counts": 8604,
        "merge": 9964,
        "train_smp": 8800144,
        "group": 528,
        "x": 336,
        "ymean": 336,
        "ycount": 336
      },
      "p2m": {},
      "m2p": {}
    },
    {
      "raw": "train_smp['timePass'].describe()",
      "total-ns": 4019450,
      "vars": {
        "train": 522731208,
        "test": 1145352632,
        "temp": 3488520,
        "proportion": 8604,
        "counts": 8604,
        "merge": 9964,
        "train_smp": 8800144,
        "group": 528,
        "x": 336,
        "ymean": 336,
        "ycount": 336
      },
      "p2m": {},
      "m2p": {}
    },
    {
      "raw": "#check first 10,000,000 of actual train data\ntrain['timePass']= train['attributed_time']-train['click_time']\ntrain['timePass'].describe()",
      "total-ns": 377360715,
      "vars": {
        "train": 602731208,
        "test": 1145352632,
        "temp": 3488520,
        "proportion": 8604,
        "counts": 8604,
        "merge": 9964,
        "train_smp": 8800144,
        "group": 528,
        "x": 336,
        "ymean": 336,
        "ycount": 336
      },
      "p2m": {},
      "m2p": {}
    },
    {
      "raw": "",
      "total-ns": 234110,
      "vars": {
        "train": 602731208,
        "test": 1145352632,
        "temp": 3488520,
        "proportion": 8604,
        "counts": 8604,
        "merge": 9964,
        "train_smp": 8800144,
        "group": 528,
        "x": 336,
        "ymean": 336,
        "ycount": 336
      },
      "p2m": {},
      "m2p": {}
    }
  ]
}