{
  "cells": [
    {
      "raw": "\nimport pandas as pd\nimport functools\n\nimport os\nos.environ[\"MODIN_ENGINE\"] = \"ray\"\nimport ray\nos.environ['MODIN_CPUS'] = \"4\"\nray.init(num_cpus=4, runtime_env={'env_vars': {'__MODIN_AUTOIMPORT_PANDAS__': '1'}})\nimport modin.pandas as modin_pd\n\n\nos.environ[\"USE_MODIN\"]=\"True\"\n\nfrom typing import Dict, List, Optional, Tuple, Any, Literal, Callable\nfrom pandas._typing import AggFuncType, Axis, IndexLabel, Suffixes\n\n_CS598_save_DataFrame_apply = pd.DataFrame.apply\n_CS598_save_DataFrame_merge = pd.DataFrame.merge\n_CS598_save_Series_apply = pd.Series.apply\n_CS598_save_to_datetime = pd.to_datetime\n\ndef _CS598_Series_apply(self, func: AggFuncType, convert_dtype: bool = True,\n                        args: tuple[Any, ...] = (), **kwargs):\n  default_call = functools.partial(_CS598_save_Series_apply, self, func, convert_dtype, args, **kwargs)\n  assert isinstance(self, pd.Series)\n  \n  if os.environ[\"USE_MODIN\"] == \"True\":\n    modin_ser = modin_pd.Series(self)\n    # TODO: We need a generic way to deal with this.\n    # Problem: pd.numeric is passed which doesn't work on a modin dataframe.\n    if func == pd.to_numeric:\n      assert false\n      func = modin_pd.to_numeric\n    modin_res = modin_ser.apply(func, convert_dtype, args, **kwargs)\n    return modin_res._to_pandas()\n  return default_call()\n\ndef _CS598_DataFrame_apply(\n    self,\n    func: AggFuncType,\n    axis: Axis = 0,\n    raw: bool = False,\n    result_type: Literal[\"expand\", \"reduce\", \"broadcast\"] | None = None,\n    args=(),\n    **kwargs,\n):\n  default_call = functools.partial(_CS598_save_DataFrame_apply, self, func, axis, raw, result_type, args, **kwargs)\n  assert isinstance(self, pd.DataFrame)\n  \n  if os.environ[\"USE_MODIN\"] == \"True\":\n    modin_df = modin_pd.DataFrame(self)\n    modin_res = modin_df.apply(func, axis, raw, result_type, args, **kwargs)\n    return modin_res._to_pandas()\n  return default_call()\n\ndef _CS598_DataFrame_merge(\n    self,\n    right: pd.DataFrame | pd.Series,\n    how: str = \"inner\",\n    on: IndexLabel | None = None,\n    left_on: IndexLabel | None = None,\n    right_on: IndexLabel | None = None,\n    left_index: bool = False,\n    right_index: bool = False,\n    sort: bool = False,\n    suffixes: Suffixes = (\"_x\", \"_y\"),\n    copy: bool = True,\n    indicator: bool = False,\n    validate: str | None = None,\n) -> pd.DataFrame:\n  assert isinstance(self, pd.DataFrame)        \n  default_call = functools.partial(_CS598_save_DataFrame_merge, self, right, how, on, \n      left_on, right_on, left_index, right_index, sort, suffixes, copy, indicator, validate)\n  \n  if os.environ[\"USE_MODIN\"] == \"True\":\n    modin_df = modin_pd.DataFrame(self)\n    modin_res = modin_df.merge(right, how, on, \n      left_on, right_on, left_index, right_index, sort, suffixes, copy, indicator, validate)\n    return modin_res._to_pandas()\n  return default_call()\n\n\ndef _CS598_to_datetime(\n    arg,\n    errors = \"raise\",\n    dayfirst: bool = False,\n    yearfirst: bool = False,\n    utc: bool | None = None,\n    format: str | None = None,\n    exact: bool = True,\n    unit: str | None = None,\n    infer_datetime_format: bool = False,\n    origin=\"unix\",\n    cache: bool = True,\n):\n  default_call = functools.partial(_CS598_save_to_datetime, arg, errors, dayfirst,\n      yearfirst, utc, format, exact, unit,infer_datetime_format, origin, cache)\n  \n  if os.environ[\"USE_MODIN\"] == \"True\":\n    if type(arg) == pd.DataFrame:\n      arg = modin_pd.DataFrame(arg)\n    elif type(arg) == pd.Series:\n      arg = modin_pd.Series(arg)\n\n    modin_res = modin_pd.to_datetime(arg, errors, dayfirst,\n      yearfirst, utc, format, exact, unit,infer_datetime_format, origin, cache)\n    return modin_res._to_pandas()\n  return default_call()\n\nassert pd.Series.apply != _CS598_Series_apply\nassert pd.DataFrame.apply != _CS598_DataFrame_apply\nassert pd.DataFrame.merge != _CS598_DataFrame_merge\nassert pd.to_datetime != _CS598_to_datetime\n# Overwriting is not trivial. Thanks to:\n# https://github.com/lux-org/lux/blob/550a2eca90b26c944ebe8600df7a51907bc851be/lux/core/__init__.py#L27\npd.Series.apply = pd.core.frame.Series.apply = pd.core.series.Series.apply = _CS598_Series_apply\npd.DataFrame.apply = pd.core.frame.DataFrame.apply = _CS598_DataFrame_apply\npd.DataFrame.merge = pd.core.frame.DataFrame.merge = _CS598_save_DataFrame_merge\npd.to_datetime = _CS598_to_datetime\nimport numpy as np",
      "total-ns": 4187294220
    },
    {
      "raw": "df = pd.read_csv('../input/annex1.csv')\ndf.head()",
      "total-ns": 7122810
    },
    {
      "raw": "df1 = pd.read_csv('../input/annex2.csv')\ndf1.head()",
      "total-ns": 1220108847
    },
    {
      "raw": "# Join the both DataFrames\n\nmerge = pd.merge(df, df1, on ='Item Code')\nmerge.head()",
      "total-ns": 272517479
    },
    {
      "raw": "df = merge\nintended_df_size_in_MB = 1024\nfactor = intended_df_size_in_MB*(2**20)/df.memory_usage(index=True).sum()\nif int(factor) > 0:\n    df = pd.concat([df]*int(factor), ignore_index=True)\nelse:\n    rowCount = int(df.shape[0]*factor)\n    df = df[0:rowCount]\nmerge = df\nmerge.info()",
      "total-ns": 690135008
    },
    {
      "raw": "# Rename Columns\nmerge = merge.rename(columns={'Quantity Sold (kilo)':'Quantity Sold', 'Unit Selling Price (RMB/kg)':'Unit Selling Price','Discount (Yes/No)':'Discount'})",
      "total-ns": 2306609694
    },
    {
      "raw": "#Change datatype of date column.\n\nmerge['Date'] = pd.to_datetime(merge['Date'])",
      "total-ns": 6451589005
    },
    {
      "raw": "merge.isnull().sum()",
      "total-ns": 6542810205
    },
    {
      "raw": "Category_count = merge['Category Name'].value_counts()\nCategory_count",
      "total-ns": 382215329
    },
    {
      "raw": "top_10_products = merge['Item Name'].value_counts()[:10]\ntop_10_products",
      "total-ns": 388955779
    },
    {
      "raw": "# Creating sales column\n\nmerge['Sales'] = merge['Unit Selling Price'] * merge['Quantity Sold']",
      "total-ns": 40073221
    },
    {
      "raw": "Item_sales = merge.groupby('Item Name',as_index=False)['Sales'].sum().sort_values(by='Sales',ascending=False).head(10)\nItem_sales",
      "total-ns": 800808897
    },
    {
      "raw": "#Add year column in dataframe\nmerge['Year'] = merge['Date'].dt.year",
      "total-ns": 309000650
    },
    {
      "raw": "Year_wise_sales=merge.groupby('Year')['Sales'].sum()\nYear_wise_sales",
      "total-ns": 171491500
    },
    {
      "raw": "Sale_Or_Return = merge['Sale or Return'].value_counts()\nSale_Or_Return = pd.DataFrame(Sale_Or_Return)\nSale_Or_Return",
      "total-ns": 510903638
    },
    {
      "raw": "Discount = merge['Discount'].value_counts()\nDiscount = pd.DataFrame(Discount)\nDiscount",
      "total-ns": 512424529
    },
    {
      "raw": "",
      "total-ns": 119410
    }
  ]
}