{
  "cells": [
    {
      "raw": "import warnings\nwarnings.filterwarnings('ignore')\nimport numpy as np\nimport pandas as pd",
      "total-ns": 270521399
    },
    {
      "raw": "df=pd.read_csv(r'../input/churn-bigml-80.csv')",
      "total-ns": 9874080
    },
    {
      "raw": "df = df\nintended_df_size_in_MB = 1024\nfactor = intended_df_size_in_MB*(2**20)/df.memory_usage(index=True).sum()\nif int(factor) > 0:\n    df = pd.concat([df]*int(factor), ignore_index=True)\nelse:\n    rowCount = int(df.shape[0]*factor)\n    df = df[0:rowCount]\ndf = df\ndf.info()",
      "total-ns": 1612348998
    },
    {
      "raw": "df.head()",
      "total-ns": 408700
    },
    {
      "raw": "df.shape",
      "total-ns": 191890
    },
    {
      "raw": "df.columns",
      "total-ns": 141990
    },
    {
      "raw": "df.nunique()",
      "total-ns": 1243703958
    },
    {
      "raw": "df.info()",
      "total-ns": 3850470
    },
    {
      "raw": "df[\"Churn\"] = df[\"Churn\"].astype(\"int64\")",
      "total-ns": 19047130
    },
    {
      "raw": "df.info()",
      "total-ns": 3938280
    },
    {
      "raw": "df.describe().T",
      "total-ns": 3821955985
    },
    {
      "raw": "df.describe(include=[\"object\"]).T",
      "total-ns": 1947436027
    },
    {
      "raw": "df[\"Churn\"].value_counts()",
      "total-ns": 28254979
    },
    {
      "raw": "df[\"Churn\"].value_counts(normalize=True)",
      "total-ns": 27429849
    },
    {
      "raw": "df.sort_values(by=\"Total day charge\", ascending=False).head()",
      "total-ns": 4791095752
    },
    {
      "raw": "df.sort_values(by=[\"Total day charge\", 'Total day calls'], ascending=[True, False]).head()",
      "total-ns": 2316271587
    },
    {
      "raw": "df.loc[0:5, \"State\":\"Area code\"]",
      "total-ns": 2104290
    },
    {
      "raw": "df.iloc[0:5, 0:3]",
      "total-ns": 472900
    },
    {
      "raw": "df.groupby(\"Churn\")[\"Total day minutes\"].mean()",
      "total-ns": 97060710
    },
    {
      "raw": "columns_to_show = [\"Total day minutes\", \"Total eve minutes\", \"Total night minutes\"]\n\ndf.groupby([\"Churn\"])[columns_to_show].agg(['mean', 'std', 'max', 'min'])",
      "total-ns": 1267795138
    },
    {
      "raw": "df.apply(np.max)",
      "total-ns": 1141802909
    },
    {
      "raw": "df[ (df[\"Churn\"] == 0) & (df[\"International plan\"] == \"No\") ][\"Total intl minutes\"].max()",
      "total-ns": 746146609
    },
    {
      "raw": "pd.crosstab(df[\"Churn\"], df[\"International plan\"])",
      "total-ns": 713503678
    },
    {
      "raw": "pd.crosstab(df[\"Churn\"], df[\"International plan\"], normalize=True)",
      "total-ns": 711423299
    },
    {
      "raw": "total_calls = (\n    df[\"Total day calls\"]\n    + df[\"Total eve calls\"]\n    + df[\"Total night calls\"]\n    + df[\"Total intl calls\"]\n)\n\ndf.insert(loc=len(df.columns), column=\"Total calls\", value=total_calls)",
      "total-ns": 45408150
    },
    {
      "raw": "d = {\"No\": 0, \"Yes\": 1}",
      "total-ns": 396011
    },
    {
      "raw": "df[\"International plan\"] = df[\"International plan\"].map(d)",
      "total-ns": 368497719
    },
    {
      "raw": "df = df.replace({\"Voice mail plan\": d})",
      "total-ns": 2342634046
    },
    {
      "raw": "df.head()",
      "total-ns": 572271
    },
    {
      "raw": "df[\"Total charge\"] =df[\"Total day charge\"] + df[\"Total eve charge\"] + df[\"Total night charge\"] + df[\"Total intl charge\"]",
      "total-ns": 43531160
    },
    {
      "raw": "df.head()",
      "total-ns": 479570
    },
    {
      "raw": "df.drop([\"Total charge\", \"Total day calls\"], axis=1, inplace=True)",
      "total-ns": 290878160
    },
    {
      "raw": "df.head()",
      "total-ns": 579230
    },
    {
      "raw": "",
      "total-ns": 77620
    },
    {
      "raw": "",
      "total-ns": 44210
    },
    {
      "raw": "",
      "total-ns": 38190
    },
    {
      "raw": "",
      "total-ns": 35510
    }
  ]
}