{
  "cells": [
    {
      "raw": "# This Python 3 environment comes with many helpful analytics libraries installed\n# It is defined by the kaggle/python Docker image: https://github.com/kaggle/docker-python\n# For example, here's several helpful packages to load\n\nimport numpy as np # linear algebra\n\nimport pandas as pd\nimport functools\n\nimport os\nos.environ[\"MODIN_ENGINE\"] = \"ray\"\nimport ray\nos.environ['MODIN_CPUS'] = \"4\"\nray.init(num_cpus=4, runtime_env={'env_vars': {'__MODIN_AUTOIMPORT_PANDAS__': '1'}})\nimport modin.pandas as modin_pd\n\n\nos.environ[\"USE_MODIN\"]=\"True\"\n\nfrom typing import Dict, List, Optional, Tuple, Any, Literal, Callable\nfrom pandas._typing import AggFuncType, Axis, IndexLabel, Suffixes\n\n_CS598_save_DataFrame_apply = pd.DataFrame.apply\n_CS598_save_DataFrame_merge = pd.DataFrame.merge\n_CS598_save_Series_apply = pd.Series.apply\n_CS598_save_to_datetime = pd.to_datetime\n\ndef _CS598_Series_apply(self, func: AggFuncType, convert_dtype: bool = True,\n                        args: tuple[Any, ...] = (), **kwargs):\n  default_call = functools.partial(_CS598_save_Series_apply, self, func, convert_dtype, args, **kwargs)\n  assert isinstance(self, pd.Series)\n  \n  if os.environ[\"USE_MODIN\"] == \"True\":\n    modin_ser = modin_pd.Series(self)\n    # TODO: We need a generic way to deal with this.\n    # Problem: pd.numeric is passed which doesn't work on a modin dataframe.\n    if func == pd.to_numeric:\n      assert false\n      func = modin_pd.to_numeric\n    modin_res = modin_ser.apply(func, convert_dtype, args, **kwargs)\n    return modin_res._to_pandas()\n  return default_call()\n\ndef _CS598_DataFrame_apply(\n    self,\n    func: AggFuncType,\n    axis: Axis = 0,\n    raw: bool = False,\n    result_type: Literal[\"expand\", \"reduce\", \"broadcast\"] | None = None,\n    args=(),\n    **kwargs,\n):\n  default_call = functools.partial(_CS598_save_DataFrame_apply, self, func, axis, raw, result_type, args, **kwargs)\n  assert isinstance(self, pd.DataFrame)\n  \n  if os.environ[\"USE_MODIN\"] == \"True\":\n    modin_df = modin_pd.DataFrame(self)\n    modin_res = modin_df.apply(func, axis, raw, result_type, args, **kwargs)\n    return modin_res._to_pandas()\n  return default_call()\n\ndef _CS598_DataFrame_merge(\n    self,\n    right: pd.DataFrame | pd.Series,\n    how: str = \"inner\",\n    on: IndexLabel | None = None,\n    left_on: IndexLabel | None = None,\n    right_on: IndexLabel | None = None,\n    left_index: bool = False,\n    right_index: bool = False,\n    sort: bool = False,\n    suffixes: Suffixes = (\"_x\", \"_y\"),\n    copy: bool = True,\n    indicator: bool = False,\n    validate: str | None = None,\n) -> pd.DataFrame:\n  assert isinstance(self, pd.DataFrame)        \n  default_call = functools.partial(_CS598_save_DataFrame_merge, self, right, how, on, \n      left_on, right_on, left_index, right_index, sort, suffixes, copy, indicator, validate)\n  \n  if os.environ[\"USE_MODIN\"] == \"True\":\n    modin_df = modin_pd.DataFrame(self)\n    modin_res = modin_df.merge(right, how, on, \n      left_on, right_on, left_index, right_index, sort, suffixes, copy, indicator, validate)\n    return modin_res._to_pandas()\n  return default_call()\n\n\ndef _CS598_to_datetime(\n    arg,\n    errors = \"raise\",\n    dayfirst: bool = False,\n    yearfirst: bool = False,\n    utc: bool | None = None,\n    format: str | None = None,\n    exact: bool = True,\n    unit: str | None = None,\n    infer_datetime_format: bool = False,\n    origin=\"unix\",\n    cache: bool = True,\n):\n  default_call = functools.partial(_CS598_save_to_datetime, arg, errors, dayfirst,\n      yearfirst, utc, format, exact, unit,infer_datetime_format, origin, cache)\n  \n  if os.environ[\"USE_MODIN\"] == \"True\":\n    if type(arg) == pd.DataFrame:\n      arg = modin_pd.DataFrame(arg)\n    elif type(arg) == pd.Series:\n      arg = modin_pd.Series(arg)\n\n    modin_res = modin_pd.to_datetime(arg, errors, dayfirst,\n      yearfirst, utc, format, exact, unit,infer_datetime_format, origin, cache)\n    return modin_res._to_pandas()\n  return default_call()\n\nassert pd.Series.apply != _CS598_Series_apply\nassert pd.DataFrame.apply != _CS598_DataFrame_apply\nassert pd.DataFrame.merge != _CS598_DataFrame_merge\nassert pd.to_datetime != _CS598_to_datetime\n# Overwriting is not trivial. Thanks to:\n# https://github.com/lux-org/lux/blob/550a2eca90b26c944ebe8600df7a51907bc851be/lux/core/__init__.py#L27\npd.Series.apply = pd.core.frame.Series.apply = pd.core.series.Series.apply = _CS598_Series_apply\npd.DataFrame.apply = pd.core.frame.DataFrame.apply = _CS598_DataFrame_apply\npd.DataFrame.merge = pd.core.frame.DataFrame.merge = _CS598_save_DataFrame_merge\npd.to_datetime = _CS598_to_datetime\n# Input data files are available in the read-only \"../input/\" directory\n# For example, running this (by clicking run or pressing Shift+Enter) will list all files under the input directory\n\nimport os\nfor dirname, _, filenames in os.walk('../input'):\n    for filename in filenames:\n        print(os.path.join(dirname, filename))\n\n# You can write up to 20GB to the current directory (/kaggle/working/) that gets preserved as output when you create a version using \"Save & Run All\" \n# You can also write temporary files to /kaggle/temp/, but they won't be saved outside of the current session",
      "total-ns": 2267024732
    },
    {
      "raw": "# importing the necessary libraries for EDA on Airline Dataset | Kaggle Dataset\n\nimport pandas as pd \nimport numpy as np",
      "total-ns": 546300
    },
    {
      "raw": "# loading the dataset and showing first 5 rows of the dataset\n\ndf = pd.read_csv(\"../input/Airline Dataset.csv\")\ndf.head(5)",
      "total-ns": 810668065
    },
    {
      "raw": "df = df\nintended_df_size_in_MB = 1024\nfactor = intended_df_size_in_MB*(2**20)/df.memory_usage(index=True).sum()\nif int(factor) > 0:\n    df = pd.concat([df]*int(factor), ignore_index=True)\nelse:\n    rowCount = int(df.shape[0]*factor)\n    df = df[0:rowCount]\ndf = df\ndf.info()",
      "total-ns": 2016132281
    },
    {
      "raw": "# Getting the info on the dataset\ndf.info()",
      "total-ns": 3727760
    },
    {
      "raw": "#  Top 20 Country with count of Visitors \n\ndf['Country Name'].value_counts().head(20)",
      "total-ns": 339181051
    },
    {
      "raw": "# Vizualizing the previous cell \n\ntop_20_countries_df =  df['Country Name'].value_counts().head(20)\ntop_20_countries_df = pd.DataFrame({'Country Name': top_20_countries_df.index, 'Count': top_20_countries_df.values})\ntop_20_countries_df = top_20_countries_df.sort_values(by='Count', ascending=True)",
      "total-ns": 337424692
    },
    {
      "raw": "# Ratio between Male Travellers and Female Travellers\n\nTravl_Ratio =  df['Gender'].value_counts()\nTravl_Ratio = pd.DataFrame({'Gender': Travl_Ratio.index, 'Count': Travl_Ratio.values})",
      "total-ns": 332879902
    },
    {
      "raw": "# Total number of Pilots per country \n\nPilot_df = df[['Country Name', 'Pilot Name']]\npilot_pivot = pd.pivot_table(Pilot_df, index=['Country Name'], aggfunc='count')\npilot_pivot.rename(columns={'Pilot Name':'Pilot Count'}, inplace=True)\npilot_pivot = pilot_pivot.reset_index()\npilot_pivot.sort_values(by='Pilot Count', ascending=False, inplace=True)\npilot_pivot.head(10)",
      "total-ns": 3616127210
    },
    {
      "raw": "df.head(5)",
      "total-ns": 502340
    },
    {
      "raw": "# Shoes the Count of travellers per Flight Status by Country for the entire duration in the dataset\n\nFlight_status_df = df[['Country Name','Flight Status']]\nFlight_status_df['FTE'] = 1\n\n# Creating a Pivot table by Country with Count of Travellers per Flight Status  \nFlight_status_pivot = pd.pivot_table(Flight_status_df, index=['Country Name'], columns=['Flight Status'], values = ['FTE'], aggfunc='count')\nFlight_status_pivot = Flight_status_pivot.reset_index()\nFlight_status_pivot.head(11)",
      "total-ns": 1196019486
    },
    {
      "raw": "# Removing the Spaces on the column names and replacing it with (-) \n# Refrencing the dataframe to another variable (df2)\n\ndf.columns = df.columns.str.replace(' ', '_')\ndf2 = df\ndf2\n\n# Quering on the data based on Airport Country Code (United States) \nUS_data = df2.query('Airport_Country_Code == \"US\"')\n\n\nUS_data",
      "total-ns": 510704983
    },
    {
      "raw": "#  The Departure Date is an Object, converting it into Date-time format and extracting Quarter, month and Week \n\nUS_data['Date'] = pd.to_datetime(US_data['Departure_Date']) \n\n# Extract quarter, month, week\n\nUS_data['Quarter'] = US_data['Date'].dt.quarter\nUS_data['Month'] = US_data['Date'].dt.month\nUS_data['Week'] = US_data['Date'].dt.isocalendar().week\nUS_data\n\n#  So Now we have a data_set that only has values for United States for further EDA",
      "total-ns": 5271910558
    },
    {
      "raw": "#  Creating a Customer Column based on Departure and Arrival Airport \nUS_data['Route'] = US_data['Airport_Name'].str.cat(US_data['Arrival_Airport'], sep=' -to- ')\n\nUS_Flight_Route = US_data['Route'].value_counts()\nUS_Flight_Route = pd.DataFrame({'Route': US_Flight_Route.index, 'Count': US_Flight_Route.values})\nTop_20_US_Flight_Route = US_Flight_Route.head(20)\n",
      "total-ns": 804115925
    },
    {
      "raw": "Top_20_US_Flight_Route",
      "total-ns": 348810
    },
    {
      "raw": "# Figuring out the total number of flight per month \n\n\nfiltered_df = df[['Airport_Name','Departure_Date','Arrival_Airport','Pilot_Name']]\nfiltered_df1 = pd.DataFrame(filtered_df)\nfiltered_df1_no_duplicates = filtered_df1.drop_duplicates()\nfiltered_df1_no_duplicates['Date'] = pd.to_datetime(filtered_df1_no_duplicates['Departure_Date']) \n\n# Extracting month\nfiltered_df1_no_duplicates['Month'] = filtered_df1_no_duplicates['Date'].dt.month\nfiltered_df1_no_duplicates",
      "total-ns": 3365058708
    },
    {
      "raw": "# Table for Total number of flight per month (This included all flight status)\n\nfiltered_df1_no_duplicates\nTotal_flights = filtered_df1_no_duplicates['Month'].value_counts()\nTotal_flights = Total_flights.reset_index()\nTotal_flights.sort_values(by='index', ascending=True, inplace=True)\nTotal_flights",
      "total-ns": 2868270
    },
    {
      "raw": "#  Getting the Average number of flights per month \n\nAverage_Flight = np.mean(Total_flights['Month'])\nAverage_Flight",
      "total-ns": 577340
    },
    {
      "raw": "# Ratio of Visitors per Nations/Country of Origin\n\nVisitors_per_nations = df['Nationality'].value_counts()\nVisitors_per_nations.head()\nVisitors_per_nations_1 = Visitors_per_nations.head(20).reset_index()\nVisitors_per_nations_1.sort_values(by='Nationality', ascending=False, inplace=True)\nVisitors_per_nations_1.head(5)",
      "total-ns": 342692822
    },
    {
      "raw": "FL_state = df[['Departure_Date','Flight_Status']]\nFL_state['Date']  = pd.to_datetime(FL_state['Departure_Date'])\nFL_state['Month'] = FL_state['Date'].dt.month\nFL_state",
      "total-ns": 2085588521
    }
  ]
}