{
  "cells": [
    {
      "raw": "\nimport pandas as pd\nimport functools\n\nimport os\nos.environ[\"MODIN_ENGINE\"] = \"ray\"\nimport ray\nos.environ['MODIN_CPUS'] = \"4\"\nray.init(num_cpus=4, runtime_env={'env_vars': {'__MODIN_AUTOIMPORT_PANDAS__': '1'}})\nimport modin.pandas as modin_pd\n\n\nos.environ[\"USE_MODIN\"]=\"True\"\n\nfrom typing import Dict, List, Optional, Tuple, Any, Literal, Callable\nfrom pandas._typing import AggFuncType, Axis, IndexLabel, Suffixes\n\n_CS598_save_DataFrame_apply = pd.DataFrame.apply\n_CS598_save_DataFrame_merge = pd.DataFrame.merge\n_CS598_save_Series_apply = pd.Series.apply\n_CS598_save_to_datetime = pd.to_datetime\n\ndef _CS598_Series_apply(self, func: AggFuncType, convert_dtype: bool = True,\n                        args: tuple[Any, ...] = (), **kwargs):\n  default_call = functools.partial(_CS598_save_Series_apply, self, func, convert_dtype, args, **kwargs)\n  assert isinstance(self, pd.Series)\n  \n  if os.environ[\"USE_MODIN\"] == \"True\":\n    modin_ser = modin_pd.Series(self)\n    # TODO: We need a generic way to deal with this.\n    # Problem: pd.numeric is passed which doesn't work on a modin dataframe.\n    if func == pd.to_numeric:\n      assert false\n      func = modin_pd.to_numeric\n    modin_res = modin_ser.apply(func, convert_dtype, args, **kwargs)\n    return modin_res._to_pandas()\n  return default_call()\n\ndef _CS598_DataFrame_apply(\n    self,\n    func: AggFuncType,\n    axis: Axis = 0,\n    raw: bool = False,\n    result_type: Literal[\"expand\", \"reduce\", \"broadcast\"] | None = None,\n    args=(),\n    **kwargs,\n):\n  default_call = functools.partial(_CS598_save_DataFrame_apply, self, func, axis, raw, result_type, args, **kwargs)\n  assert isinstance(self, pd.DataFrame)\n  \n  if os.environ[\"USE_MODIN\"] == \"True\":\n    modin_df = modin_pd.DataFrame(self)\n    modin_res = modin_df.apply(func, axis, raw, result_type, args, **kwargs)\n    return modin_res._to_pandas()\n  return default_call()\n\ndef _CS598_DataFrame_merge(\n    self,\n    right: pd.DataFrame | pd.Series,\n    how: str = \"inner\",\n    on: IndexLabel | None = None,\n    left_on: IndexLabel | None = None,\n    right_on: IndexLabel | None = None,\n    left_index: bool = False,\n    right_index: bool = False,\n    sort: bool = False,\n    suffixes: Suffixes = (\"_x\", \"_y\"),\n    copy: bool = True,\n    indicator: bool = False,\n    validate: str | None = None,\n) -> pd.DataFrame:\n  assert isinstance(self, pd.DataFrame)        \n  default_call = functools.partial(_CS598_save_DataFrame_merge, self, right, how, on, \n      left_on, right_on, left_index, right_index, sort, suffixes, copy, indicator, validate)\n  \n  if os.environ[\"USE_MODIN\"] == \"True\":\n    modin_df = modin_pd.DataFrame(self)\n    modin_res = modin_df.merge(right, how, on, \n      left_on, right_on, left_index, right_index, sort, suffixes, copy, indicator, validate)\n    return modin_res._to_pandas()\n  return default_call()\n\n\ndef _CS598_to_datetime(\n    arg,\n    errors = \"raise\",\n    dayfirst: bool = False,\n    yearfirst: bool = False,\n    utc: bool | None = None,\n    format: str | None = None,\n    exact: bool = True,\n    unit: str | None = None,\n    infer_datetime_format: bool = False,\n    origin=\"unix\",\n    cache: bool = True,\n):\n  default_call = functools.partial(_CS598_save_to_datetime, arg, errors, dayfirst,\n      yearfirst, utc, format, exact, unit,infer_datetime_format, origin, cache)\n  \n  if os.environ[\"USE_MODIN\"] == \"True\":\n    if type(arg) == pd.DataFrame:\n      arg = modin_pd.DataFrame(arg)\n    elif type(arg) == pd.Series:\n      arg = modin_pd.Series(arg)\n\n    modin_res = modin_pd.to_datetime(arg, errors, dayfirst,\n      yearfirst, utc, format, exact, unit,infer_datetime_format, origin, cache)\n    return modin_res._to_pandas()\n  return default_call()\n\nassert pd.Series.apply != _CS598_Series_apply\nassert pd.DataFrame.apply != _CS598_DataFrame_apply\nassert pd.DataFrame.merge != _CS598_DataFrame_merge\nassert pd.to_datetime != _CS598_to_datetime\n# Overwriting is not trivial. Thanks to:\n# https://github.com/lux-org/lux/blob/550a2eca90b26c944ebe8600df7a51907bc851be/lux/core/__init__.py#L27\npd.Series.apply = pd.core.frame.Series.apply = pd.core.series.Series.apply = _CS598_Series_apply\npd.DataFrame.apply = pd.core.frame.DataFrame.apply = _CS598_DataFrame_apply\npd.DataFrame.merge = pd.core.frame.DataFrame.merge = _CS598_save_DataFrame_merge\npd.to_datetime = _CS598_to_datetime\nimport numpy as np\npd.set_option('display.max_columns', 50)",
      "total-ns": 2022802691
    },
    {
      "raw": "df = pd.read_csv('../input/cybersecurity_attacks.csv', parse_dates=['Timestamp'], dtype={'Protocol':'category', 'Packet Type':'category', 'Traffic Type':'category', 'Attack Type':'category', 'Attack Signature':'category', 'Action Taken':'category', 'Severity Level':'category', 'Network Segment':'category', 'Log Source':'category'}).drop(columns=['Malware Indicators', 'Alerts/Warnings', 'Proxy Information', 'Firewall Logs', 'IDS/IPS Alerts'])",
      "total-ns": 929221235
    },
    {
      "raw": "df = df\nintended_df_size_in_MB = 1024\nfactor = intended_df_size_in_MB*(2**20)/df.memory_usage(index=True).sum()\nif int(factor) > 0:\n    df = pd.concat([df]*int(factor), ignore_index=True)\nelse:\n    rowCount = int(df.shape[0]*factor)\n    df = df[0:rowCount]\ndf = df\ndf.info()",
      "total-ns": 1538111889
    },
    {
      "raw": "df.head()",
      "total-ns": 527340
    },
    {
      "raw": "df.describe().T",
      "total-ns": 1415695597
    },
    {
      "raw": "df.resample('M', on='Timestamp')['Attack Type']\n\ndf.resample('Y', on='Timestamp')['Attack Type']",
      "total-ns": 22322479561
    },
    {
      "raw": "data = pd.crosstab(df['Timestamp'], df['Attack Type']).resample('M').count().melt(ignore_index=False)",
      "total-ns": 2157412862
    },
    {
      "raw": "df.groupby(df['Timestamp'].dt.time).agg({'Attack Type':'count'}).nlargest(10, 'Attack Type')",
      "total-ns": 4898405476
    },
    {
      "raw": "df.groupby('Attack Type')['Anomaly Scores'].mean().reset_index()",
      "total-ns": 63313450
    },
    {
      "raw": "pd.crosstab(df['Geo-location Data'], df['Attack Type']).nlargest(5, columns='DDoS')['DDoS']",
      "total-ns": 3333204988
    },
    {
      "raw": "pd.crosstab(df['Geo-location Data'], df['Attack Type']).nlargest(5, columns='Malware')['Malware']",
      "total-ns": 3373001738
    },
    {
      "raw": "pd.crosstab(df['Geo-location Data'], df['Attack Type']).nlargest(5, columns='Intrusion')['Intrusion']",
      "total-ns": 3391602459
    }
  ]
}