{
  "cells": [
    {
      "raw": "import pandas as pd\nimport numpy as np",
      "total-ns": 972009948
    },
    {
      "raw": "#load dataset\nproteins = pd.read_csv(\"../input/train_proteins.csv\")\npeptides = pd.read_csv(\"../input/train_peptides.csv\")\nclinical = pd.read_csv(\"../input/train_clinical_data.csv\")",
      "total-ns": 735532767
    },
    {
      "raw": "df = proteins\nintended_df_size_in_MB = 256\nfactor = intended_df_size_in_MB*(2**20)/(proteins.memory_usage(index=True).sum()+peptides.memory_usage(index=True).sum()+clinical.memory_usage(index=True).sum())\nif int(factor) > 0:\n    df = pd.concat([df]*int(factor), ignore_index=True)\nelse:\n    rowCount = int(df.shape[0]*factor)\n    df = df[0:rowCount]\nproteins = df\n\ndf = peptides\nif int(factor) > 0:\n    df = pd.concat([df]*int(factor), ignore_index=True)\nelse:\n    rowCount = int(df.shape[0]*factor)\n    df = df[0:rowCount]\npeptides = df\n    \ndf = clinical\nif int(factor) > 0:\n    df = pd.concat([df]*int(factor), ignore_index=True)\nelse:\n    rowCount = int(df.shape[0]*factor)\n    df = df[0:rowCount]\nclinical = df\n\nproteins.info()\npeptides.info()\nclinical.info()",
      "total-ns": 447499094
    },
    {
      "raw": "print('proteins shape:             ', proteins.shape)\nprint('peptides shape:             ', peptides.shape)\nprint('clinical shape:             ', clinical.shape)",
      "total-ns": 518620
    },
    {
      "raw": "proteins[proteins['patient_id'] == 55]['visit_month'].value_counts()",
      "total-ns": 23422090
    },
    {
      "raw": "peptides[peptides['patient_id'] == 55]['visit_month'].value_counts()",
      "total-ns": 223576972
    },
    {
      "raw": "# merge proteins and peptides dataset based on 'visit_id' and 'UniPort'\ndf_all = proteins.merge(peptides[['visit_id', 'UniProt', 'Peptide','PeptideAbundance']], on = ['visit_id','UniProt'], how = 'left')",
      "total-ns": 2454989873
    },
    {
      "raw": "def summary(df):\n    print(f'data shape: {df.shape}')\n    summ = pd.DataFrame(df.dtypes, columns=['data type'])\n    summ['#missing'] = df.isnull().sum().values * 100\n    summ['%missing'] = df.isnull().sum().values / len(df)\n    summ['#unique'] = df.nunique().values\n    desc = pd.DataFrame(df.describe(include='all').transpose())\n    summ['min'] = desc['min'].values\n    summ['max'] = desc['max'].values\n    summ['first value'] = df.loc[0].values\n    summ['second value'] = df.loc[1].values\n    summ['third value'] = df.loc[2].values\n    \n    return summ",
      "total-ns": 1265929
    },
    {
      "raw": "summary(df_all).style.background_gradient(cmap='YlOrBr')",
      "total-ns": 16647452056
    },
    {
      "raw": "# group by uniprot\ndf_by_uniprot = df_all.groupby(['visit_id','UniProt'])['NPX'].mean().reset_index()",
      "total-ns": 1615138875
    },
    {
      "raw": "# group by peptides\ndf_by_peptide = df_all.groupby(['visit_id','Peptide'])['PeptideAbundance'].mean().reset_index()",
      "total-ns": 2076534489
    },
    {
      "raw": "# pivot groupby table for uniprot dataset\ndf_uniprot = df_by_uniprot.pivot(index='visit_id',columns = 'UniProt', values = 'NPX').rename_axis(columns=None).reset_index()",
      "total-ns": 44922241
    },
    {
      "raw": "# pivot groupby table for pepdite dataset\ndf_peptide = df_by_peptide.pivot(index='visit_id',columns = 'Peptide', values = 'PeptideAbundance').rename_axis(columns=None).reset_index()",
      "total-ns": 208912832
    },
    {
      "raw": "### let's see how these talbe looks like",
      "total-ns": 271720
    },
    {
      "raw": "df_uniprot.sample(5)",
      "total-ns": 626070
    },
    {
      "raw": "df_peptide.sample(5)",
      "total-ns": 426590
    },
    {
      "raw": "# add patient id and visit month\ndf_uniprot[['patient_id','visit_month']] = df_uniprot.visit_id.str.split(\"_\", expand=True)\ndf_peptide[['patient_id','visit_month']] = df_peptide.visit_id.str.split(\"_\", expand=True)",
      "total-ns": 3917460
    },
    {
      "raw": "clinical.head(5)",
      "total-ns": 293660
    },
    {
      "raw": "clinical.melt(id_vars=['visit_id', 'patient_id', 'visit_month', 'upd23b_clinical_state_on_medication'], \n                   var_name='updrs', value_name='rating')",
      "total-ns": 4499320
    },
    {
      "raw": "# to be continued....",
      "total-ns": 163270
    },
    {
      "raw": "",
      "total-ns": 50320
    },
    {
      "raw": "",
      "total-ns": 42710
    },
    {
      "raw": "",
      "total-ns": 41020
    }
  ]
}