{
  "cells": [
    {
      "raw": "import numpy as np\nimport os\nimport pandas as pd\n",
      "total-ns": 278469062
    },
    {
      "raw": "train_df = pd.read_csv('../input/feedback-prize-english-language-learning/train.csv')\ntest_df = pd.read_csv('../input/feedback-prize-english-language-learning/test.csv')",
      "total-ns": 116680211
    },
    {
      "raw": "df = train_df\nintended_df_size_in_MB = 256\nfactor = intended_df_size_in_MB*(2**20)/(train_df.memory_usage(index=True).sum()+test_df.memory_usage(index=True).sum())\nif int(factor) > 0:\n    df = pd.concat([df]*int(factor), ignore_index=True)\nelse:\n    rowCount = int(df.shape[0]*factor)\n    df = df[0:rowCount]\ntrain_df = df\n\ndf = test_df\nif int(factor) > 0:\n    df = pd.concat([df]*int(factor), ignore_index=True)\nelse:\n    rowCount = int(df.shape[0]*factor)\n    df = df[0:rowCount]\ntest_df = df\n    \ntrain_df.info()\ntest_df.info()",
      "total-ns": 174066531
    },
    {
      "raw": "train_df.head()",
      "total-ns": 382260
    },
    {
      "raw": "test_df.head()",
      "total-ns": 209160
    },
    {
      "raw": "len(train_df), len(test_df)",
      "total-ns": 188990
    },
    {
      "raw": "LABEL_COLUMNS = ['cohesion', 'syntax', 'vocabulary', 'phraseology', 'grammar', 'conventions']",
      "total-ns": 200480
    },
    {
      "raw": "## ORIGINAL:\n# texts = train_df.sample(frac=1, random_state=420).head(4)\n## TO RUN WITH KOALAS\ntexts = train_df.sample(frac=1.0, random_state=420).head(4)",
      "total-ns": 999889619
    },
    {
      "raw": "train_df['total_score'] = train_df[LABEL_COLUMNS].sum(axis=1)\nlowest_df = train_df.sort_values('total_score').head(4)",
      "total-ns": 1199191481
    },
    {
      "raw": "train_df['total_score'] = train_df[LABEL_COLUMNS].sum(axis=1)\nhighest_df = train_df.sort_values('total_score', ascending=False).head(4)",
      "total-ns": 1308823402
    },
    {
      "raw": "train_df['word_count'] = train_df.full_text.apply(lambda x: len(x.split()))",
      "total-ns": 56298846035
    },
    {
      "raw": "train_df['word_count'].mean()",
      "total-ns": 4725081
    },
    {
      "raw": "train_df['word_count'].max()",
      "total-ns": 2259469
    }
  ]
}