{
  "cells": [
    {
      "raw": "import pandas as pd\nimport numpy as np\n\npd.plotting.register_matplotlib_converters()\nimport matplotlib.pyplot as plt\n%matplotlib inline\nimport seaborn as sns",
      "total-ns": 1195526391
    },
    {
      "raw": "data =  pd.read_csv('../input/used_cars_Pakistan.csv',index_col=0)\ndata",
      "total-ns": 80718181
    },
    {
      "raw": "df = data\nintended_df_size_in_MB = 256\nfactor = intended_df_size_in_MB*(2**20)/df.memory_usage(index=True).sum()\nif int(factor) > 0:\n    df = pd.concat([df]*int(factor), ignore_index=True)\nelse:\n    rowCount = int(df.shape[0]*factor)\n    df = df[0:rowCount]\ndata = df\ndata.info()",
      "total-ns": 159730851
    },
    {
      "raw": "data.make.value_counts().head(10)",
      "total-ns": 134618942
    },
    {
      "raw": "data.model.value_counts().head(10)",
      "total-ns": 134461931
    },
    {
      "raw": "data.city.value_counts().head(10)",
      "total-ns": 134657211
    },
    {
      "raw": "data.year.value_counts().head(10)",
      "total-ns": 16597631
    },
    {
      "raw": "data.Engine_displacement.value_counts().head(5)",
      "total-ns": 28998670
    },
    {
      "raw": "data.Battery.value_counts().head()",
      "total-ns": 8881749
    },
    {
      "raw": "100*(len(data)-data.Battery.isnull().sum())/len(data)",
      "total-ns": 6010810
    },
    {
      "raw": "data.Price_Rs.mean()",
      "total-ns": 4012570
    },
    {
      "raw": "data.Price_Rs.median()",
      "total-ns": 64599090
    },
    {
      "raw": "",
      "total-ns": 155211
    }
  ]
}