{
  "cells": [
    {
      "raw": "import warnings\nwarnings.filterwarnings('ignore')\nimport numpy as np\nimport pandas as pd",
      "total-ns": 287311503
    },
    {
      "raw": "df=pd.read_csv(r'../input/churn-bigml-80.csv')",
      "total-ns": 11792740
    },
    {
      "raw": "df = df\nintended_df_size_in_MB = 256\nfactor = intended_df_size_in_MB*(2**20)/df.memory_usage(index=True).sum()\nif int(factor) > 0:\n    df = pd.concat([df]*int(factor), ignore_index=True)\nelse:\n    rowCount = int(df.shape[0]*factor)\n    df = df[0:rowCount]\ndf = df\ndf.info()",
      "total-ns": 418381564
    },
    {
      "raw": "df.head()",
      "total-ns": 392400
    },
    {
      "raw": "df.shape",
      "total-ns": 198600
    },
    {
      "raw": "df.columns",
      "total-ns": 143580
    },
    {
      "raw": "df.nunique()",
      "total-ns": 338796373
    },
    {
      "raw": "df.info()",
      "total-ns": 4265900
    },
    {
      "raw": "df[\"Churn\"] = df[\"Churn\"].astype(\"int64\")",
      "total-ns": 7950100
    },
    {
      "raw": "df.info()",
      "total-ns": 4328000
    },
    {
      "raw": "df.describe().T",
      "total-ns": 862083908
    },
    {
      "raw": "df.describe(include=[\"object\"]).T",
      "total-ns": 469932924
    },
    {
      "raw": "df[\"Churn\"].value_counts()",
      "total-ns": 7908711
    },
    {
      "raw": "df[\"Churn\"].value_counts(normalize=True)",
      "total-ns": 7861360
    },
    {
      "raw": "df.sort_values(by=\"Total day charge\", ascending=False).head()",
      "total-ns": 650729187
    },
    {
      "raw": "df.sort_values(by=[\"Total day charge\", 'Total day calls'], ascending=[True, False]).head()",
      "total-ns": 386707803
    },
    {
      "raw": "df.loc[0:5, \"State\":\"Area code\"]",
      "total-ns": 1811180
    },
    {
      "raw": "df.iloc[0:5, 0:3]",
      "total-ns": 440930
    },
    {
      "raw": "df.groupby(\"Churn\")[\"Total day minutes\"].mean()",
      "total-ns": 24046371
    },
    {
      "raw": "columns_to_show = [\"Total day minutes\", \"Total eve minutes\", \"Total night minutes\"]\n\ndf.groupby([\"Churn\"])[columns_to_show].agg(['mean', 'std', 'max', 'min'])",
      "total-ns": 296681824
    },
    {
      "raw": "df.apply(np.max)",
      "total-ns": 287880393
    },
    {
      "raw": "df[ (df[\"Churn\"] == 0) & (df[\"International plan\"] == \"No\") ][\"Total intl minutes\"].max()",
      "total-ns": 186471842
    },
    {
      "raw": "pd.crosstab(df[\"Churn\"], df[\"International plan\"])",
      "total-ns": 166303171
    },
    {
      "raw": "pd.crosstab(df[\"Churn\"], df[\"International plan\"], normalize=True)",
      "total-ns": 160329652
    },
    {
      "raw": "total_calls = (\n    df[\"Total day calls\"]\n    + df[\"Total eve calls\"]\n    + df[\"Total night calls\"]\n    + df[\"Total intl calls\"]\n)\n\ndf.insert(loc=len(df.columns), column=\"Total calls\", value=total_calls)",
      "total-ns": 7180901
    },
    {
      "raw": "d = {\"No\": 0, \"Yes\": 1}",
      "total-ns": 379070
    },
    {
      "raw": "df[\"International plan\"] = df[\"International plan\"].map(d)",
      "total-ns": 93511320
    },
    {
      "raw": "df = df.replace({\"Voice mail plan\": d})",
      "total-ns": 516741824
    },
    {
      "raw": "df.head()",
      "total-ns": 579570
    },
    {
      "raw": "df[\"Total charge\"] =df[\"Total day charge\"] + df[\"Total eve charge\"] + df[\"Total night charge\"] + df[\"Total intl charge\"]",
      "total-ns": 7732840
    },
    {
      "raw": "df.head()",
      "total-ns": 467551
    },
    {
      "raw": "df.drop([\"Total charge\", \"Total day calls\"], axis=1, inplace=True)",
      "total-ns": 62391210
    },
    {
      "raw": "df.head()",
      "total-ns": 506490
    },
    {
      "raw": "",
      "total-ns": 56360
    },
    {
      "raw": "",
      "total-ns": 42090
    },
    {
      "raw": "",
      "total-ns": 106440
    },
    {
      "raw": "",
      "total-ns": 60470
    }
  ]
}