{
  "cells": [
    {
      "raw": "\nimport matplotlib.pyplot as plt\nimport os\nimport pandas as pd\n",
      "total-ns": 1158441101
    },
    {
      "raw": "data=pd.read_csv(\"../input/superstore/SampleSuperstore.csv\")",
      "total-ns": 26485661
    },
    {
      "raw": "df = data\nintended_df_size_in_MB = 256\nfactor = intended_df_size_in_MB*(2**20)/df.memory_usage(index=True).sum()\nif int(factor) > 0:\n    df = pd.concat([df]*int(factor), ignore_index=True)\nelse:\n    rowCount = int(df.shape[0]*factor)\n    df = df[0:rowCount]\ndata = df\ndata.info()",
      "total-ns": 555275445
    },
    {
      "raw": "data.head()",
      "total-ns": 463870
    },
    {
      "raw": "data.info()",
      "total-ns": 3526990
    },
    {
      "raw": "data.duplicated().sum()",
      "total-ns": 1739365076
    },
    {
      "raw": "# STEFANOS: Disable this. It undos the data replication.\n# data.drop_duplicates(inplace= True)",
      "total-ns": 259330
    },
    {
      "raw": "data.info()",
      "total-ns": 4325830
    },
    {
      "raw": "data.drop([\"Postal Code\"], axis=1,inplace= True)",
      "total-ns": 198036552
    },
    {
      "raw": "data.info()",
      "total-ns": 6109110
    },
    {
      "raw": "data.corr()",
      "total-ns": 145858601
    },
    {
      "raw": "# STEFANOS: Disable plotting\n# sns.heatmap(data.corr(), annot=True)",
      "total-ns": 312760
    },
    {
      "raw": "data[\"Ship Mode\"].value_counts()",
      "total-ns": 144994152
    },
    {
      "raw": "# STEFANOS: Disable plotting\n# sns.countplot(x= data['Ship Mode'])",
      "total-ns": 274580
    },
    {
      "raw": "data[\"Segment\"].value_counts()",
      "total-ns": 138409941
    },
    {
      "raw": "# STEFANOS: Disable plotting\n# sns.countplot(x= data['Segment'])",
      "total-ns": 313740
    },
    {
      "raw": "data[\"Category\"].value_counts()",
      "total-ns": 125298501
    },
    {
      "raw": "# STEFANOS: Disable plotting\n# sns.countplot(x= data['Category'])",
      "total-ns": 208880
    },
    {
      "raw": "data[\"Sub-Category\"].value_counts()\n",
      "total-ns": 137977422
    },
    {
      "raw": "# STEFANOS: Disable plotting\n# plt.figure(figsize=(15,15))\n# plt.pie(data[\"Sub-Category\"].value_counts(), labels= data[\"Sub-Category\"].value_counts().index, autopct =\"%2f\")\n# plt.show()",
      "total-ns": 296799
    },
    {
      "raw": "st_profit=data.groupby([\"State\"])[\"Profit\"].sum().nlargest(20)",
      "total-ns": 191128562
    },
    {
      "raw": "st_profit",
      "total-ns": 487580
    },
    {
      "raw": "# STEFANOS: Disable plotting\n# plt.figure(figsize=(15,8))\n# st_profit.plot.bar()",
      "total-ns": 177800
    },
    {
      "raw": "# STEFANOS: Disable plotting\n# sns.lineplot(data=data, x=\"Discount\", y= \"Profit\")",
      "total-ns": 147120
    },
    {
      "raw": "# STEFANOS: Disable plotting\n# data.plot(kind=\"scatter\",x=\"Sales\",y=\"Profit\", c=\"Discount\", colormap=\"Set1\",figsize=(10,10))",
      "total-ns": 133800
    },
    {
      "raw": "# %%time\ndata1= data.groupby(\"State\")[[\"Sales\",\"Profit\"]].sum().sort_values(by=\"Sales\", ascending=False)\n# STEFANOS: Disable plotting\n# data1[:].plot.bar(color = [\"Green\",\"Red\"], figsize=(20,12))\n# plt.title(\"Profit-Loss and Sales across States\")\n# plt.show()",
      "total-ns": 668628996
    },
    {
      "raw": "data1= data.groupby(\"Region\")[[\"Sales\",\"Profit\"]].sum().sort_values(by=\"Sales\", ascending=False)\n# STEFANOS: Disable plotting\n# data1[:].plot.bar(color = [\"Blue\",\"Red\"], figsize=(10,7))\n# plt.title(\"Profit-Loss and Sales across Region\")\n# plt.show()",
      "total-ns": 159353012
    }
  ]
}