{
  "cells": [
    {
      "raw": "\nimport matplotlib.pyplot as plt\nimport seaborn as sns\nimport os\nimport pandas as pd\n",
      "total-ns": 1807195448
    },
    {
      "raw": "data=pd.read_csv(\"../input/superstore/SampleSuperstore.csv\")",
      "total-ns": 35050829
    },
    {
      "raw": "df = data\nintended_df_size_in_MB = 256\nfactor = intended_df_size_in_MB*(2**20)/df.memory_usage(index=True).sum()\nif int(factor) > 0:\n    df = pd.concat([df]*int(factor), ignore_index=True)\nelse:\n    rowCount = int(df.shape[0]*factor)\n    df = df[0:rowCount]\ndata = df\ndata.info()",
      "total-ns": 561636465
    },
    {
      "raw": "data.head()",
      "total-ns": 545549
    },
    {
      "raw": "data.info()",
      "total-ns": 3630611
    },
    {
      "raw": "data.duplicated().sum()",
      "total-ns": 1819820157
    },
    {
      "raw": "data.drop_duplicates(inplace= True)",
      "total-ns": 2454771003
    },
    {
      "raw": "data.info()",
      "total-ns": 20143240
    },
    {
      "raw": "data.drop([\"Postal Code\"], axis=1,inplace= True)",
      "total-ns": 1699010
    },
    {
      "raw": "data.info()",
      "total-ns": 12884040
    },
    {
      "raw": "data.corr()",
      "total-ns": 1233370
    },
    {
      "raw": "# sns.heatmap(data.corr(), annot=True)\n_ = data.corr()",
      "total-ns": 1180470
    },
    {
      "raw": "data[\"Ship Mode\"].value_counts()",
      "total-ns": 1197430
    },
    {
      "raw": "# STEFANOS: Disable plotting\n# sns.countplot(x= data['Ship Mode'])",
      "total-ns": 116500
    },
    {
      "raw": "data[\"Segment\"].value_counts()",
      "total-ns": 1123830
    },
    {
      "raw": "# STEFANOS: Disable plotting\n# sns.countplot(x= data['Segment'])",
      "total-ns": 116910
    },
    {
      "raw": "data[\"Category\"].value_counts()",
      "total-ns": 813440
    },
    {
      "raw": "# STEFANOS: Disable plotting\n# sns.countplot(x= data['Category'])",
      "total-ns": 109450
    },
    {
      "raw": "data[\"Sub-Category\"].value_counts()\n",
      "total-ns": 796980
    },
    {
      "raw": "# STEFANOS: Disable plotting\n# plt.figure(figsize=(15,15))\n# plt.pie(data[\"Sub-Category\"].value_counts(), labels= data[\"Sub-Category\"].value_counts().index, autopct =\"%2f\")\n# plt.show()",
      "total-ns": 107040
    },
    {
      "raw": "st_profit=data.groupby([\"State\"])[\"Profit\"].sum().nlargest(20)",
      "total-ns": 1886370
    },
    {
      "raw": "st_profit",
      "total-ns": 171660
    },
    {
      "raw": "# STEFANOS: Disable plotting\n# plt.figure(figsize=(15,8))\n# st_profit.plot.bar()",
      "total-ns": 97230
    },
    {
      "raw": "# STEFANOS: Disable plotting\n# sns.lineplot(data=data, x=\"Discount\", y= \"Profit\")",
      "total-ns": 72610
    },
    {
      "raw": "# STEFANOS: Disable plotting\n# data.plot(kind=\"scatter\",x=\"Sales\",y=\"Profit\", c=\"Discount\", colormap=\"Set1\",figsize=(10,10))",
      "total-ns": 69950
    },
    {
      "raw": "data1= data.groupby(\"State\")[[\"Sales\",\"Profit\"]].sum().sort_values(by=\"Sales\", ascending=False)\n# STEFANOS: Disable plotting\n# data1[:].plot.bar(color = [\"Green\",\"Red\"], figsize=(20,12))\n# plt.title(\"Profit-Loss and Sales across States\")\n# plt.show()",
      "total-ns": 2208030
    },
    {
      "raw": "\ndata1= data.groupby(\"Region\")[[\"Sales\",\"Profit\"]].sum().sort_values(by=\"Sales\", ascending=False)\n# STEFANOS: Disable plotting\n# data1[:].plot.bar(color = [\"Blue\",\"Red\"], figsize=(10,7))\n# plt.title(\"Profit-Loss and Sales across Region\")\n# plt.show()\n",
      "total-ns": 2449000
    }
  ]
}