{
  "cells": [
    {
      "raw": "# numpy and pandas for data manipulation\nimport numpy as np\nimport pandas as pd \n\n# sklearn preprocessing for dealing with categorical variables\nfrom sklearn.preprocessing import LabelEncoder\n\n# File system manangement\nimport os\n\n# Suppress warnings \nimport warnings\nwarnings.filterwarnings('ignore')\n\n# matplotlib and seaborn for plotting\nimport matplotlib.pyplot as plt\nimport seaborn as sns",
      "total-ns": 1132587969
    },
    {
      "raw": "# List files available\nprint(os.listdir(\"../input/\"))",
      "total-ns": 1102710
    },
    {
      "raw": "# Training data\napp_train = pd.read_csv('../input/application_train.csv')\nprint('Training data shape: ', app_train.shape)\napp_train.head()",
      "total-ns": 3458536667
    },
    {
      "raw": "# Testing data features\napp_test = pd.read_csv('../input/application_test.csv')\nprint('Testing data shape: ', app_test.shape)\napp_test.head()",
      "total-ns": 485475585
    },
    {
      "raw": "df = app_train\nintended_df_size_in_MB = 256\nfactor = intended_df_size_in_MB*(2**20)/(app_train.memory_usage(index=True).sum()+app_test.memory_usage(index=True).sum())\nif int(factor) > 0:\n    df = pd.concat([df]*int(factor), ignore_index=True)\nelse:\n    rowCount = int(df.shape[0]*factor)\n    df = df[0:rowCount]\napp_train = df\n\ndf = app_test\nif int(factor) > 0:\n    df = pd.concat([df]*int(factor), ignore_index=True)\nelse:\n    rowCount = int(df.shape[0]*factor)\n    df = df[0:rowCount]\napp_test = df\n    \napp_train.info()\napp_test.info()",
      "total-ns": 28458599
    },
    {
      "raw": "app_train['TARGET'].value_counts()",
      "total-ns": 1747000
    },
    {
      "raw": "app_train['TARGET'].astype(int)",
      "total-ns": 598830
    },
    {
      "raw": "# Function to calculate missing values by column# Funct \ndef missing_values_table(df):\n        # Total missing values\n        mis_val = df.isnull().sum()\n        \n        # Percentage of missing values\n        mis_val_percent = 100 * df.isnull().sum() / len(df)\n        \n        # Make a table with the results\n        mis_val_table = pd.concat([mis_val, mis_val_percent], axis=1)\n        \n        # Rename the columns\n        mis_val_table_ren_columns = mis_val_table.rename(\n        columns = {0 : 'Missing Values', 1 : '% of Total Values'})\n        \n        # Sort the table by percentage of missing descending\n        mis_val_table_ren_columns = mis_val_table_ren_columns[\n            mis_val_table_ren_columns.iloc[:,1] != 0].sort_values(\n        '% of Total Values', ascending=False).round(1)\n        \n        # Print some summary information\n        print (\"Your selected dataframe has \" + str(df.shape[1]) + \" columns.\\n\"      \n            \"There are \" + str(mis_val_table_ren_columns.shape[0]) +\n              \" columns that have missing values.\")\n        \n        # Return the dataframe with missing information\n        return mis_val_table_ren_columns",
      "total-ns": 1026321
    },
    {
      "raw": "# Missing values statistics\nmissing_values = missing_values_table(app_train)\nmissing_values.head(20)",
      "total-ns": 687209273
    },
    {
      "raw": "# Number of each type of column\napp_train.dtypes.value_counts()",
      "total-ns": 710520
    },
    {
      "raw": "# Number of unique classes in each object column\napp_train.select_dtypes('object').apply(pd.Series.nunique, axis = 0)",
      "total-ns": 130707189
    },
    {
      "raw": "# Create a label encoder object\nle = LabelEncoder()\nle_count = 0\n\n# Iterate through the columns\nfor col in app_train:\n    if app_train[col].dtype == 'object':\n        # If 2 or fewer unique categories\n        if len(list(app_train[col].unique())) <= 2:\n            # Train on the training data\n            le.fit(app_train[col])\n            # Transform both training and testing data\n            app_train[col] = le.transform(app_train[col])\n            app_test[col] = le.transform(app_test[col])\n            \n            # Keep track of how many columns were label encoded\n            le_count += 1\n            \nprint('%d columns were label encoded.' % le_count)",
      "total-ns": 266693577
    },
    {
      "raw": "# one-hot encoding of categorical variables\napp_train = pd.get_dummies(app_train)\napp_test = pd.get_dummies(app_test)\n\nprint('Training Features shape: ', app_train.shape)\nprint('Testing Features shape: ', app_test.shape)",
      "total-ns": 466935215
    },
    {
      "raw": "train_labels = app_train['TARGET']\n\n# Align the training and testing data, keep only columns present in both dataframes\napp_train, app_test = app_train.align(app_test, join = 'inner', axis = 1)\n\n# Add the target back in\napp_train['TARGET'] = train_labels\n\nprint('Training Features shape: ', app_train.shape)\nprint('Testing Features shape: ', app_test.shape)",
      "total-ns": 65285179
    },
    {
      "raw": "(app_train['DAYS_BIRTH'] / -365).describe()",
      "total-ns": 10161500
    },
    {
      "raw": "app_train['DAYS_EMPLOYED'].describe()",
      "total-ns": 5552531
    },
    {
      "raw": "# app_train['DAYS_EMPLOYED'].plot.hist(title = 'Days Employment Histogram');\n# plt.xlabel('Days Employment');",
      "total-ns": 118360
    },
    {
      "raw": "anom = app_train[app_train['DAYS_EMPLOYED'] == 365243]\nnon_anom = app_train[app_train['DAYS_EMPLOYED'] != 365243]\nprint('The non-anomalies default on %0.2f%% of loans' % (100 * non_anom['TARGET'].mean()))\nprint('The anomalies default on %0.2f%% of loans' % (100 * anom['TARGET'].mean()))\nprint('There are %d anomalous days of employment' % len(anom))",
      "total-ns": 243191377
    },
    {
      "raw": "# Create an anomalous flag column\napp_train['DAYS_EMPLOYED_ANOM'] = app_train[\"DAYS_EMPLOYED\"] == 365243\n\n# Replace the anomalous values with nan\napp_train['DAYS_EMPLOYED'].replace({365243: np.nan}, inplace = True)\n\n# app_train['DAYS_EMPLOYED'].plot.hist(title = 'Days Employment Histogram');\n# plt.xlabel('Days Employment');",
      "total-ns": 14898500
    },
    {
      "raw": "app_test['DAYS_EMPLOYED_ANOM'] = app_test[\"DAYS_EMPLOYED\"] == 365243\napp_test[\"DAYS_EMPLOYED\"].replace({365243: np.nan}, inplace = True)\n\nprint('There are %d anomalies in the test data out of %d entries' % (app_test[\"DAYS_EMPLOYED_ANOM\"].sum(), len(app_test)))",
      "total-ns": 2314030
    },
    {
      "raw": "# Find correlations with the target and sort\ncorrelations = app_train.corr()['TARGET'].sort_values()\n\n# Display correlations\nprint('Most Positive Correlations:\\n', correlations.tail(15))\nprint('\\nMost Negative Correlations:\\n', correlations.head(15))",
      "total-ns": 25561288251
    },
    {
      "raw": "# Find the correlation of the positive days since birth and target\napp_train['DAYS_BIRTH'] = abs(app_train['DAYS_BIRTH'])\napp_train['DAYS_BIRTH'].corr(app_train['TARGET'])",
      "total-ns": 19127880
    },
    {
      "raw": "# Set the style of plots\n# plt.style.use('fivethirtyeight')\n\n# # Plot the distribution of ages in years\n# plt.hist(app_train['DAYS_BIRTH'] / 365, edgecolor = 'k', bins = 25)\n# plt.title('Age of Client'); plt.xlabel('Age (years)'); plt.ylabel('Count');",
      "total-ns": 257540
    },
    {
      "raw": "# plt.figure(figsize = (10, 8))\n\n# # KDE plot of loans that were repaid on time\n# sns.kdeplot(app_train.loc[app_train['TARGET'] == 0, 'DAYS_BIRTH'] / 365, label = 'target == 0')\n\n# # KDE plot of loans which were not repaid on time\n# sns.kdeplot(app_train.loc[app_train['TARGET'] == 1, 'DAYS_BIRTH'] / 365, label = 'target == 1')\n\n# # Labeling of plot\n# plt.xlabel('Age (years)'); plt.ylabel('Density'); plt.title('Distribution of Ages');",
      "total-ns": 137200
    },
    {
      "raw": "# Age information into a separate dataframe\nage_data = app_train[['TARGET', 'DAYS_BIRTH']]\nage_data['YEARS_BIRTH'] = age_data['DAYS_BIRTH'] / 365\n\n# Bin the age data\nage_data['YEARS_BINNED'] = pd.cut(age_data['YEARS_BIRTH'], bins = np.linspace(20, 70, num = 11))\nage_data.head(10)",
      "total-ns": 80811009
    },
    {
      "raw": "# Group by the bin and calculate averages\nage_groups  = age_data.groupby('YEARS_BINNED').mean()\nage_groups",
      "total-ns": 5677870
    },
    {
      "raw": "# plt.figure(figsize = (8, 8))\n\n# # Graph the age bins and the average of the target as a bar plot\n# plt.bar(age_groups.index.astype(str), 100 * age_groups['TARGET'])\n\n# # Plot labeling\n# plt.xticks(rotation = 75); plt.xlabel('Age Group (years)'); plt.ylabel('Failure to Repay (%)')\n# plt.title('Failure to Repay by Age Group');",
      "total-ns": 231580
    },
    {
      "raw": "# Extract the EXT_SOURCE variables and show correlations\next_data = app_train[['TARGET', 'EXT_SOURCE_1', 'EXT_SOURCE_2', 'EXT_SOURCE_3', 'DAYS_BIRTH']]\next_data_corrs = ext_data.corr()\next_data_corrs",
      "total-ns": 20560770
    },
    {
      "raw": "# plt.figure(figsize = (8, 6))\n\n# # Heatmap of correlations\n# sns.heatmap(ext_data_corrs, cmap = plt.cm.RdYlBu_r, vmin = -0.25, annot = True, vmax = 0.6)\n# plt.title('Correlation Heatmap');",
      "total-ns": 183490
    },
    {
      "raw": "# plt.figure(figsize = (10, 12))\n\n# # iterate through the sources\n# for i, source in enumerate(['EXT_SOURCE_1', 'EXT_SOURCE_2', 'EXT_SOURCE_3']):\n    \n#     # create a new subplot for each source\n#     plt.subplot(3, 1, i + 1)\n#     # plot repaid loans\n#     sns.kdeplot(app_train.loc[app_train['TARGET'] == 0, source], label = 'target == 0')\n#     # plot loans that were not repaid\n#     sns.kdeplot(app_train.loc[app_train['TARGET'] == 1, source], label = 'target == 1')\n    \n#     # Label the plots\n#     plt.title('Distribution of %s by Target Value' % source)\n#     plt.xlabel('%s' % source); plt.ylabel('Density');\n    \n# plt.tight_layout(h_pad = 2.5)\n    ",
      "total-ns": 142960
    },
    {
      "raw": "# Copy the data for plotting\nplot_data = ext_data.drop(columns = ['DAYS_BIRTH']).copy()\n\n# Add in the age of the client in years\nplot_data['YEARS_BIRTH'] = age_data['YEARS_BIRTH']\n\n# Drop na values and limit to first 100000 rows\nplot_data = plot_data.dropna().loc[:100000, :]\n\n# Function to calculate correlation coefficient between two columns\n# def corr_func(x, y, **kwargs):\n#     r = np.corrcoef(x, y)[0][1]\n#     ax = plt.gca()\n#     ax.annotate(\"r = {:.2f}\".format(r),\n#                 xy=(.2, .8), xycoords=ax.transAxes,\n#                 size = 20)\n\n# # Create the pairgrid object\n# grid = sns.PairGrid(data = plot_data, size = 3, diag_sharey=False,\n#                     hue = 'TARGET', \n#                     vars = [x for x in list(plot_data.columns) if x != 'TARGET'])\n\n# # Upper is a scatter plot\n# grid.map_upper(plt.scatter, alpha = 0.2)\n\n# # Diagonal is a histogram\n# grid.map_diag(sns.kdeplot)\n\n# # Bottom is density plot\n# grid.map_lower(sns.kdeplot, cmap = plt.cm.OrRd_r);\n\n# plt.suptitle('Ext Source and Age Features Pairs Plot', size = 32, y = 1.05);",
      "total-ns": 10600320
    },
    {
      "raw": "# Make a new dataframe for polynomial features\npoly_features = app_train[['EXT_SOURCE_1', 'EXT_SOURCE_2', 'EXT_SOURCE_3', 'DAYS_BIRTH', 'TARGET']]\npoly_features_test = app_test[['EXT_SOURCE_1', 'EXT_SOURCE_2', 'EXT_SOURCE_3', 'DAYS_BIRTH']]\n\n# imputer for handling missing values\nfrom sklearn.impute import SimpleImputer\nimputer = SimpleImputer(strategy = 'median')\n\npoly_target = poly_features['TARGET']\n\npoly_features = poly_features.drop(columns = ['TARGET'])\n\n# Need to impute missing values\npoly_features = imputer.fit_transform(poly_features)\npoly_features_test = imputer.transform(poly_features_test)\n\nfrom sklearn.preprocessing import PolynomialFeatures\n                                  \n# Create the polynomial object with specified degree\npoly_transformer = PolynomialFeatures(degree = 3)",
      "total-ns": 187519918
    },
    {
      "raw": "",
      "total-ns": 121340
    },
    {
      "raw": "# Train the polynomial features\npoly_transformer.fit(poly_features)\n\n# Transform the features\npoly_features = poly_transformer.transform(poly_features)\npoly_features_test = poly_transformer.transform(poly_features_test)\nprint('Polynomial Features shape: ', poly_features.shape)",
      "total-ns": 104173079
    },
    {
      "raw": "poly_transformer.get_feature_names_out(input_features = ['EXT_SOURCE_1', 'EXT_SOURCE_2', 'EXT_SOURCE_3', 'DAYS_BIRTH'])[:15]",
      "total-ns": 887660
    },
    {
      "raw": "# Create a dataframe of the features \npoly_features = pd.DataFrame(poly_features, \n                             columns = poly_transformer.get_feature_names_out(['EXT_SOURCE_1', 'EXT_SOURCE_2', \n                                                                           'EXT_SOURCE_3', 'DAYS_BIRTH']))\n\n# Add in the target\npoly_features['TARGET'] = poly_target\n\n# Find the correlations with the target\npoly_corrs = poly_features.corr()['TARGET'].sort_values()\n\n# Display most negative and most positive\nprint(poly_corrs.head(10))\nprint(poly_corrs.tail(5))",
      "total-ns": 579710105
    },
    {
      "raw": "# Put test features into dataframe\npoly_features_test = pd.DataFrame(poly_features_test, \n                                  columns = poly_transformer.get_feature_names_out(['EXT_SOURCE_1', 'EXT_SOURCE_2', \n                                                                                'EXT_SOURCE_3', 'DAYS_BIRTH']))\n\n# Merge polynomial features into training dataframe\npoly_features['SK_ID_CURR'] = app_train['SK_ID_CURR']\napp_train_poly = app_train.merge(poly_features, on = 'SK_ID_CURR', how = 'left')\n\n# Merge polnomial features into testing dataframe\npoly_features_test['SK_ID_CURR'] = app_test['SK_ID_CURR']\napp_test_poly = app_test.merge(poly_features_test, on = 'SK_ID_CURR', how = 'left')\n\n# Align the dataframes\napp_train_poly, app_test_poly = app_train_poly.align(app_test_poly, join = 'inner', axis = 1)\n\n# Print out the new shapes\nprint('Training data with polynomial features shape: ', app_train_poly.shape)\nprint('Testing data with polynomial features shape:  ', app_test_poly.shape)",
      "total-ns": 481378825
    },
    {
      "raw": "app_train_domain = app_train.copy()\napp_test_domain = app_test.copy()\n\napp_train_domain['CREDIT_INCOME_PERCENT'] = app_train_domain['AMT_CREDIT'] / app_train_domain['AMT_INCOME_TOTAL']\napp_train_domain['ANNUITY_INCOME_PERCENT'] = app_train_domain['AMT_ANNUITY'] / app_train_domain['AMT_INCOME_TOTAL']\napp_train_domain['CREDIT_TERM'] = app_train_domain['AMT_ANNUITY'] / app_train_domain['AMT_CREDIT']\napp_train_domain['DAYS_EMPLOYED_PERCENT'] = app_train_domain['DAYS_EMPLOYED'] / app_train_domain['DAYS_BIRTH']",
      "total-ns": 39149480
    },
    {
      "raw": "app_test_domain['CREDIT_INCOME_PERCENT'] = app_test_domain['AMT_CREDIT'] / app_test_domain['AMT_INCOME_TOTAL']\napp_test_domain['ANNUITY_INCOME_PERCENT'] = app_test_domain['AMT_ANNUITY'] / app_test_domain['AMT_INCOME_TOTAL']\napp_test_domain['CREDIT_TERM'] = app_test_domain['AMT_ANNUITY'] / app_test_domain['AMT_CREDIT']\napp_test_domain['DAYS_EMPLOYED_PERCENT'] = app_test_domain['DAYS_EMPLOYED'] / app_test_domain['DAYS_BIRTH']",
      "total-ns": 2171610
    },
    {
      "raw": "# plt.figure(figsize = (12, 20))\n# # iterate through the new features\n# for i, feature in enumerate(['CREDIT_INCOME_PERCENT', 'ANNUITY_INCOME_PERCENT', 'CREDIT_TERM', 'DAYS_EMPLOYED_PERCENT']):\n    \n#     # create a new subplot for each source\n#     plt.subplot(4, 1, i + 1)\n#     # plot repaid loans\n#     sns.kdeplot(app_train_domain.loc[app_train_domain['TARGET'] == 0, feature], label = 'target == 0')\n#     # plot loans that were not repaid\n#     sns.kdeplot(app_train_domain.loc[app_train_domain['TARGET'] == 1, feature], label = 'target == 1')\n    \n#     # Label the plots\n#     plt.title('Distribution of %s by Target Value' % feature)\n#     plt.xlabel('%s' % feature); plt.ylabel('Density');\n    \n# plt.tight_layout(h_pad = 2.5)",
      "total-ns": 178060
    },
    {
      "raw": "from sklearn.preprocessing import MinMaxScaler\nfrom sklearn.impute import SimpleImputer\n\n# Drop the target from the training data\nif 'TARGET' in app_train:\n    train = app_train.drop(columns = ['TARGET'])\nelse:\n    train = app_train.copy()\n    \n# Feature names\nfeatures = list(train.columns)\n\n# Copy of the testing data\ntest = app_test.copy()\n\n# Median imputation of missing values\nimputer = SimpleImputer(strategy = 'median')\n\n# Scale each feature to 0-1\nscaler = MinMaxScaler(feature_range = (0, 1))\n\n# # Fit on the training data\n# imputer.fit(train)\n\n# # Transform both training and testing data\n# train = imputer.transform(train)\n# test = imputer.transform(app_test)\n\n# # Repeat with the scaler\n# scaler.fit(train)\n# train = scaler.transform(train)\n# test = scaler.transform(test)\n\n# print('Training data shape: ', train.shape)\n# print('Testing data shape: ', test.shape)",
      "total-ns": 147974758
    },
    {
      "raw": "# from sklearn.linear_model import LogisticRegression\n\n# # Make the model with the specified regularization parameter\n# log_reg = LogisticRegression(C = 0.0001)\n\n# # Train on the training data\n# log_reg.fit(train, train_labels)",
      "total-ns": 247449
    },
    {
      "raw": "# Make predictions\n# Make sure to select the second column only\n# log_reg_pred = log_reg.predict_proba(test)[:, 1]",
      "total-ns": 110331
    },
    {
      "raw": "# # Submission dataframe\n# submit = app_test[['SK_ID_CURR']]\n# submit['TARGET'] = log_reg_pred\n\n# submit.head()",
      "total-ns": 99280
    },
    {
      "raw": "# # Save the submission to a csv file\n# submit.to_csv('log_reg_baseline.csv', index = False)",
      "total-ns": 76570
    },
    {
      "raw": "# from sklearn.ensemble import RandomForestClassifier\n\n# # Make the random forest classifier\n# random_forest = RandomForestClassifier(n_estimators = 100, random_state = 50, verbose = 1, n_jobs = -1)",
      "total-ns": 83059
    },
    {
      "raw": "# # Train on the training data\n# random_forest.fit(train, train_labels)\n\n# # Extract feature importances\n# feature_importance_values = random_forest.feature_importances_\n# feature_importances = pd.DataFrame({'feature': features, 'importance': feature_importance_values})\n\n# # Make predictions on the test data\n# predictions = random_forest.predict_proba(test)[:, 1]",
      "total-ns": 95689
    },
    {
      "raw": "# # Make a submission dataframe\n# submit = app_test[['SK_ID_CURR']]\n# submit['TARGET'] = predictions\n\n# # Save the submission dataframe\n# submit.to_csv('random_forest_baseline.csv', index = False)",
      "total-ns": 78160
    },
    {
      "raw": "poly_features_names = list(app_train_poly.columns)\n\n# Impute the polynomial features\nimputer = SimpleImputer(strategy = 'median')\n\npoly_features = imputer.fit_transform(app_train_poly)\npoly_features_test = imputer.transform(app_test_poly)\n\n# Scale the polynomial features\nscaler = MinMaxScaler(feature_range = (0, 1))\n\npoly_features = scaler.fit_transform(poly_features)\npoly_features_test = scaler.transform(poly_features_test)\n\n# random_forest_poly = RandomForestClassifier(n_estimators = 100, random_state = 50, verbose = 1, n_jobs = -1)",
      "total-ns": 12597905142
    },
    {
      "raw": "# Train on the training data\n# random_forest_poly.fit(poly_features, train_labels)\n\n# # Make predictions on the test data\n# predictions = random_forest_poly.predict_proba(poly_features_test)[:, 1]",
      "total-ns": 257290
    },
    {
      "raw": "# # Make a submission dataframe\n# submit = app_test[['SK_ID_CURR']]\n# submit['TARGET'] = predictions\n\n# # Save the submission dataframe\n# submit.to_csv('random_forest_baseline_engineered.csv', index = False)",
      "total-ns": 98860
    },
    {
      "raw": "app_train_domain = app_train_domain.drop(columns = 'TARGET')\n\ndomain_features_names = list(app_train_domain.columns)\n\n# Impute the domainnomial features\nimputer = SimpleImputer(strategy = 'median')\n\ndomain_features = imputer.fit_transform(app_train_domain)\ndomain_features_test = imputer.transform(app_test_domain)\n\n# Scale the domainnomial features\nscaler = MinMaxScaler(feature_range = (0, 1))\n\ndomain_features = scaler.fit_transform(domain_features)\ndomain_features_test = scaler.transform(domain_features_test)\n\n# random_forest_domain = RandomForestClassifier(n_estimators = 100, random_state = 50, verbose = 1, n_jobs = -1)\n\n# # Train on the training data\n# random_forest_domain.fit(domain_features, train_labels)\n\n# # Extract feature importances\n# feature_importance_values_domain = random_forest_domain.feature_importances_\n# feature_importances_domain = pd.DataFrame({'feature': domain_features_names, 'importance': feature_importance_values_domain})\n\n# # Make predictions on the test data\n# predictions = random_forest_domain.predict_proba(domain_features_test)[:, 1]",
      "total-ns": 8751918518
    },
    {
      "raw": "# # Make a submission dataframe\n# submit = app_test[['SK_ID_CURR']]\n# submit['TARGET'] = predictions\n\n# # Save the submission dataframe\n# submit.to_csv('random_forest_baseline_domain.csv', index = False)",
      "total-ns": 265250
    },
    {
      "raw": "# def plot_feature_importances(df):\n#     \"\"\"\n#     Plot importances returned by a model. This can work with any measure of\n#     feature importance provided that higher importance is better. \n    \n#     Args:\n#         df (dataframe): feature importances. Must have the features in a column\n#         called `features` and the importances in a column called `importance\n        \n#     Returns:\n#         shows a plot of the 15 most importance features\n        \n#         df (dataframe): feature importances sorted by importance (highest to lowest) \n#         with a column for normalized importance\n#         \"\"\"\n    \n#     # Sort features according to importance\n#     df = df.sort_values('importance', ascending = False).reset_index()\n    \n#     # Normalize the feature importances to add up to one\n#     df['importance_normalized'] = df['importance'] / df['importance'].sum()\n\n#     # Make a horizontal bar chart of feature importances\n#     # plt.figure(figsize = (10, 6))\n#     # ax = plt.subplot()\n    \n#     # # Need to reverse the index to plot most important on top\n#     # ax.barh(list(reversed(list(df.index[:15]))), \n#     #         df['importance_normalized'].head(15), \n#     #         align = 'center', edgecolor = 'k')\n    \n#     # # Set the yticks and labels\n#     # ax.set_yticks(list(reversed(list(df.index[:15]))))\n#     # ax.set_yticklabels(df['feature'].head(15))\n    \n#     # # Plot labeling\n#     # plt.xlabel('Normalized Importance'); plt.title('Feature Importances')\n#     # plt.show()\n    \n#     return df",
      "total-ns": 272480
    },
    {
      "raw": "# Show the feature importances for the default features\n# feature_importances_sorted = plot_feature_importances(feature_importances)",
      "total-ns": 86120
    },
    {
      "raw": "# feature_importances_domain_sorted = plot_feature_importances(feature_importances_domain)",
      "total-ns": 144250
    },
    {
      "raw": "# from sklearn.model_selection import KFold\n# from sklearn.metrics import roc_auc_score\n# import lightgbm as lgb\n# import gc\n\n# def model(features, test_features, encoding = 'ohe', n_folds = 5):\n    \n#     \"\"\"Train and test a light gradient boosting model using\n#     cross validation. \n    \n#     Parameters\n#     --------\n#         features (pd.DataFrame): \n#             dataframe of training features to use \n#             for training a model. Must include the TARGET column.\n#         test_features (pd.DataFrame): \n#             dataframe of testing features to use\n#             for making predictions with the model. \n#         encoding (str, default = 'ohe'): \n#             method for encoding categorical variables. Either 'ohe' for one-hot encoding or 'le' for integer label encoding\n#             n_folds (int, default = 5): number of folds to use for cross validation\n        \n#     Return\n#     --------\n#         submission (pd.DataFrame): \n#             dataframe with `SK_ID_CURR` and `TARGET` probabilities\n#             predicted by the model.\n#         feature_importances (pd.DataFrame): \n#             dataframe with the feature importances from the model.\n#         valid_metrics (pd.DataFrame): \n#             dataframe with training and validation metrics (ROC AUC) for each fold and overall.\n        \n#     \"\"\"\n    \n#     # Extract the ids\n#     train_ids = features['SK_ID_CURR']\n#     test_ids = test_features['SK_ID_CURR']\n    \n#     # Extract the labels for training\n#     labels = features['TARGET']\n    \n#     # Remove the ids and target\n#     features = features.drop(columns = ['SK_ID_CURR', 'TARGET'])\n#     test_features = test_features.drop(columns = ['SK_ID_CURR'])\n    \n    \n#     # One Hot Encoding\n#     if encoding == 'ohe':\n#         features = pd.get_dummies(features)\n#         test_features = pd.get_dummies(test_features)\n        \n#         # Align the dataframes by the columns\n#         features, test_features = features.align(test_features, join = 'inner', axis = 1)\n        \n#         # No categorical indices to record\n#         cat_indices = 'auto'\n    \n#     # Integer label encoding\n#     elif encoding == 'le':\n        \n#         # Create a label encoder\n#         label_encoder = LabelEncoder()\n        \n#         # List for storing categorical indices\n#         cat_indices = []\n        \n#         # Iterate through each column\n#         for i, col in enumerate(features):\n#             if features[col].dtype == 'object':\n#                 # Map the categorical features to integers\n#                 features[col] = label_encoder.fit_transform(np.array(features[col].astype(str)).reshape((-1,)))\n#                 test_features[col] = label_encoder.transform(np.array(test_features[col].astype(str)).reshape((-1,)))\n\n#                 # Record the categorical indices\n#                 cat_indices.append(i)\n    \n#     # Catch error if label encoding scheme is not valid\n#     else:\n#         raise ValueError(\"Encoding must be either 'ohe' or 'le'\")\n        \n#     print('Training Data Shape: ', features.shape)\n#     print('Testing Data Shape: ', test_features.shape)\n    \n#     # Extract feature names\n#     feature_names = list(features.columns)\n    \n#     # Convert to np arrays\n#     features = np.array(features)\n#     test_features = np.array(test_features)\n    \n#     # Create the kfold object\n#     k_fold = KFold(n_splits = n_folds, shuffle = True, random_state = 50)\n    \n#     # Empty array for feature importances\n#     feature_importance_values = np.zeros(len(feature_names))\n    \n#     # Empty array for test predictions\n#     test_predictions = np.zeros(test_features.shape[0])\n    \n#     # Empty array for out of fold validation predictions\n#     out_of_fold = np.zeros(features.shape[0])\n    \n#     # Lists for recording validation and training scores\n#     valid_scores = []\n#     train_scores = []\n    \n#     # Iterate through each fold\n#     for train_indices, valid_indices in k_fold.split(features):\n        \n#         # Training data for the fold\n#         train_features, train_labels = features[train_indices], labels[train_indices]\n#         # Validation data for the fold\n#         valid_features, valid_labels = features[valid_indices], labels[valid_indices]\n        \n#         # Create the model\n#         model = lgb.LGBMClassifier(n_estimators=10000, objective = 'binary', \n#                                    class_weight = 'balanced', learning_rate = 0.05, \n#                                    reg_alpha = 0.1, reg_lambda = 0.1, \n#                                    subsample = 0.8, n_jobs = -1, random_state = 50)\n        \n#         # Train the model\n#         model.fit(train_features, train_labels, eval_metric = 'auc',\n#                   eval_set = [(valid_features, valid_labels), (train_features, train_labels)],\n#                   eval_names = ['valid', 'train'], categorical_feature = cat_indices,\n#                   early_stopping_rounds = 100, verbose = 200)\n        \n#         # Record the best iteration\n#         best_iteration = model.best_iteration_\n        \n#         # Record the feature importances\n#         feature_importance_values += model.feature_importances_ / k_fold.n_splits\n        \n#         # Make predictions\n#         test_predictions += model.predict_proba(test_features, num_iteration = best_iteration)[:, 1] / k_fold.n_splits\n        \n#         # Record the out of fold predictions\n#         out_of_fold[valid_indices] = model.predict_proba(valid_features, num_iteration = best_iteration)[:, 1]\n        \n#         # Record the best score\n#         valid_score = model.best_score_['valid']['auc']\n#         train_score = model.best_score_['train']['auc']\n        \n#         valid_scores.append(valid_score)\n#         train_scores.append(train_score)\n        \n#         # Clean up memory\n#         gc.enable()\n#         del model, train_features, valid_features\n#         gc.collect()\n        \n#     # Make the submission dataframe\n#     submission = pd.DataFrame({'SK_ID_CURR': test_ids, 'TARGET': test_predictions})\n    \n#     # Make the feature importance dataframe\n#     feature_importances = pd.DataFrame({'feature': feature_names, 'importance': feature_importance_values})\n    \n#     # Overall validation score\n#     valid_auc = roc_auc_score(labels, out_of_fold)\n    \n#     # Add the overall scores to the metrics\n#     valid_scores.append(valid_auc)\n#     train_scores.append(np.mean(train_scores))\n    \n#     # Needed for creating dataframe of validation scores\n#     fold_names = list(range(n_folds))\n#     fold_names.append('overall')\n    \n#     # Dataframe of validation scores\n#     metrics = pd.DataFrame({'fold': fold_names,\n#                             'train': train_scores,\n#                             'valid': valid_scores}) \n    \n#     return submission, feature_importances, metrics",
      "total-ns": 780060
    },
    {
      "raw": "# submission, fi, metrics = model(app_train, app_test)\n# print('Baseline metrics')\n# print(metrics)",
      "total-ns": 81740
    },
    {
      "raw": "# fi_sorted = plot_feature_importances(fi)",
      "total-ns": 115590
    },
    {
      "raw": "# submission.to_csv('baseline_lgb.csv', index = False)",
      "total-ns": 84540
    },
    {
      "raw": "# app_train_domain['TARGET'] = train_labels\n\n# # Test the domain knolwedge features\n# submission_domain, fi_domain, metrics_domain = model(app_train_domain, app_test_domain)\n# print('Baseline with domain knowledge features metrics')\n# print(metrics_domain)",
      "total-ns": 85110
    },
    {
      "raw": "# fi_sorted = plot_feature_importances(fi_domain)",
      "total-ns": 85890
    },
    {
      "raw": "# submission_domain.to_csv('baseline_lgb_domain_features.csv', index = False)",
      "total-ns": 84840
    },
    {
      "raw": "",
      "total-ns": 95820
    }
  ]
}