{
  "cells": [
    {
      "raw": "import os\nimport pandas as pd\nimport numpy as np\nimport matplotlib.pyplot as plt\nimport seaborn as sns",
      "total-ns": 1273041377
    },
    {
      "raw": "course = pd.read_csv(\"../input/course-reviews-university-of-waterloo/course_data_clean.csv\")",
      "total-ns": 69499307
    },
    {
      "raw": "course.info()",
      "total-ns": 14502230
    },
    {
      "raw": "course.shape",
      "total-ns": 279790
    },
    {
      "raw": "course.head(10)",
      "total-ns": 247440
    },
    {
      "raw": "course.tail(10)",
      "total-ns": 224060
    },
    {
      "raw": "course.describe()",
      "total-ns": 5785310
    },
    {
      "raw": "course.info()",
      "total-ns": 12630170
    },
    {
      "raw": "course = course.dropna()",
      "total-ns": 10962719
    },
    {
      "raw": "course[[\"course_unit\", \"course_num\"]] = course[\"course_code\"].str.split(\" \", expand=True)",
      "total-ns": 12392920
    },
    {
      "raw": "course",
      "total-ns": 240820
    },
    {
      "raw": "course[course[\"num_reviews\"] < 10].index",
      "total-ns": 2242100
    },
    {
      "raw": "course.drop(course[course[\"num_reviews\"] < 10].index, inplace=True)",
      "total-ns": 2343810
    },
    {
      "raw": "course",
      "total-ns": 173510
    },
    {
      "raw": "for i in [\"useful\", \"easy\", \"liked\"]:\n    course[i] = course[i].str.replace(\"%\", \"\")\n    course[i] = course[i].astype(\"int\")",
      "total-ns": 11241509
    },
    {
      "raw": "course.set_index(\"course_unit\", inplace=True)",
      "total-ns": 698220
    },
    {
      "raw": "course",
      "total-ns": 178620
    },
    {
      "raw": "course.drop([\"course_title\", \"reviews\", \"course_rating\"], axis=1, inplace=True)",
      "total-ns": 1142830
    },
    {
      "raw": "course",
      "total-ns": 167490
    },
    {
      "raw": "course.info()",
      "total-ns": 5769590
    },
    {
      "raw": "course_gp = course.groupby(\"course_unit\").mean()",
      "total-ns": 2297200
    },
    {
      "raw": "course_gp",
      "total-ns": 180060
    },
    {
      "raw": "# STEFANOS-DISABLE-FOR-MODIN: Modin seems to fail in the LHS, giving an error that \"course_rating_mean\" is\n# not in the DF. Of course, it's valid code because we're creating this column here.\n# The problem we cannot just disable this code because follow-up code depends on this column. So, we will create\n# the column before the loop so that indexing in the LHS does not fail.\n\n###### ORIGINAL CODE ###########\n# for i in course_gp.index:\n#     course.loc[i, \"course_rating_mean\"] = course_gp.loc[i, \"course_rating_int\"]\n\n###### CODE THAT MODIN CAN RUN ########\ncourse[\"course_rating_mean\"] = None\nfor i in course_gp.index:\n    course.loc[i, \"course_rating_mean\"] = course_gp.loc[i, \"course_rating_int\"]",
      "total-ns": 17882400
    },
    {
      "raw": "course",
      "total-ns": 218810
    },
    {
      "raw": "course.reset_index(inplace=True)",
      "total-ns": 659110
    },
    {
      "raw": "course",
      "total-ns": 165879
    },
    {
      "raw": "course.groupby(\"course_unit\").mean()[\"course_rating_int\"]",
      "total-ns": 2385049
    },
    {
      "raw": "course[course[\"course_code\"].str.startswith(\"CS\")].value_counts()",
      "total-ns": 5683550
    },
    {
      "raw": "course",
      "total-ns": 204970
    },
    {
      "raw": "# STEFANOS: Disable plotting\n# plt.figure(figsize=(25,20))\n# sns.pairplot(data=course)\n# plt.show()",
      "total-ns": 97760
    },
    {
      "raw": "# STEFANOS: Disable plotting\n# plt.figure(figsize=(12,10))\n# sns.scatterplot(x=\"num_ratings\", y=\"course_rating_mean\", data=course)\n# plt.show()",
      "total-ns": 89990
    },
    {
      "raw": "# STEFANOS: Disable plotting\n# plt.figure(figsize=(12,10))\n# sns.scatterplot(x=\"num_reviews\", y=\"course_rating_mean\", data=course)\n# plt.show()",
      "total-ns": 78540
    },
    {
      "raw": "# STEFANOS: Disable plotting\n# plt.figure(figsize=(25,20))\n# sns.scatterplot(x=\"useful\", y=\"course_rating_mean\", hue=\"course_unit\", data=course)\n# plt.xlabel(\"useful\", fontsize = 20)\n# plt.ylabel(\"Course Rating Mean\", fontsize = 20)\n# plt.show()",
      "total-ns": 83750
    },
    {
      "raw": "# STEFANOS: Disable plotting\n# plt.figure(figsize=(25,20))\n# sns.scatterplot(x=\"easy\", y=\"course_rating_mean\", hue=\"course_unit\", data=course)\n# plt.xlabel(\"easy\", fontsize = 20)\n# plt.ylabel(\"Course Rating Mean\", fontsize = 20)\n# plt.show()",
      "total-ns": 81380
    },
    {
      "raw": "# STEFANOS: Disable plotting\n# plt.figure(figsize=(25,20))\n# sns.scatterplot(x=\"liked\", y=\"course_rating_mean\", hue=\"course_unit\", data=course)\n# plt.xlabel(\"liked\", fontsize = 20)\n# plt.ylabel(\"Course Rating Mean\", fontsize = 20)\n# plt.show()",
      "total-ns": 81180
    },
    {
      "raw": "course.sort_values(\"course_rating_mean\", ascending=False, inplace=True)\n\n# STEFANOS: Disable plotting\n# plt.figure(figsize=(25,20))\n# sns.set_palette(\"Pastel1\")\n# sns.barplot(x=\"course_rating_mean\", y=\"course_unit\", data=course)\n# plt.xlabel(\"Course Rating Mean\", fontsize = 20)\n# plt.ylabel(\"Course Unit\", fontsize = 20)\n# plt.show()",
      "total-ns": 5903410
    },
    {
      "raw": "course.reset_index(inplace=True)",
      "total-ns": 479280
    },
    {
      "raw": "course.set_index(\"course_unit\", inplace=True)",
      "total-ns": 515850
    },
    {
      "raw": "course.loc[\"KOREA\", \"course_rating_mean\"].value_counts()",
      "total-ns": 1540600
    },
    {
      "raw": "KOREA = course.loc[\"KOREA\", :]",
      "total-ns": 579480
    },
    {
      "raw": "# STEFANOS: Disable plotting\n# plt.figure(figsize=(10,10))\n# sns.barplot(x=\"course_code\", y=\"course_rating_mean\", data=KOREA)\n# plt.xlabel(\"KOREA course\", fontsize = 20)\n# plt.ylabel(\"Course Rating Mean\", fontsize = 20)\n# plt.show()",
      "total-ns": 117510
    },
    {
      "raw": "course.loc[\"CHINA\", \"course_rating_mean\"].value_counts()",
      "total-ns": 895320
    },
    {
      "raw": "china = course.loc[\"CHINA\", :]",
      "total-ns": 583820
    },
    {
      "raw": "# STEFANOS: Disable plotting\n# plt.figure(figsize=(10,10))\n# sns.barplot(x=\"course_code\", y=\"course_rating_mean\", data=china)\n# plt.xlabel(\"CHINA course\", fontsize = 20)\n# plt.ylabel(\"Course Rating Mean\", fontsize = 20)\n# plt.show()",
      "total-ns": 114650
    },
    {
      "raw": "course.loc[\"CHINA\", \"course_rating_mean\"].value_counts()",
      "total-ns": 842080
    },
    {
      "raw": "span = course.loc[\"SPAN\", :]\n\n# STEFANOS: Disable plotting\n# plt.figure(figsize=(10,10))\n# sns.barplot(x=\"course_code\", y=\"course_rating_mean\", data=span)\n# plt.xlabel(\"SPANISH course\", fontsize = 20)\n# plt.ylabel(\"Course Rating Mean\", fontsize = 20)\n# plt.show()",
      "total-ns": 576090
    },
    {
      "raw": "course.loc[\"CS\", \"course_rating_mean\"].value_counts()",
      "total-ns": 1008150
    },
    {
      "raw": "cs = course.loc[\"CS\", :]\ncs",
      "total-ns": 646670
    },
    {
      "raw": "cs_mean = cs.groupby(\"course_code\").mean().sort_values(\"course_rating_int\", ascending=False)\ncs_mean",
      "total-ns": 1568030
    },
    {
      "raw": "# STEFANOS: Disable plotting\n# plt.figure(figsize=(15,10))\n# sns.barplot(x=\"course_rating_int\", y=cs_mean.index, data=cs_mean)\n# plt.xlabel(\"Course Rating Mean\", fontsize = 20)\n# plt.ylabel(\"CS Course\", fontsize = 20)\n# plt.show()",
      "total-ns": 116450
    },
    {
      "raw": "course.loc[\"WKRPT\", \"course_rating_mean\"].value_counts()",
      "total-ns": 881630
    },
    {
      "raw": "wkrpt = course.loc[\"WKRPT\", :]\nwkrpt",
      "total-ns": 587400
    },
    {
      "raw": "wkrpt_mean = wkrpt.groupby(\"course_code\").mean().sort_values(\"course_rating_int\", ascending=False)\nwkrpt_mean",
      "total-ns": 1411920
    },
    {
      "raw": "# STEFANOS: Disable plotting\n# plt.figure(figsize=(15,10))\n# sns.barplot(x=\"course_rating_int\", y=wkrpt_mean.index, data=wkrpt_mean)\n# plt.xlabel(\"Course Rating Mean\", fontsize = 20)\n# plt.ylabel(\"WKRPT Course\", fontsize = 20)\n# plt.show()",
      "total-ns": 117310
    },
    {
      "raw": "course.loc[\"PD\", \"course_rating_mean\"].value_counts()",
      "total-ns": 894150
    },
    {
      "raw": "pd = course.loc[\"PD\", :]\npd",
      "total-ns": 596970
    },
    {
      "raw": "pd_mean = pd.groupby(\"course_code\").mean().sort_values(\"course_rating_int\", ascending=False)\npd_mean",
      "total-ns": 1403430
    },
    {
      "raw": "# STEFANOS: Disable plotting\n# plt.figure(figsize=(15,10))\n# sns.barplot(x=\"course_rating_int\", y=pd_mean.index, data=pd_mean)\n# plt.xlabel(\"Course Rating Mean\", fontsize = 20)\n# plt.ylabel(\"PD Course\", fontsize = 20)\n# plt.show()",
      "total-ns": 116511
    }
  ]
}