{
  "cells": [
    {
      "raw": "# This Python 3 environment comes with many helpful analytics libraries installed\n# It is defined by the kaggle/python Docker image: https://github.com/kaggle/docker-python\n# For example, here's several helpful packages to load\n\nimport numpy as np # linear algebra\nimport pandas as pd # data processing, CSV file I/O (e.g. pd.read_csv)\n\n# Input data files are available in the read-only \"../input/\" directory\n# For example, running this (by clicking run or pressing Shift+Enter) will list all files under the input directory\n\nimport os\nfor dirname, _, filenames in os.walk('../input'):\n    for filename in filenames:\n        print(os.path.join(dirname, filename))\n\n# You can write up to 20GB to the current directory (/kaggle/working/) that gets preserved as output when you create a version using \"Save & Run All\" \n# You can also write temporary files to /kaggle/temp/, but they won't be saved outside of the current session",
      "total-ns": 275795522
    },
    {
      "raw": "# # import seaborn as sns\n# # import matplotlib.pyplot as plt\n\n# from IPython.display import set_matplotlib_formats\n# set_matplotlib_formats(\"retina\")\n\n# plt.style.use(\"seaborn-whitegrid\")",
      "total-ns": 212020
    },
    {
      "raw": "raw = pd.read_csv(r\"../input/kaggle_survey_2020_responses.csv\", low_memory=False)\nraw.shape",
      "total-ns": 601648692
    },
    {
      "raw": "raw.info()",
      "total-ns": 10249430
    },
    {
      "raw": "raw.head()",
      "total-ns": 300330
    },
    {
      "raw": "question = raw.iloc[0]\nquestion",
      "total-ns": 306460
    },
    {
      "raw": "answer = raw.drop([0])\nanswer",
      "total-ns": 62929759
    },
    {
      "raw": "answer.info()",
      "total-ns": 10036270
    },
    {
      "raw": "question[\"Q1\"]",
      "total-ns": 361780
    },
    {
      "raw": "Q1 = answer['Q1'].value_counts().sort_index()\n# sns.countplot(data=answer.sort_values(\"Q1\"), x=\"Q1\", \n#               palette=\"Blues_r\").set_title(question[\"Q1\"])",
      "total-ns": 1453700
    },
    {
      "raw": "question_no = \"Q2\"\nQ2 = answer[question_no].value_counts()\nQ2",
      "total-ns": 1226230
    },
    {
      "raw": "# sns.countplot(data=answer, \n#               y=question_no).set_title(question[question_no])",
      "total-ns": 99780
    },
    {
      "raw": "q1q2 = pd.crosstab(answer[\"Q1\"], answer[\"Q2\"])\n# q1q2[[\"Man\", \"Woman\"]].plot.bar(rot=0)",
      "total-ns": 10857520
    },
    {
      "raw": "q1q2[[\"Man\", \"Woman\"]].sort_index(ascending=False)",
      "total-ns": 945200
    },
    {
      "raw": "# plt.figure(figsize=(10, 6))\n# sns.countplot(data=answer.sort_values(\"Q1\"), x=\"Q1\", hue=\"Q2\").set_title(\"Age & Gender\")",
      "total-ns": 106620
    },
    {
      "raw": "def show_countplot_by_qno(qno, fsize=(10, 6), order=None):\n    \"\"\"\n    qno : question_no, ex) Q12\n    fsize : figsize default (10, 6)\n    order : optional order list, default value_counts().index\n    \"\"\"\n    if not order :\n        order = answer[qno].value_counts().index\n        \n    # plt.figure(figsize=fsize)\n    # sns.countplot(data=answer, \n    #               y=qno,\n    #               order=order,\n    #               palette=\"Blues_r\"\n    #              ).set_title(question[qno])",
      "total-ns": 605900
    },
    {
      "raw": "show_countplot_by_qno(\"Q3\", fsize=(12, 12))",
      "total-ns": 1192860
    },
    {
      "raw": "show_countplot_by_qno(\"Q4\")",
      "total-ns": 1110720
    },
    {
      "raw": "show_countplot_by_qno(\"Q5\")",
      "total-ns": 1157270
    },
    {
      "raw": "show_countplot_by_qno(\"Q6\")",
      "total-ns": 1105180
    },
    {
      "raw": "q6_cols = ['I have never written code', '< 1 years', '1-2 years', '3-5 years', '5-10 years',  \n       '10-20 years', '20+ years']",
      "total-ns": 250989
    },
    {
      "raw": "show_countplot_by_qno(\"Q6\", order=q6_cols)",
      "total-ns": 187750
    },
    {
      "raw": "question.filter(regex=\"Q7\")[0].split(\"-\")[0]",
      "total-ns": 659011
    },
    {
      "raw": "answer_Q7 = answer.filter(regex=\"Q7\")\nanswer_Q7",
      "total-ns": 2560770
    },
    {
      "raw": "answer_Q7_desc = answer_Q7.describe()\nanswer_Q7_desc",
      "total-ns": 21219500
    },
    {
      "raw": "answer_Q7_count = answer_Q7_desc.loc[[\"top\", \"count\"]].T\nanswer_Q7_count = answer_Q7_count.set_index(\"top\")\nanswer_Q7_count = answer_Q7_count.sort_values(\"count\", ascending=False)\nanswer_Q7_count",
      "total-ns": 1580721
    },
    {
      "raw": "q7_title = question.filter(regex=\"Q7\")[0].split(\"-\")[0]",
      "total-ns": 694961
    },
    {
      "raw": "# sns.barplot(data=answer_Q7_count, \n#             y=answer_Q7_count.index, x=\"count\", palette=\"Blues_r\").set_title(q7_title)",
      "total-ns": 106021
    },
    {
      "raw": "def get_question_title_by_qno(qno):\n    if qno in question.index:\n        return question[qno]\n    else:\n        q_no = question.filter(regex=qno)[0].split(\"-\")[0]\n        return q_no\n\nget_question_title_by_qno(\"Q7\")",
      "total-ns": 801470
    },
    {
      "raw": "def get_multiple_choice_answer_by_qno(qno):\n    df_answer = answer.filter(regex=qno)\n    answer_desc = df_answer.describe()\n    answer_count = answer_desc.loc[[\"top\", \"count\"]].T.set_index(\"top\")\n    answer_count = answer_count.sort_values(by=\"count\", ascending=False)\n    return answer_count",
      "total-ns": 478461
    },
    {
      "raw": "get_multiple_choice_answer_by_qno(\"Q9\")",
      "total-ns": 22935560
    },
    {
      "raw": "def show_multiple_choice_bar_plot_by_qno(qno):\n    multiple_choice_answer = get_multiple_choice_answer_by_qno(qno)\n     \n    # plt.figure(figsize=(10, 6))\n    # sns.barplot(data=multiple_choice_answer,\n    #             y=multiple_choice_answer.index, \n    #             x=\"count\", \n    #             palette=\"Blues_r\").set_title(get_question_title_by_qno(qno))",
      "total-ns": 304090
    },
    {
      "raw": "show_multiple_choice_bar_plot_by_qno(\"Q7\")",
      "total-ns": 27443699
    },
    {
      "raw": "q7_cols = answer.filter(regex=\"Q7\").describe().loc[\"top\"].tolist()",
      "total-ns": 27720259
    },
    {
      "raw": "q2q7 = answer.filter(regex=\"Q7|Q2$\")\nq2q7_count = q2q7.groupby(\"Q2\").count()\nq2q7_count.columns = q7_cols\nq2q7_count",
      "total-ns": 26728980
    },
    {
      "raw": "g = q2q7_count.loc[[\"Man\", \"Woman\"]].T.sort_values(\"Woman\")",
      "total-ns": 2272979
    },
    {
      "raw": "# show_countplot_by_qno(\"Q7\")\n# show_multiple_choice_bar_plot_by_qno(\"Q1\")",
      "total-ns": 173800
    },
    {
      "raw": "question.index",
      "total-ns": 233240
    },
    {
      "raw": "def show_plot_by_qno(qno):\n    if qno in question.index:\n        show_countplot_by_qno(qno)\n    else:\n        show_multiple_choice_bar_plot_by_qno(qno)",
      "total-ns": 350160
    },
    {
      "raw": "show_plot_by_qno(\"Q8\")",
      "total-ns": 1279640
    },
    {
      "raw": "show_plot_by_qno(\"Q9\")",
      "total-ns": 22756120
    },
    {
      "raw": "show_plot_by_qno(\"Q10\")",
      "total-ns": 26300990
    },
    {
      "raw": "show_plot_by_qno(\"Q11\")",
      "total-ns": 1413850
    },
    {
      "raw": "show_plot_by_qno(\"Q12\")",
      "total-ns": 10564930
    },
    {
      "raw": "show_plot_by_qno(\"Q13\")",
      "total-ns": 1468761
    },
    {
      "raw": "show_plot_by_qno(\"Q14\")",
      "total-ns": 21629009
    },
    {
      "raw": "show_plot_by_qno(\"Q15\")",
      "total-ns": 1216540
    },
    {
      "raw": "show_plot_by_qno(\"Q16\")",
      "total-ns": 29445009
    },
    {
      "raw": "show_plot_by_qno(\"Q17\")",
      "total-ns": 25053719
    },
    {
      "raw": "show_plot_by_qno(\"Q18\")",
      "total-ns": 13673340
    },
    {
      "raw": "show_plot_by_qno(\"Q19\")",
      "total-ns": 11787490
    },
    {
      "raw": "show_plot_by_qno(\"Q20\")",
      "total-ns": 1246839
    },
    {
      "raw": "show_plot_by_qno(\"Q21\")",
      "total-ns": 1062809
    },
    {
      "raw": "show_plot_by_qno(\"Q22\")",
      "total-ns": 1099620
    },
    {
      "raw": "show_plot_by_qno(\"Q23\")",
      "total-ns": 15261670
    },
    {
      "raw": "show_plot_by_qno(\"Q24\")",
      "total-ns": 1346980
    },
    {
      "raw": "q24_count = answer[\"Q24\"].value_counts().reset_index()\nq24_count.columns = [\"range\", \"count\"]\nq24_count",
      "total-ns": 1704440
    },
    {
      "raw": "q24_count[\"min\"] = q24_count[\"range\"].str.split(\"-\", expand=True)[0]\nq24_count[\"max\"] = q24_count[\"range\"].str.split(\"-\", expand=True)[1]\nq24_count[\"min\"] = q24_count[\"min\"].str.replace(\",\", \"\")\nq24_count[\"min\"] = q24_count[\"min\"].str.replace(\"|\", \"\")\nq24_count[\"min\"] = q24_count[\"min\"].str.replace(\"\\\\\", \"\")\nq24_count[\"min\"] = q24_count[\"min\"].str.replace(\"$\", \"\")\nq24_count[\"min\"] = q24_count[\"min\"].str.replace(\">\", \"\")\nq24_count[\"min\"] = q24_count[\"min\"].astype(int)\nq24_count = q24_count.sort_values(\"min\")\nq24_count",
      "total-ns": 4525830
    },
    {
      "raw": "# plt.figure(figsize=(10, 6))\n# g = sns.barplot(data=q24_count, \n#                 y=\"range\", x=\"count\", \n#                 palette=\"Blues\").set_title(get_question_title_by_qno(\"Q24\"))",
      "total-ns": 122470
    },
    {
      "raw": "q24_cols = q24_count.range.tolist()",
      "total-ns": 267070
    },
    {
      "raw": "q3_usa = answer[answer[\"Q3\"].isin([\"United States of America\"])]\n# plt.figure(figsize=(10, 6))\n# g= sns.countplot(data=q3_usa, \n#               y=\"Q24\", \n#               order=q24_cols, \n#               palette=\"Blues\").set_title(\"USA yearly compensation\")",
      "total-ns": 10289550
    },
    {
      "raw": "q3_korea = answer[answer[\"Q3\"].isin([\"South Korea\"])]\n# plt.figure(figsize=(10, 6))\n# g = sns.countplot(data=q3_korea, \n#                   y=\"Q24\", \n#                   order=q24_cols, \n#                   palette=\"Blues\").set_title(\"South Korea yearly compensation\")",
      "total-ns": 4974521
    },
    {
      "raw": "show_plot_by_qno(\"Q25\")",
      "total-ns": 1265050
    },
    {
      "raw": "show_plot_by_qno(\"Q26_A\")",
      "total-ns": 20127780
    },
    {
      "raw": "show_plot_by_qno(\"Q26_B\")",
      "total-ns": 20537829
    },
    {
      "raw": "show_plot_by_qno(\"Q27_A\")",
      "total-ns": 19728950
    },
    {
      "raw": "show_plot_by_qno(\"Q27_B\")",
      "total-ns": 20759309
    },
    {
      "raw": "show_plot_by_qno(\"Q28_A\")",
      "total-ns": 17931159
    },
    {
      "raw": "show_plot_by_qno(\"Q28_B\")",
      "total-ns": 19300459
    },
    {
      "raw": "show_plot_by_qno(\"Q29_A\")",
      "total-ns": 30263569
    },
    {
      "raw": "show_plot_by_qno(\"Q29_B\")",
      "total-ns": 29883449
    },
    {
      "raw": "show_plot_by_qno(\"Q30\")",
      "total-ns": 960620
    },
    {
      "raw": "show_plot_by_qno(\"Q31_A\")",
      "total-ns": 23420279
    },
    {
      "raw": "show_plot_by_qno(\"Q31_B\")",
      "total-ns": 24394629
    },
    {
      "raw": "show_plot_by_qno(\"Q32\")",
      "total-ns": 914160
    },
    {
      "raw": "show_plot_by_qno(\"Q33_A\")",
      "total-ns": 13696450
    },
    {
      "raw": "show_plot_by_qno(\"Q33_B\")",
      "total-ns": 14139349
    },
    {
      "raw": "show_plot_by_qno(\"Q34_A\")",
      "total-ns": 18702690
    },
    {
      "raw": "show_plot_by_qno(\"Q34_B\")",
      "total-ns": 19655489
    },
    {
      "raw": "show_plot_by_qno(\"Q35_A\")",
      "total-ns": 19943829
    },
    {
      "raw": "show_plot_by_qno(\"Q35_B\")",
      "total-ns": 19104359
    },
    {
      "raw": "show_plot_by_qno(\"Q36\")",
      "total-ns": 17358170
    },
    {
      "raw": "show_plot_by_qno(\"Q37\")",
      "total-ns": 22141009
    },
    {
      "raw": "show_plot_by_qno(\"Q38\")",
      "total-ns": 1323460
    },
    {
      "raw": "show_plot_by_qno(\"Q39\")",
      "total-ns": 22346819
    },
    {
      "raw": "",
      "total-ns": 129560
    },
    {
      "raw": "",
      "total-ns": 44409
    }
  ]
}