{
  "cells": [
    {
      "raw": "import pandas as pd\nimport numpy as np",
      "total-ns": 279344602
    },
    {
      "raw": "#load dataset\nproteins = pd.read_csv(\"../input/train_proteins.csv\")\npeptides = pd.read_csv(\"../input/train_peptides.csv\")\nclinical = pd.read_csv(\"../input/train_clinical_data.csv\")",
      "total-ns": 754886587
    },
    {
      "raw": "clinical.info()",
      "total-ns": 30275050
    },
    {
      "raw": "print('proteins shape:             ', proteins.shape)\nprint('peptides shape:             ', peptides.shape)\nprint('clinical shape:             ', clinical.shape)",
      "total-ns": 424890
    },
    {
      "raw": "proteins[proteins['patient_id'] == 55]['visit_month'].value_counts()",
      "total-ns": 1432809
    },
    {
      "raw": "peptides[peptides['patient_id'] == 55]['visit_month'].value_counts()",
      "total-ns": 3152569
    },
    {
      "raw": "# merge proteins and peptides dataset based on 'visit_id' and 'UniPort'\ndf_all = proteins.merge(peptides[['visit_id', 'UniProt', 'Peptide','PeptideAbundance']], on = ['visit_id','UniProt'], how = 'left')",
      "total-ns": 375123399
    },
    {
      "raw": "def summary(df):\n    print(f'data shape: {df.shape}')\n    summ = pd.DataFrame(df.dtypes, columns=['data type'])\n    summ['#missing'] = df.isnull().sum().values * 100\n    summ['%missing'] = df.isnull().sum().values / len(df)\n    summ['#unique'] = df.nunique().values\n    desc = pd.DataFrame(df.describe(include='all').transpose())\n    summ['min'] = desc['min'].values\n    summ['max'] = desc['max'].values\n    summ['first value'] = df.loc[0].values\n    summ['second value'] = df.loc[1].values\n    summ['third value'] = df.loc[2].values\n    \n    return summ",
      "total-ns": 1182380
    },
    {
      "raw": "summary(df_all).style.background_gradient(cmap='YlOrBr')",
      "total-ns": 1500390245
    },
    {
      "raw": "# group by uniprot\ndf_by_uniprot = df_all.groupby(['visit_id','UniProt'])['NPX'].mean().reset_index()",
      "total-ns": 96580867
    },
    {
      "raw": "# group by peptides\ndf_by_peptide = df_all.groupby(['visit_id','Peptide'])['PeptideAbundance'].mean().reset_index()",
      "total-ns": 273127122
    },
    {
      "raw": "# pivot groupby table for uniprot dataset\ndf_uniprot = df_by_uniprot.pivot(index='visit_id',columns = 'UniProt', values = 'NPX').rename_axis(columns=None).reset_index()",
      "total-ns": 41271478
    },
    {
      "raw": "# pivot groupby table for pepdite dataset\ndf_peptide = df_by_peptide.pivot(index='visit_id',columns = 'Peptide', values = 'PeptideAbundance').rename_axis(columns=None).reset_index()",
      "total-ns": 219607314
    },
    {
      "raw": "### let's see how these talbe looks like",
      "total-ns": 336571
    },
    {
      "raw": "df_uniprot.sample(5)",
      "total-ns": 1970840
    },
    {
      "raw": "df_peptide.sample(5)",
      "total-ns": 634280
    },
    {
      "raw": "# add patient id and visit month\ndf_uniprot[['patient_id','visit_month']] = df_uniprot.visit_id.str.split(\"_\", expand=True)\ndf_peptide[['patient_id','visit_month']] = df_peptide.visit_id.str.split(\"_\", expand=True)",
      "total-ns": 4730750
    },
    {
      "raw": "clinical.head(5)",
      "total-ns": 342080
    },
    {
      "raw": "clinical.melt(id_vars=['visit_id', 'patient_id', 'visit_month', 'upd23b_clinical_state_on_medication'], \n                   var_name='updrs', value_name='rating')",
      "total-ns": 2949549
    },
    {
      "raw": "# to be continued....",
      "total-ns": 160250
    },
    {
      "raw": "",
      "total-ns": 48850
    },
    {
      "raw": "",
      "total-ns": 70499
    },
    {
      "raw": "",
      "total-ns": 41331
    }
  ]
}