{
  "cells": [
    {
      "raw": "import numpy as np\n\nimport pandas as pd\nfrom pandas.plotting import scatter_matrix\n\nfrom IPython.display import HTML\n\nimport warnings\nwarnings.filterwarnings('ignore')",
      "total-ns": 273336243
    },
    {
      "raw": "",
      "total-ns": 113651
    },
    {
      "raw": "pd.options.display.float_format = '{:,.2f}'.format\n# pd.set_option('precision', 2)\nfont_size = 17",
      "total-ns": 331660
    },
    {
      "raw": "df_m = pd.read_csv('../input/housing_in_london_monthly_variables.csv', parse_dates = ['date'])\ndf_y = pd.read_csv('../input/housing_in_london_yearly_variables.csv', parse_dates = ['date'])",
      "total-ns": 24479409
    },
    {
      "raw": "df_y.info()",
      "total-ns": 31830119
    },
    {
      "raw": "#df_m = pd.read_csv('../input/housing_in_london_monthly_variables.csv', parse_dates = ['date'])\n\nprint ('This dataset contains {} rows and {} columns.'.format(df_m.shape[0], df_m.shape[1]))\ndf_m.head()",
      "total-ns": 540430
    },
    {
      "raw": "df_m.info()",
      "total-ns": 6076649
    },
    {
      "raw": "null_df_m = df_m.isnull().sum().sort_values(ascending = False)\npercent = (df_m.isnull().sum()/df_m.isnull().count()).sort_values(ascending = False)*100\n\nnull_df_m = pd.concat([null_df_m, percent], axis = 1, keys = ['Counts', '% Missing'])\nprint ('Missing: ')\nnull_df_m.head()",
      "total-ns": 11312920
    },
    {
      "raw": "df_m.drop('no_of_crimes', axis = 1, inplace = True)   # drop the 'no_of_crimes column\n\ndf_m['houses_sold'].fillna(df_m.groupby('area')['houses_sold'].transform('mean'), inplace = True) # fill NaN values with the mean of that particular area",
      "total-ns": 2704880
    },
    {
      "raw": "df_m['year'] = df_m['date'].dt.year\ndf_m.iloc[[0, -1]]",
      "total-ns": 1852400
    },
    {
      "raw": "df_m = df_m[df_m['year'] < 2020]\ndf_m['year'].max()",
      "total-ns": 1236730
    },
    {
      "raw": "lnd_boroughs = df_m[df_m['borough_flag'] == 1]['area'].unique()\nlen(lnd_boroughs)",
      "total-ns": 1355840
    },
    {
      "raw": "df_m[df_m['borough_flag'] == 0]['area'].nunique()",
      "total-ns": 972350
    },
    {
      "raw": "df_m[df_m['borough_flag'] == 0]['area'].unique()",
      "total-ns": 868620
    },
    {
      "raw": "eng_regions = ['south west', 'south east', 'east of england', 'west midlands', 'east midlands', 'yorks and the humber', 'north west', 'north east']",
      "total-ns": 262390
    },
    {
      "raw": "lnd = df_m[df_m['area'].isin(lnd_boroughs)]\neng = df_m[df_m['area'].isin(eng_regions)]",
      "total-ns": 1834750
    },
    {
      "raw": "lnd_pr = lnd.groupby('date')['average_price'].mean()\neng_pr = eng.groupby('date')['average_price'].mean()",
      "total-ns": 1620349
    },
    {
      "raw": "",
      "total-ns": 65971
    },
    {
      "raw": "",
      "total-ns": 45840
    },
    {
      "raw": "# frames = []\n# for months in pd.date_range(start = lnd_pr.index[0], end = lnd_pr.index[-1], freq = '3MS'): # 3MS --> every three months\n#     frame = plot(lnd_pr, eng_pr, months)\n#     frames.append(frame)\n    \n# gif.save(frames, 'Price-Lnd_vs_Eng.gif', duration = 1, unit = 's', between = 'startend')",
      "total-ns": 107510
    },
    {
      "raw": "# HTML('<img src=\"./Price-Lnd_vs_Eng.gif\" />')",
      "total-ns": 98150
    },
    {
      "raw": "lnd_b_prices = lnd.groupby('area')['average_price'].mean()\nlnd_top10_pr = lnd_b_prices.sort_values(ascending = False).to_frame()\n\nprint ('\\nThe 10 most expensive boroughs in London are:')\nlnd_top10_pr.head(10)",
      "total-ns": 1680640
    },
    {
      "raw": "lnd_top10_pr.head(10).sort_values(by = 'average_price', ascending = True)",
      "total-ns": 506899
    },
    {
      "raw": "top5_indeces = lnd_top10_pr.head().index\ncolors = ['#e74c3c', '#3498db', '#95a5a6', '#34495e', '#2ecc71']\n\n\nfor index, i in enumerate(top5_indeces):\n    df_ = lnd[lnd['area'] == i]\n    df_ = df_.groupby('date')['average_price'].mean()",
      "total-ns": 6610560
    },
    {
      "raw": "eng_prices = eng.groupby('area')['average_price'].mean()\neng_top3_pr = eng_prices.sort_values(ascending = False).to_frame()\n\nprint('The top 3 most expensive regions in England are:')\neng_top3_pr.head(3)",
      "total-ns": 1256310
    },
    {
      "raw": "top3_indeces = eng_top3_pr.head(3).index\ncolors = ['darkorange', '#8EB8E5', 'forestgreen', ]\n\nfor index, i in enumerate(top3_indeces):\n    df_ = eng[eng['area'] == i]\n    df_ = df_.groupby('date')['average_price'].mean()",
      "total-ns": 3258489
    },
    {
      "raw": "\n\nfor index, i in enumerate(top3_indeces):\n    df_ = eng[eng['area'] == i]\n    df_ = df_.groupby('date')['average_price'].mean()\n\nlnd_bng_pr = lnd[lnd['area'] == 'barking and dagenham'].groupby('date')['average_price'].mean()",
      "total-ns": 4523070
    },
    {
      "raw": "lnd_houses = lnd.groupby('date')['houses_sold'].sum()",
      "total-ns": 841340
    },
    {
      "raw": "lnd_b_houses = lnd.groupby('area')['houses_sold'].sum()\nlnd_top5_h = lnd_b_houses.sort_values(ascending = False).to_frame()\nlnd_top5_h.head(5)",
      "total-ns": 1460010
    },
    {
      "raw": "",
      "total-ns": 61630
    },
    {
      "raw": "",
      "total-ns": 43180
    },
    {
      "raw": "",
      "total-ns": 37570
    },
    {
      "raw": "",
      "total-ns": 36380
    },
    {
      "raw": "",
      "total-ns": 36090
    },
    {
      "raw": "",
      "total-ns": 35330
    },
    {
      "raw": "",
      "total-ns": 41440
    },
    {
      "raw": "#df_y = pd.read_csv('../input/housing_in_london_yearly_variables.csv', parse_dates = ['date'])\ndf_y = df_y[df_y['area'].isin(lnd_boroughs)] # select only London boroughs\n\nprint ('This dataset contains {} rows and {} columns.'.format(df_y.shape[0], df_y.shape[1]))\ndf_y.head()",
      "total-ns": 985610
    },
    {
      "raw": "null_df_y = df_y.isnull().sum().sort_values(ascending = False)\npercent = (df_y.isnull().sum()/df_y.isnull().count()).sort_values(ascending = False)*100\n\nnull_df = pd.concat([null_df_y, percent], axis = 1, keys = ['Counts', '%'])\nnull_df.head(10)",
      "total-ns": 4280840
    },
    {
      "raw": "# import missingno as msno\n# msno.matrix(df_y)",
      "total-ns": 118000
    },
    {
      "raw": "df_y[~df_y['mean_salary'].str.isnumeric()]['mean_salary'].value_counts()",
      "total-ns": 1277610
    },
    {
      "raw": "df_y['mean_salary'] = df_y['mean_salary'].replace(['#'], np.NaN)\ndf_y['mean_salary'] = df_y['mean_salary'].astype(float)",
      "total-ns": 1152890
    },
    {
      "raw": "df_y['year'] = df_y['date'].dt.year\n\nprint ('yearly_variables dataset')\nprint ('\\tFirst date: ', df_y['year'].min())\nprint ('\\tFinal date: ', df_y['year'].max())",
      "total-ns": 1201620
    },
    {
      "raw": "",
      "total-ns": 66140
    },
    {
      "raw": "",
      "total-ns": 44550
    },
    {
      "raw": "",
      "total-ns": 68190
    },
    {
      "raw": "",
      "total-ns": 40520
    },
    {
      "raw": "",
      "total-ns": 37730
    },
    {
      "raw": "\n",
      "total-ns": 37280
    },
    {
      "raw": "",
      "total-ns": 36510
    }
  ]
}