{
  "cells": [
    {
      "raw": "import numpy as np\nimport os\nimport pandas as pd\n",
      "total-ns": 270793852
    },
    {
      "raw": "train_df = pd.read_csv('../input/feedback-prize-english-language-learning/train.csv')\ntest_df = pd.read_csv('../input/feedback-prize-english-language-learning/test.csv')",
      "total-ns": 115146757
    },
    {
      "raw": "test_df.info()",
      "total-ns": 29772390
    },
    {
      "raw": "train_df.head()",
      "total-ns": 403150
    },
    {
      "raw": "test_df.head()",
      "total-ns": 207981
    },
    {
      "raw": "len(train_df), len(test_df)",
      "total-ns": 218169
    },
    {
      "raw": "LABEL_COLUMNS = ['cohesion', 'syntax', 'vocabulary', 'phraseology', 'grammar', 'conventions']",
      "total-ns": 218031
    },
    {
      "raw": "## ORIGINAL:\n# texts = train_df.sample(frac=1, random_state=420).head(4)\n## TO RUN WITH KOALAS\ntexts = train_df.sample(frac=1.0, random_state=420).head(4)",
      "total-ns": 1389261
    },
    {
      "raw": "train_df['total_score'] = train_df[LABEL_COLUMNS].sum(axis=1)\nlowest_df = train_df.sort_values('total_score').head(4)",
      "total-ns": 2212770
    },
    {
      "raw": "train_df['total_score'] = train_df[LABEL_COLUMNS].sum(axis=1)\nhighest_df = train_df.sort_values('total_score', ascending=False).head(4)",
      "total-ns": 2033380
    },
    {
      "raw": "train_df['word_count'] = train_df.full_text.apply(lambda x: len(x.split()))",
      "total-ns": 52958039
    },
    {
      "raw": "train_df['word_count'].mean()",
      "total-ns": 785650
    },
    {
      "raw": "train_df['word_count'].max()",
      "total-ns": 418820
    }
  ]
}