{
  "cells": [
    {
      "raw": "import numpy as np # linear algebra\nimport pandas as pd # data processing, CSV file I/O (e.g. pd.read_csv)\n\nfrom sklearn.metrics import mean_absolute_error\nfrom sklearn.preprocessing import LabelEncoder\n\nimport pylab as pl\nimport os\nprint(os.listdir(\"../input\"))\n",
      "total-ns": 1096941517
    },
    {
      "raw": "#Cargamos el data set mediante Python y Pandas mediante read_csv\n#Tener en cuenta indicadar el separador como recomendacion con delimiter se recomienda\n#En caso tengamos un campo donde se guarden los ID unico podemos caolocar elnumero de columna en index_col para usarlo de indexacion\ndata = pd.read_csv(\"../input/avocado.csv\",delimiter=\",\",index_col=0)\n\n#Visualizamos el volumen de filas y columnas de nuestros datos\ndata.shape",
      "total-ns": 36224319
    },
    {
      "raw": "data.info()",
      "total-ns": 12256499
    },
    {
      "raw": "#Podemos mediante el comando info identificar los tipos de campos 123\ndata.info()",
      "total-ns": 9556250
    },
    {
      "raw": "#Vamos a ver un peque\u00f1o resumen de los datos\ndata.head(5)",
      "total-ns": 432510
    },
    {
      "raw": "#Vamos a validar que se cumple ambos formulas\n#Todo aquel registro que no cumpla con la regla pasara a ser una inconsistencia la cual descartaremos.\ndataIncorrecta = data[((data['4046'] + data['4225'] + data['4770'] + data['Total Bags']) != data['Total Volume'] ) | ((data['Small Bags'] + data['Large Bags'] + data['XLarge Bags']) != data['Total Bags'] )]\ndataCorrecta =  data[((data['4046'] + data['4225'] + data['4770'] + data['Total Bags']) == data['Total Volume'] ) & ((data['Small Bags'] + data['Large Bags'] + data['XLarge Bags']) == data['Total Bags'] )]\n\ndataIncorrecta.reset_index(inplace = True)\ndataCorrecta.reset_index(inplace = True)\n\nprint(\"Data Total\",data.shape)\nprint(\"Data Incorrecta\",dataIncorrecta.shape)\nprint(\"Data Correcta\",dataCorrecta.shape)",
      "total-ns": 5061370
    },
    {
      "raw": "#Analizamos valores perdidos en caso de que existan\ndataCorrecta.isnull().sum()",
      "total-ns": 3777530
    },
    {
      "raw": "",
      "total-ns": 98920
    },
    {
      "raw": "",
      "total-ns": 48360
    },
    {
      "raw": "dataCorrecta =dataCorrecta[(dataCorrecta['Small Bags']<300000.0) & (dataCorrecta['Large Bags']<150000.0) & (dataCorrecta['XLarge Bags']<10000.0)]\ndataCorrecta.shape",
      "total-ns": 2348600
    },
    {
      "raw": "",
      "total-ns": 69789
    },
    {
      "raw": "",
      "total-ns": 45149
    },
    {
      "raw": "",
      "total-ns": 41780
    },
    {
      "raw": "conventional = dataCorrecta[dataCorrecta.type==\"conventional\"]\norganic = dataCorrecta[dataCorrecta.type==\"organic\"]\n\ngroupBy1_price = conventional.groupby('Date').mean(numeric_only=True)\n\ngroupBy2_price = organic.groupby('Date').mean(numeric_only=True)\n",
      "total-ns": 5041840
    },
    {
      "raw": "#dataCorrecta['Date2']=pd.to_datetime(dataCorrecta['Date'], format=\"%Y/%m/%d\")\ndataCorrecta['Date'] =dataCorrecta['Date'].astype('datetime64[ns]')\n\n",
      "total-ns": 2550739
    },
    {
      "raw": "#Tenemos que analizar los datos categoricos no numericos, para transformarlos en numericos, o ver si son utiles\ndataCorrecta['type'].value_counts()",
      "total-ns": 873890
    },
    {
      "raw": "dataCorrecta.head()",
      "total-ns": 333610
    },
    {
      "raw": "dataCorrecta['year'].value_counts()",
      "total-ns": 548050
    },
    {
      "raw": "dataCorrecta['region'].value_counts()",
      "total-ns": 841640
    },
    {
      "raw": "",
      "total-ns": 62330
    },
    {
      "raw": "#Analizamos el comportamiento de los procesio por region de las paltas organicos\nmask = dataCorrecta['type']=='organic'\n",
      "total-ns": 772720
    },
    {
      "raw": "#Analizamos el comportamiento de los procesio por region de las paltas convencionales\nmask = dataCorrecta['type']=='conventional'\n",
      "total-ns": 686560
    },
    {
      "raw": "label = LabelEncoder()\ndicts = {}\n\nlabel.fit(dataCorrecta.type.drop_duplicates()) \ndicts['type'] = list(label.classes_)\ndataCorrecta.type = label.transform(dataCorrecta.type) ",
      "total-ns": 2010511
    },
    {
      "raw": "dataCorrecta['type'].value_counts()",
      "total-ns": 628710
    },
    {
      "raw": "#Realizamos una tabla de correlacion, para conocer el nivel de relacion entre los campos y entre nuestro target\ncols = ['AveragePrice','Total Volume','4046','4225','4770','Total Bags','Small Bags','Large Bags','XLarge Bags','year','type']\ncorr = dataCorrecta[cols].corr('spearman') \n",
      "total-ns": 11423000
    },
    {
      "raw": "#Creamos las variables ficticias para region\nregion_dummi =pd.get_dummies(dataCorrecta['region'], prefix='reg')\nregion_dummi.head()",
      "total-ns": 3791120
    },
    {
      "raw": "#Agregamos los datos fictios a la data original\ndata_nueva = pd.concat([dataCorrecta, region_dummi], axis=1)\ndata_nueva.head() ",
      "total-ns": 1388489
    },
    {
      "raw": "#eliminamos las columna region\ndata_nueva = data_nueva.drop(labels=['region'], axis=1)\ndata_nueva = data_nueva.drop(labels=['index'], axis=1)",
      "total-ns": 2521110
    },
    {
      "raw": "#corr = data_nueva.corr('spearman') \n#plt.figure(figsize = ( 35 , 20 )) \n#sns.heatmap(corr,annot=True,fmt='.2f',cmap=\"YlGnBu\");",
      "total-ns": 158310
    },
    {
      "raw": "data_train = pd.DataFrame(index=data_nueva.index)\ntarger_train = pd.DataFrame(index=data_nueva.index)\ndata_train = data_nueva\ntarger_train = data_nueva['AveragePrice']",
      "total-ns": 867170
    },
    {
      "raw": "data_train['monthy'] = data_train['Date'].astype('datetime64[ns]').apply(lambda ts: ts.month)",
      "total-ns": 8968750
    },
    {
      "raw": "dummi_month =pd.get_dummies(data_train['monthy'], prefix='month')\ndata_train = pd.concat([data_train, dummi_month], axis=1)",
      "total-ns": 2426529
    },
    {
      "raw": "data_train = data_train.drop(['monthy'],axis=1)\n#data_train = data_train.drop(['Date'],axis=1)",
      "total-ns": 1942850
    },
    {
      "raw": "data_train.head(5)",
      "total-ns": 368000
    },
    {
      "raw": "data_train['year'].value_counts()",
      "total-ns": 703370
    },
    {
      "raw": "region_dummi_fecha =pd.get_dummies(data_train['year'], prefix='year')",
      "total-ns": 914920
    },
    {
      "raw": "data_train = pd.concat([data_train, region_dummi_fecha], axis=1)",
      "total-ns": 921860
    },
    {
      "raw": "data_train.head(5)",
      "total-ns": 321890
    },
    {
      "raw": "data_train = data_train.drop(['year'],axis=1)\ndata_train = data_train.drop(['Date'], axis=1)\ndata_train = data_train.drop(['AveragePrice'],axis=1)",
      "total-ns": 2488480
    },
    {
      "raw": "\ndata_train.head(5)",
      "total-ns": 312250
    },
    {
      "raw": "targer_train.mean()",
      "total-ns": 398840
    },
    {
      "raw": "",
      "total-ns": 62650
    },
    {
      "raw": "",
      "total-ns": 43400
    },
    {
      "raw": "data_train.head()",
      "total-ns": 209930
    },
    {
      "raw": "",
      "total-ns": 58950
    },
    {
      "raw": "",
      "total-ns": 40690
    },
    {
      "raw": "",
      "total-ns": 37190
    },
    {
      "raw": "",
      "total-ns": 36030
    },
    {
      "raw": "",
      "total-ns": 36810
    },
    {
      "raw": "\n",
      "total-ns": 36570
    },
    {
      "raw": "",
      "total-ns": 35480
    },
    {
      "raw": "",
      "total-ns": 36200
    },
    {
      "raw": "",
      "total-ns": 36210
    }
  ]
}