{
  "cells": [
    {
      "raw": "import pandas as pd\ndf = pd.read_csv(filepath_or_buffer='../input/Airline Dataset.csv', parse_dates=['Departure Date'])\ndf.head()",
      "total-ns": 554280233
    },
    {
      "raw": "df.info()",
      "total-ns": 136572566
    },
    {
      "raw": "df.info()",
      "total-ns": 108456867
    },
    {
      "raw": "df.nunique()",
      "total-ns": 80213157
    },
    {
      "raw": "df['Departure Date'].dt.year.value_counts()",
      "total-ns": 5665100
    },
    {
      "raw": "df['Last Name'].value_counts().nlargest(n=10)",
      "total-ns": 18832930
    }
  ]
}