{
  "cells": [
    {
      "raw": "import pandas as pd\nimport numpy as np\n\npd.plotting.register_matplotlib_converters()\nimport matplotlib.pyplot as plt\n%matplotlib inline\nimport seaborn as sns",
      "total-ns": 1197039624
    },
    {
      "raw": "data =  pd.read_csv('../input/used_cars_Pakistan.csv',index_col=0)\ndata",
      "total-ns": 84518608
    },
    {
      "raw": "data.info()",
      "total-ns": 29250979
    },
    {
      "raw": "data.make.value_counts().head(10)",
      "total-ns": 3937210
    },
    {
      "raw": "data.model.value_counts().head(10)",
      "total-ns": 4031579
    },
    {
      "raw": "data.city.value_counts().head(10)",
      "total-ns": 3898520
    },
    {
      "raw": "data.year.value_counts().head(10)",
      "total-ns": 1057170
    },
    {
      "raw": "data.Engine_displacement.value_counts().head(5)",
      "total-ns": 1321230
    },
    {
      "raw": "data.Battery.value_counts().head()",
      "total-ns": 738120
    },
    {
      "raw": "100*(len(data)-data.Battery.isnull().sum())/len(data)",
      "total-ns": 619020
    },
    {
      "raw": "data.Price_Rs.mean()",
      "total-ns": 456640
    },
    {
      "raw": "data.Price_Rs.median()",
      "total-ns": 1969590
    },
    {
      "raw": "",
      "total-ns": 71660
    }
  ]
}