{
  "cells": [
    {
      "raw": "import warnings\nwarnings.filterwarnings('ignore')\nimport numpy as np\nimport pandas as pd",
      "total-ns": 283007271
    },
    {
      "raw": "df=pd.read_csv(r'../input/churn-bigml-80.csv')",
      "total-ns": 10175021
    },
    {
      "raw": "df.info()",
      "total-ns": 41773709
    },
    {
      "raw": "df.head()",
      "total-ns": 474580
    },
    {
      "raw": "df.shape",
      "total-ns": 249620
    },
    {
      "raw": "df.columns",
      "total-ns": 162010
    },
    {
      "raw": "df.nunique()",
      "total-ns": 2676060
    },
    {
      "raw": "df.info()",
      "total-ns": 4959470
    },
    {
      "raw": "df[\"Churn\"] = df[\"Churn\"].astype(\"int64\")",
      "total-ns": 649220
    },
    {
      "raw": "df.info()",
      "total-ns": 4847980
    },
    {
      "raw": "df.describe().T",
      "total-ns": 25517769
    },
    {
      "raw": "df.describe(include=[\"object\"]).T",
      "total-ns": 4802150
    },
    {
      "raw": "df[\"Churn\"].value_counts()",
      "total-ns": 771490
    },
    {
      "raw": "df[\"Churn\"].value_counts(normalize=True)",
      "total-ns": 744800
    },
    {
      "raw": "df.sort_values(by=\"Total day charge\", ascending=False).head()",
      "total-ns": 1226840
    },
    {
      "raw": "df.sort_values(by=[\"Total day charge\", 'Total day calls'], ascending=[True, False]).head()",
      "total-ns": 2342920
    },
    {
      "raw": "df.loc[0:5, \"State\":\"Area code\"]",
      "total-ns": 1666390
    },
    {
      "raw": "df.iloc[0:5, 0:3]",
      "total-ns": 494520
    },
    {
      "raw": "df.groupby(\"Churn\")[\"Total day minutes\"].mean()",
      "total-ns": 874810
    },
    {
      "raw": "columns_to_show = [\"Total day minutes\", \"Total eve minutes\", \"Total night minutes\"]\n\ndf.groupby([\"Churn\"])[columns_to_show].agg(['mean', 'std', 'max', 'min'])",
      "total-ns": 9267839
    },
    {
      "raw": "df.apply(np.max)",
      "total-ns": 2904501
    },
    {
      "raw": "df[ (df[\"Churn\"] == 0) & (df[\"International plan\"] == \"No\") ][\"Total intl minutes\"].max()",
      "total-ns": 1493430
    },
    {
      "raw": "pd.crosstab(df[\"Churn\"], df[\"International plan\"])",
      "total-ns": 6790690
    },
    {
      "raw": "pd.crosstab(df[\"Churn\"], df[\"International plan\"], normalize=True)",
      "total-ns": 5436220
    },
    {
      "raw": "total_calls = (\n    df[\"Total day calls\"]\n    + df[\"Total eve calls\"]\n    + df[\"Total night calls\"]\n    + df[\"Total intl calls\"]\n)\n\ndf.insert(loc=len(df.columns), column=\"Total calls\", value=total_calls)",
      "total-ns": 1055610
    },
    {
      "raw": "d = {\"No\": 0, \"Yes\": 1}",
      "total-ns": 242989
    },
    {
      "raw": "df[\"International plan\"] = df[\"International plan\"].map(d)",
      "total-ns": 942680
    },
    {
      "raw": "df = df.replace({\"Voice mail plan\": d})",
      "total-ns": 1689299
    },
    {
      "raw": "df.head()",
      "total-ns": 270370
    },
    {
      "raw": "df[\"Total charge\"] =df[\"Total day charge\"] + df[\"Total eve charge\"] + df[\"Total night charge\"] + df[\"Total intl charge\"]",
      "total-ns": 868501
    },
    {
      "raw": "df.head()",
      "total-ns": 235639
    },
    {
      "raw": "df.drop([\"Total charge\", \"Total day calls\"], axis=1, inplace=True)",
      "total-ns": 758030
    },
    {
      "raw": "df.head()",
      "total-ns": 224900
    },
    {
      "raw": "",
      "total-ns": 53081
    },
    {
      "raw": "",
      "total-ns": 41930
    },
    {
      "raw": "",
      "total-ns": 38890
    },
    {
      "raw": "",
      "total-ns": 38450
    }
  ]
}