{
  "cells": [
    {
      "raw": "#Import required libraries\nimport pandas as pd\nimport numpy as np",
      "total-ns": 267365952
    },
    {
      "raw": "#load bitcoin data\nbtc_master = pd.read_csv('../input/gemini_BTCUSD_2020_1min.csv')\n\n#load ethereum data\neth_master = pd.read_csv('../input/gemini_ETHUSD_2020_1min.csv')\n\n#load litecoin data\nltc_master = pd.read_csv('../input/gemini_LTCUSD_2020_1min.csv')",
      "total-ns": 1892746832
    },
    {
      "raw": "ltc_master.info()",
      "total-ns": 152098496
    },
    {
      "raw": "#Check the data dimensions for bitcoin\nbtc_master.head()",
      "total-ns": 333529
    },
    {
      "raw": "btc_master.info()",
      "total-ns": 123167185
    },
    {
      "raw": "#Check the data dimensions for ethereum\neth_master.shape",
      "total-ns": 274650
    },
    {
      "raw": "eth_master.info()",
      "total-ns": 123113496
    },
    {
      "raw": "#Check the data dimensions for litecoin\nltc_master.shape",
      "total-ns": 317920
    },
    {
      "raw": "ltc_master.info()",
      "total-ns": 121337976
    },
    {
      "raw": "#Convert the object type Date column to datetime type\nbtc_master['Date'] = pd.to_datetime(btc_master['Date'], format='%m/%d/%Y %H:%M')\neth_master['Date'] = pd.to_datetime(eth_master['Date'], format='%m/%d/%Y %H:%M')\nltc_master['Date'] = pd.to_datetime(ltc_master['Date'], format='%m/%d/%Y %H:%M')",
      "total-ns": 3923267102
    },
    {
      "raw": "#drop from bitcoin\nbtc_master.drop(['Unix Timestamp','Symbol','Open', 'High','Low'], axis = 1, inplace = True)\n#drop from ethereum \neth_master.drop(['Unix Timestamp','Symbol','Open', 'High','Low'], axis = 1, inplace = True)\n#drop from litecoin\nltc_master.drop(['Unix Timestamp','Symbol','Open', 'High','Low'], axis = 1, inplace = True)\n\nltc_master.columns",
      "total-ns": 9072300
    },
    {
      "raw": "#get all the records in bitcoin dataset but not in ethereum dataset\nbtc_master[~(btc_master['Date'].isin(eth_master[\"Date\"]))]",
      "total-ns": 26911659
    },
    {
      "raw": "#get all the records in ethereum dataset but not in bitcoin dataset\neth_master[~(eth_master['Date'].isin(btc_master[\"Date\"]))]",
      "total-ns": 24500319
    },
    {
      "raw": "#get all the records in litecoin dataset but not in bitcoin dataset\nltc_master[~(ltc_master['Date'].isin(btc_master[\"Date\"]))].count()",
      "total-ns": 32762560
    },
    {
      "raw": "#get all the records in litecoin dataset but not in ethereum dataset\nltc_master[~(ltc_master['Date'].isin(eth_master[\"Date\"]))].count()",
      "total-ns": 41125608
    },
    {
      "raw": "#Loose the time information\nbtc_master['Date'] = btc_master['Date'].dt.date\n\n#Aggregate by date\nbtc_grouped = pd.pivot_table(btc_master, values=['Close', 'Volume'], index=['Date'],\n                    aggfunc={'Close': np.mean,\n                             'Volume': np.sum})\n\nbtc_grouped.head()",
      "total-ns": 156887915
    },
    {
      "raw": "btc_grouped.shape",
      "total-ns": 385520
    },
    {
      "raw": "#Loose the time information\neth_master['Date'] = eth_master['Date'].dt.date\n\n#Aggregate by date\neth_grouped = pd.pivot_table(eth_master, values=['Close', 'Volume'], index=['Date'],\n                    aggfunc={'Close': np.mean,\n                             'Volume': np.sum})\neth_grouped.head()",
      "total-ns": 158238966
    },
    {
      "raw": "eth_grouped.shape",
      "total-ns": 330870
    },
    {
      "raw": "#Loose the time information\nltc_master['Date'] = ltc_master['Date'].dt.date\n\n#Aggregate by date\nltc_grouped = pd.pivot_table(ltc_master, values=['Close', 'Volume'], index=['Date'],\n                    aggfunc={'Close': np.mean,\n                             'Volume': np.sum})\nltc_grouped.head()",
      "total-ns": 163865825
    },
    {
      "raw": "ltc_grouped.shape",
      "total-ns": 317550
    },
    {
      "raw": "btc = btc_grouped['Close'].max()\neth = eth_grouped['Close'].max()\nltc = ltc_grouped['Close'].max()\n\n#What is the highest closing value of Bitcoin and when\nprint(\"Highest average value of BTC \", btc,\"was recorded on \",btc_grouped[btc_grouped['Close'] == btc].index.values[0])\n\n#What is the highest closing value of Ethereum and when\nprint(\"Highest average value of ETH \", eth,\"was recorded on \",eth_grouped[eth_grouped['Close'] == eth].index.values[0])\n\n#What is the highest closing value of Litecoin and when\nprint(\"Highest average value of LTC \", ltc,\"was recorded on \",ltc_grouped[ltc_grouped['Close'] == ltc].index.values[0])\n",
      "total-ns": 1934010
    },
    {
      "raw": "btc = btc_grouped['Volume'].max()\neth = eth_grouped['Volume'].max()\nltc = ltc_grouped['Volume'].max()\n\n\n#What is the highest closing volume of Bitcoin and when\nprint(\"Highest volume of BTC \", btc,\"was recorded on \",\n      btc_grouped[btc_grouped['Volume'] == btc].index.values[0])\n\n#What is the highest closing volume of Ethereum and when\nprint(\"Highest volume of ETH \", eth,\"was recorded on \",\n     eth_grouped[eth_grouped['Volume'] == eth].index.values[0])\n\n#What is the highest closing volume of Litecoin and when\nprint(\"Highest volume of LTC \", ltc,\"was recorded on \",\n     ltc_grouped[ltc_grouped['Volume'] == ltc].index.values[0])",
      "total-ns": 1733060
    },
    {
      "raw": "btc = btc_grouped[btc_grouped['Volume'] == btc_grouped['Volume'].max()]['Close'].values[0]\neth = eth_grouped[eth_grouped['Volume'] == eth_grouped['Volume'].max()]['Close'].values[0]\nltc = ltc_grouped[ltc_grouped['Volume'] == ltc_grouped['Volume'].max()]['Close'].values[0]\n\n#What is the closing value of Bitcoin and when the highest volume was transacted \nprint(\"Highest volume of BTC was\", btc_grouped['Volume'].max(),\"and mean closing value on that day was\",btc)\n\n#What is the highest closing volume of Ethereum and when\nprint(\"Highest volume of ETH \", eth_grouped['Volume'].max(),\"and mean closing value on that day was \",eth)\n\n#What is the highest closing volume of Litecoin and when\nprint(\"Highest volume of LTC \", ltc_grouped['Volume'].max(),\"and mean closing value on that day was \",ltc)\n",
      "total-ns": 1931000
    },
    {
      "raw": "#What is the closing value of Bitcoin and when the highest volume was transacted \nprint(\"Lowest average closing value of BTC \", btc_grouped['Close'].min())\n\n#What is the closing value of Bitcoin and when the highest volume was transacted \nprint(\"Lowest average closing value of ETH \", eth_grouped['Close'].min())\n\n#What is the closing value of Bitcoin and when the highest volume was transacted \nprint(\"Lowest average closing value of LTC \", ltc_grouped['Close'].min())",
      "total-ns": 585349
    },
    {
      "raw": "#Merge bitcoin and ethereum data\nbtc_eth = pd.merge(btc_grouped, eth_grouped, suffixes=('_btc', '_eth'), left_index=True, right_index=True)\nbtc_eth.head()",
      "total-ns": 1375821
    },
    {
      "raw": "#Merge litecoin with other two\nbtc_eth_ltc = pd.merge(btc_eth, ltc_grouped, left_index=True, right_index=True)\nbtc_eth_ltc.rename(columns={\"Close\": \"Close_ltc\", \"Volume\": \"Volume_ltc\"}, inplace=True)\nbtc_eth_ltc.head()",
      "total-ns": 1442850
    },
    {
      "raw": "#Corelation between the currencies\nbtc_eth_ltc.corr()",
      "total-ns": 448909
    }
  ]
}