{
  "cells": [
    {
      "raw": "\nimport matplotlib.pyplot as plt\nimport os\nimport pandas as pd\n",
      "total-ns": 773476317
    },
    {
      "raw": "data=pd.read_csv(\"../input/superstore/SampleSuperstore.csv\")",
      "total-ns": 24405989
    },
    {
      "raw": "data.info()",
      "total-ns": 13887269
    },
    {
      "raw": "data.head()",
      "total-ns": 471530
    },
    {
      "raw": "data.info()",
      "total-ns": 10941390
    },
    {
      "raw": "data.duplicated().sum()",
      "total-ns": 5505420
    },
    {
      "raw": "# STEFANOS: Disable this. It undos the data replication.\n# data.drop_duplicates(inplace= True)",
      "total-ns": 152730
    },
    {
      "raw": "data.info()",
      "total-ns": 10909920
    },
    {
      "raw": "data.drop([\"Postal Code\"], axis=1,inplace= True)",
      "total-ns": 1299029
    },
    {
      "raw": "data.info()",
      "total-ns": 11223480
    },
    {
      "raw": "data.corr()",
      "total-ns": 1236790
    },
    {
      "raw": "# STEFANOS: Disable plotting\n# sns.heatmap(data.corr(), annot=True)",
      "total-ns": 132410
    },
    {
      "raw": "data[\"Ship Mode\"].value_counts()",
      "total-ns": 941340
    },
    {
      "raw": "# STEFANOS: Disable plotting\n# sns.countplot(x= data['Ship Mode'])",
      "total-ns": 105940
    },
    {
      "raw": "data[\"Segment\"].value_counts()",
      "total-ns": 846240
    },
    {
      "raw": "# STEFANOS: Disable plotting\n# sns.countplot(x= data['Segment'])",
      "total-ns": 103000
    },
    {
      "raw": "data[\"Category\"].value_counts()",
      "total-ns": 832020
    },
    {
      "raw": "# STEFANOS: Disable plotting\n# sns.countplot(x= data['Category'])",
      "total-ns": 99760
    },
    {
      "raw": "data[\"Sub-Category\"].value_counts()\n",
      "total-ns": 817810
    },
    {
      "raw": "# STEFANOS: Disable plotting\n# plt.figure(figsize=(15,15))\n# plt.pie(data[\"Sub-Category\"].value_counts(), labels= data[\"Sub-Category\"].value_counts().index, autopct =\"%2f\")\n# plt.show()",
      "total-ns": 108820
    },
    {
      "raw": "st_profit=data.groupby([\"State\"])[\"Profit\"].sum().nlargest(20)",
      "total-ns": 2057630
    },
    {
      "raw": "st_profit",
      "total-ns": 183630
    },
    {
      "raw": "# STEFANOS: Disable plotting\n# plt.figure(figsize=(15,8))\n# st_profit.plot.bar()",
      "total-ns": 87570
    },
    {
      "raw": "# STEFANOS: Disable plotting\n# sns.lineplot(data=data, x=\"Discount\", y= \"Profit\")",
      "total-ns": 71330
    },
    {
      "raw": "# STEFANOS: Disable plotting\n# data.plot(kind=\"scatter\",x=\"Sales\",y=\"Profit\", c=\"Discount\", colormap=\"Set1\",figsize=(10,10))",
      "total-ns": 70010
    },
    {
      "raw": "# %%time\ndata1= data.groupby(\"State\")[[\"Sales\",\"Profit\"]].sum().sort_values(by=\"Sales\", ascending=False)\n# STEFANOS: Disable plotting\n# data1[:].plot.bar(color = [\"Green\",\"Red\"], figsize=(20,12))\n# plt.title(\"Profit-Loss and Sales across States\")\n# plt.show()",
      "total-ns": 2415180
    },
    {
      "raw": "data1= data.groupby(\"Region\")[[\"Sales\",\"Profit\"]].sum().sort_values(by=\"Sales\", ascending=False)\n# STEFANOS: Disable plotting\n# data1[:].plot.bar(color = [\"Blue\",\"Red\"], figsize=(10,7))\n# plt.title(\"Profit-Loss and Sales across Region\")\n# plt.show()",
      "total-ns": 2093670
    }
  ]
}