{
  "cells": [
    {
      "raw": "\nimport matplotlib.pyplot as plt\nimport seaborn as sns\nimport os\nimport pandas as pd\n",
      "total-ns": 1149904346
    },
    {
      "raw": "data=pd.read_csv(\"../input/superstore/SampleSuperstore.csv\")",
      "total-ns": 21828279
    },
    {
      "raw": "data.info()",
      "total-ns": 12128950
    },
    {
      "raw": "data.head()",
      "total-ns": 366380
    },
    {
      "raw": "data.info()",
      "total-ns": 10402490
    },
    {
      "raw": "data.duplicated().sum()",
      "total-ns": 5101779
    },
    {
      "raw": "data.drop_duplicates(inplace= True)",
      "total-ns": 5920970
    },
    {
      "raw": "data.info()",
      "total-ns": 10792329
    },
    {
      "raw": "data.drop([\"Postal Code\"], axis=1,inplace= True)",
      "total-ns": 1158080
    },
    {
      "raw": "data.info()",
      "total-ns": 10758339
    },
    {
      "raw": "data.corr()",
      "total-ns": 1136120
    },
    {
      "raw": "# sns.heatmap(data.corr(), annot=True)\n_ = data.corr()",
      "total-ns": 863620
    },
    {
      "raw": "data[\"Ship Mode\"].value_counts()",
      "total-ns": 892860
    },
    {
      "raw": "# STEFANOS: Disable plotting\n# sns.countplot(x= data['Ship Mode'])",
      "total-ns": 103400
    },
    {
      "raw": "data[\"Segment\"].value_counts()",
      "total-ns": 830400
    },
    {
      "raw": "# STEFANOS: Disable plotting\n# sns.countplot(x= data['Segment'])",
      "total-ns": 100160
    },
    {
      "raw": "data[\"Category\"].value_counts()",
      "total-ns": 789370
    },
    {
      "raw": "# STEFANOS: Disable plotting\n# sns.countplot(x= data['Category'])",
      "total-ns": 96260
    },
    {
      "raw": "data[\"Sub-Category\"].value_counts()\n",
      "total-ns": 786380
    },
    {
      "raw": "# STEFANOS: Disable plotting\n# plt.figure(figsize=(15,15))\n# plt.pie(data[\"Sub-Category\"].value_counts(), labels= data[\"Sub-Category\"].value_counts().index, autopct =\"%2f\")\n# plt.show()",
      "total-ns": 104390
    },
    {
      "raw": "st_profit=data.groupby([\"State\"])[\"Profit\"].sum().nlargest(20)",
      "total-ns": 1846180
    },
    {
      "raw": "st_profit",
      "total-ns": 223960
    },
    {
      "raw": "# STEFANOS: Disable plotting\n# plt.figure(figsize=(15,8))\n# st_profit.plot.bar()",
      "total-ns": 87120
    },
    {
      "raw": "# STEFANOS: Disable plotting\n# sns.lineplot(data=data, x=\"Discount\", y= \"Profit\")",
      "total-ns": 72240
    },
    {
      "raw": "# STEFANOS: Disable plotting\n# data.plot(kind=\"scatter\",x=\"Sales\",y=\"Profit\", c=\"Discount\", colormap=\"Set1\",figsize=(10,10))",
      "total-ns": 78350
    },
    {
      "raw": "data1= data.groupby(\"State\")[[\"Sales\",\"Profit\"]].sum().sort_values(by=\"Sales\", ascending=False)\n# STEFANOS: Disable plotting\n# data1[:].plot.bar(color = [\"Green\",\"Red\"], figsize=(20,12))\n# plt.title(\"Profit-Loss and Sales across States\")\n# plt.show()",
      "total-ns": 2254960
    },
    {
      "raw": "\ndata1= data.groupby(\"Region\")[[\"Sales\",\"Profit\"]].sum().sort_values(by=\"Sales\", ascending=False)\n# STEFANOS: Disable plotting\n# data1[:].plot.bar(color = [\"Blue\",\"Red\"], figsize=(10,7))\n# plt.title(\"Profit-Loss and Sales across Region\")\n# plt.show()\n",
      "total-ns": 2032880
    }
  ]
}