{
  "cells": [
    {
      "raw": "import numpy as np\nimport pandas as pd\nimport matplotlib.pyplot as plt\nimport matplotlib.cm as cm\nimport seaborn as sns\nimport random\n# from wordcloud import WordCloud",
      "total-ns": 1161685405
    },
    {
      "raw": "data = pd.read_csv(\"../input/zomato_restaurants_in_India.csv\")",
      "total-ns": 1596944072
    },
    {
      "raw": "data.info()",
      "total-ns": 249965262
    },
    {
      "raw": "data.head(10)",
      "total-ns": 456410
    },
    {
      "raw": "data.tail()",
      "total-ns": 217940
    },
    {
      "raw": "data.city.nunique()",
      "total-ns": 5819650
    },
    {
      "raw": "data.city.unique()",
      "total-ns": 5754790
    },
    {
      "raw": "data[data[\"city\"]==\"Mumbai\"]",
      "total-ns": 10760739
    },
    {
      "raw": "",
      "total-ns": 83261
    },
    {
      "raw": "data[data[\"city\"]==\"New Delhi\"]",
      "total-ns": 10032489
    },
    {
      "raw": "data[data[\"city\"]==\"Pune\"]",
      "total-ns": 9565699
    },
    {
      "raw": "data.shape",
      "total-ns": 192650
    },
    {
      "raw": "data.info()",
      "total-ns": 247637933
    },
    {
      "raw": "data[data[\"average_cost_for_two\"]==30000]",
      "total-ns": 1079320
    },
    {
      "raw": "",
      "total-ns": 104091
    },
    {
      "raw": "data.describe()",
      "total-ns": 68365307
    },
    {
      "raw": "data.head()",
      "total-ns": 444870
    },
    {
      "raw": "data.drop_duplicates([\"res_id\"],keep='first',inplace=True)\ndata.shape\n",
      "total-ns": 20742730
    },
    {
      "raw": "data.isnull().sum()",
      "total-ns": 70015088
    },
    {
      "raw": "data[\"establishment\"].unique()",
      "total-ns": 2685589
    },
    {
      "raw": "print(data[\"establishment\"].unique()[0])\nprint(type(data[\"establishment\"].unique()[0]))",
      "total-ns": 4732140
    },
    {
      "raw": "# Removing [' '] from each value\nprint(data[\"establishment\"].unique()[0])\ndata[\"establishment\"] = data[\"establishment\"].apply(lambda x:x[2:-2])\nprint(data[\"establishment\"].unique()[0])\n\n# Changing ''  to 'NA'\nprint(data[\"establishment\"].unique())\ndata[\"establishment\"] = data[\"establishment\"].apply(lambda x : np.where(x==\"\", \"NA\", x))\nprint(data[\"establishment\"].unique())",
      "total-ns": 154694946
    },
    {
      "raw": "x=10\ny=11",
      "total-ns": 316701
    },
    {
      "raw": "x==y",
      "total-ns": 188700
    },
    {
      "raw": "len(data[data[\"city\"]==\"Shimla\"])",
      "total-ns": 14265700
    },
    {
      "raw": "len(data[data[\"city\"]==\"Agra\"])",
      "total-ns": 3577520
    },
    {
      "raw": "len(data[\"city\"].unique())",
      "total-ns": 1995220
    },
    {
      "raw": "data[\"city\"].unique()",
      "total-ns": 1917580
    },
    {
      "raw": "data[data[\"city\"]==\"Jabalpur\"]",
      "total-ns": 3195210
    },
    {
      "raw": "data[\"locality\"].nunique()",
      "total-ns": 3042550
    },
    {
      "raw": "data[\"country_id\"].unique()",
      "total-ns": 637690
    },
    {
      "raw": "data[\"locality_verbose\"].nunique()",
      "total-ns": 3271420
    },
    {
      "raw": "print(data[\"cuisines\"].nunique())\nprint(data[\"cuisines\"].unique())",
      "total-ns": 7432119
    },
    {
      "raw": "data[\"cuisines\"] = data[\"cuisines\"].fillna(\"No cuisine\")",
      "total-ns": 9071730
    },
    {
      "raw": "cuisines = []\ndata[\"cuisines\"].apply(lambda x : cuisines.extend(x.split(\", \")))\ncuisines = pd.Series(cuisines)\nprint(\"Total number of unique cuisines = \", cuisines.nunique())",
      "total-ns": 25387340
    },
    {
      "raw": "print(data[\"timings\"].nunique())\nprint(data[\"timings\"].unique())",
      "total-ns": 6949330
    },
    {
      "raw": "data[\"average_cost_for_two\"].nunique()",
      "total-ns": 799160
    },
    {
      "raw": "data[\"price_range\"].unique()",
      "total-ns": 521250
    },
    {
      "raw": "data[\"currency\"].unique()",
      "total-ns": 1579530
    },
    {
      "raw": "print(data[\"highlights\"].nunique())\nprint(data[\"highlights\"].unique())",
      "total-ns": 39649989
    },
    {
      "raw": "hl = []\ndata[\"highlights\"].apply(lambda x : hl.extend(x[2:-2].split(\"', '\")))\nhl = pd.Series(hl)\nprint(\"Total number of unique highlights = \", hl.nunique())",
      "total-ns": 84492518
    },
    {
      "raw": "data[[\"aggregate_rating\",\"votes\",\"photo_count\"]].describe().loc[[\"mean\",\"min\",\"max\"]]",
      "total-ns": 21815049
    },
    {
      "raw": "data[\"opentable_support\"].unique()",
      "total-ns": 683360
    },
    {
      "raw": "data[\"delivery\"].unique()",
      "total-ns": 518940
    },
    {
      "raw": "data[\"takeaway\"].unique()",
      "total-ns": 474580
    },
    {
      "raw": "outlets = data[\"name\"].value_counts()",
      "total-ns": 11120499
    },
    {
      "raw": "outlets",
      "total-ns": 213169
    },
    {
      "raw": "chains = outlets[outlets >= 2]\nsingle = outlets[outlets == 1]",
      "total-ns": 901900
    },
    {
      "raw": "data.shape",
      "total-ns": 184330
    },
    {
      "raw": "chains",
      "total-ns": 133790
    },
    {
      "raw": "print(\"Total Restaurants = \", data.shape[0])\nprint(\"Total Restaurants that are part of some chain = \", data.shape[0] - single.shape[0])\nprint(\"Percentage of Restaurants that are part of a chain = \", np.round((data.shape[0] - single.shape[0]) / data.shape[0],2)*100, \"%\")",
      "total-ns": 573130
    },
    {
      "raw": "chains.head(10)",
      "total-ns": 242520
    },
    {
      "raw": "top10_chains = data[\"name\"].value_counts()[:10].sort_values(ascending=True)",
      "total-ns": 9957660
    },
    {
      "raw": "height = top10_chains.values\nbars = top10_chains.index\ny_pos = np.arange(len(bars))\n\n# fig = plt.figure(figsize=[11,7], frameon=False)\n# ax = fig.gca()\n# ax.spines[\"top\"].set_visible(\"#424242\")\n# ax.spines[\"right\"].set_visible(False)\n# ax.spines[\"left\"].set_color(\"#424242\")\n# ax.spines[\"bottom\"].set_color(\"#424242\")\n\n# #colors = [\"green\",\"blue\",\"magenta\",\"cyan\",\"gray\",\"yellow\",\"purple\",\"violet\",\"orange\",\"red\",\"maroon\"]\n# #random.shuffle(colors)\n# colors = [\"#f9cdac\",\"#f2a49f\",\"#ec7c92\",\"#e65586\",\"#bc438b\",\"#933291\",\"#692398\",\"#551c7b\",\"#41155e\",\"#2d0f41\"]\n# plt.barh(y_pos, height, color=colors)\n \n# plt.xticks(color=\"#424242\")\n\n# plt.yticks(y_pos, bars, color=\"#424242\")\n# plt.xlabel(\"Number of outlets in India\")\n\n# for i, v in enumerate(height):\n#     ax.text(v+3, i, str(v), color='#424242')\n# plt.title(\"Top 10 Restaurant chain in India (by number of outlets)\")\n\n\n# plt.show()",
      "total-ns": 465770
    },
    {
      "raw": "outlets = data[\"name\"].value_counts()",
      "total-ns": 9323770
    },
    {
      "raw": "atleast_5_outlets = outlets[outlets > 4]",
      "total-ns": 555230
    },
    {
      "raw": "top10_chains2 = data[data[\"name\"].isin(atleast_5_outlets.index)].groupby(\"name\").mean()[\"aggregate_rating\"].sort_values(ascending=False)[:10].sort_values(ascending=True)",
      "total-ns": 10215580
    },
    {
      "raw": "height = pd.Series(top10_chains2.values).map(lambda x : np.round(x, 2))\nbars = top10_chains2.index\ny_pos = np.arange(len(bars))\n\n# fig = plt.figure(figsize=[11,7], frameon=False)\n# ax = fig.gca()\n# ax.spines[\"top\"].set_visible(\"#424242\")\n# ax.spines[\"right\"].set_visible(False)\n# ax.spines[\"left\"].set_color(\"#424242\")\n# ax.spines[\"bottom\"].set_color(\"#424242\")\n\n# #colors = [\"green\",\"blue\",\"magenta\",\"cyan\",\"gray\",\"yellow\",\"purple\",\"violet\",\"orange\",\"red\",\"maroon\"]\n# #random.shuffle(colors)\n# colors = ['#fded86', '#fce36b', '#f7c65d', '#f1a84f', '#ec8c41', '#e76f34', '#e25328', '#b04829', '#7e3e2b', '#4c3430']\n# plt.barh(y_pos, height, color=colors)\n\n# plt.xlim(3)\n# plt.xticks(color=\"#424242\")\n# plt.yticks(y_pos, bars, color=\"#424242\")\n# plt.xlabel(\"Number of outlets in India\")\n\n# for i, v in enumerate(height):\n#     ax.text(v + 0.01, i, str(v), color='#424242')\n# plt.title(\"Top 10 Restaurant chain in India (by average Rating)\")\n\n\n# plt.show()",
      "total-ns": 877849
    },
    {
      "raw": "est_count = data.groupby(\"establishment\").count()[\"res_id\"].sort_values(ascending=False)[:5]\n\n# fig = plt.figure(figsize=[8,5], frameon=False)\n# ax = fig.gca()\n# ax.spines[\"top\"].set_visible(False)\n# ax.spines[\"right\"].set_visible(False)\n# ax.spines[\"left\"].set_color(\"#424242\")\n# ax.spines[\"bottom\"].set_color(\"#424242\")\n\n# #colors = [\"green\",\"blue\",\"magenta\",\"cyan\",\"gray\",\"yellow\",\"purple\",\"violet\",\"orange\",\"red\",\"maroon\"]\n# #random.shuffle(colors)\n# colors = [\"#2d0f41\",'#933291',\"#e65586\",\"#f2a49f\",\"#f9cdac\"]\n# plt.bar(est_count.index, est_count.values, color=colors)\n\n# plt.xticks(range(0, 6), color=\"#424242\")\n# plt.yticks(range(0, 25000, 5000), color=\"#424242\")\n# plt.xlabel(\"Top 5 establishment types\")\n\n# for i, v in enumerate(est_count):\n#     ax.text(i-0.2, v+500, str(v), color='#424242')\n# plt.title(\"Number of restaurants (by establishment type)\")\n\n\n# plt.show()",
      "total-ns": 69619618
    },
    {
      "raw": "rating_by_est = data.groupby(\"establishment\").mean()[\"aggregate_rating\"].sort_values(ascending=False)[:10]\nrating_by_est",
      "total-ns": 8507890
    },
    {
      "raw": "# To check the number of outlets in each of the above establishment type, uncomment to following code\n\n#est_count = data.groupby(\"establishment\").count()[\"name\"].sort_values(ascending=False)\n#rating_by_est_map = est_count.index.isin(rating_by_est.index)\n#est_count = est_count[rating_by_est_map][rating_by_est.index]\n#est_count",
      "total-ns": 186660
    },
    {
      "raw": "data.groupby(\"establishment\").mean()[\"votes\"].sort_values(ascending=False)[:10]",
      "total-ns": 7787579
    },
    {
      "raw": "data.groupby(\"establishment\").mean()[\"photo_count\"].sort_values(ascending=False)[:10]",
      "total-ns": 7841881
    },
    {
      "raw": "city_counts = data.groupby(\"city\").count()[\"res_id\"].sort_values(ascending=True)[-10:]\n\n# height = pd.Series(city_counts.values)\n# bars = city_counts.index\n# y_pos = np.arange(len(bars))\n\n# fig = plt.figure(figsize=[11,7], frameon=False)\n# ax = fig.gca()\n# ax.spines[\"top\"].set_visible(\"#424242\")\n# ax.spines[\"right\"].set_visible(False)\n# ax.spines[\"left\"].set_color(\"#424242\")\n# ax.spines[\"bottom\"].set_color(\"#424242\")\n\n# #colors = [\"green\",\"blue\",\"magenta\",\"cyan\",\"gray\",\"yellow\",\"purple\",\"violet\",\"orange\",\"red\",\"maroon\"]\n# #random.shuffle(colors)\n# colors = ['#dcecc9', '#aadacc', '#78c6d0', '#48b3d3', '#3e94c0', '#3474ac', '#2a5599', '#203686', '#18216b', '#11174b']\n# plt.barh(y_pos, height, color=colors)\n\n# plt.xlim(3)\n# plt.xticks(color=\"#424242\")\n# plt.yticks(y_pos, bars, color=\"#424242\")\n# plt.xlabel(\"Number of outlets\")\n\n# for i, v in enumerate(height):\n#     ax.text(v + 20, i, str(v), color='#424242')\n# plt.title(\"Number of restaurants (by city)\")\n\n\n# plt.show()",
      "total-ns": 69240398
    },
    {
      "raw": "rating_by_city = data.groupby(\"city\").mean()[\"aggregate_rating\"].sort_values(ascending=False)[:10]\nrating_by_city",
      "total-ns": 8938630
    },
    {
      "raw": "# To check the number of outlets in each of the above establishment type\n\n#city_count = data.groupby(\"city\").count()[\"name\"].sort_values(ascending=False)\n#rating_by_city_map = city_count.index.isin(rating_by_city.index)\n#city_count = city_count[rating_by_city_map][rating_by_city.index]\n#city_count",
      "total-ns": 182890
    },
    {
      "raw": "data.groupby(\"city\").mean()[\"votes\"].sort_values(ascending=False)[:10]",
      "total-ns": 8231360
    },
    {
      "raw": "data.groupby(\"city\").mean()[\"photo_count\"].sort_values(ascending=False)[:10]",
      "total-ns": 8068640
    },
    {
      "raw": "print(\"Total number of unique cuisines = \", cuisines.nunique())",
      "total-ns": 5073999
    },
    {
      "raw": "c_count = cuisines.value_counts()[:5]\n\n# fig = plt.figure(figsize=[8,5], frameon=False)\n# ax = fig.gca()\n# ax.spines[\"top\"].set_visible(False)\n# ax.spines[\"right\"].set_visible(False)\n# ax.spines[\"left\"].set_color(\"#424242\")\n# ax.spines[\"bottom\"].set_color(\"#424242\")\n\n# #colors = [\"green\",\"blue\",\"magenta\",\"cyan\",\"gray\",\"yellow\",\"purple\",\"violet\",\"orange\",\"red\",\"maroon\"]\n# #random.shuffle(colors)\n# colors = ['#4c3430', '#b04829', '#ec8c41', '#f7c65d','#fded86']\n# plt.bar(c_count.index, c_count.values, color=colors)\n\n# plt.xticks(range(0, 6), color=\"#424242\")\n# plt.yticks(range(0, 30000, 5000), color=\"#424242\")\n# plt.xlabel(\"Top 5 cuisines\")\n\n# for i, v in enumerate(c_count):\n#     ax.text(i-0.2, v+500, str(v), color='#424242')\n# plt.title(\"Number of restaurants (by cuisine type)\")\n\n\n# plt.show()",
      "total-ns": 8181950
    },
    {
      "raw": "data[\"cuisines2\"] = data['cuisines'].apply(lambda x : x.split(\", \"))\n\ncuisines_list = cuisines.unique().tolist()\nzeros = np.zeros(shape=(len(cuisines_list),2))\nc_and_r = pd.DataFrame(zeros, index=cuisines_list, columns=[\"Sum\",\"Total\"])",
      "total-ns": 106608477
    },
    {
      "raw": "for i, x in data.iterrows():\n    for j in x[\"cuisines2\"]:\n        c_and_r.loc[j][\"Sum\"] += x[\"aggregate_rating\"]  \n        c_and_r.loc[j][\"Total\"] += 1",
      "total-ns": 13642086029
    },
    {
      "raw": "c_and_r[\"Mean\"] = c_and_r[\"Sum\"] / c_and_r[\"Total\"]\nc_and_r",
      "total-ns": 1239040
    },
    {
      "raw": "c_and_r[[\"Mean\",\"Total\"]].sort_values(by=\"Mean\", ascending=False)[:10]",
      "total-ns": 1469250
    },
    {
      "raw": "print(\"Total number of unique cuisines = \", hl.nunique())",
      "total-ns": 23818010
    },
    {
      "raw": "h_count = hl.value_counts()[:5]\n\n# fig = plt.figure(figsize=[10,6], frameon=False)\n# ax = fig.gca()\n# ax.spines[\"top\"].set_visible(False)\n# ax.spines[\"right\"].set_visible(False)\n# ax.spines[\"left\"].set_color(\"#424242\")\n# ax.spines[\"bottom\"].set_color(\"#424242\")\n\n# #colors = [\"green\",\"blue\",\"magenta\",\"cyan\",\"gray\",\"yellow\",\"purple\",\"violet\",\"orange\",\"red\",\"maroon\"]\n# #random.shuffle(colors)\n# colors = ['#11174b', '#2a5599', '#3e94c0', '#78c6d0', '#dcecc9']\n# plt.bar(h_count.index, h_count.values, color=colors)\n\n# plt.xticks(range(0, 6), color=\"#424242\")\n# plt.yticks(range(0, 70000, 10000), color=\"#424242\")\n# plt.xlabel(\"Top 5 highlights\")\n\n# for i, v in enumerate(h_count):\n#     ax.text(i-0.2, v+500, str(v), color='#424242')\n# plt.title(\"Number of restaurants (by highlights)\")\n\n\n# plt.show()",
      "total-ns": 31878558
    },
    {
      "raw": "data[\"highlights\"][0]",
      "total-ns": 1589810
    },
    {
      "raw": "data[\"highlights2\"] = data['highlights'].apply(lambda x : x[2:-2].split(\"', '\"))\n\nhl_list = hl.unique().tolist()\nzeros = np.zeros(shape=(len(hl_list),2))\nh_and_r = pd.DataFrame(zeros, index=hl_list, columns=[\"Sum\",\"Total\"])",
      "total-ns": 81464188
    },
    {
      "raw": "for i, x in data.iterrows():\n    for j in x[\"highlights2\"]:\n        h_and_r.loc[j][\"Sum\"] += x[\"aggregate_rating\"]  \n        h_and_r.loc[j][\"Total\"] += 1",
      "total-ns": 44645530427
    },
    {
      "raw": "h_and_r[\"Mean\"] = h_and_r[\"Sum\"] / h_and_r[\"Total\"]\nh_and_r",
      "total-ns": 1180790
    },
    {
      "raw": "h_and_r[[\"Mean\",\"Total\"]].sort_values(by=\"Mean\", ascending=False)[:10]",
      "total-ns": 1341510
    },
    {
      "raw": "# https://www.geeksforgeeks.org/generating-word-cloud-python/\n\n# hl_str = \"\"\n# for i in hl:\n#     hl_str += str(i) + \" \"\n# wordcloud = WordCloud(width = 800, height = 500, \n#                 background_color ='white', \n#                 min_font_size = 10, max_words=30).generate(hl_str) \n                         \n# plt.figure(figsize = (8, 8), facecolor = None) \n# plt.imshow(wordcloud) \n# plt.axis(\"off\") \n# plt.tight_layout(pad = 0) \n  \n# plt.show()",
      "total-ns": 156630
    },
    {
      "raw": "# sns.kdeplot(data['aggregate_rating'], shade=True)\n# plt.title(\"Ratings distribution\")\n# plt.show()",
      "total-ns": 80130
    },
    {
      "raw": "# sns.kdeplot(data['average_cost_for_two'], shade=True)\n# plt.title(\"Average cost for 2 distribution\")\n# plt.show()",
      "total-ns": 83810
    },
    {
      "raw": "# sns.kdeplot(data['average_cost_for_two'], shade=True)\n# plt.xlim([0, 6000])\n# plt.xticks(range(0,6000,500))\n# plt.title(\"Average cost for 2 distribution\")\n# plt.show()",
      "total-ns": 83530
    },
    {
      "raw": "pr_count = data.groupby(\"price_range\").count()[\"name\"]\n\n# fig = plt.figure(figsize=[8,5], frameon=False)\n# ax = fig.gca()\n# ax.spines[\"top\"].set_visible(False)\n# ax.spines[\"right\"].set_visible(False)\n# ax.spines[\"left\"].set_color(\"#424242\")\n# ax.spines[\"bottom\"].set_color(\"#424242\")\n\n# #colors = [\"green\",\"blue\",\"magenta\",\"cyan\",\"gray\",\"yellow\",\"purple\",\"violet\",\"orange\",\"red\",\"maroon\"]\n# #random.shuffle(colors)\n# colors = [\"#2d0f41\",'#933291',\"#f2a49f\",\"#f9cdac\"]\n# plt.bar(pr_count.index, pr_count.values, color=colors)\n\n# plt.xticks(range(0, 5), color=\"#424242\")\n# plt.yticks(range(0, 40000, 5000), color=\"#424242\")\n# plt.xlabel(\"Price Ranges\")\n\n# for i, v in enumerate(pr_count):\n#     ax.text(i+0.85, v+700, str(v), color='#424242')\n# plt.title(\"Number of restaurants (by price ranges)\")\n\n\n# plt.show()",
      "total-ns": 91000529
    },
    {
      "raw": "np.round(data[[\"average_cost_for_two\",\"aggregate_rating\"]].corr()[\"average_cost_for_two\"][1],2)",
      "total-ns": 2728841
    },
    {
      "raw": "# plt.plot(\"average_cost_for_two\",\"aggregate_rating\", data=data, linestyle=\"none\", marker=\"o\")\n# plt.xlim([0,6000])\n# plt.title(\"Relationship between Average cost and Rating\")\n# plt.xlabel(\"Average cost for two\")\n# plt.ylabel(\"Ratings\")\n# plt.show()",
      "total-ns": 192510
    },
    {
      "raw": "# plt.plot(\"average_cost_for_two\",\"aggregate_rating\", data=data.sample(1000), linestyle=\"none\", marker=\"o\")\n# plt.xlim([0,3000])\n# plt.show()",
      "total-ns": 87440
    },
    {
      "raw": "np.round(data[[\"price_range\",\"aggregate_rating\"]].corr()[\"price_range\"][1],2)",
      "total-ns": 1962840
    },
    {
      "raw": "# sns.boxplot(x='price_range', y='aggregate_rating', data=data)\n# plt.ylim(1)\n# plt.title(\"Relationship between Price range and Ratings\")\n# plt.show()",
      "total-ns": 122111
    },
    {
      "raw": "# data.to_csv(\"zomato_final.csv\")",
      "total-ns": 132370
    },
    {
      "raw": "",
      "total-ns": 46980
    }
  ]
}