{
  "cells": [
    {
      "raw": "import numpy as np\nimport os\nimport pandas as pd\nimport seaborn as sns\nimport matplotlib.pyplot as plt",
      "total-ns": 1142937293
    },
    {
      "raw": "passmark = 40",
      "total-ns": 344890
    },
    {
      "raw": "df = pd.read_csv(\"../input/StudentsPerformance.csv\")",
      "total-ns": 5480380
    },
    {
      "raw": "df.info()",
      "total-ns": 5690980
    },
    {
      "raw": "df.head()",
      "total-ns": 382910
    },
    {
      "raw": "print (df.shape)",
      "total-ns": 197200
    },
    {
      "raw": "df.describe()",
      "total-ns": 5142300
    },
    {
      "raw": "df.isnull().sum()",
      "total-ns": 1063950
    },
    {
      "raw": "# STEFANOS: Disable plotting\n# p = sns.countplot(x=\"math score\", data = df, palette=\"muted\")\n# _ = plt.setp(p.get_xticklabels(), rotation=90) ",
      "total-ns": 110560
    },
    {
      "raw": "df['Math_PassStatus'] = np.where(df['math score']<passmark, 'F', 'P')\ndf.Math_PassStatus.value_counts()",
      "total-ns": 1096880
    },
    {
      "raw": "# STEFANOS: Disable plotting\n# p = sns.countplot(x='parental level of education', data = df, hue='Math_PassStatus', palette='bright')\n# _ = plt.setp(p.get_xticklabels(), rotation=90) ",
      "total-ns": 127390
    },
    {
      "raw": "# STEFANOS: Disable plotting\n# sns.countplot(x=\"reading score\", data = df, palette=\"muted\")\n# plt.show()",
      "total-ns": 79390
    },
    {
      "raw": "df['Reading_PassStatus'] = np.where(df['reading score']<passmark, 'F', 'P')\ndf.Reading_PassStatus.value_counts()",
      "total-ns": 1072730
    },
    {
      "raw": "# STEFANOS: Disable plotting\n# p = sns.countplot(x='parental level of education', data = df, hue='Reading_PassStatus', palette='bright')\n# _ = plt.setp(p.get_xticklabels(), rotation=90) ",
      "total-ns": 108520
    },
    {
      "raw": "# STEFANOS: Disable plotting\n# p = sns.countplot(x=\"writing score\", data = df, palette=\"muted\")\n# _ = plt.setp(p.get_xticklabels(), rotation=90) ",
      "total-ns": 79800
    },
    {
      "raw": "df['Writing_PassStatus'] = np.where(df['writing score']<passmark, 'F', 'P')\ndf.Writing_PassStatus.value_counts()",
      "total-ns": 985220
    },
    {
      "raw": "# STEFANOS: Disable plotting\n# p = sns.countplot(x='parental level of education', data = df, hue='Writing_PassStatus', palette='bright')\n# _ = plt.setp(p.get_xticklabels(), rotation=90) ",
      "total-ns": 105530
    },
    {
      "raw": "df['OverAll_PassStatus'] = df.apply(lambda x : 'F' if x['Math_PassStatus'] == 'F' or \n                                    x['Reading_PassStatus'] == 'F' or x['Writing_PassStatus'] == 'F' else 'P', axis =1)\n\ndf.OverAll_PassStatus.value_counts()",
      "total-ns": 8921410
    },
    {
      "raw": "# STEFANOS: Disable plotting\n# p = sns.countplot(x='parental level of education', data = df, hue='OverAll_PassStatus', palette='bright')\n# _ = plt.setp(p.get_xticklabels(), rotation=90) ",
      "total-ns": 119900
    },
    {
      "raw": "df['Total_Marks'] = df['math score']+df['reading score']+df['writing score']\ndf['Percentage'] = df['Total_Marks']/3",
      "total-ns": 1143860
    },
    {
      "raw": "# STEFANOS: Disable plotting\n# p = sns.countplot(x=\"Percentage\", data = df, palette=\"muted\")\n# _ = plt.setp(p.get_xticklabels(), rotation=0) ",
      "total-ns": 108420
    },
    {
      "raw": "def GetGrade(Percentage, OverAll_PassStatus):\n    if ( OverAll_PassStatus == 'F'):\n        return 'F'    \n    if ( Percentage >= 80 ):\n        return 'A'\n    if ( Percentage >= 70):\n        return 'B'\n    if ( Percentage >= 60):\n        return 'C'\n    if ( Percentage >= 50):\n        return 'D'\n    if ( Percentage >= 40):\n        return 'E'\n    else: \n        return 'F'\n\ndf['Grade'] = df.apply(lambda x : GetGrade(x['Percentage'], x['OverAll_PassStatus']), axis=1)\n\ndf.Grade.value_counts()",
      "total-ns": 7698009
    },
    {
      "raw": "# STEFANOS: Disable plotting\n# sns.countplot(x=\"Grade\", data = df, order=['A','B','C','D','E','F'],  palette=\"muted\")\n# plt.show()",
      "total-ns": 157840
    },
    {
      "raw": "# STEFANOS: Disable plotting\n# p = sns.countplot(x='parental level of education', data = df, hue='Grade', palette='bright')\n# _ = plt.setp(p.get_xticklabels(), rotation=90) ",
      "total-ns": 84080
    }
  ]
}