{
  "cells": [
    {
      "raw": "# !pip install -U pandas-profiling==2.9.0",
      "total-ns": 301709
    },
    {
      "raw": "import numpy as np\nimport pandas as pd\n# import pandas_profiling as pp\n# from pandas_profiling import ProfileReport",
      "total-ns": 268331036
    },
    {
      "raw": "# pp.__version__",
      "total-ns": 279620
    },
    {
      "raw": "traindf = pd.read_csv('../input/train.csv').set_index('PassengerId')\ntestdf = pd.read_csv('../input/test.csv').set_index('PassengerId')",
      "total-ns": 9943410
    },
    {
      "raw": "testdf.info()",
      "total-ns": 30096790
    },
    {
      "raw": "traindf.head(3)",
      "total-ns": 387690
    },
    {
      "raw": "testdf.head(3)",
      "total-ns": 225190
    },
    {
      "raw": "# Thanks to: \n# https://www.kaggle.com/mauricef/titanic\n# https://www.kaggle.com/vbmokin/titanic-top-3-one-line-of-the-prediction-code\n\ndf = pd.concat([traindf, testdf], axis=0, sort=False)\ndf['Title'] = df.Name.str.split(',').str[1].str.split('.').str[0].str.strip()\ndf['IsWomanOrBoy'] = ((df.Title == 'Master') | (df.Sex == 'female'))\ndf['LastName'] = df.Name.str.split(',').str[0]\nfamily = df.groupby(df.LastName).Survived\ndf['WomanOrBoyCount'] = family.transform(lambda s: s[df.IsWomanOrBoy].fillna(0).count())\n# df['WomanOrBoyCount'] = df.mask(df.IsWomanOrBoy, df.WomanOrBoyCount - 1, axis=0)\ndf['FamilySurvivedCount'] = family.transform(lambda s: s[df.IsWomanOrBoy].fillna(0).sum())\n# df['FamilySurvivedCount'] = df.mask(df.IsWomanOrBoy, df.FamilySurvivedCount - \\\n#                                     df.Survived.fillna(0), axis=0)\ndf['WomanOrBoySurvived'] = df.FamilySurvivedCount / df.WomanOrBoyCount.replace(0, np.nan)\ndf.WomanOrBoyCount = df.WomanOrBoyCount.replace(np.nan, 0)\ndf['Alone'] = (df.WomanOrBoyCount == 0)\n\n#Thanks to: https://www.kaggle.com/kpacocha/top-6-titanic-machine-learning-from-disaster\n#\"Title\" improvement\ndf['Title'] = df['Title'].replace('Ms','Miss')\ndf['Title'] = df['Title'].replace('Mlle','Miss')\ndf['Title'] = df['Title'].replace('Mme','Mrs')\n# Embarked\ndf['Embarked'] = df['Embarked'].fillna('S')\n\n# Thanks to https://www.kaggle.com/erinsweet/simpledetect\n# Fare\nmed_fare = df.groupby(['Pclass', 'Parch', 'SibSp']).Fare.median()[3][0][0]\ndf['Fare'] = df['Fare'].fillna(med_fare)\n#Age\n# df['Age'] = df.groupby(['Sex', 'Pclass', 'Title'])['Age'].apply(lambda x: x.fillna(x.median()))\n# Family_Size\ndf['Family_Size'] = df['SibSp'] + df['Parch'] + 1\n\n#Thanks to https://www.kaggle.com/kpacocha/top-6-titanic-machine-learning-from-disaster\n# Cabin, Deck\n#df['Deck'] = df['Cabin'].apply(lambda s: s[0] if pd.notnull(s) else 'M')\n#df.loc[(df['Deck'] == 'T'), 'Deck'] = 'A'\n\ndf.WomanOrBoySurvived = df.WomanOrBoySurvived.fillna(0)\ndf.WomanOrBoyCount = df.WomanOrBoyCount.fillna(0)\ndf.FamilySurvivedCount = df.FamilySurvivedCount.fillna(0)\ndf.Alone = df.Alone.fillna(0)",
      "total-ns": 606251281
    },
    {
      "raw": "df.IsWomanOrBoy",
      "total-ns": 414670
    },
    {
      "raw": "train_x, test_x = df.loc[traindf.index], df.loc[testdf.index]\ntest_x = test_x.drop('Survived', axis=1)",
      "total-ns": 2538310
    },
    {
      "raw": "train_x.head(3)",
      "total-ns": 360389
    },
    {
      "raw": "test_x.head(3)",
      "total-ns": 266840
    },
    {
      "raw": "train_x.describe()",
      "total-ns": 14513319
    },
    {
      "raw": "test_x.describe()",
      "total-ns": 12383270
    },
    {
      "raw": "# ProfileReport(train_x, title='Pandas Profiling Report for training dataset', html={'style':{'full_width':True}})",
      "total-ns": 180050
    },
    {
      "raw": "# %%time\n# profile = train_x.profile_report(title='Pandas Profiling Report for training dataset')\n# profile.to_file(output_file=\"train_profile.html\")",
      "total-ns": 91180
    },
    {
      "raw": "# %%time\n# profile = ProfileReport(train_x, title='Pandas Profiling Report for training dataset', minimal=True)\n# profile.to_file(output_file=\"train_short_profile.html\")",
      "total-ns": 81940
    },
    {
      "raw": "# ProfileReport(test_x, title='Pandas Profiling Report for test dataset')",
      "total-ns": 91750
    },
    {
      "raw": "# The one line of the code for prediction : LB = 0.80382 (Titanic Top 6%) \ntest_x = pd.concat([test_x.WomanOrBoySurvived.fillna(0), test_x.Alone, \\\n                    test_x.Sex.replace({'male': 0, 'female': 1})], axis=1)\npd.DataFrame({'Survived': (((test_x.WomanOrBoySurvived <= 0.2381) & (test_x.Sex > 0.5) & (test_x.Alone > 0.5)) | \\\n                        ((test_x.WomanOrBoySurvived > 0.2381) & \\\n                       ~((test_x.WomanOrBoySurvived > 0.55) & (test_x.WomanOrBoySurvived <= 0.633)))).astype(int)}, index=testdf.index).reset_index()",
      "total-ns": 3446710
    }
  ]
}