{
  "cells": [
    {
      "raw": "import numpy as np # linear algebra\n\nimport os\nos.environ[\"MODIN_ENGINE\"] = \"ray\"\nimport ray\nos.environ['MODIN_CPUS'] = \"4\"\nray.init(num_cpus=4, runtime_env={'env_vars': {'__MODIN_AUTOIMPORT_PANDAS__': '1'}})\nimport modin.pandas as pd\nimport os\nfor dirname, _, filenames in os.walk('../input'):\n    for filename in filenames:\n        print(os.path.join(dirname, filename))\n",
      "total-ns": 3429671550
    },
    {
      "raw": "df=pd.read_csv(\"../input/Airline Dataset Updated.csv\", parse_dates=[\"Departure Date\"])",
      "total-ns": 5823502255
    },
    {
      "raw": "df = df\nintended_df_size_in_MB = 1024\nfactor = intended_df_size_in_MB*(2**20)/df.memory_usage(index=True).sum()\nif int(factor) > 0:\n    df = pd.concat([df]*int(factor), ignore_index=True)\nelse:\n    rowCount = int(df.shape[0]*factor)\n    df = df[0:rowCount]\ndf = df\ndf.info()",
      "total-ns": 25021687081
    },
    {
      "raw": "df.head(11)",
      "total-ns": 4761190
    },
    {
      "raw": "df.info() ",
      "total-ns": 29565568706
    },
    {
      "raw": "df.nunique()",
      "total-ns": 33170140
    },
    {
      "raw": "df.isnull().sum().sum() #Checking if Null value is present",
      "total-ns": 40842848374
    },
    {
      "raw": "df['Gender']=df['Gender'].astype('category')\ndf['Gender'].unique()",
      "total-ns": 57583581341
    },
    {
      "raw": "df['Age']=df['Age'].astype(int)",
      "total-ns": 15713305648
    },
    {
      "raw": "columns = [key for key, value in df.nunique().to_dict().items() if value < 10]",
      "total-ns": 40032255766
    },
    {
      "raw": "count_1 = df['Gender'].value_counts()\ncount_1",
      "total-ns": 151578771
    },
    {
      "raw": "count_2 = df['Country Name'].value_counts()",
      "total-ns": 3537207218
    },
    {
      "raw": "df_c= pd.DataFrame(count_2).reset_index().rename(columns={\"index\": \"value\", 0: \"count\"})",
      "total-ns": 20619830
    },
    {
      "raw": "con=df.loc[:,['Country Name','Continents']]\ncon=con.drop_duplicates()\n#new_df=pd.merge_ordered(df_c,con, fill_method= 'ffill', on= 'Country Name')",
      "total-ns": 212856141467
    },
    {
      "raw": "nationality = pd.DataFrame(df['Nationality'].value_counts()).reset_index()",
      "total-ns": 3480801461
    },
    {
      "raw": "nationality = nationality.head(20)",
      "total-ns": 4102779
    },
    {
      "raw": "nationality.sort_values(by='Nationality', ascending=False, inplace=True)",
      "total-ns": 18028671
    },
    {
      "raw": "fl_stat = pd.DataFrame(df['Flight Status'].value_counts()).reset_index()",
      "total-ns": 3119522129
    },
    {
      "raw": "",
      "total-ns": 175709
    }
  ]
}