{
  "cells": [
    {
      "raw": "import warnings\nwarnings.filterwarnings('ignore')\nimport numpy as np\nimport pandas as pd",
      "total-ns": 290928182
    },
    {
      "raw": "df=pd.read_csv(r'../input/churn-bigml-80.csv')",
      "total-ns": 12867909
    },
    {
      "raw": "df = df\nintended_df_size_in_MB = 1024\nfactor = intended_df_size_in_MB*(2**20)/df.memory_usage(index=True).sum()\nif int(factor) > 0:\n    df = pd.concat([df]*int(factor), ignore_index=True)\nelse:\n    rowCount = int(df.shape[0]*factor)\n    df = df[0:rowCount]\ndf = df\ndf.info()",
      "total-ns": 1593875067
    },
    {
      "raw": "df.head()",
      "total-ns": 418420
    },
    {
      "raw": "df.shape",
      "total-ns": 187869
    },
    {
      "raw": "df.columns",
      "total-ns": 138840
    },
    {
      "raw": "df.nunique()",
      "total-ns": 1257773225
    },
    {
      "raw": "df.info()",
      "total-ns": 3895160
    },
    {
      "raw": "df[\"Churn\"] = df[\"Churn\"].astype(\"int64\")",
      "total-ns": 17199510
    },
    {
      "raw": "df.info()",
      "total-ns": 3884849
    },
    {
      "raw": "df.describe().T",
      "total-ns": 3589337063
    },
    {
      "raw": "df.describe(include=[\"object\"]).T",
      "total-ns": 1959885817
    },
    {
      "raw": "df[\"Churn\"].value_counts()",
      "total-ns": 27486700
    },
    {
      "raw": "df[\"Churn\"].value_counts(normalize=True)",
      "total-ns": 27650410
    },
    {
      "raw": "df.sort_values(by=\"Total day charge\", ascending=False).head()",
      "total-ns": 4158031248
    },
    {
      "raw": "df.sort_values(by=[\"Total day charge\", 'Total day calls'], ascending=[True, False]).head()",
      "total-ns": 2088164124
    },
    {
      "raw": "df.loc[0:5, \"State\":\"Area code\"]",
      "total-ns": 2261660
    },
    {
      "raw": "df.iloc[0:5, 0:3]",
      "total-ns": 641349
    },
    {
      "raw": "df.groupby(\"Churn\")[\"Total day minutes\"].mean()",
      "total-ns": 94893028
    },
    {
      "raw": "columns_to_show = [\"Total day minutes\", \"Total eve minutes\", \"Total night minutes\"]\n\ndf.groupby([\"Churn\"])[columns_to_show].agg(['mean', 'std', 'max', 'min'])",
      "total-ns": 1194132118
    },
    {
      "raw": "df.apply(np.max)",
      "total-ns": 1114816540
    },
    {
      "raw": "df[ (df[\"Churn\"] == 0) & (df[\"International plan\"] == \"No\") ][\"Total intl minutes\"].max()",
      "total-ns": 715746150
    },
    {
      "raw": "pd.crosstab(df[\"Churn\"], df[\"International plan\"])",
      "total-ns": 704947291
    },
    {
      "raw": "pd.crosstab(df[\"Churn\"], df[\"International plan\"], normalize=True)",
      "total-ns": 700422112
    },
    {
      "raw": "total_calls = (\n    df[\"Total day calls\"]\n    + df[\"Total eve calls\"]\n    + df[\"Total night calls\"]\n    + df[\"Total intl calls\"]\n)\n\ndf.insert(loc=len(df.columns), column=\"Total calls\", value=total_calls)",
      "total-ns": 41984098
    },
    {
      "raw": "d = {\"No\": 0, \"Yes\": 1}",
      "total-ns": 406910
    },
    {
      "raw": "df[\"International plan\"] = df[\"International plan\"].map(d)",
      "total-ns": 366046280
    },
    {
      "raw": "df = df.replace({\"Voice mail plan\": d})",
      "total-ns": 2279164249
    },
    {
      "raw": "df.head()",
      "total-ns": 614840
    },
    {
      "raw": "df[\"Total charge\"] =df[\"Total day charge\"] + df[\"Total eve charge\"] + df[\"Total night charge\"] + df[\"Total intl charge\"]",
      "total-ns": 41594159
    },
    {
      "raw": "df.head()",
      "total-ns": 516870
    },
    {
      "raw": "df.drop([\"Total charge\", \"Total day calls\"], axis=1, inplace=True)",
      "total-ns": 257059403
    },
    {
      "raw": "df.head()",
      "total-ns": 541810
    },
    {
      "raw": "",
      "total-ns": 73830
    },
    {
      "raw": "",
      "total-ns": 43130
    },
    {
      "raw": "",
      "total-ns": 37150
    },
    {
      "raw": "",
      "total-ns": 35870
    }
  ]
}