{
  "cells": [
    {
      "raw": "\nimport os\nos.environ[\"MODIN_ENGINE\"] = \"ray\"\nimport ray\nos.environ['MODIN_CPUS'] = \"4\"\nray.init(num_cpus=4, runtime_env={'env_vars': {'__MODIN_AUTOIMPORT_PANDAS__': '1'}})\nimport modin.pandas as pd\nimport numpy as np",
      "total-ns": 3736524697,
      "vars": {},
      "p2m": {},
      "m2p": {}
    },
    {
      "raw": "df = pd.read_csv('../input/annex1.csv')\ndf.head()",
      "total-ns": 5536565491,
      "vars": {},
      "p2m": {
        "df": 6425909
      },
      "m2p": {
        "df": 17667339
      }
    },
    {
      "raw": "df1 = pd.read_csv('../input/annex2.csv')\ndf1.head()",
      "total-ns": 1096290697,
      "vars": {},
      "p2m": {
        "df": 5519450,
        "df1": 226313659
      },
      "m2p": {
        "df": 4292180,
        "df1": 593459901
      }
    },
    {
      "raw": "# Join the both DataFrames\n\nmerge = pd.merge(df, df1, on ='Item Code')\nmerge.head()",
      "total-ns": 2252682740,
      "vars": {},
      "p2m": {
        "df": 6039529,
        "df1": 293135726,
        "merge": 324330954
      },
      "m2p": {
        "df": 7315100,
        "df1": 263820128,
        "merge": 975227702
      }
    },
    {
      "raw": "df = merge\nintended_df_size_in_MB = 256\nfactor = intended_df_size_in_MB*(2**20)/df.memory_usage(index=True).sum()\nif int(factor) > 0:\n    df = pd.concat([df]*int(factor), ignore_index=True)\nelse:\n    rowCount = int(df.shape[0]*factor)\n    df = df[0:rowCount]\nmerge = df\nmerge.info()",
      "total-ns": 2930296528,
      "vars": {},
      "p2m": {
        "df": 1116941536,
        "df1": 283037606,
        "merge": 1164102843
      },
      "m2p": {
        "df": 4836931714,
        "df1": 248782438,
        "merge": 3327200648
      }
    },
    {
      "raw": "# Rename Columns\nmerge = merge.rename(columns={'Quantity Sold (kilo)':'Quantity Sold', 'Unit Selling Price (RMB/kg)':'Unit Selling Price','Discount (Yes/No)':'Discount'})",
      "total-ns": 3433280,
      "vars": {},
      "p2m": {
        "df": 1001726461,
        "df1": 274680408,
        "merge": 1213363391
      },
      "m2p": {
        "df": 847910149,
        "df1": 238512378,
        "merge": 3157210366
      }
    },
    {
      "raw": "#Change datatype of date column.\n\nmerge['Date'] = pd.to_datetime(merge['Date'])",
      "total-ns": 13227799,
      "vars": {},
      "p2m": {
        "df": 1122438186,
        "df1": 226748229,
        "merge": 1047406949
      },
      "m2p": {
        "df": 1064950218,
        "df1": 198612971,
        "merge": 3687724190
      }
    },
    {
      "raw": "merge.isnull().sum()",
      "total-ns": 26434259,
      "vars": {},
      "p2m": {
        "df": 1385269427,
        "df1": 268777840,
        "merge": 1137311100
      },
      "m2p": {
        "df": 1134790915,
        "df1": 295939740,
        "merge": 716144721
      }
    },
    {
      "raw": "Category_count = merge['Category Name'].value_counts()\nCategory_count",
      "total-ns": 798779400,
      "vars": {},
      "p2m": {
        "df": 945835829,
        "df1": 218269010,
        "merge": 850983480,
        "Category_count": 1775340
      },
      "m2p": {
        "df": 905768200,
        "df1": 196715781,
        "merge": 712402129,
        "Category_count": 5432570
      }
    },
    {
      "raw": "top_10_products = merge['Item Name'].value_counts()[:10]\ntop_10_products",
      "total-ns": 882201690,
      "vars": {},
      "p2m": {
        "df": 991661220,
        "df1": 224722770,
        "merge": 920003489,
        "Category_count": 1630429,
        "top_10_products": 2388830
      },
      "m2p": {
        "df": 824627760,
        "df1": 199546290,
        "merge": 706480870,
        "Category_count": 6572831,
        "top_10_products": 5898581
      }
    },
    {
      "raw": "# Creating sales column\n\nmerge['Sales'] = merge['Unit Selling Price'] * merge['Quantity Sold']",
      "total-ns": 27295610,
      "vars": {},
      "p2m": {
        "df": 1324683890,
        "df1": 234112870,
        "merge": 1219101269,
        "Category_count": 2563530,
        "top_10_products": 2381250
      },
      "m2p": {
        "df": 1248366149,
        "df1": 199519270,
        "merge": 747452300,
        "Category_count": 8743951,
        "top_10_products": 7105980
      }
    },
    {
      "raw": "Item_sales = merge.groupby('Item Name',as_index=False)['Sales'].sum().sort_values(by='Sales',ascending=False).head(10)\nItem_sales",
      "total-ns": 3745858970,
      "vars": {},
      "p2m": {
        "df": 1120862119,
        "df1": 274680760,
        "merge": 952151850,
        "Category_count": 2036131,
        "top_10_products": 1476619,
        "Item_sales": 1287750
      },
      "m2p": {
        "df": 887144770,
        "df1": 236126480,
        "merge": 818458890,
        "Category_count": 6841909,
        "top_10_products": 4828411,
        "Item_sales": 5512690
      }
    },
    {
      "raw": "#Add year column in dataframe\nmerge['Year'] = merge['Date'].dt.year",
      "total-ns": 16377400,
      "vars": {},
      "p2m": {
        "df": 970002320,
        "df1": 276885830,
        "merge": 1312312010,
        "Category_count": 2071879,
        "top_10_products": 2182520,
        "Item_sales": 1835119
      },
      "m2p": {
        "df": 1094026030,
        "df1": 246269990,
        "merge": 905259920,
        "Category_count": 9312200,
        "top_10_products": 6413450,
        "Item_sales": 1759550
      }
    },
    {
      "raw": "Year_wise_sales=merge.groupby('Year')['Sales'].sum()\nYear_wise_sales",
      "total-ns": 3461515320,
      "vars": {},
      "p2m": {
        "df": 1056215800,
        "df1": 223289601,
        "merge": 1026520749,
        "Category_count": 1792050,
        "top_10_products": 2040600,
        "Item_sales": 1736370,
        "Year_wise_sales": 1608790
      },
      "m2p": {
        "df": 870174380,
        "df1": 196877471,
        "merge": 720655649,
        "Category_count": 7591040,
        "top_10_products": 5503979,
        "Item_sales": 1835150,
        "Year_wise_sales": 1132730
      }
    },
    {
      "raw": "Sale_Or_Return = merge['Sale or Return'].value_counts()\nSale_Or_Return = pd.DataFrame(Sale_Or_Return)\nSale_Or_Return",
      "total-ns": 914743100,
      "vars": {},
      "p2m": {
        "df": 1142853510,
        "df1": 225613539,
        "merge": 1088948270,
        "Category_count": 1493051,
        "top_10_products": 1672920,
        "Item_sales": 1765000,
        "Year_wise_sales": 1657730,
        "Sale_Or_Return": 989680
      },
      "m2p": {
        "df": 914227190,
        "df1": 197152020,
        "merge": 779784380,
        "Category_count": 6337460,
        "top_10_products": 5133340,
        "Item_sales": 1881500,
        "Year_wise_sales": 5052360,
        "Sale_Or_Return": 3669220
      }
    },
    {
      "raw": "Discount = merge['Discount'].value_counts()\nDiscount = pd.DataFrame(Discount)\nDiscount",
      "total-ns": 845469919,
      "vars": {},
      "p2m": {
        "df": 904764410,
        "df1": 243223749,
        "merge": 965903259,
        "Category_count": 2445910,
        "top_10_products": 2728970,
        "Item_sales": 1782330,
        "Year_wise_sales": 2281310,
        "Sale_Or_Return": 2086160,
        "Discount": 1701610
      },
      "m2p": {
        "df": 888668580,
        "df1": 205010371,
        "merge": 722777319,
        "Category_count": 8156620,
        "top_10_products": 7590690,
        "Item_sales": 1863120,
        "Year_wise_sales": 6763300,
        "Sale_Or_Return": 2130080,
        "Discount": 6754280
      }
    },
    {
      "raw": "",
      "total-ns": 420390,
      "vars": {},
      "p2m": {
        "df": 1247055000,
        "df1": 308872220,
        "merge": 1048174280,
        "Category_count": 1787290,
        "top_10_products": 3370900,
        "Item_sales": 2289820,
        "Year_wise_sales": 1786060,
        "Sale_Or_Return": 1237631,
        "Discount": 1445990
      },
      "m2p": {
        "df": 933232880,
        "df1": 255258400,
        "merge": 758240060,
        "Category_count": 8738020,
        "top_10_products": 6907750,
        "Item_sales": 2429610,
        "Year_wise_sales": 6356080,
        "Sale_Or_Return": 1714910,
        "Discount": 1722990
      }
    }
  ]
}