{
  "cells": [
    {
      "raw": "\nimport os\nos.environ[\"MODIN_ENGINE\"] = \"ray\"\nimport ray\nos.environ['MODIN_CPUS'] = \"4\"\nray.init(num_cpus=4, runtime_env={'env_vars': {'__MODIN_AUTOIMPORT_PANDAS__': '1'}})\nimport modin.pandas as pd\nimport datetime\npd.set_option('display.max_rows', None)\nfrom IPython.display import Markdown\n\nimport matplotlib.pyplot as plt\nimport seaborn as sns\nplt.style.use('fivethirtyeight')\nplt.rcParams.update({'font.size': 16})",
      "total-ns": 4875905799,
      "vars": {},
      "p2m": {},
      "m2p": {}
    },
    {
      "raw": "MasterAchievements = pd.read_csv(\"../input/MasterAchievements.csv\")\nMasterProfiles = pd.read_csv(\"../input/MasterProfiles.csv\")\nUsers = pd.read_csv(\"../input/Users.csv\")\nfollowers = pd.read_csv(\"../input/UserFollowers.csv\")\nUserAchievements = pd.read_csv('../input/UserAchievements.csv', nrows = 30000000)",
      "total-ns": 67585955037,
      "vars": {},
      "p2m": {
        "MasterAchievements": 7950590,
        "MasterProfiles": 7764830,
        "Users": 13512696256,
        "followers": 82768309,
        "UserAchievements": 3942833735
      },
      "m2p": {
        "MasterAchievements": 18214399,
        "MasterProfiles": 26332750,
        "Users": 21925810945,
        "followers": 196193197,
        "UserAchievements": 10411269047
      }
    },
    {
      "raw": "intended_df_size_in_MB = 256\ntotal_size = 0\ntotal_size += MasterAchievements.memory_usage(index=True).sum()\ntotal_size += MasterProfiles.memory_usage(index=True).sum()\ntotal_size += Users.memory_usage(index=True).sum()\ntotal_size += followers.memory_usage(index=True).sum()\ntotal_size += UserAchievements.memory_usage(index=True).sum()\nfactor = intended_df_size_in_MB*(2**20)/total_size\n\ndf = MasterAchievements\nif int(factor) > 0:\n    df = pd.concat([df]*int(factor), ignore_index=True)\nelse:\n    rowCount = int(df.shape[0]*factor)\n    df = df[0:rowCount]\nMasterAchievements = df\n\ndf = MasterProfiles\nif int(factor) > 0:\n    df = pd.concat([df]*int(factor), ignore_index=True)\nelse:\n    rowCount = int(df.shape[0]*factor)\n    df = df[0:rowCount]\nMasterProfiles = df\n\ndf = Users\nif int(factor) > 0:\n    df = pd.concat([df]*int(factor), ignore_index=True)\nelse:\n    rowCount = int(df.shape[0]*factor)\n    df = df[0:rowCount]\nUsers = df\n\ndf = followers\nif int(factor) > 0:\n    df = pd.concat([df]*int(factor), ignore_index=True)\nelse:\n    rowCount = int(df.shape[0]*factor)\n    df = df[0:rowCount]\nfollowers = df\n\ndf = UserAchievements\nif int(factor) > 0:\n    df = pd.concat([df]*int(factor), ignore_index=True)\nelse:\n    rowCount = int(df.shape[0]*factor)\n    df = df[0:rowCount]\nUserAchievements = df\n\nMasterAchievements.info()\nMasterProfiles.info()\nUsers.info()\nfollowers.info()\nUserAchievements.info()",
      "total-ns": 10582766564,
      "vars": {},
      "p2m": {
        "MasterAchievements": 7802920,
        "MasterProfiles": 7574119,
        "Users": 627017120,
        "followers": 15146660,
        "UserAchievements": 335488564,
        "df": 370909944
      },
      "m2p": {
        "MasterAchievements": 9843550,
        "MasterProfiles": 8976521,
        "Users": 2784323464,
        "followers": 36562319,
        "UserAchievements": 1574304634,
        "df": 433604263
      }
    },
    {
      "raw": "# read in the data\n\n# old dataset:\n#GM_individual_Tiers = pd.read_csv(\"../input/list-of-kaggle-grandmasters/GM_individual_Tiers.csv\")\n#GM_individual_Tiers = GM_individual_Tiers.rename(columns = {'Comp_Tier':'Competitions', \n#                                                            'Dset_Tier':'Datasets',\n#                                                            'Note_Tier':'Notebooks',\n#                                                            'Disc_Tier':'Discussions'})\n\n#MasterAchievements = pd.read_csv(\"../input/MasterAchievements.csv\")\n#MasterProfiles = pd.read_csv(\"../input/MasterProfiles.csv\")\n# merge the two files together\nMaster_file = MasterAchievements.merge(MasterProfiles, on = 'UserName')\n# select the Grandmasters from the dataset\nGM_individual_Tiers = Master_file.query(\" Competitions == 'grandmaster' | Datasets == 'grandmaster'| Notebooks == 'grandmaster'| Discussion == 'grandmaster'\").copy()\nGM_individual_Tiers['GM_tier_count'] = GM_individual_Tiers[GM_individual_Tiers.astype(str) == 'grandmaster'].count(axis=1)\n\nn_GMs  = GM_individual_Tiers.shape[0]\nn_4xGM = GM_individual_Tiers.query(\"GM_tier_count == 4\").shape[0]\nn_3xGM = GM_individual_Tiers.query(\"GM_tier_count == 3\").shape[0]\nn_2xGM = GM_individual_Tiers.query(\"GM_tier_count == 2\").shape[0]\n\n# convert User Names into Display Names\n#Users        = pd.read_csv(\"../input/Users.csv\")\n# select the GM users\nUsers_GM     = Users.query(\"PerformanceTier == 4\")\n# name_mapping = dict(Users_GM[['UserName','DisplayName']].values)\n\ndef make_clickable_link(UserName):\n    DisplayName = name_mapping.get(UserName)\n    return DisplayName\n\n# # print a summary\n# now = datetime.datetime.now()\n# display(Markdown('This notebook is refreshed almost daily; latest run ' + now.strftime('%A %B %d, %Y') ))\n\n\n# display(Markdown('### Quick summary'))\n# display(Markdown('There are  ' + f'{n_GMs:,}' + '  kaggle Grandmasters.'))\n# display(Markdown('Out of these there are ' + f'{n_4xGM:,}' + ' quadruple Grandmasters, '\n#                                            + f'{n_3xGM:,}' + ' triple Grandmasters, and '\n#                                            + f'{n_2xGM:,}' + ' double Grandmasters.'))\n# display(Markdown(\"\"))\n\n\n# # take a look\n# GM_individual_Tiers[\"User\"] = GM_individual_Tiers.UserName.map(lambda x: make_clickable_link(x))\n# GM_individual_Tiers_styled  = GM_individual_Tiers[[\"User\",\"Competitions\",\"Datasets\",\"Notebooks\",\"Discussion\",\"Country\",\"GM_tier_count\"]].sort_values(by='GM_tier_count', ascending=False).style.bar(subset=['GM_tier_count'], vmin=0, color='#ddaa17')\n# GM_individual_Tiers_styled.hide_index()",
      "total-ns": 803539156,
      "vars": {},
      "p2m": {
        "MasterAchievements": 9689040,
        "MasterProfiles": 9207270,
        "Users": 824867916,
        "followers": 14966950,
        "UserAchievements": 350449485,
        "df": 323797524,
        "Master_file": 6303500,
        "GM_individual_Tiers": 4288880,
        "Users_GM": 5620931
      },
      "m2p": {
        "MasterAchievements": 17591670,
        "MasterProfiles": 11152810,
        "Users": 695164668,
        "followers": 17177340,
        "UserAchievements": 357635703,
        "df": 366109744,
        "Master_file": 5506109,
        "GM_individual_Tiers": 8587930,
        "Users_GM": 26965460
      }
    },
    {
      "raw": "# display(Markdown('#### As a table:'))\n# display(Markdown(\"\"))\n\n# summary = GM_individual_Tiers[['Competitions','Datasets','Notebooks','Discussion']].apply(pd.Series.value_counts)\n# summary.loc[['grandmaster','master','expert','contributor']].style.background_gradient(cmap='YlOrBr', axis=None)",
      "total-ns": 359079,
      "vars": {},
      "p2m": {
        "MasterAchievements": 6760960,
        "MasterProfiles": 9080280,
        "Users": 911000065,
        "followers": 17989979,
        "UserAchievements": 377264503,
        "df": 350855465,
        "Master_file": 7654911,
        "GM_individual_Tiers": 4041590,
        "Users_GM": 6296720
      },
      "m2p": {
        "MasterAchievements": 5807379,
        "MasterProfiles": 6318130,
        "Users": 476824962,
        "followers": 17673050,
        "UserAchievements": 410322294,
        "df": 409239943,
        "Master_file": 8456090,
        "GM_individual_Tiers": 3700770,
        "Users_GM": 5848160
      }
    },
    {
      "raw": "# import plotly.graph_objects as go\n# # see \n# # https://plotly.github.io/plotly.py-docs/generated/plotly.graph_objects.Parcats.html\n\n# tier_colours = {'grandmaster':'#ddaa17','master':'#f76629','expert':'#96508e','contributor':'#20beff'}\n# # create a new column basing the colours on the Competitions GM's.\nGM_individual_Tiers[\"colour_column\"] = GM_individual_Tiers[\"Competitions\"]\n# replace the tier with the tier colour\n# with_colours_df = GM_individual_Tiers.replace({\"colour_column\": tier_colours})\n# color = with_colours_df.colour_column;\n\n# # for a simple plot:\n# #fig = px.parallel_categories(with_colours_df, \n# #                             dimensions=['Competitions','Datasets','Notebooks','Discussions'],\n# #                             color=with_colours_df[\"colour_column\"])\n\n# # Create dimensions\n# Competitions_dim = go.parcats.Dimension(\n#     values=GM_individual_Tiers.Competitions,\n#     categoryorder='array', categoryarray=['grandmaster','master','expert','contributor'], \n#     label=\"Competitions\")\n\n# Datasets_dim = go.parcats.Dimension(\n#     values=GM_individual_Tiers.Datasets,\n#     categoryorder='array', categoryarray=['grandmaster','master','expert','contributor'], \n#     label=\"Datasets\")\n\n# Notebooks_dim = go.parcats.Dimension(\n#     values=GM_individual_Tiers.Notebooks,\n#     categoryorder='array', categoryarray=['grandmaster','master','expert','contributor'], \n#     label=\"Notebooks\")\n\n# Discussions_dim = go.parcats.Dimension(\n#     values=GM_individual_Tiers.Discussion,\n#     categoryorder='array', categoryarray=['grandmaster','master','expert','contributor'], \n#     label=\"Discussions\")\n\n# fig = go.Figure(data = [go.Parcats(dimensions=[Competitions_dim, Datasets_dim, Notebooks_dim, Discussions_dim],\n#         line={'color': color,\n#               'shape': 'hspline'},\n#         #labelfont={'size': 12, 'family': 'Times'},\n#         #tickfont={'size': 12, 'family': 'Times'},\n#         arrangement='freeform')])\n\n# fig.show();",
      "total-ns": 3125820,
      "vars": {},
      "p2m": {
        "MasterAchievements": 7113710,
        "MasterProfiles": 6737360,
        "Users": 612598820,
        "followers": 13238449,
        "UserAchievements": 287682436,
        "df": 297314715,
        "Master_file": 7316619,
        "GM_individual_Tiers": 3961640,
        "Users_GM": 6005420
      },
      "m2p": {
        "MasterAchievements": 6270090,
        "MasterProfiles": 5875090,
        "Users": 403844823,
        "followers": 18564390,
        "UserAchievements": 349222854,
        "df": 346691654,
        "Master_file": 7189950,
        "GM_individual_Tiers": 47803690,
        "Users_GM": 5086870
      }
    },
    {
      "raw": "# display(Markdown('# Country ranking'))\n# display(Markdown('Number of Grandmasters by country'))\n# display(Markdown(\"\"))\n\nGM_countries = GM_individual_Tiers[\"Country\"].value_counts().to_frame()\nGM_countries['Ranking'] = GM_countries.rank(method=\"min\",ascending=False).astype('int')\nGM_countries.sort_values(by='Country', ascending=False)\n# .style.bar(subset=['Country'], vmin=0, color='#ddaa17')",
      "total-ns": 165161267,
      "vars": {},
      "p2m": {
        "MasterAchievements": 8949209,
        "MasterProfiles": 6526779,
        "Users": 554532451,
        "followers": 10522650,
        "UserAchievements": 245964026,
        "df": 245179047,
        "Master_file": 7285230,
        "GM_individual_Tiers": 3779060,
        "Users_GM": 6547990,
        "GM_countries": 1863080
      },
      "m2p": {
        "MasterAchievements": 7579010,
        "MasterProfiles": 6286280,
        "Users": 423417072,
        "followers": 11520610,
        "UserAchievements": 288024805,
        "df": 290535715,
        "Master_file": 6693940,
        "GM_individual_Tiers": 3886810,
        "Users_GM": 5516250,
        "GM_countries": 6021859
      }
    },
    {
      "raw": "# Create a list of GM Id\nGM_id_list = Users_GM['Id'].tolist()\n# read in the Meta Kaggle followers file\n#followers = pd.read_csv(\"../input/UserFollowers.csv\")\n# filter by GM users. Note: \"FollowingUserId\" is the Id of the person being followed\nGM_users = followers[followers['FollowingUserId'].isin(GM_id_list)]\n# now filter by GM followers\nGM_user_follower = GM_users[GM_users['UserId'].isin(GM_id_list)]\n# remove self-following entries \nGM_user_follower = GM_user_follower[GM_user_follower['UserId'] != GM_user_follower['FollowingUserId']]\n\nId_mapping = dict(Users_GM[['Id','UserName']].values)\nname_mapping = dict(Users_GM[['UserName','DisplayName']].values)\n\ndef make_clickable_link_by_Id(Id):\n    UserName = Id_mapping.get(Id)\n    DisplayName = name_mapping.get(UserName)\n    return DisplayName\n\nGM_influencers = GM_user_follower[\"FollowingUserId\"].value_counts().to_frame().reset_index()\n# rename the columns\nGM_influencers.columns = ['GM_Id', 'number_GM_followers']\n# create a \"Ranking\" column\nGM_influencers['Ranking'] = GM_influencers.number_GM_followers.rank(method=\"min\",ascending=False).astype('int')\n# replace GM_Id by display name\nGM_influencers[\"User\"] = GM_influencers.GM_Id.map(lambda x: make_clickable_link_by_Id(x))\nGM_influencers_styled  = GM_influencers[[\"Ranking\",\"User\",\"number_GM_followers\"]].sort_values(by='number_GM_followers', ascending=False).style.bar(subset=['number_GM_followers'], vmin=0, color='#ddaa17')\n# GM_influencers_styled.hide_index()",
      "total-ns": 832142096,
      "vars": {},
      "p2m": {
        "MasterAchievements": 9548811,
        "MasterProfiles": 9908850,
        "Users": 561083670,
        "followers": 11682679,
        "UserAchievements": 243151746,
        "df": 247779095,
        "Master_file": 6631269,
        "GM_individual_Tiers": 4034390,
        "Users_GM": 6359930,
        "GM_countries": 2059940,
        "GM_users": 11466251,
        "GM_user_follower": 5619170,
        "GM_influencers": 5306539
      },
      "m2p": {
        "MasterAchievements": 8746229,
        "MasterProfiles": 6440679,
        "Users": 418612733,
        "followers": 13762360,
        "UserAchievements": 282792635,
        "df": 291627456,
        "Master_file": 6463129,
        "GM_individual_Tiers": 3532960,
        "Users_GM": 5737810,
        "GM_countries": 1962450,
        "GM_users": 9591609,
        "GM_user_follower": 14664539,
        "GM_influencers": 33486350
      }
    },
    {
      "raw": "# import networkx as nx\n# fig, ax = plt.subplots(figsize=(20,12))\n# G = nx.from_pandas_edgelist(GM_user_follower, 'UserId', 'FollowingUserId', create_using=nx.Graph())\n# nx.draw(G, with_labels=False, node_color=\"#ddaa17\")",
      "total-ns": 385039,
      "vars": {},
      "p2m": {
        "MasterAchievements": 7199829,
        "MasterProfiles": 5913940,
        "Users": 465260532,
        "followers": 12501500,
        "UserAchievements": 287688105,
        "df": 292182136,
        "Master_file": 7885149,
        "GM_individual_Tiers": 3986400,
        "Users_GM": 5910850,
        "GM_countries": 1246510,
        "GM_users": 9865851,
        "GM_user_follower": 9284979,
        "GM_influencers": 8189890
      },
      "m2p": {
        "MasterAchievements": 7629740,
        "MasterProfiles": 5429040,
        "Users": 372575854,
        "followers": 12985710,
        "UserAchievements": 292404365,
        "df": 342131014,
        "Master_file": 9597710,
        "GM_individual_Tiers": 4275060,
        "Users_GM": 5636679,
        "GM_countries": 2393960,
        "GM_users": 12794230,
        "GM_user_follower": 7889160,
        "GM_influencers": 6412150
      }
    },
    {
      "raw": "followers.info()\nUsers.info()\nMasterAchievements\nMasterProfiles.info()",
      "total-ns": 957391324,
      "vars": {},
      "p2m": {
        "MasterAchievements": 6740040,
        "MasterProfiles": 6048170,
        "Users": 748151658,
        "followers": 12991250,
        "UserAchievements": 292438896,
        "df": 244372126,
        "Master_file": 6869380,
        "GM_individual_Tiers": 3663590,
        "Users_GM": 5822980,
        "GM_countries": 1773660,
        "GM_users": 9647751,
        "GM_user_follower": 5698210,
        "GM_influencers": 6163180
      },
      "m2p": {
        "MasterAchievements": 5297480,
        "MasterProfiles": 5849700,
        "Users": 460434542,
        "followers": 17034879,
        "UserAchievements": 338970254,
        "df": 318187494,
        "Master_file": 5346120,
        "GM_individual_Tiers": 3524910,
        "Users_GM": 5745430,
        "GM_countries": 1886660,
        "GM_users": 8778860,
        "GM_user_follower": 5598879,
        "GM_influencers": 5119870
      }
    },
    {
      "raw": "#UserAchievements = pd.read_csv('../input/UserAchievements.csv', nrows = 30000000)\n# Quite a few kaggle staff in this section as Tier 4 (hence PerformanceTier == 5)\nGM_Achievements = UserAchievements.query('(Tier == 4) or (Tier == 5)')\n\n# UserAchievements is big, so now delete\ndel UserAchievements\n\nGM_Achievements[\"TierAchievementDate\"] = pd.to_datetime(GM_Achievements[\"TierAchievementDate\"])\nGM_Achievements = GM_Achievements.sort_values(by='TierAchievementDate', ascending=True)\nGM_Achievements.set_index('TierAchievementDate', inplace=True)\nGM_Achievements[\"one\"] = 1\n\nUsers_GM     = Users.query('(PerformanceTier == 4) or (PerformanceTier == 5)')\n# new name mapping to now include kaggle staff\nname_mapping = dict(Users_GM[['UserName','DisplayName']].values)\n\nCompetitions = GM_Achievements.query(\"AchievementType == 'Competitions'\")\nDatasets     = GM_Achievements.query(\"AchievementType == 'Datasets'\")\nScripts      = GM_Achievements.query(\"AchievementType == 'Scripts'\")\nDiscussion   = GM_Achievements.query(\"AchievementType == 'Discussion'\")\n\nUserAchievements_GM_any  = GM_Achievements.drop_duplicates(subset=['UserId'])\nUserAchievements_GM_any  = UserAchievements_GM_any.resample('D').sum().cumsum()\nUserAchievements_GM_comp = Competitions.resample('D').sum().cumsum()\nUserAchievements_GM_data = Datasets.resample('D').sum().cumsum()\nUserAchievements_GM_note = Scripts.resample('D').sum().cumsum()\nUserAchievements_GM_disc = Discussion.resample('D').sum().cumsum()\n\n# fig, ax = plt.subplots(figsize=(20, 7))\n# sns.lineplot(data=UserAchievements_GM_comp, x=UserAchievements_GM_comp.index,  y=UserAchievements_GM_comp[\"one\"],  linewidth = 3, color='magenta',label=\"Competitions\")\n# sns.lineplot(data=UserAchievements_GM_any, x=UserAchievements_GM_any.index,  y=UserAchievements_GM_any[\"one\"],  linewidth = 3, color='#ddaa17',label=\"Total GM\")\n# sns.lineplot(data=UserAchievements_GM_note, x=UserAchievements_GM_note.index,  y=UserAchievements_GM_note[\"one\"],  linewidth = 3, color='green',label=\"Notebooks\")\n# sns.lineplot(data=UserAchievements_GM_disc, x=UserAchievements_GM_disc.index,  y=UserAchievements_GM_disc[\"one\"],  linewidth = 3, color='red',label=\"Discussions\")\n# sns.lineplot(data=UserAchievements_GM_data, x=UserAchievements_GM_data.index,  y=UserAchievements_GM_data[\"one\"],  linewidth = 3, color='blue',label=\"Datasets\")\n# ax.set(xlabel='Year', ylabel='Number of GM')\n# # reordering the labels\n# handles, labels = plt.gca().get_legend_handles_labels()\n# # specify order\n# order = [1,0,2,3,4]\n# # pass handle & labels lists along with order as below\n# plt.legend([handles[i] for i in order], [labels[i] for i in order]);",
      "total-ns": 1263753489,
      "vars": {},
      "p2m": {
        "MasterAchievements": 10651580,
        "MasterProfiles": 7375230,
        "Users": 473063552,
        "followers": 12536460,
        "df": 276486346,
        "Master_file": 8231679,
        "GM_individual_Tiers": 5998710,
        "Users_GM": 6363120,
        "GM_countries": 1500240,
        "GM_users": 8083401,
        "GM_user_follower": 5990870,
        "GM_influencers": 6455770,
        "GM_Achievements": 6297260,
        "Competitions": 5974069,
        "Datasets": 455390,
        "Scripts": 3521040,
        "Discussion": 3405770,
        "UserAchievements_GM_any": 5800340,
        "UserAchievements_GM_comp": 5643140,
        "UserAchievements_GM_data": 212400,
        "UserAchievements_GM_note": 5759970,
        "UserAchievements_GM_disc": 5954780
      },
      "m2p": {
        "MasterAchievements": 8609810,
        "MasterProfiles": 6766150,
        "Users": 430127642,
        "followers": 13223899,
        "df": 287185225,
        "Master_file": 8854560,
        "GM_individual_Tiers": 4805129,
        "Users_GM": 20769880,
        "GM_countries": 2097891,
        "GM_users": 9088729,
        "GM_user_follower": 4852370,
        "GM_influencers": 6327029,
        "GM_Achievements": 8567240,
        "Competitions": 17034650,
        "Datasets": 15624110,
        "Scripts": 16180260,
        "Discussion": 15882760,
        "UserAchievements_GM_any": 4226890,
        "UserAchievements_GM_comp": 3833799,
        "UserAchievements_GM_data": 701440,
        "UserAchievements_GM_note": 3699240,
        "UserAchievements_GM_disc": 3867760
      }
    },
    {
      "raw": "n_top = 10\n\nCompetitions_Top_n = Competitions.sort_values(by='TotalGold', ascending=False).head(n_top).copy()\nCompetitions_Top_n  = pd.merge(Competitions_Top_n, Users_GM, left_on = ['UserId'], right_on = ['Id'], how='left')\n\n# replace GM_Id by display name\nCompetitions_Top_n[\"User\"] = Competitions_Top_n.UserName.map(lambda x: make_clickable_link(x))\nCompetitions_Top_n_styled  = Competitions_Top_n[[\"User\",\"TotalGold\"]].sort_values(by='TotalGold', ascending=False).style.bar(subset=['TotalGold'], vmin=0, color='#ddaa17')\nCompetitions_Top_n_styled.hide_index()",
      "total-ns": 127163458,
      "vars": {},
      "p2m": {
        "MasterAchievements": 5625050,
        "MasterProfiles": 6088749,
        "Users": 727453799,
        "followers": 11280010,
        "df": 247699225,
        "Master_file": 7012739,
        "GM_individual_Tiers": 3800741,
        "Users_GM": 5816960,
        "GM_countries": 1667910,
        "GM_users": 8198570,
        "GM_user_follower": 5674400,
        "GM_influencers": 5837079,
        "GM_Achievements": 6588179,
        "Competitions": 6029130,
        "Datasets": 194370,
        "Scripts": 4654230,
        "Discussion": 4012799,
        "UserAchievements_GM_any": 6621229,
        "UserAchievements_GM_comp": 7060709,
        "UserAchievements_GM_data": 262480,
        "UserAchievements_GM_note": 7344290,
        "UserAchievements_GM_disc": 7255260,
        "Competitions_Top_n": 1847970
      },
      "m2p": {
        "MasterAchievements": 4866500,
        "MasterProfiles": 5292130,
        "Users": 463274442,
        "followers": 12881829,
        "df": 322000915,
        "Master_file": 6739150,
        "GM_individual_Tiers": 3038580,
        "Users_GM": 5757729,
        "GM_countries": 1774650,
        "GM_users": 8095230,
        "GM_user_follower": 5090950,
        "GM_influencers": 5141099,
        "GM_Achievements": 6183441,
        "Competitions": 5149550,
        "Datasets": 1096240,
        "Scripts": 4184470,
        "Discussion": 4003720,
        "UserAchievements_GM_any": 6528370,
        "UserAchievements_GM_comp": 6237791,
        "UserAchievements_GM_data": 681980,
        "UserAchievements_GM_note": 6341240,
        "UserAchievements_GM_disc": 6408930,
        "Competitions_Top_n": 9109930
      }
    },
    {
      "raw": "Datasets_Top_n = Datasets.sort_values(by='TotalGold', ascending=False).head(n_top).copy()\nDatasets_Top_n  = pd.merge(Datasets_Top_n, Users_GM, left_on = ['UserId'], right_on = ['Id'], how='left')\n\n# replace GM_Id by display name\nDatasets_Top_n[\"User\"] = Datasets_Top_n.UserName.map(lambda x: make_clickable_link(x))\nDatasets_Top_n_styled  = Datasets_Top_n[[\"User\",\"TotalGold\"]].sort_values(by='TotalGold', ascending=False).style.bar(subset=['TotalGold'], vmin=0, color='#ddaa17')\nDatasets_Top_n_styled.hide_index()",
      "total-ns": 26395359,
      "vars": {},
      "p2m": {
        "MasterAchievements": 6887260,
        "MasterProfiles": 8525810,
        "Users": 572805870,
        "followers": 12964760,
        "df": 248608626,
        "Master_file": 6915480,
        "GM_individual_Tiers": 6108020,
        "Users_GM": 7196570,
        "GM_countries": 1451540,
        "GM_users": 9955960,
        "GM_user_follower": 6371739,
        "GM_influencers": 6577599,
        "GM_Achievements": 7110970,
        "Competitions": 10470410,
        "Datasets": 350561,
        "Scripts": 4085720,
        "Discussion": 3504910,
        "UserAchievements_GM_any": 6003120,
        "UserAchievements_GM_comp": 6030560,
        "UserAchievements_GM_data": 184710,
        "UserAchievements_GM_note": 6172760,
        "UserAchievements_GM_disc": 6003620,
        "Competitions_Top_n": 1748850,
        "Datasets_Top_n": 186990
      },
      "m2p": {
        "MasterAchievements": 6364940,
        "MasterProfiles": 5938960,
        "Users": 372842634,
        "followers": 14406840,
        "df": 290734026,
        "Master_file": 6928520,
        "GM_individual_Tiers": 5257469,
        "Users_GM": 6225339,
        "GM_countries": 2226710,
        "GM_users": 9626370,
        "GM_user_follower": 5840270,
        "GM_influencers": 5768030,
        "GM_Achievements": 6189750,
        "Competitions": 6573290,
        "Datasets": 1339809,
        "Scripts": 4472990,
        "Discussion": 3468129,
        "UserAchievements_GM_any": 6488150,
        "UserAchievements_GM_comp": 5906660,
        "UserAchievements_GM_data": 637180,
        "UserAchievements_GM_note": 5854390,
        "UserAchievements_GM_disc": 6487740,
        "Competitions_Top_n": 2054679,
        "Datasets_Top_n": 1166219
      }
    },
    {
      "raw": "Scripts_Top_n = Scripts.sort_values(by='TotalGold', ascending=False).head(n_top).copy()\nScripts_Top_n  = pd.merge(Scripts_Top_n, Users_GM, left_on = ['UserId'], right_on = ['Id'], how='left')\n\n# replace GM_Id by display name\nScripts_Top_n[\"User\"] = Scripts_Top_n.UserName.map(lambda x: make_clickable_link(x))\nScripts_Top_n_styled  = Scripts_Top_n[[\"User\",\"TotalGold\"]].sort_values(by='TotalGold', ascending=False).style.bar(subset=['TotalGold'], vmin=0, color='#ddaa17')\nScripts_Top_n_styled.hide_index()",
      "total-ns": 108332398,
      "vars": {},
      "p2m": {
        "MasterAchievements": 5919000,
        "MasterProfiles": 6325700,
        "Users": 687087869,
        "followers": 12768630,
        "df": 247379936,
        "Master_file": 6910239,
        "GM_individual_Tiers": 3368810,
        "Users_GM": 5980270,
        "GM_countries": 1438920,
        "GM_users": 8580380,
        "GM_user_follower": 6121860,
        "GM_influencers": 4977389,
        "GM_Achievements": 6410329,
        "Competitions": 6126380,
        "Datasets": 275000,
        "Scripts": 3962890,
        "Discussion": 3409830,
        "UserAchievements_GM_any": 6182901,
        "UserAchievements_GM_comp": 6601331,
        "UserAchievements_GM_data": 198360,
        "UserAchievements_GM_note": 6871859,
        "UserAchievements_GM_disc": 6281350,
        "Competitions_Top_n": 2109780,
        "Datasets_Top_n": 206640,
        "Scripts_Top_n": 1382440
      },
      "m2p": {
        "MasterAchievements": 5443610,
        "MasterProfiles": 5346719,
        "Users": 470112243,
        "followers": 12619890,
        "df": 288899745,
        "Master_file": 7450200,
        "GM_individual_Tiers": 3490010,
        "Users_GM": 6508300,
        "GM_countries": 1806460,
        "GM_users": 7204099,
        "GM_user_follower": 4631750,
        "GM_influencers": 5063320,
        "GM_Achievements": 5372940,
        "Competitions": 5189039,
        "Datasets": 1249070,
        "Scripts": 3194730,
        "Discussion": 3189380,
        "UserAchievements_GM_any": 5770490,
        "UserAchievements_GM_comp": 5675150,
        "UserAchievements_GM_data": 542040,
        "UserAchievements_GM_note": 5621429,
        "UserAchievements_GM_disc": 5865730,
        "Competitions_Top_n": 1755890,
        "Datasets_Top_n": 861120,
        "Scripts_Top_n": 7849420
      }
    },
    {
      "raw": "Discussion_Top_n = Discussion.sort_values(by='TotalGold', ascending=False).head(n_top).copy()\nDiscussion_Top_n  = pd.merge(Discussion_Top_n, Users_GM, left_on = ['UserId'], right_on = ['Id'], how='left')\n\n# replace GM_Id by display name\nDiscussion_Top_n[\"User\"] = Discussion_Top_n.UserName.map(lambda x: make_clickable_link(x))\nDiscussion_Top_n_styled  = Discussion_Top_n[[\"User\",\"TotalGold\"]].sort_values(by='TotalGold', ascending=False).style.bar(subset=['TotalGold'], vmin=0, color='#ddaa17')\nDiscussion_Top_n_styled.hide_index()",
      "total-ns": 90058868,
      "vars": {},
      "p2m": {
        "MasterAchievements": 5813380,
        "MasterProfiles": 5750950,
        "Users": 562623330,
        "followers": 12133560,
        "df": 284242075,
        "Master_file": 7241300,
        "GM_individual_Tiers": 3794290,
        "Users_GM": 6581050,
        "GM_countries": 1584749,
        "GM_users": 8570800,
        "GM_user_follower": 6051850,
        "GM_influencers": 5655380,
        "GM_Achievements": 6569460,
        "Competitions": 7034260,
        "Datasets": 191809,
        "Scripts": 3963461,
        "Discussion": 3627989,
        "UserAchievements_GM_any": 9861210,
        "UserAchievements_GM_comp": 8341870,
        "UserAchievements_GM_data": 308700,
        "UserAchievements_GM_note": 7830139,
        "UserAchievements_GM_disc": 6510979,
        "Competitions_Top_n": 2036630,
        "Datasets_Top_n": 278900,
        "Scripts_Top_n": 1908930,
        "Discussion_Top_n": 2504230
      },
      "m2p": {
        "MasterAchievements": 4417720,
        "MasterProfiles": 5246350,
        "Users": 388823694,
        "followers": 13517120,
        "df": 341394205,
        "Master_file": 6942129,
        "GM_individual_Tiers": 3170890,
        "Users_GM": 5489980,
        "GM_countries": 2124430,
        "GM_users": 9878200,
        "GM_user_follower": 5603460,
        "GM_influencers": 5021750,
        "GM_Achievements": 6129730,
        "Competitions": 5711530,
        "Datasets": 1084880,
        "Scripts": 3118211,
        "Discussion": 3429300,
        "UserAchievements_GM_any": 5834840,
        "UserAchievements_GM_comp": 6917810,
        "UserAchievements_GM_data": 1145670,
        "UserAchievements_GM_note": 7886210,
        "UserAchievements_GM_disc": 6832211,
        "Competitions_Top_n": 2219570,
        "Datasets_Top_n": 1160491,
        "Scripts_Top_n": 1841259,
        "Discussion_Top_n": 10080950
      }
    }
  ]
}