{
  "cells": [
    {
      "raw": "# This Python 3 environment comes with many helpful analytics libraries installed\n# It is defined by the kaggle/python Docker image: https://github.com/kaggle/docker-python\n# For example, here's several helpful packages to load\n\nimport numpy as np # linear algebra\nimport os\n\nimport os\nos.environ[\"MODIN_ENGINE\"] = \"ray\"\nimport ray\nos.environ['MODIN_CPUS'] = \"4\"\nray.init(num_cpus=4, runtime_env={'env_vars': {'__MODIN_AUTOIMPORT_PANDAS__': '1'}})\nimport modin.pandas as pd\nimport regex as re # For String searches\nimport plotly.graph_objects as go\nimport plotly.express as px\n# Input data files are available in the read-only \"../input/\" directory\n# For example, running this (by clicking run or pressing Shift+Enter) will list all files under the input directory\n\nimport os\nfor dirname, _, filenames in os.walk('../input'):\n    for filename in filenames:\n        print(os.path.join(dirname, filename))\n\n# You can write up to 20GB to the current directory (/kaggle/working/) that gets preserved as output when you create a version using \"Save & Run All\" \n# You can also write temporary files to /kaggle/temp/, but they won't be saved outside of the current session",
      "total-ns": 3493493380,
      "vars": {},
      "p2m": {},
      "m2p": {}
    },
    {
      "raw": "data = pd.read_csv('../input/speedtest-data-by-ookla/fixed_year_2021_quarter_03.csv')\ndata.head()",
      "total-ns": 5825873272,
      "vars": {},
      "p2m": {
        "data": 5553609
      },
      "m2p": {
        "data": 19024380
      }
    },
    {
      "raw": "data.info()",
      "total-ns": 109132829,
      "vars": {},
      "p2m": {
        "data": 6158479
      },
      "m2p": {
        "data": 4818720
      }
    },
    {
      "raw": "Mobile_df = pd.DataFrame([],columns=data.columns)\nBroadband_df = pd.DataFrame([],columns=data.columns)\n\ndef col_name_corrections(df,correction_pair):\n    if set(df.columns).intersection(set(correction_pair.keys())):\n        df.rename(columns=correction_pair,inplace=True)\n    return df\n\nfor dirname, _, filenames in os.walk('../input'):\n    for filename in filenames:\n        meta_info = filename.split('/')[-1]\n        data = pd.read_csv(dirname+'/'+filename,thousands=r',').convert_dtypes()\n        data = col_name_corrections(data,{'Number of Record':'Number of Records'})\n        data['Year'] = np.int64(re.search('year_(.*)_quarter',meta_info).group(1))\n        data['Quarter'] = np.int64(re.search('quarter_(.*).csv',meta_info).group(1))\n        if 'mobile' in meta_info:\n            Mobile_df = pd.concat([Mobile_df,data])\n        else:\n            Broadband_df = pd.concat([Broadband_df,data]) \nprint(Broadband_df.shape)\nprint(Mobile_df.shape)\nMobile_df = Mobile_df.astype({'Year':np.int64,'Quarter':np.int64})\nBroadband_df = Broadband_df.astype({'Year':np.int64,'Quarter':np.int64})\nMobile_df.sort_values(by=['Year','Quarter'],ascending=[True,True],inplace=True)\nBroadband_df.sort_values(by=['Year','Quarter'],ascending=[True,True],inplace=True)",
      "total-ns": 3931439515,
      "vars": {},
      "p2m": {
        "data": 11327810,
        "Mobile_df": 11006450,
        "Broadband_df": 11060509
      },
      "m2p": {
        "data": 16545220,
        "Mobile_df": 70879718,
        "Broadband_df": 40014530
      }
    },
    {
      "raw": "Mobile_df.info()",
      "total-ns": 162055237,
      "vars": {},
      "p2m": {
        "data": 12717539,
        "Mobile_df": 13561940,
        "Broadband_df": 12354639
      },
      "m2p": {
        "data": 13804679,
        "Mobile_df": 16108650,
        "Broadband_df": 15477250
      }
    },
    {
      "raw": "df = Mobile_df\nintended_df_size_in_MB = 256\nfactor = intended_df_size_in_MB*(2**20)/(Mobile_df.memory_usage(index=True).sum()+Broadband_df.memory_usage(index=True).sum())\nif int(factor) > 0:\n    df = pd.concat([df]*int(factor), ignore_index=True)\nelse:\n    rowCount = int(df.shape[0]*factor)\n    df = df[0:rowCount]\nMobile_df = df\n\ndf = Broadband_df\nif int(factor) > 0:\n    df = pd.concat([df]*int(factor), ignore_index=True)\nelse:\n    rowCount = int(df.shape[0]*factor)\n    df = df[0:rowCount]\nBroadband_df = df\n    \nMobile_df.info()\nBroadband_df.info()",
      "total-ns": 7013883874,
      "vars": {},
      "p2m": {
        "data": 7684260,
        "Mobile_df": 268361196,
        "Broadband_df": 292394859,
        "df": 334416709
      },
      "m2p": {
        "data": 11633380,
        "Mobile_df": 7023672314,
        "Broadband_df": 7521040872,
        "df": 789833403
      }
    },
    {
      "raw": "Mobile_df.head()",
      "total-ns": 2549000,
      "vars": {},
      "p2m": {
        "data": 8653830,
        "Mobile_df": 236065417,
        "Broadband_df": 278163498,
        "df": 216455047
      },
      "m2p": {
        "data": 10751521,
        "Mobile_df": 310588019,
        "Broadband_df": 314749969,
        "df": 310259608
      }
    },
    {
      "raw": "unique_countries_broadband = Broadband_df.groupby('Name').count()\nunique_countries_broadband.head()",
      "total-ns": 583203036,
      "vars": {},
      "p2m": {
        "data": 7095830,
        "Mobile_df": 220981167,
        "Broadband_df": 220207816,
        "df": 241299777,
        "unique_countries_broadband": 5987761
      },
      "m2p": {
        "data": 9178360,
        "Mobile_df": 241174327,
        "Broadband_df": 257324688,
        "df": 253716327,
        "unique_countries_broadband": 3572410
      }
    },
    {
      "raw": "unique_countries_mobile = Mobile_df.groupby('Name').count()\nunique_countries_mobile.head()",
      "total-ns": 568356335,
      "vars": {},
      "p2m": {
        "data": 7489031,
        "Mobile_df": 272599098,
        "Broadband_df": 295328889,
        "df": 291272768,
        "unique_countries_broadband": 6108191,
        "unique_countries_mobile": 5166620
      },
      "m2p": {
        "data": 9609741,
        "Mobile_df": 272112437,
        "Broadband_df": 319641149,
        "df": 329746400,
        "unique_countries_broadband": 6084090,
        "unique_countries_mobile": 2855390
      }
    },
    {
      "raw": "# Check for missing values\nMobile_df.isna().any()",
      "total-ns": 24166771,
      "vars": {},
      "p2m": {
        "data": 11935550,
        "Mobile_df": 246323317,
        "Broadband_df": 304044449,
        "df": 299162738,
        "unique_countries_broadband": 6244361,
        "unique_countries_mobile": 6368150
      },
      "m2p": {
        "data": 13722590,
        "Mobile_df": 387803341,
        "Broadband_df": 335825359,
        "df": 308634499,
        "unique_countries_broadband": 7648590,
        "unique_countries_mobile": 6609200
      }
    },
    {
      "raw": "Broadband_df.isna().any()",
      "total-ns": 21806910,
      "vars": {},
      "p2m": {
        "data": 13906400,
        "Mobile_df": 214200126,
        "Broadband_df": 209192415,
        "df": 237919917,
        "unique_countries_broadband": 5473061,
        "unique_countries_mobile": 5471061
      },
      "m2p": {
        "data": 179344225,
        "Mobile_df": 340990740,
        "Broadband_df": 245555947,
        "df": 244952027,
        "unique_countries_broadband": 6177820,
        "unique_countries_mobile": 5115259
      }
    },
    {
      "raw": "unique_countries_mobile[unique_countries_mobile.Year < 10]['Year']",
      "total-ns": 59225251,
      "vars": {},
      "p2m": {
        "data": 8826300,
        "Mobile_df": 252682567,
        "Broadband_df": 224648966,
        "df": 207980776,
        "unique_countries_broadband": 4974351,
        "unique_countries_mobile": 5649931
      },
      "m2p": {
        "data": 9890220,
        "Mobile_df": 305749058,
        "Broadband_df": 292413108,
        "df": 249678057,
        "unique_countries_broadband": 5042260,
        "unique_countries_mobile": 5127660
      }
    },
    {
      "raw": "unique_countries_broadband[unique_countries_broadband.Year < 10]['Year']",
      "total-ns": 57638651,
      "vars": {},
      "p2m": {
        "data": 8843330,
        "Mobile_df": 281173398,
        "Broadband_df": 248662197,
        "df": 225659086,
        "unique_countries_broadband": 5664690,
        "unique_countries_mobile": 6160271
      },
      "m2p": {
        "data": 9686391,
        "Mobile_df": 265259187,
        "Broadband_df": 317841859,
        "df": 263638867,
        "unique_countries_broadband": 6550890,
        "unique_countries_mobile": 4869670
      }
    },
    {
      "raw": "Mobile_Stats = Mobile_df.groupby('Name').agg(\n    Change_Download=('Avg. Avg D Kbps', lambda x: list(x)[-1] - list(x)[0]),\n    Change_Upload=('Avg. Avg U Kbps', lambda x: list(x)[-1] - list(x)[0]),\n    Change_Latency=('Avg Lat Ms', lambda x: list(x)[-1] - list(x)[0])\n)\nBroadband_Stats = Broadband_df.groupby('Name').agg(\n    Change_Download=('Avg. Avg D Kbps', lambda x: list(x)[-1] - list(x)[0]),\n    Change_Upload=('Avg. Avg U Kbps', lambda x: list(x)[-1] - list(x)[0]),\n    Change_Latency=('Avg Lat Ms', lambda x: list(x)[-1] - list(x)[0])\n)\n# fig = px.histogram(Mobile_Stats['Change_Download'],title='Frequency distribution of Mobile Speed change',\n#                    labels={'count':'Frequency','value':'$\\Delta Speed (Kpbs)$','variable':'property'},\n#                    nbins=100)\n# fig.show()\n\n# fig = px.histogram(Broadband_Stats['Change_Download'],title='Frequency distribution of Broadband Speed change',\n#                    labels={'count':'Frequency','value':'$\\Delta Speed (Kpbs)$','variable':'property'},\n#                    nbins=100)\n# fig.show()\nTotal_Stats = pd.concat([Broadband_Stats['Change_Download'],Mobile_Stats['Change_Download']],axis=1)\nTotal_Stats.columns=['Mobile','Broadband']\n\n# STEFANOS: Disable plotting\n# fig = go.Figure(data=[go.Histogram(x=Broadband_Stats['Change_Download'],opacity=0.65,name='Broadband')])\n# fig.add_trace(go.Histogram(x=Mobile_Stats['Change_Download'],opacity=0.65,name='Mobile'))\n# fig.update_layout(barmode='overlay',\n#                   title='Frequency Distribution of Speed change',\n#                   xaxis_title=\"$\\Delta\\ Speed\\ (Kbps)$\", yaxis_title=\"Number of Countries\",\n#                   legend_title='Color')\n# fig.show()",
      "total-ns": 3998698783,
      "vars": {},
      "p2m": {
        "data": 12911670,
        "Mobile_df": 245781107,
        "Broadband_df": 211105867,
        "df": 259012077,
        "unique_countries_broadband": 5923970,
        "unique_countries_mobile": 5384700,
        "Mobile_Stats": 5261850,
        "Broadband_Stats": 5402520,
        "Total_Stats": 4607511
      },
      "m2p": {
        "data": 16487501,
        "Mobile_df": 312137649,
        "Broadband_df": 271892877,
        "df": 236199176,
        "unique_countries_broadband": 6509161,
        "unique_countries_mobile": 5278430,
        "Mobile_Stats": 23059160,
        "Broadband_Stats": 19586421,
        "Total_Stats": 35302180
      }
    },
    {
      "raw": "# STEFANOS: Disable plotting\n# px.bar(Mobile_Stats,y='Change_Download',labels={'Name':'Country','Change_Download':'Observed Change'},title='Summary of all changes 2020 Q1 - 2022 Q2 ')",
      "total-ns": 411880,
      "vars": {},
      "p2m": {
        "data": 6437300,
        "Mobile_df": 222948226,
        "Broadband_df": 212173836,
        "df": 278649858,
        "unique_countries_broadband": 6568301,
        "unique_countries_mobile": 6211090,
        "Mobile_Stats": 9144790,
        "Broadband_Stats": 6564100,
        "Total_Stats": 6548430
      },
      "m2p": {
        "data": 7784870,
        "Mobile_df": 232392767,
        "Broadband_df": 250980217,
        "df": 290344228,
        "unique_countries_broadband": 6988400,
        "unique_countries_mobile": 5979570,
        "Mobile_Stats": 6811890,
        "Broadband_Stats": 7943360,
        "Total_Stats": 6797440
      }
    },
    {
      "raw": "#ImprovedCountries_M = Mobile_Stats[(Mobile_Stats['Change_Download'] < 3000) &\n#                                (Mobile_Stats['Change_Download'] >0)]\n#px.bar(ImprovedCountries_M,y='Change_Download',labels={'Name':'Country','Change_Download':'Improved Download Speed'},title='Countries that improved download speeds')\n\nImprovedCountries_B = Broadband_Stats[(Broadband_Stats['Change_Download'] < 3000) &\n                                (Broadband_Stats['Change_Download'] > 0)]\n\n# STEFANOS: Disable plotting\n# fig = go.Figure()\n# fig.add_trace(go.Bar(x=ImprovedCountries_B.index,y=ImprovedCountries_B['Change_Download'],opacity=0.6,name='Broadband'))\n# fig.add_trace(go.Bar(x=ImprovedCountries_B.index,y=Mobile_Stats.query(\"index in @ImprovedCountries_B.index\")['Change_Download'],opacity=0.6,name='Mobile'))\n# fig.update_layout(barmode='group',\n#                   title='Bar Chart of Speed change',\n#                   xaxis_title=\"Country\", yaxis_title=\"Improved Speed (Kbps)\",\n#                   legend_title='Color')\n# fig.show()",
      "total-ns": 345605030,
      "vars": {},
      "p2m": {
        "data": 25923261,
        "Mobile_df": 1035994849,
        "Broadband_df": 580983156,
        "df": 265473957,
        "unique_countries_broadband": 5724470,
        "unique_countries_mobile": 7759370,
        "Mobile_Stats": 6241551,
        "Broadband_Stats": 5160200,
        "Total_Stats": 6236450,
        "ImprovedCountries_B": 3164380
      },
      "m2p": {
        "data": 45949111,
        "Mobile_df": 605005357,
        "Broadband_df": 618937047,
        "df": 323345849,
        "unique_countries_broadband": 6103941,
        "unique_countries_mobile": 4646690,
        "Mobile_Stats": 8974731,
        "Broadband_Stats": 6282331,
        "Total_Stats": 5841400,
        "ImprovedCountries_B": 67661952
      }
    },
    {
      "raw": "#ImprovedCountries2 = Mobile_Stats[(Mobile_Stats['Change_Download'] >= 10000)]\n#px.bar(ImprovedCountries2,y='Change_Download',labels={'Name':'Country','Change_Download':'Improved Download Speed'},title='Countries that improved download speeds')\n#ImprovedCountries_M = Mobile_Stats[(Mobile_Stats['Change_Download'] < 8000) &\n#                                (Mobile_Stats['Change_Download'] >3000)]\n#px.bar(ImprovedCountries_M,y='Change_Download',labels={'Name':'Country','Change_Download':'Improved Download Speed'},title='Countries that improved download speeds')\n\nImprovedCountries_B = Broadband_Stats[(Broadband_Stats['Change_Download'] < 8000) &\n                                (Broadband_Stats['Change_Download'] > 3000)]\n# STEFANOS: Disable plotting\n# fig = go.Figure()\n# fig.add_trace(go.Bar(x=ImprovedCountries_B.index,y=ImprovedCountries_B['Change_Download'],opacity=0.6,name='Broadband'))\n# fig.add_trace(go.Bar(x=ImprovedCountries_B.index,y=Mobile_Stats.query(\"index in @ImprovedCountries_B.index\")['Change_Download'],opacity=0.6,name='Mobile'))\n# fig.update_layout(barmode='group',\n#                   title='Bar Chart of Speed change',\n#                   xaxis_title=\"Country\", yaxis_title=\"Improved Speed (Kbps)\",\n#                   legend_title='Color')\n# fig.show()",
      "total-ns": 536274215,
      "vars": {},
      "p2m": {
        "data": 11307361,
        "Mobile_df": 364067440,
        "Broadband_df": 244414547,
        "df": 249446377,
        "unique_countries_broadband": 4912750,
        "unique_countries_mobile": 4152751,
        "Mobile_Stats": 6113480,
        "Broadband_Stats": 6057300,
        "Total_Stats": 6117910,
        "ImprovedCountries_B": 3388081
      },
      "m2p": {
        "data": 23814080,
        "Mobile_df": 354654620,
        "Broadband_df": 324383180,
        "df": 250752738,
        "unique_countries_broadband": 5498840,
        "unique_countries_mobile": 4661000,
        "Mobile_Stats": 7196460,
        "Broadband_Stats": 6637330,
        "Total_Stats": 5914690,
        "ImprovedCountries_B": 16977590
      }
    },
    {
      "raw": "ImprovedCountries_B = Broadband_Stats[(Broadband_Stats['Change_Download'] < 16000) &\n                                (Broadband_Stats['Change_Download'] > 8000)]\n# STEFANOS: Disable plotting\n# fig = go.Figure()\n# fig.add_trace(go.Bar(x=ImprovedCountries_B.index,y=ImprovedCountries_B['Change_Download'],opacity=0.6,name='Broadband'))\n# fig.add_trace(go.Bar(x=ImprovedCountries_B.index,y=Mobile_Stats.query(\"index in @ImprovedCountries_B.index\")['Change_Download'],opacity=0.6,name='Mobile'))\n# fig.update_layout(barmode='group',\n#                   title='Bar Chart of Speed change',\n#                   xaxis_title=\"Country\", yaxis_title=\"Improved Speed (Kbps)\",\n#                   legend_title='Color')\n# fig.show()",
      "total-ns": 90455363,
      "vars": {},
      "p2m": {
        "data": 8755250,
        "Mobile_df": 286044368,
        "Broadband_df": 267008308,
        "df": 204065786,
        "unique_countries_broadband": 5585490,
        "unique_countries_mobile": 5155620,
        "Mobile_Stats": 5479250,
        "Broadband_Stats": 6217350,
        "Total_Stats": 5552890,
        "ImprovedCountries_B": 2660430
      },
      "m2p": {
        "data": 16942671,
        "Mobile_df": 282120628,
        "Broadband_df": 315831348,
        "df": 237283906,
        "unique_countries_broadband": 5544140,
        "unique_countries_mobile": 5173031,
        "Mobile_Stats": 6389120,
        "Broadband_Stats": 6192260,
        "Total_Stats": 5333221,
        "ImprovedCountries_B": 14986600
      }
    },
    {
      "raw": "ImprovedCountries_B = Broadband_Stats[(Broadband_Stats['Change_Download'] < 60000) &\n                                (Broadband_Stats['Change_Download'] > 16000)]\n# STEFANOS: Disable plotting\n# fig = go.Figure()\n# fig.add_trace(go.Bar(x=ImprovedCountries_B.index,y=ImprovedCountries_B['Change_Download'],opacity=0.6,name='Broadband'))\n# fig.add_trace(go.Bar(x=ImprovedCountries_B.index,y=Mobile_Stats.query(\"index in @ImprovedCountries_B.index\")['Change_Download'],opacity=0.6,name='Mobile'))\n# fig.update_layout(barmode='group',\n#                   title='Bar Chart of Speed change',\n#                   xaxis_title=\"Country\", yaxis_title=\"Improved Speed (Kbps)\",\n#                   legend_title='Color')\n# fig.show()",
      "total-ns": 108618213,
      "vars": {},
      "p2m": {
        "data": 10417890,
        "Mobile_df": 240757427,
        "Broadband_df": 197946996,
        "df": 199555515,
        "unique_countries_broadband": 5241020,
        "unique_countries_mobile": 5036340,
        "Mobile_Stats": 6596050,
        "Broadband_Stats": 6225851,
        "Total_Stats": 5864630,
        "ImprovedCountries_B": 5024180
      },
      "m2p": {
        "data": 15563320,
        "Mobile_df": 237702897,
        "Broadband_df": 238139956,
        "df": 238446997,
        "unique_countries_broadband": 5993870,
        "unique_countries_mobile": 5145230,
        "Mobile_Stats": 5984300,
        "Broadband_Stats": 7392300,
        "Total_Stats": 6060570,
        "ImprovedCountries_B": 17622211
      }
    },
    {
      "raw": "ImprovedCountries_B = Broadband_Stats[(Broadband_Stats['Change_Download'] >= 60000)]\n# STEFANOS: Disable plotting\n# fig = go.Figure()\n# fig.add_trace(go.Bar(x=ImprovedCountries_B.index,y=ImprovedCountries_B['Change_Download'],opacity=0.6,name='Broadband'))\n# fig.add_trace(go.Bar(x=ImprovedCountries_B.index,y=Mobile_Stats.query(\"index in @ImprovedCountries_B.index\")['Change_Download'],opacity=0.6,name='Mobile'))\n# fig.update_layout(barmode='group',\n#                   title='Bar Chart of Speed change',\n#                   xaxis_title=\"Country\", yaxis_title=\"Improved Speed (Kbps)\",\n#                   legend_title='Color')\n# fig.show()",
      "total-ns": 13577161,
      "vars": {},
      "p2m": {
        "data": 8054589,
        "Mobile_df": 247208547,
        "Broadband_df": 233322926,
        "df": 311257769,
        "unique_countries_broadband": 6596551,
        "unique_countries_mobile": 6302410,
        "Mobile_Stats": 7666591,
        "Broadband_Stats": 8172170,
        "Total_Stats": 7201350,
        "ImprovedCountries_B": 3918810
      },
      "m2p": {
        "data": 13703570,
        "Mobile_df": 249387396,
        "Broadband_df": 254678198,
        "df": 323971569,
        "unique_countries_broadband": 7289590,
        "unique_countries_mobile": 6447611,
        "Mobile_Stats": 9676740,
        "Broadband_Stats": 6649031,
        "Total_Stats": 9523430,
        "ImprovedCountries_B": 22883870
      }
    },
    {
      "raw": "#DeterioratedSpeeds = Mobile_Stats[(Mobile_Stats['Change_Download'] < 0 )]\n#px.bar(DeterioratedSpeeds,y='Change_Download',labels={'Name':'Country','Change_Download':'Improved Download Speed'},title='Decreasing Countries\\' download speeds')\nImprovedCountries_B = Broadband_Stats[(Broadband_Stats['Change_Download'] < 0)]\nCountries = ImprovedCountries_B.index\n\n# STEFANOS: Disable plotting\n# fig = go.Figure()\n# fig.add_trace(go.Bar(x=ImprovedCountries_B.index,y=ImprovedCountries_B['Change_Download'],opacity=0.6,name='Broadband'))\n# fig.add_trace(go.Bar(x=ImprovedCountries_B.index,y=Mobile_Stats.query(\"index in @ImprovedCountries_B.index\")['Change_Download'],opacity=0.6,name='Mobile'))\n# fig.update_layout(barmode='group',\n#                   title='Bar Chart of Speed change',\n#                   xaxis_title=\"Country\", yaxis_title=\"Improved Speed (Kbps)\",\n#                   legend_title='Color')\n# fig.show()",
      "total-ns": 55043111,
      "vars": {},
      "p2m": {
        "data": 7619340,
        "Mobile_df": 227220926,
        "Broadband_df": 226892836,
        "df": 215408836,
        "unique_countries_broadband": 5455030,
        "unique_countries_mobile": 5345260,
        "Mobile_Stats": 6641250,
        "Broadband_Stats": 6430590,
        "Total_Stats": 5746460,
        "ImprovedCountries_B": 1751690
      },
      "m2p": {
        "data": 10174011,
        "Mobile_df": 267972398,
        "Broadband_df": 245300447,
        "df": 249688058,
        "unique_countries_broadband": 4979990,
        "unique_countries_mobile": 5967330,
        "Mobile_Stats": 7048480,
        "Broadband_Stats": 7362780,
        "Total_Stats": 6221720,
        "ImprovedCountries_B": 3886420
      }
    },
    {
      "raw": "Mobile_Stats.sort_values(by=['Change_Download'])",
      "total-ns": 36007051,
      "vars": {},
      "p2m": {
        "data": 7425000,
        "Mobile_df": 222324666,
        "Broadband_df": 220244316,
        "df": 236245407,
        "unique_countries_broadband": 5962810,
        "unique_countries_mobile": 6283060,
        "Mobile_Stats": 5935030,
        "Broadband_Stats": 6109471,
        "Total_Stats": 5816291,
        "ImprovedCountries_B": 1657750
      },
      "m2p": {
        "data": 17106950,
        "Mobile_df": 237755707,
        "Broadband_df": 246423467,
        "df": 252265057,
        "unique_countries_broadband": 6100500,
        "unique_countries_mobile": 4460660,
        "Mobile_Stats": 6689191,
        "Broadband_Stats": 6460070,
        "Total_Stats": 5872070,
        "ImprovedCountries_B": 2111909
      }
    },
    {
      "raw": "Broadband_Stats.sort_values(by=['Change_Download'])",
      "total-ns": 30144642,
      "vars": {},
      "p2m": {
        "data": 8249150,
        "Mobile_df": 209480306,
        "Broadband_df": 216380026,
        "df": 217655256,
        "unique_countries_broadband": 5794580,
        "unique_countries_mobile": 5374720,
        "Mobile_Stats": 5858710,
        "Broadband_Stats": 5998550,
        "Total_Stats": 5932059,
        "ImprovedCountries_B": 1598740
      },
      "m2p": {
        "data": 14626441,
        "Mobile_df": 234901047,
        "Broadband_df": 247221407,
        "df": 247925997,
        "unique_countries_broadband": 5548590,
        "unique_countries_mobile": 5595870,
        "Mobile_Stats": 6696801,
        "Broadband_Stats": 6646800,
        "Total_Stats": 6462260,
        "ImprovedCountries_B": 2105611
      }
    },
    {
      "raw": "Mobile_Stats_relative = Mobile_df.groupby('Name').agg(\n    Change_Download=('Avg. Avg D Kbps', lambda x: (list(x)[-1] - list(x)[0])/list(x)[0]),\n    Change_Upload=('Avg. Avg U Kbps', lambda x: (list(x)[-1] - list(x)[0])/list(x)[0]),\n    Change_Latency=('Avg Lat Ms', lambda x: (list(x)[-1] - list(x)[0])/list(x)[0])\n)\nBroadband_Stats_relative = Broadband_df.groupby('Name').agg(\n    Change_Download=('Avg. Avg D Kbps', lambda x: (list(x)[-1] - list(x)[0])/list(x)[0]),\n    Change_Upload=('Avg. Avg U Kbps', lambda x: (list(x)[-1] - list(x)[0])/list(x)[0]),\n    Change_Latency=('Avg Lat Ms', lambda x: (list(x)[-1] - list(x)[0])/list(x)[0])\n)",
      "total-ns": 4761990944,
      "vars": {},
      "p2m": {
        "data": 6933600,
        "Mobile_df": 219258976,
        "Broadband_df": 224548266,
        "df": 216558146,
        "unique_countries_broadband": 5690950,
        "unique_countries_mobile": 5662010,
        "Mobile_Stats": 6028840,
        "Broadband_Stats": 6091330,
        "Total_Stats": 5632531,
        "ImprovedCountries_B": 2610520,
        "Mobile_Stats_relative": 4397680,
        "Broadband_Stats_relative": 4736990
      },
      "m2p": {
        "data": 9070430,
        "Mobile_df": 231267457,
        "Broadband_df": 249371497,
        "df": 248207857,
        "unique_countries_broadband": 5821461,
        "unique_countries_mobile": 5809010,
        "Mobile_Stats": 6679881,
        "Broadband_Stats": 7378720,
        "Total_Stats": 6005950,
        "ImprovedCountries_B": 4148249,
        "Mobile_Stats_relative": 20544600,
        "Broadband_Stats_relative": 18016490
      }
    },
    {
      "raw": "ImprovedCountries_B = Broadband_Stats_relative[(Broadband_Stats_relative['Change_Download'] >= 2)]\n# STEFANOS: Disable plotting\n# fig = go.Figure()\n# fig.add_trace(go.Bar(x=ImprovedCountries_B.index,y=ImprovedCountries_B['Change_Download'],opacity=0.6,name='Broadband'))\n# fig.add_trace(go.Bar(x=ImprovedCountries_B.index,y=Mobile_Stats_relative.query(\"index in @ImprovedCountries_B.index\")['Change_Download'],opacity=0.6,name='Mobile'))\n# fig.update_layout(barmode='group',\n#                   title='Bar Chart of Relative Speed change',\n#                   xaxis_title=\"Country\", yaxis_title=\"Relative Improvement of Speed\",\n#                   legend_title='Color')\n# fig.show()",
      "total-ns": 12788310,
      "vars": {},
      "p2m": {
        "data": 14745831,
        "Mobile_df": 207567305,
        "Broadband_df": 276313298,
        "df": 199413025,
        "unique_countries_broadband": 4781550,
        "unique_countries_mobile": 4575830,
        "Mobile_Stats": 5770310,
        "Broadband_Stats": 5171470,
        "Total_Stats": 5463280,
        "ImprovedCountries_B": 2130289,
        "Mobile_Stats_relative": 4931449,
        "Broadband_Stats_relative": 5062610
      },
      "m2p": {
        "data": 12790151,
        "Mobile_df": 236167076,
        "Broadband_df": 240449077,
        "df": 240741867,
        "unique_countries_broadband": 4829150,
        "unique_countries_mobile": 4569700,
        "Mobile_Stats": 5722660,
        "Broadband_Stats": 5994470,
        "Total_Stats": 5291201,
        "ImprovedCountries_B": 12654410,
        "Mobile_Stats_relative": 4640621,
        "Broadband_Stats_relative": 4888911
      }
    },
    {
      "raw": "ImprovedCountries_B = Broadband_Stats_relative[(Broadband_Stats_relative['Change_Download'] >= 1) & (Broadband_Stats_relative['Change_Download'] < 2)]\n# STEFANOS: Disable plotting\n# fig = go.Figure()\n# fig.add_trace(go.Bar(x=ImprovedCountries_B.index,y=ImprovedCountries_B['Change_Download'],opacity=0.6,name='Broadband'))\n# fig.add_trace(go.Bar(x=ImprovedCountries_B.index,y=Mobile_Stats_relative.query(\"index in @ImprovedCountries_B.index\")['Change_Download'],opacity=0.6,name='Mobile'))\n# fig.update_layout(barmode='group',\n#                   title='Bar Chart of Relative Speed change',\n#                   xaxis_title=\"Country\", yaxis_title=\"Relative Improvement of Speed\",\n#                   legend_title='Color')\n# fig.show()",
      "total-ns": 131210354,
      "vars": {},
      "p2m": {
        "data": 9884031,
        "Mobile_df": 363533940,
        "Broadband_df": 431451532,
        "df": 392878261,
        "unique_countries_broadband": 6418259,
        "unique_countries_mobile": 5475850,
        "Mobile_Stats": 6951361,
        "Broadband_Stats": 6871351,
        "Total_Stats": 6513800,
        "ImprovedCountries_B": 5776381,
        "Mobile_Stats_relative": 5932080,
        "Broadband_Stats_relative": 6265401
      },
      "m2p": {
        "data": 20499871,
        "Mobile_df": 329741539,
        "Broadband_df": 369565501,
        "df": 416348991,
        "unique_countries_broadband": 6512611,
        "unique_countries_mobile": 5751851,
        "Mobile_Stats": 7629990,
        "Broadband_Stats": 6846000,
        "Total_Stats": 6443020,
        "ImprovedCountries_B": 49696631,
        "Mobile_Stats_relative": 5970280,
        "Broadband_Stats_relative": 5924120
      }
    },
    {
      "raw": "ImprovedCountries_B = Broadband_Stats_relative[(Broadband_Stats_relative['Change_Download'] >= 0.5) & (Broadband_Stats_relative['Change_Download'] < 1)]\n# STEFANOS: Disable plotting\n# fig = go.Figure()\n# fig.add_trace(go.Bar(x=ImprovedCountries_B.index,y=ImprovedCountries_B['Change_Download'],opacity=0.6,name='Broadband'))\n# fig.add_trace(go.Bar(x=ImprovedCountries_B.index,y=Mobile_Stats_relative.query(\"index in @ImprovedCountries_B.index\")['Change_Download'],opacity=0.6,name='Mobile'))\n# fig.update_layout(barmode='group',\n#                   title='Bar Chart of Relative Speed change',\n#                   xaxis_title=\"Country\", yaxis_title=\"Relative Improvement of Speed\",\n#                   legend_title='Color')\n# fig.show()",
      "total-ns": 192218455,
      "vars": {},
      "p2m": {
        "data": 12678261,
        "Mobile_df": 259071907,
        "Broadband_df": 205518366,
        "df": 284310468,
        "unique_countries_broadband": 5609550,
        "unique_countries_mobile": 5053041,
        "Mobile_Stats": 5559880,
        "Broadband_Stats": 6111260,
        "Total_Stats": 5739411,
        "ImprovedCountries_B": 4351580,
        "Mobile_Stats_relative": 5181621,
        "Broadband_Stats_relative": 5268041
      },
      "m2p": {
        "data": 16050680,
        "Mobile_df": 360624430,
        "Broadband_df": 249429137,
        "df": 245953907,
        "unique_countries_broadband": 5759000,
        "unique_countries_mobile": 5213760,
        "Mobile_Stats": 6504850,
        "Broadband_Stats": 6505270,
        "Total_Stats": 5823360,
        "ImprovedCountries_B": 18334141,
        "Mobile_Stats_relative": 5541640,
        "Broadband_Stats_relative": 5588099
      }
    },
    {
      "raw": "ImprovedCountries_B = Broadband_Stats_relative[(Broadband_Stats_relative['Change_Download'] >= 0.2) & (Broadband_Stats_relative['Change_Download'] < 0.5)]\n# STEFANOS: Disable plotting\n# fig = go.Figure()\n# fig.add_trace(go.Bar(x=ImprovedCountries_B.index,y=ImprovedCountries_B['Change_Download'],opacity=0.6,name='Broadband'))\n# fig.add_trace(go.Bar(x=ImprovedCountries_B.index,y=Mobile_Stats_relative.query(\"index in @ImprovedCountries_B.index\")['Change_Download'],opacity=0.6,name='Mobile'))\n# fig.update_layout(barmode='group',\n#                   title='Bar Chart of Relative Speed change',\n#                   xaxis_title=\"Country\", yaxis_title=\"Relative Improvement of Speed\",\n#                   legend_title='Color')\n# fig.show()",
      "total-ns": 124460273,
      "vars": {},
      "p2m": {
        "data": 9336360,
        "Mobile_df": 269652907,
        "Broadband_df": 301862609,
        "df": 237855557,
        "unique_countries_broadband": 5465490,
        "unique_countries_mobile": 4977001,
        "Mobile_Stats": 5978601,
        "Broadband_Stats": 5879040,
        "Total_Stats": 6346620,
        "ImprovedCountries_B": 1338640,
        "Mobile_Stats_relative": 5353740,
        "Broadband_Stats_relative": 5468260
      },
      "m2p": {
        "data": 20129401,
        "Mobile_df": 307957129,
        "Broadband_df": 318384369,
        "df": 325647689,
        "unique_countries_broadband": 6240820,
        "unique_countries_mobile": 5504190,
        "Mobile_Stats": 6484110,
        "Broadband_Stats": 6118370,
        "Total_Stats": 5700650,
        "ImprovedCountries_B": 13758651,
        "Mobile_Stats_relative": 4945200,
        "Broadband_Stats_relative": 5169980
      }
    },
    {
      "raw": "ImprovedCountries_B = Broadband_Stats_relative[(Broadband_Stats_relative['Change_Download'] >= 0) & (Broadband_Stats_relative['Change_Download'] < 0.2)]\n# STEFANOS: Disable plotting\n# fig = go.Figure()\n# fig.add_trace(go.Bar(x=ImprovedCountries_B.index,y=ImprovedCountries_B['Change_Download'],opacity=0.6,name='Broadband'))\n# fig.add_trace(go.Bar(x=ImprovedCountries_B.index,y=Mobile_Stats_relative.query(\"index in @ImprovedCountries_B.index\")['Change_Download'],opacity=0.6,name='Mobile'))\n# fig.update_layout(barmode='group',\n#                   title='Bar Chart of Relative Speed change',\n#                   xaxis_title=\"Country\", yaxis_title=\"Relative Improvement of Speed\",\n#                   legend_title='Color')\n# fig.show()",
      "total-ns": 108514463,
      "vars": {},
      "p2m": {
        "data": 11813830,
        "Mobile_df": 377354420,
        "Broadband_df": 467702774,
        "df": 334637309,
        "unique_countries_broadband": 5239650,
        "unique_countries_mobile": 5890830,
        "Mobile_Stats": 6032600,
        "Broadband_Stats": 5564090,
        "Total_Stats": 5312371,
        "ImprovedCountries_B": 2142000,
        "Mobile_Stats_relative": 5896370,
        "Broadband_Stats_relative": 5585670
      },
      "m2p": {
        "data": 20375251,
        "Mobile_df": 327502390,
        "Broadband_df": 430166312,
        "df": 424911272,
        "unique_countries_broadband": 5626070,
        "unique_countries_mobile": 5766950,
        "Mobile_Stats": 6248271,
        "Broadband_Stats": 6643650,
        "Total_Stats": 5679090,
        "ImprovedCountries_B": 52025991,
        "Mobile_Stats_relative": 5282360,
        "Broadband_Stats_relative": 5733891
      }
    },
    {
      "raw": "ImprovedCountries_B = Broadband_Stats_relative[(Broadband_Stats_relative['Change_Download'] < 0)]\n# STEFANOS: Disable plotting\n# fig = go.Figure()\n# fig.add_trace(go.Bar(x=ImprovedCountries_B.index,y=ImprovedCountries_B['Change_Download'],opacity=0.6,name='Broadband'))\n# fig.add_trace(go.Bar(x=ImprovedCountries_B.index,y=Mobile_Stats_relative.query(\"index in @ImprovedCountries_B.index\")['Change_Download'],opacity=0.6,name='Mobile'))\n# fig.update_layout(barmode='group',\n#                   title='Bar Chart of Relative Speed change',\n#                   xaxis_title=\"Country\", yaxis_title=\"Relative Improvement of Speed\",\n#                   legend_title='Color')\n# fig.show()",
      "total-ns": 12837040,
      "vars": {},
      "p2m": {
        "data": 10995470,
        "Mobile_df": 334007129,
        "Broadband_df": 353816710,
        "df": 336174419,
        "unique_countries_broadband": 6047450,
        "unique_countries_mobile": 6294940,
        "Mobile_Stats": 7271210,
        "Broadband_Stats": 6046630,
        "Total_Stats": 5686801,
        "ImprovedCountries_B": 1839560,
        "Mobile_Stats_relative": 4860850,
        "Broadband_Stats_relative": 7278361
      },
      "m2p": {
        "data": 12658080,
        "Mobile_df": 398228861,
        "Broadband_df": 328956220,
        "df": 339198189,
        "unique_countries_broadband": 7246761,
        "unique_countries_mobile": 5641900,
        "Mobile_Stats": 10273481,
        "Broadband_Stats": 6570850,
        "Total_Stats": 5602720,
        "ImprovedCountries_B": 12679870,
        "Mobile_Stats_relative": 4701460,
        "Broadband_Stats_relative": 6844011
      }
    },
    {
      "raw": "Broadband_Stats_relative.sort_values(by=['Change_Download'])",
      "total-ns": 41784511,
      "vars": {},
      "p2m": {
        "data": 10917151,
        "Mobile_df": 244826097,
        "Broadband_df": 254170617,
        "df": 236434817,
        "unique_countries_broadband": 7040910,
        "unique_countries_mobile": 5452891,
        "Mobile_Stats": 6286620,
        "Broadband_Stats": 5960450,
        "Total_Stats": 6106171,
        "ImprovedCountries_B": 1630940,
        "Mobile_Stats_relative": 5382911,
        "Broadband_Stats_relative": 5545161
      },
      "m2p": {
        "data": 17542970,
        "Mobile_df": 249692476,
        "Broadband_df": 263195758,
        "df": 258369897,
        "unique_countries_broadband": 6582950,
        "unique_countries_mobile": 6361720,
        "Mobile_Stats": 6207010,
        "Broadband_Stats": 6390550,
        "Total_Stats": 6718811,
        "ImprovedCountries_B": 2058360,
        "Mobile_Stats_relative": 5263170,
        "Broadband_Stats_relative": 4808240
      }
    },
    {
      "raw": "Mobile_Stats_relative.sort_values(by=['Change_Download'])",
      "total-ns": 32301110,
      "vars": {},
      "p2m": {
        "data": 8492700,
        "Mobile_df": 254701998,
        "Broadband_df": 200686476,
        "df": 228090616,
        "unique_countries_broadband": 6227431,
        "unique_countries_mobile": 6672270,
        "Mobile_Stats": 6323421,
        "Broadband_Stats": 6071521,
        "Total_Stats": 6076590,
        "ImprovedCountries_B": 1831920,
        "Mobile_Stats_relative": 5498980,
        "Broadband_Stats_relative": 5434220
      },
      "m2p": {
        "data": 16231510,
        "Mobile_df": 236747606,
        "Broadband_df": 258171397,
        "df": 248533987,
        "unique_countries_broadband": 7284860,
        "unique_countries_mobile": 5214810,
        "Mobile_Stats": 6699170,
        "Broadband_Stats": 6381739,
        "Total_Stats": 6311990,
        "ImprovedCountries_B": 2462370,
        "Mobile_Stats_relative": 5703411,
        "Broadband_Stats_relative": 5224121
      }
    }
  ]
}