{
  "cells": [
    {
      "raw": "import numpy as np # linear algebra\n\nimport os\nos.environ[\"MODIN_ENGINE\"] = \"ray\"\nimport ray\nos.environ['MODIN_CPUS'] = \"4\"\nray.init(num_cpus=4, runtime_env={'env_vars': {'__MODIN_AUTOIMPORT_PANDAS__': '1'}})\nimport modin.pandas as pd\nimport os\nfor dirname, _, filenames in os.walk('../input'):\n    for filename in filenames:\n        print(os.path.join(dirname, filename))\n",
      "total-ns": 3624797391,
      "vars": {},
      "p2m": {},
      "m2p": {}
    },
    {
      "raw": "df=pd.read_csv(\"../input/Airline Dataset Updated.csv\", parse_dates=[\"Departure Date\"])",
      "total-ns": 6134520362,
      "vars": {},
      "p2m": {
        "df": 124615973
      },
      "m2p": {
        "df": 315940069
      }
    },
    {
      "raw": "df = df\nintended_df_size_in_MB = 256\nfactor = intended_df_size_in_MB*(2**20)/df.memory_usage(index=True).sum()\nif int(factor) > 0:\n    df = pd.concat([df]*int(factor), ignore_index=True)\nelse:\n    rowCount = int(df.shape[0]*factor)\n    df = df[0:rowCount]\ndf = df\ndf.info()",
      "total-ns": 6136674633,
      "vars": {},
      "p2m": {
        "df": 4642485581
      },
      "m2p": {
        "df": 15111996186
      }
    },
    {
      "raw": "df.head(11)",
      "total-ns": 1631290,
      "vars": {},
      "p2m": {
        "df": 4078214996
      },
      "m2p": {
        "df": 1762856549
      }
    },
    {
      "raw": "df.info() ",
      "total-ns": 5002064060,
      "vars": {},
      "p2m": {
        "df": 3622922132
      },
      "m2p": {
        "df": 1917647594
      }
    },
    {
      "raw": "df.nunique()",
      "total-ns": 7946210,
      "vars": {},
      "p2m": {
        "df": 4603825670
      },
      "m2p": {
        "df": 2505379220
      }
    },
    {
      "raw": "df.isnull().sum().sum() #Checking if Null value is present",
      "total-ns": 4036442994,
      "vars": {},
      "p2m": {
        "df": 3378626845
      },
      "m2p": {
        "df": 1791413600
      }
    },
    {
      "raw": "df['Gender']=df['Gender'].astype('category')\ndf['Gender'].unique()",
      "total-ns": 2014001967,
      "vars": {},
      "p2m": {
        "df": 3761673096
      },
      "m2p": {
        "df": 11923566176
      }
    },
    {
      "raw": "df['Age']=df['Age'].astype(int)",
      "total-ns": 13613510,
      "vars": {},
      "p2m": {
        "df": 4088334666
      },
      "m2p": {
        "df": 12565646944
      }
    },
    {
      "raw": "columns = [key for key, value in df.nunique().to_dict().items() if value < 10]",
      "total-ns": 3793464277,
      "vars": {},
      "p2m": {
        "df": 4405025305
      },
      "m2p": {
        "df": 1793651301
      }
    },
    {
      "raw": "count_1 = df['Gender'].value_counts()\ncount_1",
      "total-ns": 1941490254,
      "vars": {},
      "p2m": {
        "df": 3920608111,
        "count_1": 2236550
      },
      "m2p": {
        "df": 1987101126,
        "count_1": 8487310
      }
    },
    {
      "raw": "count_2 = df['Country Name'].value_counts()",
      "total-ns": 2058298818,
      "vars": {},
      "p2m": {
        "df": 4189406228,
        "count_1": 2697520,
        "count_2": 6844120
      },
      "m2p": {
        "df": 1870260753,
        "count_1": 9659450,
        "count_2": 19753661
      }
    },
    {
      "raw": "df_c= pd.DataFrame(count_2).reset_index().rename(columns={\"index\": \"value\", 0: \"count\"})",
      "total-ns": 18502241,
      "vars": {},
      "p2m": {
        "df": 3657844773,
        "count_1": 1847290,
        "count_2": 4861520,
        "df_c": 4835420
      },
      "m2p": {
        "df": 1868574683,
        "count_1": 7280040,
        "count_2": 17364141,
        "df_c": 13235570
      }
    },
    {
      "raw": "con=df.loc[:,['Country Name','Continents']]\ncon=con.drop_duplicates()\n#new_df=pd.merge_ordered(df_c,con, fill_method= 'ffill', on= 'Country Name')",
      "total-ns": 52067246045,
      "vars": {},
      "p2m": {
        "df": 3331574722,
        "count_1": 1532430,
        "count_2": 5106140,
        "df_c": 5862980,
        "con": 4554380
      },
      "m2p": {
        "df": 2239276712,
        "count_1": 7009260,
        "count_2": 15781860,
        "df_c": 5019130,
        "con": 12142060
      }
    },
    {
      "raw": "nationality = pd.DataFrame(df['Nationality'].value_counts()).reset_index()",
      "total-ns": 1763184161,
      "vars": {},
      "p2m": {
        "df": 5074049274,
        "count_1": 3906441,
        "count_2": 11858480,
        "df_c": 10176681,
        "con": 9904090,
        "nationality": 10556581
      },
      "m2p": {
        "df": 1834719391,
        "count_1": 14489490,
        "count_2": 41075110,
        "df_c": 11157980,
        "con": 9289210,
        "nationality": 30550659
      }
    },
    {
      "raw": "nationality = nationality.head(20)",
      "total-ns": 2255250,
      "vars": {},
      "p2m": {
        "df": 4278124603,
        "count_1": 2223550,
        "count_2": 5525910,
        "df_c": 5944789,
        "con": 5968280,
        "nationality": 1641920
      },
      "m2p": {
        "df": 2160202751,
        "count_1": 9531850,
        "count_2": 21807870,
        "df_c": 5033670,
        "con": 7558141,
        "nationality": 6538210
      }
    },
    {
      "raw": "nationality.sort_values(by='Nationality', ascending=False, inplace=True)",
      "total-ns": 12156660,
      "vars": {},
      "p2m": {
        "df": 3437670223,
        "count_1": 1866131,
        "count_2": 5155389,
        "df_c": 5484200,
        "con": 4073939,
        "nationality": 3352560
      },
      "m2p": {
        "df": 2161113611,
        "count_1": 8718789,
        "count_2": 16790361,
        "df_c": 5167981,
        "con": 4808810,
        "nationality": 5590360
      }
    },
    {
      "raw": "fl_stat = pd.DataFrame(df['Flight Status'].value_counts()).reset_index()",
      "total-ns": 1845151922,
      "vars": {},
      "p2m": {
        "df": 3845397943,
        "count_1": 1920150,
        "count_2": 5219351,
        "df_c": 5574160,
        "con": 7177480,
        "nationality": 1899080,
        "fl_stat": 1738730
      },
      "m2p": {
        "df": 2066384811,
        "count_1": 7630950,
        "count_2": 15582019,
        "df_c": 5276699,
        "con": 5290979,
        "nationality": 2409030,
        "fl_stat": 5207670
      }
    },
    {
      "raw": "",
      "total-ns": 453411,
      "vars": {},
      "p2m": {
        "df": 4162990993,
        "count_1": 2416720,
        "count_2": 5772210,
        "df_c": 6585320,
        "con": 5890279,
        "nationality": 1956980,
        "fl_stat": 1934099
      },
      "m2p": {
        "df": 1776533571,
        "count_1": 10106690,
        "count_2": 21248711,
        "df_c": 5833161,
        "con": 5415140,
        "nationality": 2022850,
        "fl_stat": 1676239
      }
    }
  ]
}