{
  "cells": [
    {
      "raw": "# importing libraries\nimport numpy as np # linear algebra\n\nimport os\nos.environ[\"MODIN_ENGINE\"] = \"ray\"\nimport ray\nos.environ['MODIN_CPUS'] = \"4\"\nray.init(num_cpus=4, runtime_env={'env_vars': {'__MODIN_AUTOIMPORT_PANDAS__': '1'}})\nimport modin.pandas as pd\nfrom datetime import datetime # datetime processing\n\n# setting path of the dataset\nimport os\nfor dirname, _, filenames in os.walk('../input'):\n    for filename in filenames:\n        print(os.path.join(dirname, filename))\n",
      "total-ns": 3770134825,
      "vars": {},
      "p2m": {},
      "m2p": {}
    },
    {
      "raw": "melb_house = pd.read_csv(\"../input/melb_data.csv\")\n\n# checking the columns\nmelb_house.head()",
      "total-ns": 5634826556,
      "vars": {},
      "p2m": {
        "melb_house": 19466020
      },
      "m2p": {
        "melb_house": 58696531
      }
    },
    {
      "raw": "df = melb_house\nintended_df_size_in_MB = 256\nfactor = intended_df_size_in_MB*(2**20)/df.memory_usage(index=True).sum()\nif int(factor) > 0:\n    df = pd.concat([df]*int(factor), ignore_index=True)\nelse:\n    rowCount = int(df.shape[0]*factor)\n    df = df[0:rowCount]\nmelb_house = df\nmelb_house.info()",
      "total-ns": 3069332779,
      "vars": {},
      "p2m": {
        "melb_house": 1011734263,
        "df": 917941103
      },
      "m2p": {
        "melb_house": 5760201327,
        "df": 2653577838
      }
    },
    {
      "raw": "melb_house.shape",
      "total-ns": 991290,
      "vars": {},
      "p2m": {
        "melb_house": 982763153,
        "df": 904248212
      },
      "m2p": {
        "melb_house": 813535802,
        "df": 793632313
      }
    },
    {
      "raw": "melb_house.info()",
      "total-ns": 1943356706,
      "vars": {},
      "p2m": {
        "melb_house": 787877262,
        "df": 934268822
      },
      "m2p": {
        "melb_house": 808860292,
        "df": 751075632
      }
    },
    {
      "raw": "# checking for unique entries\n\nunique_val = []\nfor i in melb_house.columns:\n    u = melb_house[i].nunique()\n    unique_val.append(u)\n    \npd.DataFrame({\"No. of unique values\": unique_val}, index=melb_house.columns)",
      "total-ns": 15477843575,
      "vars": {},
      "p2m": {
        "melb_house": 964810592,
        "df": 933992513
      },
      "m2p": {
        "melb_house": 710743861,
        "df": 800468473
      }
    },
    {
      "raw": "# Working dataset\ndataset = melb_house.copy()",
      "total-ns": 1060151,
      "vars": {},
      "p2m": {
        "melb_house": 997398262,
        "df": 1022735763,
        "dataset": 1036882693
      },
      "m2p": {
        "melb_house": 803974372,
        "df": 809338483,
        "dataset": 668323712
      }
    },
    {
      "raw": "# Features with missing values\nmiss = dataset.isnull().sum().sort_values(ascending = False).head(5)\nmiss_per = (miss/len(dataset))*100\n\n# Percentage of missing values\npd.DataFrame({'No. missing values': miss, '% of missind data': miss_per.values})",
      "total-ns": 1652150175,
      "vars": {},
      "p2m": {
        "melb_house": 801582072,
        "df": 936413463,
        "dataset": 949394653,
        "miss": 2390840,
        "miss_per": 1402681
      },
      "m2p": {
        "melb_house": 750409532,
        "df": 681375133,
        "dataset": 814030162,
        "miss": 2154180,
        "miss_per": 4812360
      }
    },
    {
      "raw": "dataset['Car'].value_counts()",
      "total-ns": 670915902,
      "vars": {},
      "p2m": {
        "melb_house": 861303093,
        "df": 1007454313,
        "dataset": 872720402,
        "miss": 2165730,
        "miss_per": 2168260
      },
      "m2p": {
        "melb_house": 681858632,
        "df": 716172412,
        "dataset": 679427902,
        "miss": 7190041,
        "miss_per": 6424921
      }
    },
    {
      "raw": "# Filling null value\ndataset['Car'].fillna(0, inplace = True)\n\n# confimation after filling the null values\nprint(\"Null values before replacement :\", melb_house['Car'].isnull().sum())\nprint(\"Null values after replacement :\", dataset['Car'].isnull().sum())",
      "total-ns": 1431393805,
      "vars": {},
      "p2m": {
        "melb_house": 962224762,
        "df": 843189213,
        "dataset": 906965053,
        "miss": 2078070,
        "miss_per": 1821460
      },
      "m2p": {
        "melb_house": 679900342,
        "df": 718584821,
        "dataset": 3338035240,
        "miss": 7882459,
        "miss_per": 5038320
      }
    },
    {
      "raw": "dataset['CouncilArea'].value_counts()",
      "total-ns": 926951303,
      "vars": {},
      "p2m": {
        "melb_house": 996223403,
        "df": 941316693,
        "dataset": 1009151183,
        "miss": 1859100,
        "miss_per": 1362240
      },
      "m2p": {
        "melb_house": 684257582,
        "df": 717035282,
        "dataset": 823308882,
        "miss": 7140010,
        "miss_per": 4401970
      }
    },
    {
      "raw": "# Filling the null value \ndataset['CouncilArea'].fillna('Unavailable', inplace = True)\n\n\n# confimation after filling the null values\nprint(\"Null values before replacement :\", melb_house['CouncilArea'].isnull().sum())\nprint(\"Null values after replacement :\", dataset['CouncilArea'].isnull().sum())",
      "total-ns": 1863219495,
      "vars": {},
      "p2m": {
        "melb_house": 809324332,
        "df": 1059871653,
        "dataset": 903227903,
        "miss": 2427160,
        "miss_per": 2183510
      },
      "m2p": {
        "melb_house": 813954813,
        "df": 767269273,
        "dataset": 3732223181,
        "miss": 7679830,
        "miss_per": 6315030
      }
    },
    {
      "raw": "# Filling the null value \ndataset['YearBuilt'].fillna(\"Unknown\", inplace=True)\n\n# confimation after filling the null values\nprint(\"Null values before replacement :\", melb_house['YearBuilt'].isnull().sum())\nprint(\"Null values after replacement :\", dataset['YearBuilt'].isnull().sum())",
      "total-ns": 1644656255,
      "vars": {},
      "p2m": {
        "melb_house": 798340892,
        "df": 1072300522,
        "dataset": 1177713273,
        "miss": 2019300,
        "miss_per": 1697520
      },
      "m2p": {
        "melb_house": 710068072,
        "df": 677127703,
        "dataset": 3879845062,
        "miss": 8217421,
        "miss_per": 5359869
      }
    },
    {
      "raw": "# Filling the null value \ndataset['BuildingArea'].fillna(0, inplace = True)\n\n# confimation after filling the null values\nprint(\"Null values before replacement :\", melb_house['BuildingArea'].isnull().sum())\nprint(\"Null values after replacement :\", dataset['BuildingArea'].isnull().sum())",
      "total-ns": 1388425125,
      "vars": {},
      "p2m": {
        "melb_house": 980559043,
        "df": 871770543,
        "dataset": 1041481303,
        "miss": 3491111,
        "miss_per": 1588100
      },
      "m2p": {
        "melb_house": 666794722,
        "df": 691087892,
        "dataset": 3835538442,
        "miss": 8588371,
        "miss_per": 6121400
      }
    },
    {
      "raw": "# log transformation of price\ndataset['Price_trans'] = np.log(dataset['Price'])",
      "total-ns": 1860947965,
      "vars": {},
      "p2m": {
        "melb_house": 1035399722,
        "df": 878136633,
        "dataset": 924718933,
        "miss": 2039840,
        "miss_per": 1529810
      },
      "m2p": {
        "melb_house": 678841593,
        "df": 723718263,
        "dataset": 787111663,
        "miss": 6787980,
        "miss_per": 5115440
      }
    },
    {
      "raw": "# Grouping the numerical data\nnum =  dataset.select_dtypes(exclude=\"object\")\nnum = num.drop(['Price'], axis=1)",
      "total-ns": 4696960,
      "vars": {},
      "p2m": {
        "melb_house": 799937872,
        "df": 837936423,
        "dataset": 1038051633,
        "miss": 1857770,
        "miss_per": 3097500,
        "num": 106264581
      },
      "m2p": {
        "melb_house": 668267802,
        "df": 676611802,
        "dataset": 876604802,
        "miss": 8310600,
        "miss_per": 7333550,
        "num": 1104141224
      }
    },
    {
      "raw": "# coverting date into datetime format\ndataset['Date'] = pd.to_datetime(dataset['Date'])\nyear = dataset['Date'].map(lambda x: datetime.strftime(x, '%Y'))\ndataset['year'] = year\nmonth = dataset['Date'].map(lambda x: datetime.strftime(x, '%b'))\ndataset['month'] = month",
      "total-ns": 38790710,
      "vars": {},
      "p2m": {
        "melb_house": 1532720805,
        "df": 1572002335,
        "dataset": 1905593975,
        "miss": 2368670,
        "miss_per": 2144669,
        "num": 62868340,
        "year": 399831311,
        "month": 376216531
      },
      "m2p": {
        "melb_house": 1221956833,
        "df": 991504833,
        "dataset": 13130183908,
        "miss": 8157920,
        "miss_per": 6100101,
        "num": 87244620,
        "year": 198326870,
        "month": 193395310
      }
    },
    {
      "raw": "# Dataset of Metropolitan area\nrm = dataset[dataset['Regionname'].map(lambda x: 'Metropolitan' in x)]\n\n# Dataset of Victoria area\nrv = dataset[dataset['Regionname'].map(lambda x: 'Victoria' in x)]",
      "total-ns": 5550800706,
      "vars": {},
      "p2m": {
        "melb_house": 1201362973,
        "df": 915721193,
        "dataset": 2071562976,
        "miss": 2095970,
        "miss_per": 1612780,
        "num": 39052070,
        "year": 400194441,
        "month": 295125870,
        "rm": 1703472575,
        "rv": 19177280
      },
      "m2p": {
        "melb_house": 1117873423,
        "df": 663778992,
        "dataset": 1056489213,
        "miss": 7632330,
        "miss_per": 5505260,
        "num": 57118340,
        "year": 643676502,
        "month": 735112152,
        "rm": 1900043076,
        "rv": 38342150
      }
    },
    {
      "raw": "",
      "total-ns": 343090,
      "vars": {},
      "p2m": {
        "melb_house": 834848462,
        "df": 884983052,
        "dataset": 1817723335,
        "miss": 1820370,
        "miss_per": 1546980,
        "num": 61610130,
        "year": 411174391,
        "month": 307655241,
        "rm": 1808046525,
        "rv": 19642060
      },
      "m2p": {
        "melb_house": 675053492,
        "df": 682484403,
        "dataset": 1300700314,
        "miss": 7947510,
        "miss_per": 5086320,
        "num": 84587640,
        "year": 811308422,
        "month": 722941372,
        "rm": 1182173794,
        "rv": 20484600
      }
    }
  ]
}