{
  "cells": [
    {
      "raw": "# This Python 3 environment comes with many helpful analytics libraries installed\n# It is defined by the kaggle/python Docker image: https://github.com/kaggle/docker-python\n# For example, here's several helpful packages to load\n\nimport numpy as np # linear algebra\n\nimport os\nos.environ[\"MODIN_ENGINE\"] = \"ray\"\nimport ray\nos.environ['MODIN_CPUS'] = \"4\"\nray.init(num_cpus=4, runtime_env={'env_vars': {'__MODIN_AUTOIMPORT_PANDAS__': '1'}})\nimport modin.pandas as pd\n# Input data files are available in the read-only \"../input/\" directory\n# For example, running this (by clicking run or pressing Shift+Enter) will list all files under the input directory\n\nimport os\nfor dirname, _, filenames in os.walk('../input'):\n    for filename in filenames:\n        print(os.path.join(dirname, filename))\n\n# You can write up to 20GB to the current directory (/kaggle/working/) that gets preserved as output when you create a version using \"Save & Run All\" \n# You can also write temporary files to /kaggle/temp/, but they won't be saved outside of the current session",
      "total-ns": 2660168252,
      "vars": {},
      "p2m": {},
      "m2p": {}
    },
    {
      "raw": "df = pd.read_csv('../input/highereducationstudentsperformanceevaluation/DATA (1).csv')\ndf.head()",
      "total-ns": 5977468889,
      "vars": {},
      "p2m": {
        "df": 10343710
      },
      "m2p": {
        "df": 28857010
      }
    },
    {
      "raw": "df = df\nintended_df_size_in_MB = 256\nfactor = intended_df_size_in_MB*(2**20)/df.memory_usage(index=True).sum()\nif int(factor) > 0:\n    df = pd.concat([df]*int(factor), ignore_index=True)\nelse:\n    rowCount = int(df.shape[0]*factor)\n    df = df[0:rowCount]\ndf = df\ndf.info()",
      "total-ns": 27408679157,
      "vars": {},
      "p2m": {
        "df": 349924816
      },
      "m2p": {
        "df": 129189534835
      }
    },
    {
      "raw": "df.shape",
      "total-ns": 1182800,
      "vars": {},
      "p2m": {
        "df": 321569276
      },
      "m2p": {
        "df": 268324657
      }
    },
    {
      "raw": "df.info()",
      "total-ns": 509532555,
      "vars": {},
      "p2m": {
        "df": 310711056
      },
      "m2p": {
        "df": 268900486
      }
    },
    {
      "raw": "# Rename columns\ndf.rename(columns={'1': 'AGE', '7': 'SINGLE','20':'ATTENDENCE','25':'NOTETAKING','30': 'GPA'}, inplace=True)\n\n# Access the renamed columns using loc\npreview_columns = ['AGE', 'SINGLE', 'NOTETAKING','GPA','GRADE']\ndf.loc[:, preview_columns].head()",
      "total-ns": 6673440,
      "vars": {},
      "p2m": {
        "df": 421533086
      },
      "m2p": {
        "df": 857892180
      }
    },
    {
      "raw": "df_clean = df.copy()\n\n# List of columns to keep\nselected_columns = [\n    'AGE',\n    'SINGLE',\n    'NOTETAKING',\n    'GPA',\n    'GRADE',\n    'ATTENDENCE',\n]\n\n# Get the list of columns that exist in the DataFrame but are not in the selected_columns list\ncolumns_to_remove = [col for col in df_clean.columns if col not in selected_columns]\n\n# Drop the columns that are not in the selected_columns list\ndf_clean.drop(columns=columns_to_remove, inplace=True)\n\n# Display DataFrame info to verify\ndf_clean.info()",
      "total-ns": 504729134,
      "vars": {},
      "p2m": {
        "df": 226973107,
        "df_clean": 42286890
      },
      "m2p": {
        "df": 204083028,
        "df_clean": 168427158
      }
    },
    {
      "raw": "df_cut = df.copy()\n#Cutting our data to make it more managable\ncolumns_to_remove = [\n    '3',\n    '9',\n    '10',\n    '14',\n    '15',\n    '16',\n    '21',\n    '23',\n    '24',\n    '28',\n    '5',\n    '6',\n    '22',\n    'COURSE ID',\n]\n# Drop the columns to remove\ndf_cut.drop(columns=columns_to_remove, inplace=True)\n\n# Display DataFrame info to verify\ndf_cut.info()",
      "total-ns": 477451425,
      "vars": {},
      "p2m": {
        "df": 416834386,
        "df_clean": 30578921,
        "df_cut": 345538466
      },
      "m2p": {
        "df": 256488137,
        "df_clean": 32637610,
        "df_cut": 762459732
      }
    },
    {
      "raw": "# Rename columns\ndf_cut.rename(columns={\n    '1': 'AGE',\n    '2': 'SEX',\n    '4': 'SCHOLSHIP',\n    '7': 'SINGLE',\n    '8': 'SALARY',\n    '11': 'MOTHERS_EDU',\n    '12': 'FATHERS_EDU',\n    '13': 'SIBLNIGS',\n    '17': 'STUDY_HOURS',\n    '18': 'READS_NON_FIC',\n    '19': 'READS_FIC',\n    '25': 'NOTETAKING',\n    '26': 'LISTENS',\n    '27': 'DISCUSSION',\n    '29': 'PAST_GPA',\n    '30': 'GPA',}, inplace=True)",
      "total-ns": 3925960,
      "vars": {},
      "p2m": {
        "df": 523522284,
        "df_clean": 24541859,
        "df_cut": 323338897
      },
      "m2p": {
        "df": 263242057,
        "df_clean": 38060030,
        "df_cut": 793145971
      }
    }
  ]
}