{
  "cells": [
    {
      "raw": "\nimport os\nos.environ[\"MODIN_ENGINE\"] = \"ray\"\nimport ray\nos.environ['MODIN_CPUS'] = \"4\"\nray.init(num_cpus=4, runtime_env={'env_vars': {'__MODIN_AUTOIMPORT_PANDAS__': '1'}})\nimport modin.pandas as pd\ndf = pd.read_csv(filepath_or_buffer='../input/Airline Dataset.csv', parse_dates=['Departure Date'])\ndf.head()",
      "total-ns": 9021112977,
      "vars": {},
      "p2m": {
        "df": 92293739
      },
      "m2p": {
        "df": 257422877
      }
    },
    {
      "raw": "df = df\nintended_df_size_in_MB = 256\nfactor = intended_df_size_in_MB*(2**20)/df.memory_usage(index=True).sum()\nif int(factor) > 0:\n    df = pd.concat([df]*int(factor), ignore_index=True)\nelse:\n    rowCount = int(df.shape[0]*factor)\n    df = df[0:rowCount]\ndf = df\ndf.info()",
      "total-ns": 5955312583,
      "vars": {},
      "p2m": {
        "df": 3068680546
      },
      "m2p": {
        "df": 12754936877
      }
    },
    {
      "raw": "df.info()",
      "total-ns": 4278430282,
      "vars": {},
      "p2m": {
        "df": 3140320165
      },
      "m2p": {
        "df": 1747281560
      }
    },
    {
      "raw": "df.nunique()",
      "total-ns": 4995960,
      "vars": {},
      "p2m": {
        "df": 4797818146
      },
      "m2p": {
        "df": 2441914993
      }
    },
    {
      "raw": "df['Departure Date'].dt.year.value_counts()",
      "total-ns": 1927306968,
      "vars": {},
      "p2m": {
        "df": 2886559047
      },
      "m2p": {
        "df": 1668701432
      }
    },
    {
      "raw": "df['Last Name'].value_counts().nlargest(n=10)",
      "total-ns": 3720239899,
      "vars": {},
      "p2m": {
        "df": 3255822004
      },
      "m2p": {
        "df": 1932835078
      }
    }
  ]
}