{
  "cells": [
    {
      "raw": "\nimport os\nos.environ[\"MODIN_ENGINE\"] = \"ray\"\nimport ray\nos.environ['MODIN_CPUS'] = \"4\"\nray.init(num_cpus=4, runtime_env={'env_vars': {'__MODIN_AUTOIMPORT_PANDAS__': '1'}})\nimport modin.pandas as pd\nimport numpy as np\n\npd.plotting.register_matplotlib_converters()\nimport matplotlib.pyplot as plt\n%matplotlib inline\nimport seaborn as sns",
      "total-ns": 4398459753,
      "vars": {},
      "p2m": {},
      "m2p": {}
    },
    {
      "raw": "data =  pd.read_csv('../input/used_cars_Pakistan.csv',index_col=0)\ndata",
      "total-ns": 4637646738,
      "vars": {},
      "p2m": {
        "data": 22330589
      },
      "m2p": {
        "data": 21507360
      }
    },
    {
      "raw": "df = data\nintended_df_size_in_MB = 256\nfactor = intended_df_size_in_MB*(2**20)/df.memory_usage(index=True).sum()\nif int(factor) > 0:\n    df = pd.concat([df]*int(factor), ignore_index=True)\nelse:\n    rowCount = int(df.shape[0]*factor)\n    df = df[0:rowCount]\ndata = df\ndata.info()",
      "total-ns": 1964062038,
      "vars": {},
      "p2m": {
        "data": 596644483,
        "df": 559642983
      },
      "m2p": {
        "data": 3120563455,
        "df": 1473144644
      }
    },
    {
      "raw": "data.make.value_counts().head(10)",
      "total-ns": 874816190,
      "vars": {},
      "p2m": {
        "data": 556611184,
        "df": 505980875
      },
      "m2p": {
        "data": 700132002,
        "df": 549789493
      }
    },
    {
      "raw": "data.model.value_counts().head(10)",
      "total-ns": 728970581,
      "vars": {},
      "p2m": {
        "data": 489397035,
        "df": 574824633
      },
      "m2p": {
        "data": 465947894,
        "df": 556150994
      }
    },
    {
      "raw": "data.city.value_counts().head(10)",
      "total-ns": 779920681,
      "vars": {},
      "p2m": {
        "data": 573475544,
        "df": 564160484
      },
      "m2p": {
        "data": 559509734,
        "df": 558379963
      }
    },
    {
      "raw": "data.year.value_counts().head(10)",
      "total-ns": 417866576,
      "vars": {},
      "p2m": {
        "data": 495498965,
        "df": 598298694
      },
      "m2p": {
        "data": 552639644,
        "df": 479717694
      }
    },
    {
      "raw": "data.Engine_displacement.value_counts().head(5)",
      "total-ns": 459053095,
      "vars": {},
      "p2m": {
        "data": 483280395,
        "df": 551212064
      },
      "m2p": {
        "data": 483760664,
        "df": 551915154
      }
    },
    {
      "raw": "data.Battery.value_counts().head()",
      "total-ns": 361179156,
      "vars": {},
      "p2m": {
        "data": 549471574,
        "df": 560525163
      },
      "m2p": {
        "data": 472441915,
        "df": 574268293
      }
    },
    {
      "raw": "100*(len(data)-data.Battery.isnull().sum())/len(data)",
      "total-ns": 349585696,
      "vars": {},
      "p2m": {
        "data": 479058935,
        "df": 482259705
      },
      "m2p": {
        "data": 501042714,
        "df": 468162044
      }
    },
    {
      "raw": "data.Price_Rs.mean()",
      "total-ns": 283166067,
      "vars": {},
      "p2m": {
        "data": 568931754,
        "df": 571716363
      },
      "m2p": {
        "data": 554968043,
        "df": 566012494
      }
    },
    {
      "raw": "data.Price_Rs.median()",
      "total-ns": 381244816,
      "vars": {},
      "p2m": {
        "data": 577630763,
        "df": 576953493
      },
      "m2p": {
        "data": 574068214,
        "df": 561427004
      }
    },
    {
      "raw": "",
      "total-ns": 418660,
      "vars": {},
      "p2m": {
        "data": 569532613,
        "df": 482004455
      },
      "m2p": {
        "data": 556613744,
        "df": 480805656
      }
    }
  ]
}