{
  "cells": [
    {
      "raw": "import os\n\nimport os\nos.environ[\"MODIN_ENGINE\"] = \"ray\"\nimport ray\nos.environ['MODIN_CPUS'] = \"4\"\nray.init(num_cpus=4, runtime_env={'env_vars': {'__MODIN_AUTOIMPORT_PANDAS__': '1'}})\nimport modin.pandas as pd\nimport seaborn as sns \nimport matplotlib.pyplot as plt ",
      "total-ns": 5047666314,
      "vars": {},
      "p2m": {},
      "m2p": {}
    },
    {
      "raw": "data = pd.read_csv('../input/nfl-big-data-bowl-2023/week1.csv')\nscout = pd.read_csv('../input/nfl-big-data-bowl-2023/pffScoutingData.csv')\nplays = pd.read_csv('../input/nfl-big-data-bowl-2023/plays.csv')\nplayers = pd.read_csv('../input/nfl-big-data-bowl-2023/players.csv')\n\n# Let's merge these data into one set \ndata = data.merge(scout, how='left')\ndata.shape",
      "total-ns": 8867190451,
      "vars": {},
      "p2m": {
        "data": 455400914,
        "scout": 37118799,
        "plays": 17859470,
        "players": 6631849
      },
      "m2p": {
        "data": 1454428634,
        "scout": 52713520,
        "plays": 45630480,
        "players": 17991650
      }
    },
    {
      "raw": "df = data\nintended_df_size_in_MB = 256\nfactor = intended_df_size_in_MB*(2**20)/df.memory_usage(index=True).sum()\nif int(factor) > 0:\n    df = pd.concat([df]*int(factor), ignore_index=True)\nelse:\n    rowCount = int(df.shape[0]*factor)\n    df = df[0:rowCount]\ndata = df\ndata.info()",
      "total-ns": 1284009686,
      "vars": {},
      "p2m": {
        "data": 448861815,
        "scout": 51179550,
        "plays": 16856710,
        "players": 6376670,
        "df": 418946465
      },
      "m2p": {
        "data": 1283272456,
        "scout": 59107169,
        "plays": 20759399,
        "players": 5799680,
        "df": 467477705
      }
    },
    {
      "raw": "# get ball snap indicies \n_idxs = (data\n         .loc[data['event']=='ball_snap', \n              'frameId']\n         .index\n         .values)\n\n# to get 500ms of movement after snap, get 5 rows (each row is 100ms of info)\nx = [(_idxs+x).tolist() for x in range(0,6)]\nidxs = [item for sublist in x for item in sublist] #the output x is a list of lists, so this is just to flatten the list\n\n# filter for snap + 500ms of data only using our selected indicies\n_df = data.loc[idxs]",
      "total-ns": 929340900,
      "vars": {},
      "p2m": {
        "data": 586607903,
        "scout": 37098009,
        "plays": 16456400,
        "players": 7202530,
        "df": 470417975,
        "_df": 68922929
      },
      "m2p": {
        "data": 610352103,
        "scout": 49990340,
        "plays": 20497299,
        "players": 5705330,
        "df": 493575724,
        "_df": 93487329
      }
    },
    {
      "raw": "gid = 2021090900\npid = 97 \nnid = 25511 \n_df.loc[(_df['gameId']==gid) & (_df['playId']==pid) & (_df['nflId']==nid)]",
      "total-ns": 4811045826,
      "vars": {},
      "p2m": {
        "data": 468747205,
        "scout": 109333108,
        "plays": 23918489,
        "players": 7777290,
        "df": 598164403,
        "_df": 108720009
      },
      "m2p": {
        "data": 525330534,
        "scout": 61940190,
        "plays": 34868730,
        "players": 7249169,
        "df": 575715714,
        "_df": 135462129
      }
    },
    {
      "raw": "# get line of scrimmage info to compute block/rush depth relative to LOS\n_los = (data\n        .loc[(data['team']=='football') & \n             (data['frameId']==1), \n             ['gameId', 'playId', 'x']]\n        .rename(columns={'x':'los'}))\n\n# merge LOS info back to subsetted data\n_df = _df.merge(_los)",
      "total-ns": 3835979786,
      "vars": {},
      "p2m": {
        "data": 496891504,
        "scout": 36718690,
        "plays": 16061600,
        "players": 7962840,
        "df": 331425056,
        "_df": 60925168,
        "_los": 6992090
      },
      "m2p": {
        "data": 506477704,
        "scout": 57398230,
        "plays": 21899329,
        "players": 6329720,
        "df": 413601515,
        "_df": 191828309,
        "_los": 3387110
      }
    },
    {
      "raw": "_df.loc[(_df['gameId']==gid) & (_df['playId']==pid) & (_df['nflId']==nid)]",
      "total-ns": 2626280101,
      "vars": {},
      "p2m": {
        "data": 423185476,
        "scout": 36774730,
        "plays": 16250970,
        "players": 6398630,
        "df": 377590296,
        "_df": 110790429,
        "_los": 7706840
      },
      "m2p": {
        "data": 509384004,
        "scout": 52411589,
        "plays": 23227389,
        "players": 6546160,
        "df": 497497005,
        "_df": 90525479,
        "_los": 13847550
      }
    },
    {
      "raw": "# get difference from LOS for all frames and players \n_df['los_diff'] = _df['x'].sub(_df['los'])\n\n# multiply by -1 for plays going the \"left\" direction \n# this is so pass block is monotonic in the same direction (as well as pass rush)\n_df.loc[_df['playDirection']=='left', 'los_diff'] = _df.loc[_df['playDirection']=='left', 'los_diff'].mul(-1)\n\n# merge onto play info to get possession team (could do this anywhere, i do it here for no real optimal reason)\n_df = plays.loc[:, ['gameId', 'playId', 'possessionTeam']].merge(_df)",
      "total-ns": 1297979275,
      "vars": {},
      "p2m": {
        "data": 353890366,
        "scout": 37942489,
        "plays": 17552060,
        "players": 7111420,
        "df": 347896215,
        "_df": 67535330,
        "_los": 5648890
      },
      "m2p": {
        "data": 613347503,
        "scout": 47591619,
        "plays": 21337500,
        "players": 6733409,
        "df": 415212386,
        "_df": 184986058,
        "_los": 6220850
      }
    },
    {
      "raw": "_df.loc[(_df['gameId']==gid) & (_df['playId']==pid) & (_df['nflId']==nid)]",
      "total-ns": 2160582095,
      "vars": {},
      "p2m": {
        "data": 415225525,
        "scout": 49490730,
        "plays": 22260769,
        "players": 8511540,
        "df": 481502505,
        "_df": 109602319,
        "_los": 7083559
      },
      "m2p": {
        "data": 710045332,
        "scout": 53237129,
        "plays": 20257610,
        "players": 6993870,
        "df": 496540205,
        "_df": 128090949,
        "_los": 6284870
      }
    },
    {
      "raw": "# indicate if a player is on the possession team (1), the defensive team (0), or neither aka the football (-1)\n_df['posTeam'] = 0\n_df.loc[_df['possessionTeam']==_df['team'], 'posTeam'] = 1 \n_df.loc[_df['team']=='football', 'posTeam'] = -1\n\n# create initial snap speed dataframe (mean of speed and acceleration per player)\nsnap_speed = (_df\n              .loc[:, ['nflId','s','a']]\n              .groupby('nflId', \n                       as_index=False)\n              .mean())",
      "total-ns": 1117833868,
      "vars": {},
      "p2m": {
        "data": 394859156,
        "scout": 37901169,
        "plays": 16074100,
        "players": 6845230,
        "df": 372101306,
        "_df": 68335509,
        "_los": 5622879,
        "snap_speed": 4990080
      },
      "m2p": {
        "data": 507816194,
        "scout": 48766829,
        "plays": 21809789,
        "players": 6213020,
        "df": 487180664,
        "_df": 207852638,
        "_los": 7067501,
        "snap_speed": 2653291
      }
    },
    {
      "raw": "snap_speed.head()",
      "total-ns": 1073880,
      "vars": {},
      "p2m": {
        "data": 348409727,
        "scout": 36269590,
        "plays": 18581660,
        "players": 7643250,
        "df": 343828106,
        "_df": 75988169,
        "_los": 6297690,
        "snap_speed": 6786040
      },
      "m2p": {
        "data": 419253125,
        "scout": 45247069,
        "plays": 19924679,
        "players": 7003020,
        "df": 411379086,
        "_df": 93255009,
        "_los": 6339000,
        "snap_speed": 6001260
      }
    },
    {
      "raw": "# given whether a offense player or defense player, aggregate by maxmimum or minimum LOS difference, respectively. \n# e.g. if o-lineman has more a negative LOS diff, they allow more pass rush penetration \n_off = _df.loc[_df['posTeam']==1, ['gameId', 'playId', 'nflId', 'los_diff']].groupby(['gameId', 'playId', 'nflId'], as_index=False).max()\n_def = _df.loc[_df['posTeam']==0, ['gameId', 'playId', 'nflId', 'los_diff']].groupby(['gameId', 'playId', 'nflId'], as_index=False).min()\nlos_diff = _off.append(_def)\nlos_diff = (los_diff\n            .loc[:, ['nflId', 'los_diff']]\n            .groupby('nflId', \n                     as_index=False)\n            .mean())\n\n# merge LOS diff data back onto snap speed\nsnap_speed = snap_speed.merge(los_diff)\nsnap_speed = snap_speed.rename(columns={'s':'snap_s', 'a':'snap_a', 'los_diff':'snap_los_diff'})\n",
      "total-ns": 811801821,
      "vars": {},
      "p2m": {
        "data": 373997885,
        "scout": 36238040,
        "plays": 17374999,
        "players": 6874170,
        "df": 392517495,
        "_df": 86545889,
        "_los": 6191550,
        "snap_speed": 4208471,
        "_off": 5657389,
        "_def": 6056929,
        "los_diff": 4826229
      },
      "m2p": {
        "data": 428108195,
        "scout": 45847780,
        "plays": 21371430,
        "players": 5444240,
        "df": 488990744,
        "_df": 108794919,
        "_los": 7390930,
        "snap_speed": 15285560,
        "_off": 4854269,
        "_def": 5349220,
        "los_diff": 3382301
      }
    },
    {
      "raw": "snap_speed.head()",
      "total-ns": 1477210,
      "vars": {},
      "p2m": {
        "data": 449420215,
        "scout": 33107600,
        "plays": 15994109,
        "players": 6231280,
        "df": 341744176,
        "_df": 73155789,
        "_los": 6111330,
        "snap_speed": 4906770,
        "_off": 6107050,
        "_def": 6966740,
        "los_diff": 6748289
      },
      "m2p": {
        "data": 492009245,
        "scout": 43145719,
        "plays": 17771199,
        "players": 5726240,
        "df": 403471366,
        "_df": 93318669,
        "_los": 6287740,
        "snap_speed": 5275830,
        "_off": 5878840,
        "_def": 5783850,
        "los_diff": 5244970
      }
    },
    {
      "raw": "df_plt = players.loc[:, ['nflId', 'officialPosition', 'displayName']].merge(snap_speed)\n# STEFANOS: Disable plotting\n# sns.scatterplot(data=df_plt.loc[df_plt['officialPosition'].isin(['T','G','C','DT','NT','DE'])], x='snap_s', y='snap_los_diff', hue='officialPosition')\n# plt.axhline(0, ls=':', lw=2, c='k')\n# plt.legend(bbox_to_anchor=(1.02,1), loc=2)\n# sns.despine()\n# plt.show()",
      "total-ns": 75045730,
      "vars": {},
      "p2m": {
        "data": 338081636,
        "scout": 32113929,
        "plays": 18611170,
        "players": 6079910,
        "df": 409716356,
        "_df": 73711400,
        "_los": 6252830,
        "snap_speed": 4908010,
        "_off": 5638210,
        "_def": 6127550,
        "los_diff": 5379480,
        "df_plt": 5165060
      },
      "m2p": {
        "data": 420305385,
        "scout": 42652730,
        "plays": 18551249,
        "players": 6035060,
        "df": 483442734,
        "_df": 107813248,
        "_los": 6226500,
        "snap_speed": 4174029,
        "_off": 4807650,
        "_def": 4996150,
        "los_diff": 4627290,
        "df_plt": 14485130
      }
    },
    {
      "raw": "df_plt.loc[(df_plt['officialPosition']=='DE') & (df_plt['snap_los_diff']<0)].sort_values('snap_los_diff')",
      "total-ns": 4794126206,
      "vars": {},
      "p2m": {
        "data": 391856146,
        "scout": 76355960,
        "plays": 28054410,
        "players": 9717770,
        "df": 479491275,
        "_df": 90868839,
        "_los": 9094910,
        "snap_speed": 5350330,
        "_off": 6378940,
        "_def": 6749530,
        "los_diff": 5697920,
        "df_plt": 5870420
      },
      "m2p": {
        "data": 489367984,
        "scout": 57901089,
        "plays": 32909219,
        "players": 9019720,
        "df": 515357604,
        "_df": 95491799,
        "_los": 7004310,
        "snap_speed": 8671109,
        "_off": 5492580,
        "_def": 5792020,
        "los_diff": 5016470,
        "df_plt": 5481250
      }
    }
  ]
}