{
  "cells": [
    {
      "raw": "\nimport os\nos.environ[\"MODIN_ENGINE\"] = \"ray\"\nimport ray\nos.environ['MODIN_CPUS'] = \"4\"\nray.init(num_cpus=4, runtime_env={'env_vars': {'__MODIN_AUTOIMPORT_PANDAS__': '1'}})\nimport modin.pandas as pd\nimport numpy as np\n",
      "total-ns": 9564798666,
      "vars": {},
      "p2m": {},
      "m2p": {}
    },
    {
      "raw": "df = pd.read_csv(\"../input/student_data.csv\")",
      "total-ns": 29981572921,
      "vars": {},
      "p2m": {
        "df": 187064678
      },
      "m2p": {
        "df": 583277516
      }
    },
    {
      "raw": "df = df\nintended_df_size_in_MB = 256\nfactor = intended_df_size_in_MB*(2**20)/df.memory_usage(index=True).sum()\nif int(factor) > 0:\n    df = pd.concat([df]*int(factor), ignore_index=True)\nelse:\n    rowCount = int(df.shape[0]*factor)\n    df = df[0:rowCount]\ndf = df\ndf.info()",
      "total-ns": 9809371175,
      "vars": {},
      "p2m": {
        "df": 2278034087
      },
      "m2p": {
        "df": 11094772671
      }
    },
    {
      "raw": "df.head()",
      "total-ns": 1891113,
      "vars": {},
      "p2m": {
        "df": 2044604842
      },
      "m2p": {
        "df": 1512107816
      }
    },
    {
      "raw": "df.columns =['student_id','student_name', 'DOB', 'field_of_study', 'year_of_admission', 'expected_graduation', 'current_sem', 'specialization', 'fees', 'discount']\ndf.describe()",
      "total-ns": 28544323,
      "vars": {},
      "p2m": {
        "df": 4016757595
      },
      "m2p": {
        "df": 6010073750
      }
    },
    {
      "raw": "#Check for missing values \ndf.isna().any()",
      "total-ns": 20188104,
      "vars": {},
      "p2m": {
        "df": 3355621300
      },
      "m2p": {
        "df": 2239881464
      }
    },
    {
      "raw": "#Check for duplicated rows\ndf.duplicated().value_counts()",
      "total-ns": 139680949375,
      "vars": {},
      "p2m": {
        "df": 2388456165
      },
      "m2p": {
        "df": 1709790798
      }
    },
    {
      "raw": "df.info()",
      "total-ns": 4065794992,
      "vars": {},
      "p2m": {
        "df": 2448697597
      },
      "m2p": {
        "df": 1671562418
      }
    },
    {
      "raw": "cross_tab = pd.crosstab(df['field_of_study'], df['specialization'])\ncross_tab",
      "total-ns": 6240109992,
      "vars": {},
      "p2m": {
        "df": 2382810895,
        "cross_tab": 2680076
      },
      "m2p": {
        "df": 1649364075,
        "cross_tab": 4118381
      }
    },
    {
      "raw": "#Distribution of students across different 'field_of_study'\ncounts = df['field_of_study'].value_counts()\n",
      "total-ns": 2133422588,
      "vars": {},
      "p2m": {
        "df": 2413040882,
        "cross_tab": 2520880,
        "counts": 2838200
      },
      "m2p": {
        "df": 1710479251,
        "cross_tab": 3715854,
        "counts": 9316498
      }
    },
    {
      "raw": "#Students enrolled in each specialization\ndf['specialization'].value_counts()",
      "total-ns": 2085713508,
      "vars": {},
      "p2m": {
        "df": 2412425089,
        "cross_tab": 2818293,
        "counts": 3206847
      },
      "m2p": {
        "df": 1711388249,
        "cross_tab": 3654082,
        "counts": 9508751
      }
    },
    {
      "raw": "#Exploring any relationship between the field of study and the average age of the students\ndf['DOB'] = pd.to_datetime(df['DOB'])\ndf['age'] = (pd.to_datetime('today') - df['DOB'])\n\n#Calculate the age based on current date\ncurrent_year = pd.to_datetime('today').year\ndf['age'] = current_year - df['DOB'].dt.year\n\ndf.groupby('field_of_study')['age'].mean()",
      "total-ns": 4862111926,
      "vars": {},
      "p2m": {
        "df": 2148317545,
        "cross_tab": 2376642,
        "counts": 3048610
      },
      "m2p": {
        "df": 6963206102,
        "cross_tab": 3503363,
        "counts": 9004302
      }
    },
    {
      "raw": "#Students admitted each year\nadmission_counts = df['year_of_admission'].value_counts().sort_index()\nprint(admission_counts)",
      "total-ns": 1569003354,
      "vars": {},
      "p2m": {
        "df": 2060769363,
        "cross_tab": 2464471,
        "counts": 3528435,
        "admission_counts": 3491749
      },
      "m2p": {
        "df": 1566879706,
        "cross_tab": 3942584,
        "counts": 9356528,
        "admission_counts": 8001120
      }
    },
    {
      "raw": "#Current semester distribution among the students\nsemester_counts = df['current_sem'].value_counts().sort_index()",
      "total-ns": 1552639792,
      "vars": {},
      "p2m": {
        "df": 2037395597,
        "cross_tab": 2612098,
        "counts": 3301419,
        "admission_counts": 3403726,
        "semester_counts": 3121686
      },
      "m2p": {
        "df": 1578137854,
        "cross_tab": 3847822,
        "counts": 8788051,
        "admission_counts": 10201630,
        "semester_counts": 8888713
      }
    },
    {
      "raw": "#Exploring the correlation between the field of study and the fees paid\nselected_columns = df[['field_of_study','fees']]\n\n#Converting the values in 'field_of_study' to numerical values\nfield_map = {'Chemical Engineering' : 0, 'Civil Engineering' : 1, 'Computer Science' : 2, 'Electrical Engineering' :3, 'Mechanical Engineering' :4}\nselected_columns['field_of_study'] = selected_columns['field_of_study'].map(field_map)\n\ncorr_matrix = selected_columns.corr()",
      "total-ns": 9481072252,
      "vars": {},
      "p2m": {
        "df": 2959096528,
        "cross_tab": 3424612,
        "counts": 4155269,
        "admission_counts": 4640023,
        "semester_counts": 2860641,
        "selected_columns": 85580597,
        "corr_matrix": 2169389
      },
      "m2p": {
        "df": 2325466762,
        "cross_tab": 4060250,
        "counts": 9847212,
        "admission_counts": 9293192,
        "semester_counts": 8759306,
        "selected_columns": 1880703536,
        "corr_matrix": 16011656
      }
    },
    {
      "raw": "#Exploring the correlation between fees and the discount on the fees\ncorrelation_matrix = df[['fees','discount']].corr()",
      "total-ns": 2925226210,
      "vars": {},
      "p2m": {
        "df": 2930872224,
        "cross_tab": 2651501,
        "counts": 2740961,
        "admission_counts": 2863742,
        "semester_counts": 3923892,
        "selected_columns": 55003386,
        "corr_matrix": 2847355,
        "correlation_matrix": 2092322
      },
      "m2p": {
        "df": 2297069935,
        "cross_tab": 3486953,
        "counts": 8437987,
        "admission_counts": 8508997,
        "semester_counts": 8787256,
        "selected_columns": 84221896,
        "corr_matrix": 3286196,
        "correlation_matrix": 7560711
      }
    }
  ]
}