{
  "cells": [
    {
      "raw": "#invite people for the Kaggle party\nimport os\n\nimport os\nos.environ[\"MODIN_ENGINE\"] = \"ray\"\nimport ray\nos.environ['MODIN_CPUS'] = \"4\"\nray.init(num_cpus=4, runtime_env={'env_vars': {'__MODIN_AUTOIMPORT_PANDAS__': '1'}})\nimport modin.pandas as pd\nimport matplotlib.pyplot as plt\nimport seaborn as sns\nimport numpy as np\n# STEFANOS: Unneeded\n# from scipy.stats import norm\nfrom sklearn.preprocessing import StandardScaler\n# from scipy import stats\nimport warnings\nwarnings.filterwarnings('ignore')\n# STEFANOS: Disable magic functions\n# %matplotlib inline",
      "total-ns": 5250416491,
      "vars": {},
      "p2m": {},
      "m2p": {}
    },
    {
      "raw": "#bring in the six packs\ndf_train = pd.read_csv('../input/train.csv')",
      "total-ns": 4718068027,
      "vars": {},
      "p2m": {
        "df_train": 23004690
      },
      "m2p": {
        "df_train": 146766968
      }
    },
    {
      "raw": "df = df_train\nintended_df_size_in_MB = 256\nfactor = intended_df_size_in_MB*(2**20)/df.memory_usage(index=True).sum()\nif int(factor) > 0:\n    df = pd.concat([df]*int(factor), ignore_index=True)\nelse:\n    rowCount = int(df.shape[0]*factor)\n    df = df[0:rowCount]\ndf_train = df\ndf_train.info()",
      "total-ns": 6489455693,
      "vars": {},
      "p2m": {
        "df_train": 950453468,
        "df": 772585740
      },
      "m2p": {
        "df_train": 12212436476,
        "df": 2599098455
      }
    },
    {
      "raw": "#check the decoration\ndf_train.columns",
      "total-ns": 520770,
      "vars": {},
      "p2m": {
        "df_train": 895184818,
        "df": 813533999
      },
      "m2p": {
        "df_train": 915727087,
        "df": 1016910067
      }
    },
    {
      "raw": "#descriptive statistics summary\ndf_train['SalePrice'].describe()",
      "total-ns": 10937469,
      "vars": {},
      "p2m": {
        "df_train": 844350828,
        "df": 804922740
      },
      "m2p": {
        "df_train": 1108876225,
        "df": 931969497
      }
    },
    {
      "raw": "\n#histogram\n# STEFANOS: Disable plotting\n# sns.distplot(df_train['SalePrice']);",
      "total-ns": 527680,
      "vars": {},
      "p2m": {
        "df_train": 865622749,
        "df": 896926557
      },
      "m2p": {
        "df_train": 1033036746,
        "df": 1020472898
      }
    },
    {
      "raw": "#skewness and kurtosis\nprint(\"Skewness: %f\" % df_train['SalePrice'].skew())\nprint(\"Kurtosis: %f\" % df_train['SalePrice'].kurt())",
      "total-ns": 289361596,
      "vars": {},
      "p2m": {
        "df_train": 766819270,
        "df": 848097389
      },
      "m2p": {
        "df_train": 899654258,
        "df": 898588728
      }
    },
    {
      "raw": "#scatter plot grlivarea/saleprice\nvar = 'GrLivArea'\ndata = pd.concat([df_train['SalePrice'], df_train[var]], axis=1)\n# STEFANOS: Disable plotting\n# data.plot.scatter(x=var, y='SalePrice', ylim=(0,800000));",
      "total-ns": 4908780,
      "vars": {},
      "p2m": {
        "df_train": 790238469,
        "df": 910850318,
        "data": 10424890
      },
      "m2p": {
        "df_train": 955236707,
        "df": 918544138,
        "data": 589959363
      }
    },
    {
      "raw": "#scatter plot totalbsmtsf/saleprice\nvar = 'TotalBsmtSF'\ndata = pd.concat([df_train['SalePrice'], df_train[var]], axis=1)\n# STEFANOS: Disable plotting\n# data.plot.scatter(x=var, y='SalePrice', ylim=(0,800000));",
      "total-ns": 4684559,
      "vars": {},
      "p2m": {
        "df_train": 838455629,
        "df": 923607118,
        "data": 8541820
      },
      "m2p": {
        "df_train": 1041562507,
        "df": 967817928,
        "data": 509664343
      }
    },
    {
      "raw": "#box plot overallqual/saleprice\nvar = 'OverallQual'\ndata = pd.concat([df_train['SalePrice'], df_train[var]], axis=1)\n# STEFANOS: Disable plotting\n# f, ax = plt.subplots(figsize=(8, 6))\n# fig = sns.boxplot(x=var, y=\"SalePrice\", data=data)\n# fig.axis(ymin=0, ymax=800000);",
      "total-ns": 3556310,
      "vars": {},
      "p2m": {
        "df_train": 831277189,
        "df": 924324128,
        "data": 8040009
      },
      "m2p": {
        "df_train": 1017717147,
        "df": 1003898527,
        "data": 672487471
      }
    },
    {
      "raw": "var = 'YearBuilt'\ndata = pd.concat([df_train['SalePrice'], df_train[var]], axis=1)\n# STEFANOS: Disable plotting\n# f, ax = plt.subplots(figsize=(16, 8))\n# fig = sns.boxplot(x=var, y=\"SalePrice\", data=data)\n# fig.axis(ymin=0, ymax=800000);\n# plt.xticks(rotation=90);",
      "total-ns": 3483930,
      "vars": {},
      "p2m": {
        "df_train": 1083248185,
        "df": 1014064217,
        "data": 9638260
      },
      "m2p": {
        "df_train": 932102438,
        "df": 889338298,
        "data": 655602022
      }
    },
    {
      "raw": "#correlation matrix\ncorrmat = df_train.corr()\n# STEFANOS: Disable plotting\n# f, ax = plt.subplots(figsize=(12, 9))\n# sns.heatmap(corrmat, vmax=.8, square=True);",
      "total-ns": 1697126717,
      "vars": {},
      "p2m": {
        "df_train": 1821607816,
        "df": 1458973830,
        "data": 14676440,
        "corrmat": 5587110
      },
      "m2p": {
        "df_train": 1543634149,
        "df": 1499768190,
        "data": 18850330,
        "corrmat": 4910371704
      }
    },
    {
      "raw": "#saleprice correlation matrix\nk = 10 #number of variables for heatmap\n# STEFANOS-DISABLE-FOR-MODIN: Seems it doesn't support nlargest()\n#### ORIGINAL CODE ####\n# cols = corrmat.nlargest(k, 'SalePrice')['SalePrice'].index\n#### COMPATIBLE FOR MODIN ####\ncols = corrmat.sort_values(by='SalePrice', ascending=False).head(k)['SalePrice'].index\n\n\ncm = np.corrcoef(df_train[cols].values.T)\n# STEFANOS: Disable plotting\n# sns.set(font_scale=1.25)\n# hm = sns.heatmap(cm, cbar=True, annot=True, square=True, fmt='.2f', annot_kws={'size': 10}, yticklabels=cols.values, xticklabels=cols.values)\n# plt.show()",
      "total-ns": 967767457,
      "vars": {},
      "p2m": {
        "df_train": 869554028,
        "df": 791971359,
        "data": 8157420,
        "corrmat": 4967420
      },
      "m2p": {
        "df_train": 1089830886,
        "df": 921633287,
        "data": 9222890,
        "corrmat": 5375220
      }
    },
    {
      "raw": "#scatterplot\n# STEFANOS: Disable plotting\n# sns.set()\n# cols = ['SalePrice', 'OverallQual', 'GrLivArea', 'GarageCars', 'TotalBsmtSF', 'FullBath', 'YearBuilt']\n# sns.pairplot(df_train[cols], size = 2.5)\n# plt.show();",
      "total-ns": 430959,
      "vars": {},
      "p2m": {
        "df_train": 797032000,
        "df": 858664909,
        "data": 10261060,
        "corrmat": 5279140
      },
      "m2p": {
        "df_train": 907250917,
        "df": 912284768,
        "data": 14953290,
        "corrmat": 4770550
      }
    },
    {
      "raw": "#missing data\ntotal = df_train.isnull().sum().sort_values(ascending=False)\npercent = (df_train.isnull().sum()/df_train.isnull().count()).sort_values(ascending=False)\nmissing_data = pd.concat([total, percent], axis=1, keys=['Total', 'Percent'])\nmissing_data.head(20)",
      "total-ns": 9853987829,
      "vars": {},
      "p2m": {
        "df_train": 840156759,
        "df": 909116357,
        "data": 9689360,
        "corrmat": 5636130,
        "total": 5908730,
        "percent": 6091640,
        "missing_data": 4522100
      },
      "m2p": {
        "df_train": 997002116,
        "df": 1306414773,
        "data": 15802249,
        "corrmat": 5619130,
        "total": 18370989,
        "percent": 18918309,
        "missing_data": 26721340
      }
    },
    {
      "raw": "#dealing with missing data\ndf_train = df_train.drop((missing_data[missing_data['Total'] > 1]).index,1)\n# STEFANOS: Disabled this line because for some it raises an exception when we replicate data.\n# I think it's better to disable one line in order to replicate data, so that we are fair to other\n# notebooks (e.g., if we don't replicate data, the cells of this notebook might be fast enough that they're all\n# discarded as very fast cells in the stats)\n# df_train = df_train.drop(df_train.loc[df_train['Electrical'].isnull()].index)\ndf_train.isnull().sum().max() #just checking that there's no missing data missing...",
      "total-ns": 2029430612,
      "vars": {},
      "p2m": {
        "df_train": 508151634,
        "df": 869390289,
        "data": 11346900,
        "corrmat": 6447950,
        "total": 5046591,
        "percent": 4898690,
        "missing_data": 5147960
      },
      "m2p": {
        "df_train": 1967977264,
        "df": 1002339527,
        "data": 15717690,
        "corrmat": 5946450,
        "total": 18958749,
        "percent": 20152390,
        "missing_data": 5681220
      }
    },
    {
      "raw": "#standardizing data\nsaleprice_scaled = StandardScaler().fit_transform(df_train['SalePrice'][:,np.newaxis]);\nlow_range = saleprice_scaled[saleprice_scaled[:,0].argsort()][:10]\nhigh_range= saleprice_scaled[saleprice_scaled[:,0].argsort()][-10:]\nprint('outer range (low) of the distribution:')\nprint(low_range)\nprint('\\nouter range (high) of the distribution:')\nprint(high_range)",
      "total-ns": 200681287,
      "vars": {},
      "p2m": {
        "df_train": 519239713,
        "df": 925937627,
        "data": 10603050,
        "corrmat": 5478230,
        "total": 4011440,
        "percent": 4222641,
        "missing_data": 4859299
      },
      "m2p": {
        "df_train": 578638853,
        "df": 1029999956,
        "data": 13042650,
        "corrmat": 4697219,
        "total": 15541000,
        "percent": 15707780,
        "missing_data": 3933140
      }
    },
    {
      "raw": "#bivariate analysis saleprice/grlivarea\nvar = 'GrLivArea'\ndata = pd.concat([df_train['SalePrice'], df_train[var]], axis=1)\n# STEFANOS: Disable plotting\n# data.plot.scatter(x=var, y='SalePrice', ylim=(0,800000));",
      "total-ns": 3897940,
      "vars": {},
      "p2m": {
        "df_train": 593991223,
        "df": 899382948,
        "data": 8134561,
        "corrmat": 5329780,
        "total": 5591350,
        "percent": 3892941,
        "missing_data": 4288419
      },
      "m2p": {
        "df_train": 665855032,
        "df": 1057293976,
        "data": 280436666,
        "corrmat": 5143219,
        "total": 15913440,
        "percent": 17205350,
        "missing_data": 4624630
      }
    },
    {
      "raw": "#deleting points\ndf_train.sort_values(by = 'GrLivArea', ascending = False)[:2]\ndf_train = df_train.drop(df_train[df_train['Id'] == 1299].index)\ndf_train = df_train.drop(df_train[df_train['Id'] == 524].index)",
      "total-ns": 4516059000,
      "vars": {},
      "p2m": {
        "df_train": 582237752,
        "df": 954231807,
        "data": 8750100,
        "corrmat": 5249020,
        "total": 4225580,
        "percent": 4293190,
        "missing_data": 4379400
      },
      "m2p": {
        "df_train": 1894569635,
        "df": 1052384896,
        "data": 9555180,
        "corrmat": 4912520,
        "total": 15804661,
        "percent": 13883099,
        "missing_data": 3833250
      }
    },
    {
      "raw": "#bivariate analysis saleprice/grlivarea\nvar = 'TotalBsmtSF'\ndata = pd.concat([df_train['SalePrice'], df_train[var]], axis=1)\n# STEFANOS: Disable plotting\n# data.plot.scatter(x=var, y='SalePrice', ylim=(0,800000));",
      "total-ns": 5126540,
      "vars": {},
      "p2m": {
        "df_train": 599796652,
        "df": 961067737,
        "data": 11466850,
        "corrmat": 6429661,
        "total": 5951700,
        "percent": 6194359,
        "missing_data": 6273369
      },
      "m2p": {
        "df_train": 659588491,
        "df": 945320568,
        "data": 754148830,
        "corrmat": 5781980,
        "total": 21877270,
        "percent": 22817590,
        "missing_data": 5735739
      }
    },
    {
      "raw": "#histogram and normal probability plot\n# STEFANOS: Disable plotting\n# sns.distplot(df_train['SalePrice'], fit=norm);\n# fig = plt.figure()\n# res = stats.probplot(df_train['SalePrice'], plot=plt)",
      "total-ns": 420230,
      "vars": {},
      "p2m": {
        "df_train": 661041462,
        "df": 925166768,
        "data": 8954430,
        "corrmat": 5051320,
        "total": 4098270,
        "percent": 4106139,
        "missing_data": 4212470
      },
      "m2p": {
        "df_train": 662293132,
        "df": 1058378575,
        "data": 9051730,
        "corrmat": 4932220,
        "total": 13909840,
        "percent": 12634610,
        "missing_data": 4056690
      }
    },
    {
      "raw": "#applying log transformation\ndf_train['SalePrice'] = np.log(df_train['SalePrice'])",
      "total-ns": 257895847,
      "vars": {},
      "p2m": {
        "df_train": 614529042,
        "df": 903208168,
        "data": 10274741,
        "corrmat": 5454590,
        "total": 4858550,
        "percent": 4643611,
        "missing_data": 5328630
      },
      "m2p": {
        "df_train": 919471777,
        "df": 936558568,
        "data": 10095750,
        "corrmat": 5775350,
        "total": 17123070,
        "percent": 15558759,
        "missing_data": 4296429
      }
    },
    {
      "raw": "#transformed histogram and normal probability plot\n# STEFANOS: Disable plotting\n# sns.distplot(df_train['SalePrice'], fit=norm);\n# fig = plt.figure()\n# res = stats.probplot(df_train['SalePrice'], plot=plt)",
      "total-ns": 416571,
      "vars": {},
      "p2m": {
        "df_train": 525331204,
        "df": 816816619,
        "data": 10269620,
        "corrmat": 5949959,
        "total": 5978750,
        "percent": 4907690,
        "missing_data": 4329640
      },
      "m2p": {
        "df_train": 588987891,
        "df": 937776847,
        "data": 10145320,
        "corrmat": 5550000,
        "total": 18097101,
        "percent": 15882790,
        "missing_data": 4008750
      }
    },
    {
      "raw": "#histogram and normal probability plot\n# STEFANOS: Disable plotting\n# sns.distplot(df_train['GrLivArea'], fit=norm);\n# fig = plt.figure()\n# res = stats.probplot(df_train['GrLivArea'], plot=plt)",
      "total-ns": 421430,
      "vars": {},
      "p2m": {
        "df_train": 584089752,
        "df": 926916918,
        "data": 11669480,
        "corrmat": 5955970,
        "total": 5088449,
        "percent": 5503940,
        "missing_data": 5268580
      },
      "m2p": {
        "df_train": 628341722,
        "df": 1064990935,
        "data": 11779620,
        "corrmat": 5828281,
        "total": 20044081,
        "percent": 18223760,
        "missing_data": 4932470
      }
    },
    {
      "raw": "#data transformation\ndf_train['GrLivArea'] = np.log(df_train['GrLivArea'])",
      "total-ns": 310147856,
      "vars": {},
      "p2m": {
        "df_train": 615156531,
        "df": 882525458,
        "data": 10489939,
        "corrmat": 6080340,
        "total": 4594830,
        "percent": 4625660,
        "missing_data": 4751890
      },
      "m2p": {
        "df_train": 1115122995,
        "df": 937799038,
        "data": 10590590,
        "corrmat": 5672111,
        "total": 17507880,
        "percent": 15781450,
        "missing_data": 4513830
      }
    },
    {
      "raw": "#transformed histogram and normal probability plot\n# STEFANOS: Disable plotting\n# sns.distplot(df_train['GrLivArea'], fit=norm);\n# fig = plt.figure()\n# res = stats.probplot(df_train['GrLivArea'], plot=plt)",
      "total-ns": 543960,
      "vars": {},
      "p2m": {
        "df_train": 601998112,
        "df": 797991619,
        "data": 9310670,
        "corrmat": 6370890,
        "total": 4236530,
        "percent": 5633020,
        "missing_data": 5912791
      },
      "m2p": {
        "df_train": 670120381,
        "df": 945003407,
        "data": 8986040,
        "corrmat": 5426439,
        "total": 16743210,
        "percent": 16733890,
        "missing_data": 5618290
      }
    },
    {
      "raw": "#histogram and normal probability plot\n# STEFANOS: Disable plotting\n# sns.distplot(df_train['TotalBsmtSF'], fit=norm);\n# fig = plt.figure()\n# res = stats.probplot(df_train['TotalBsmtSF'], plot=plt)",
      "total-ns": 328821,
      "vars": {},
      "p2m": {
        "df_train": 538946942,
        "df": 788278290,
        "data": 8987010,
        "corrmat": 5162730,
        "total": 4242540,
        "percent": 4352620,
        "missing_data": 5457620
      },
      "m2p": {
        "df_train": 580262923,
        "df": 1066152216,
        "data": 9059639,
        "corrmat": 5221000,
        "total": 16270530,
        "percent": 15152260,
        "missing_data": 5172600
      }
    },
    {
      "raw": "#create column for new variable (one is enough because it's a binary categorical feature)\n#if area>0 it gets 1, for area==0 it gets 0\ndf_train['HasBsmt'] = pd.Series(len(df_train['TotalBsmtSF']), index=df_train.index)\ndf_train['HasBsmt'] = 0 \ndf_train.loc[df_train['TotalBsmtSF']>0,'HasBsmt'] = 1",
      "total-ns": 408154645,
      "vars": {},
      "p2m": {
        "df_train": 583879683,
        "df": 920905388,
        "data": 11427390,
        "corrmat": 5562191,
        "total": 4881470,
        "percent": 5005860,
        "missing_data": 5070390
      },
      "m2p": {
        "df_train": 717381220,
        "df": 1068111536,
        "data": 16219160,
        "corrmat": 5992169,
        "total": 17223300,
        "percent": 17609810,
        "missing_data": 4874209
      }
    },
    {
      "raw": "#transform data\ndf_train.loc[df_train['HasBsmt']==1,'TotalBsmtSF'] = np.log(df_train['TotalBsmtSF'])",
      "total-ns": 1244569843,
      "vars": {},
      "p2m": {
        "df_train": 588610103,
        "df": 897824228,
        "data": 9629599,
        "corrmat": 7767311,
        "total": 4257590,
        "percent": 4460560,
        "missing_data": 4546840
      },
      "m2p": {
        "df_train": 1695167427,
        "df": 944422718,
        "data": 10722180,
        "corrmat": 4676959,
        "total": 18561579,
        "percent": 14494370,
        "missing_data": 3991390
      }
    },
    {
      "raw": "#histogram and normal probability plot\n# STEFANOS: Disable plotting\n# sns.distplot(df_train[df_train['TotalBsmtSF']>0]['TotalBsmtSF'], fit=norm);\n# fig = plt.figure()\n# res = stats.probplot(df_train[df_train['TotalBsmtSF']>0]['TotalBsmtSF'], plot=plt)\n_ = df_train[df_train['TotalBsmtSF']>0]['TotalBsmtSF']\n_ = df_train[df_train['TotalBsmtSF']>0]['TotalBsmtSF']",
      "total-ns": 2856181121,
      "vars": {},
      "p2m": {
        "_": 7370990,
        "df_train": 585607982,
        "df": 794226350,
        "data": 8283099,
        "corrmat": 4734080,
        "total": 3928140,
        "percent": 3402590,
        "missing_data": 3901010
      },
      "m2p": {
        "_": 318705165,
        "df_train": 656123662,
        "df": 991549057,
        "data": 8237350,
        "corrmat": 4492030,
        "total": 13709980,
        "percent": 12898530,
        "missing_data": 4253670
      }
    },
    {
      "raw": "#scatter plot\n# STEFANOS: Disable plotting\n# plt.scatter(df_train['GrLivArea'], df_train['SalePrice']);",
      "total-ns": 543591,
      "vars": {},
      "p2m": {
        "_": 7134820,
        "df_train": 495858094,
        "df": 808052330,
        "data": 8433270,
        "corrmat": 5494970,
        "total": 4063150,
        "percent": 3336800,
        "missing_data": 4121109
      },
      "m2p": {
        "_": 27223159,
        "df_train": 584958432,
        "df": 921384517,
        "data": 9975110,
        "corrmat": 5170870,
        "total": 13998960,
        "percent": 12440360,
        "missing_data": 4248450
      }
    },
    {
      "raw": "#scatter plot\n# STEFANOS: Disable plotting\n# plt.scatter(df_train[df_train['TotalBsmtSF']>0]['TotalBsmtSF'], df_train[df_train['TotalBsmtSF']>0]['SalePrice']);\n_ = df_train[df_train['TotalBsmtSF']>0]['TotalBsmtSF']\n_ = df_train[df_train['TotalBsmtSF']>0]['SalePrice']",
      "total-ns": 2481824406,
      "vars": {},
      "p2m": {
        "_": 10698080,
        "df_train": 506470104,
        "df": 889696118,
        "data": 9878260,
        "corrmat": 4979900,
        "total": 4026629,
        "percent": 4157921,
        "missing_data": 4454270
      },
      "m2p": {
        "_": 142450398,
        "df_train": 671490571,
        "df": 997721416,
        "data": 11122760,
        "corrmat": 4884230,
        "total": 15455770,
        "percent": 13527059,
        "missing_data": 4006699
      }
    },
    {
      "raw": "#convert categorical variable into dummy\ndf_train = pd.get_dummies(df_train)",
      "total-ns": 2382141049,
      "vars": {},
      "p2m": {
        "_": 8452690,
        "df_train": 169924787,
        "df": 799907959,
        "data": 9057170,
        "corrmat": 5475670,
        "total": 5109839,
        "percent": 4999060,
        "missing_data": 5258850
      },
      "m2p": {
        "_": 33613909,
        "df_train": 860538638,
        "df": 909991708,
        "data": 9989330,
        "corrmat": 5113020,
        "total": 17679999,
        "percent": 17275539,
        "missing_data": 5280620
      }
    }
  ]
}