{
  "cells": [
    {
      "raw": "\nimport matplotlib.pyplot as plt\nimport os\n\nimport os\nos.environ[\"MODIN_ENGINE\"] = \"ray\"\nimport ray\nos.environ['MODIN_CPUS'] = \"4\"\nray.init(num_cpus=4, runtime_env={'env_vars': {'__MODIN_AUTOIMPORT_PANDAS__': '1'}})\nimport modin.pandas as pd\n",
      "total-ns": 3211195042,
      "vars": {},
      "p2m": {},
      "m2p": {}
    },
    {
      "raw": "data=pd.read_csv(\"../input/superstore/SampleSuperstore.csv\")",
      "total-ns": 6233417107,
      "vars": {},
      "p2m": {
        "data": 10360900
      },
      "m2p": {
        "data": 37803310
      }
    },
    {
      "raw": "df = data\nintended_df_size_in_MB = 256\nfactor = intended_df_size_in_MB*(2**20)/df.memory_usage(index=True).sum()\nif int(factor) > 0:\n    df = pd.concat([df]*int(factor), ignore_index=True)\nelse:\n    rowCount = int(df.shape[0]*factor)\n    df = df[0:rowCount]\ndata = df\ndata.info()",
      "total-ns": 4519691526,
      "vars": {},
      "p2m": {
        "data": 995296426,
        "df": 928986425
      },
      "m2p": {
        "data": 7376565372,
        "df": 3262111568
      }
    },
    {
      "raw": "data.head()",
      "total-ns": 1501670,
      "vars": {},
      "p2m": {
        "data": 899871195,
        "df": 968134485
      },
      "m2p": {
        "data": 847387165,
        "df": 833116675
      }
    },
    {
      "raw": "data.info()",
      "total-ns": 2694784176,
      "vars": {},
      "p2m": {
        "data": 885915345,
        "df": 1015155637
      },
      "m2p": {
        "data": 886888315,
        "df": 1003393545
      }
    },
    {
      "raw": "data.duplicated().sum()",
      "total-ns": 72148200381,
      "vars": {},
      "p2m": {
        "data": 880721185,
        "df": 1029843936
      },
      "m2p": {
        "data": 985990346,
        "df": 873144155
      }
    },
    {
      "raw": "# STEFANOS: Disable this. It undos the data replication.\n# data.drop_duplicates(inplace= True)",
      "total-ns": 501200,
      "vars": {},
      "p2m": {
        "data": 875709225,
        "df": 875649005
      },
      "m2p": {
        "data": 862850535,
        "df": 868407895
      }
    },
    {
      "raw": "data.info()",
      "total-ns": 2533784254,
      "vars": {},
      "p2m": {
        "data": 985232326,
        "df": 1037382436
      },
      "m2p": {
        "data": 896655095,
        "df": 1042345386
      }
    },
    {
      "raw": "data.drop([\"Postal Code\"], axis=1,inplace= True)",
      "total-ns": 3830390,
      "vars": {},
      "p2m": {
        "data": 1160951837,
        "df": 868208384
      },
      "m2p": {
        "data": 3204725468,
        "df": 1022666535
      }
    },
    {
      "raw": "data.info()",
      "total-ns": 2663479896,
      "vars": {},
      "p2m": {
        "data": 1008444576,
        "df": 1074390936
      },
      "m2p": {
        "data": 975390215,
        "df": 922843935
      }
    },
    {
      "raw": "data.corr()",
      "total-ns": 1165772747,
      "vars": {},
      "p2m": {
        "data": 1191698736,
        "df": 959912856
      },
      "m2p": {
        "data": 1536298969,
        "df": 993519835
      }
    },
    {
      "raw": "# STEFANOS: Disable plotting\n# sns.heatmap(data.corr(), annot=True)",
      "total-ns": 533200,
      "vars": {},
      "p2m": {
        "data": 1105628766,
        "df": 1019314396
      },
      "m2p": {
        "data": 1128136086,
        "df": 884426655
      }
    },
    {
      "raw": "data[\"Ship Mode\"].value_counts()",
      "total-ns": 797345865,
      "vars": {},
      "p2m": {
        "data": 1180084387,
        "df": 863371125
      },
      "m2p": {
        "data": 1001512386,
        "df": 861772565
      }
    },
    {
      "raw": "# STEFANOS: Disable plotting\n# sns.countplot(x= data['Ship Mode'])",
      "total-ns": 343840,
      "vars": {},
      "p2m": {
        "data": 1073712036,
        "df": 951243776
      },
      "m2p": {
        "data": 980559966,
        "df": 899299546
      }
    },
    {
      "raw": "data[\"Segment\"].value_counts()",
      "total-ns": 756368364,
      "vars": {},
      "p2m": {
        "data": 1034528406,
        "df": 887746115
      },
      "m2p": {
        "data": 1114878886,
        "df": 951296786
      }
    },
    {
      "raw": "# STEFANOS: Disable plotting\n# sns.countplot(x= data['Segment'])",
      "total-ns": 346990,
      "vars": {},
      "p2m": {
        "data": 972806596,
        "df": 1028730746
      },
      "m2p": {
        "data": 1002615665,
        "df": 858074935
      }
    },
    {
      "raw": "data[\"Category\"].value_counts()",
      "total-ns": 705200384,
      "vars": {},
      "p2m": {
        "data": 978336726,
        "df": 1041549636
      },
      "m2p": {
        "data": 1021701346,
        "df": 949960985
      }
    },
    {
      "raw": "# STEFANOS: Disable plotting\n# sns.countplot(x= data['Category'])",
      "total-ns": 517060,
      "vars": {},
      "p2m": {
        "data": 969022855,
        "df": 906013365
      },
      "m2p": {
        "data": 1085662036,
        "df": 861676605
      }
    },
    {
      "raw": "data[\"Sub-Category\"].value_counts()\n",
      "total-ns": 801138775,
      "vars": {},
      "p2m": {
        "data": 1143484536,
        "df": 1033252266
      },
      "m2p": {
        "data": 1023522006,
        "df": 883921305
      }
    },
    {
      "raw": "# STEFANOS: Disable plotting\n# plt.figure(figsize=(15,15))\n# plt.pie(data[\"Sub-Category\"].value_counts(), labels= data[\"Sub-Category\"].value_counts().index, autopct =\"%2f\")\n# plt.show()",
      "total-ns": 537250,
      "vars": {},
      "p2m": {
        "data": 985488946,
        "df": 885469405
      },
      "m2p": {
        "data": 1141066667,
        "df": 870068345
      }
    },
    {
      "raw": "st_profit=data.groupby([\"State\"])[\"Profit\"].sum().nlargest(20)",
      "total-ns": 2805054826,
      "vars": {},
      "p2m": {
        "data": 1020596066,
        "df": 878830865,
        "st_profit": 2032279
      },
      "m2p": {
        "data": 1277076048,
        "df": 878981165,
        "st_profit": 6755431
      }
    },
    {
      "raw": "st_profit",
      "total-ns": 597830,
      "vars": {},
      "p2m": {
        "data": 1074597676,
        "df": 884261425,
        "st_profit": 1977439
      },
      "m2p": {
        "data": 1022513406,
        "df": 942017285,
        "st_profit": 6966380
      }
    },
    {
      "raw": "# STEFANOS: Disable plotting\n# plt.figure(figsize=(15,8))\n# st_profit.plot.bar()",
      "total-ns": 267780,
      "vars": {},
      "p2m": {
        "data": 1070926515,
        "df": 869675505,
        "st_profit": 1630710
      },
      "m2p": {
        "data": 1030195166,
        "df": 970612035,
        "st_profit": 6322590
      }
    },
    {
      "raw": "# STEFANOS: Disable plotting\n# sns.lineplot(data=data, x=\"Discount\", y= \"Profit\")",
      "total-ns": 355450,
      "vars": {},
      "p2m": {
        "data": 1020598256,
        "df": 1020793996,
        "st_profit": 2381300
      },
      "m2p": {
        "data": 1032435886,
        "df": 1035197795,
        "st_profit": 7062860
      }
    },
    {
      "raw": "# STEFANOS: Disable plotting\n# data.plot(kind=\"scatter\",x=\"Sales\",y=\"Profit\", c=\"Discount\", colormap=\"Set1\",figsize=(10,10))",
      "total-ns": 278430,
      "vars": {},
      "p2m": {
        "data": 1145662886,
        "df": 1026438946,
        "st_profit": 2260480
      },
      "m2p": {
        "data": 1088774596,
        "df": 1025051166,
        "st_profit": 9126330
      }
    },
    {
      "raw": "# %%time\ndata1= data.groupby(\"State\")[[\"Sales\",\"Profit\"]].sum().sort_values(by=\"Sales\", ascending=False)\n# STEFANOS: Disable plotting\n# data1[:].plot.bar(color = [\"Green\",\"Red\"], figsize=(20,12))\n# plt.title(\"Profit-Loss and Sales across States\")\n# plt.show()",
      "total-ns": 3766217252,
      "vars": {},
      "p2m": {
        "data": 1113608786,
        "df": 1045806076,
        "st_profit": 2325260,
        "data1": 3011500
      },
      "m2p": {
        "data": 1240289277,
        "df": 1049021226,
        "st_profit": 8382000,
        "data1": 9167701
      }
    },
    {
      "raw": "data1= data.groupby(\"Region\")[[\"Sales\",\"Profit\"]].sum().sort_values(by=\"Sales\", ascending=False)\n# STEFANOS: Disable plotting\n# data1[:].plot.bar(color = [\"Blue\",\"Red\"], figsize=(10,7))\n# plt.title(\"Profit-Loss and Sales across Region\")\n# plt.show()",
      "total-ns": 3719675601,
      "vars": {},
      "p2m": {
        "data": 1018758006,
        "df": 1042651086,
        "st_profit": 1994500,
        "data1": 1344280
      },
      "m2p": {
        "data": 1283721827,
        "df": 933198435,
        "st_profit": 8420020,
        "data1": 4874320
      }
    }
  ]
}