{
  "cells": [
    {
      "raw": "\nimport matplotlib.pyplot as plt\nimport seaborn as sns\nimport os\n\nimport os\nos.environ[\"MODIN_ENGINE\"] = \"ray\"\nimport ray\nos.environ['MODIN_CPUS'] = \"4\"\nray.init(num_cpus=4, runtime_env={'env_vars': {'__MODIN_AUTOIMPORT_PANDAS__': '1'}})\nimport modin.pandas as pd\n",
      "total-ns": 3785979183,
      "vars": {},
      "p2m": {},
      "m2p": {}
    },
    {
      "raw": "data=pd.read_csv(\"../input/superstore/SampleSuperstore.csv\")",
      "total-ns": 5940414754,
      "vars": {},
      "p2m": {
        "data": 11764650
      },
      "m2p": {
        "data": 45108430
      }
    },
    {
      "raw": "df = data\nintended_df_size_in_MB = 256\nfactor = intended_df_size_in_MB*(2**20)/df.memory_usage(index=True).sum()\nif int(factor) > 0:\n    df = pd.concat([df]*int(factor), ignore_index=True)\nelse:\n    rowCount = int(df.shape[0]*factor)\n    df = df[0:rowCount]\ndata = df\ndata.info()",
      "total-ns": 4387133045,
      "vars": {},
      "p2m": {
        "data": 1020161976,
        "df": 889048685
      },
      "m2p": {
        "data": 7270968321,
        "df": 3074905077
      }
    },
    {
      "raw": "data.head()",
      "total-ns": 1928040,
      "vars": {},
      "p2m": {
        "data": 830965245,
        "df": 879094125
      },
      "m2p": {
        "data": 939426005,
        "df": 863726665
      }
    },
    {
      "raw": "data.info()",
      "total-ns": 2589269294,
      "vars": {},
      "p2m": {
        "data": 873502335,
        "df": 1006943055
      },
      "m2p": {
        "data": 847274485,
        "df": 1004828846
      }
    },
    {
      "raw": "data.duplicated().sum()",
      "total-ns": 74585541754,
      "vars": {},
      "p2m": {
        "data": 1341942518,
        "df": 1250754287
      },
      "m2p": {
        "data": 1087213556,
        "df": 1282683707
      }
    },
    {
      "raw": "data.drop_duplicates(inplace= True)",
      "total-ns": 102492568963,
      "vars": {},
      "p2m": {
        "data": 11092670,
        "df": 934009655
      },
      "m2p": {
        "data": 744446824,
        "df": 1081967526
      }
    },
    {
      "raw": "data.info()",
      "total-ns": 97824501,
      "vars": {},
      "p2m": {
        "data": 10587770,
        "df": 1033382126
      },
      "m2p": {
        "data": 9245830,
        "df": 966993076
      }
    },
    {
      "raw": "data.drop([\"Postal Code\"], axis=1,inplace= True)",
      "total-ns": 3492641,
      "vars": {},
      "p2m": {
        "data": 10479350,
        "df": 1028122396
      },
      "m2p": {
        "data": 79287231,
        "df": 1043232196
      }
    },
    {
      "raw": "data.info()",
      "total-ns": 102879191,
      "vars": {},
      "p2m": {
        "data": 9798460,
        "df": 1041218646
      },
      "m2p": {
        "data": 8968431,
        "df": 1043784465
      }
    },
    {
      "raw": "data.corr()",
      "total-ns": 148066091,
      "vars": {},
      "p2m": {
        "data": 12260521,
        "df": 1060944846
      },
      "m2p": {
        "data": 11638520,
        "df": 1051206497
      }
    },
    {
      "raw": "# sns.heatmap(data.corr(), annot=True)\n_ = data.corr()",
      "total-ns": 55990101,
      "vars": {},
      "p2m": {
        "_": 1235510,
        "data": 8639570,
        "df": 1043926756
      },
      "m2p": {
        "_": 28901510,
        "data": 7595620,
        "df": 876552525
      }
    },
    {
      "raw": "data[\"Ship Mode\"].value_counts()",
      "total-ns": 96376280,
      "vars": {},
      "p2m": {
        "_": 3406771,
        "data": 9992239,
        "df": 897572565
      },
      "m2p": {
        "_": 2959339,
        "data": 9895660,
        "df": 878201725
      }
    },
    {
      "raw": "# STEFANOS: Disable plotting\n# sns.countplot(x= data['Ship Mode'])",
      "total-ns": 419931,
      "vars": {},
      "p2m": {
        "_": 1452780,
        "data": 8831020,
        "df": 1044530736
      },
      "m2p": {
        "_": 2082820,
        "data": 7375700,
        "df": 1018876506
      }
    },
    {
      "raw": "data[\"Segment\"].value_counts()",
      "total-ns": 107980830,
      "vars": {},
      "p2m": {
        "_": 2788541,
        "data": 9576680,
        "df": 883832345
      },
      "m2p": {
        "_": 2525690,
        "data": 10677890,
        "df": 931615385
      }
    },
    {
      "raw": "# STEFANOS: Disable plotting\n# sns.countplot(x= data['Segment'])",
      "total-ns": 363680,
      "vars": {},
      "p2m": {
        "_": 1768381,
        "data": 11052520,
        "df": 931161495
      },
      "m2p": {
        "_": 2688789,
        "data": 8884980,
        "df": 866357935
      }
    },
    {
      "raw": "data[\"Category\"].value_counts()",
      "total-ns": 78494851,
      "vars": {},
      "p2m": {
        "_": 2138951,
        "data": 9595760,
        "df": 925198076
      },
      "m2p": {
        "_": 3262720,
        "data": 9065200,
        "df": 996047486
      }
    },
    {
      "raw": "# STEFANOS: Disable plotting\n# sns.countplot(x= data['Category'])",
      "total-ns": 460690,
      "vars": {},
      "p2m": {
        "_": 2016700,
        "data": 10454001,
        "df": 929785935
      },
      "m2p": {
        "_": 2713870,
        "data": 9500309,
        "df": 872363706
      }
    },
    {
      "raw": "data[\"Sub-Category\"].value_counts()\n",
      "total-ns": 91161930,
      "vars": {},
      "p2m": {
        "_": 4695870,
        "data": 10305431,
        "df": 950694485
      },
      "m2p": {
        "_": 4960061,
        "data": 10468900,
        "df": 953421306
      }
    },
    {
      "raw": "# STEFANOS: Disable plotting\n# plt.figure(figsize=(15,15))\n# plt.pie(data[\"Sub-Category\"].value_counts(), labels= data[\"Sub-Category\"].value_counts().index, autopct =\"%2f\")\n# plt.show()",
      "total-ns": 502381,
      "vars": {},
      "p2m": {
        "_": 2145801,
        "data": 10179061,
        "df": 938278055
      },
      "m2p": {
        "_": 3148779,
        "data": 9132809,
        "df": 972659485
      }
    },
    {
      "raw": "st_profit=data.groupby([\"State\"])[\"Profit\"].sum().nlargest(20)",
      "total-ns": 78690931,
      "vars": {},
      "p2m": {
        "_": 1257070,
        "data": 12685620,
        "df": 947610836,
        "st_profit": 2794450
      },
      "m2p": {
        "_": 1791330,
        "data": 8633460,
        "df": 983660596,
        "st_profit": 9580690
      }
    },
    {
      "raw": "st_profit",
      "total-ns": 553420,
      "vars": {},
      "p2m": {
        "_": 1942930,
        "data": 10449859,
        "df": 982953966,
        "st_profit": 1617830
      },
      "m2p": {
        "_": 2426450,
        "data": 9491871,
        "df": 1052732736,
        "st_profit": 6660440
      }
    },
    {
      "raw": "# STEFANOS: Disable plotting\n# plt.figure(figsize=(15,8))\n# st_profit.plot.bar()",
      "total-ns": 329020,
      "vars": {},
      "p2m": {
        "_": 1148530,
        "data": 8980420,
        "df": 867132895,
        "st_profit": 1987700
      },
      "m2p": {
        "_": 1588740,
        "data": 7689640,
        "df": 869215105,
        "st_profit": 6917670
      }
    },
    {
      "raw": "# STEFANOS: Disable plotting\n# sns.lineplot(data=data, x=\"Discount\", y= \"Profit\")",
      "total-ns": 309900,
      "vars": {},
      "p2m": {
        "_": 1751020,
        "data": 9845340,
        "df": 1067319626,
        "st_profit": 2280710
      },
      "m2p": {
        "_": 1691100,
        "data": 8286890,
        "df": 1062404636,
        "st_profit": 8606810
      }
    },
    {
      "raw": "# STEFANOS: Disable plotting\n# data.plot(kind=\"scatter\",x=\"Sales\",y=\"Profit\", c=\"Discount\", colormap=\"Set1\",figsize=(10,10))",
      "total-ns": 344180,
      "vars": {},
      "p2m": {
        "_": 1522710,
        "data": 9142660,
        "df": 1016978406,
        "st_profit": 1879870
      },
      "m2p": {
        "_": 1898150,
        "data": 8078151,
        "df": 1042949295,
        "st_profit": 6629930
      }
    },
    {
      "raw": "data1= data.groupby(\"State\")[[\"Sales\",\"Profit\"]].sum().sort_values(by=\"Sales\", ascending=False)\n# STEFANOS: Disable plotting\n# data1[:].plot.bar(color = [\"Green\",\"Red\"], figsize=(20,12))\n# plt.title(\"Profit-Loss and Sales across States\")\n# plt.show()",
      "total-ns": 93399701,
      "vars": {},
      "p2m": {
        "_": 2154080,
        "data": 9875380,
        "df": 1029209746,
        "st_profit": 2433450,
        "data1": 2791890
      },
      "m2p": {
        "_": 2503629,
        "data": 14960210,
        "df": 918983145,
        "st_profit": 9422640,
        "data1": 10419570
      }
    },
    {
      "raw": "\ndata1= data.groupby(\"Region\")[[\"Sales\",\"Profit\"]].sum().sort_values(by=\"Sales\", ascending=False)\n# STEFANOS: Disable plotting\n# data1[:].plot.bar(color = [\"Blue\",\"Red\"], figsize=(10,7))\n# plt.title(\"Profit-Loss and Sales across Region\")\n# plt.show()\n",
      "total-ns": 1838544991,
      "vars": {},
      "p2m": {
        "_": 2158570,
        "data": 10819021,
        "df": 1003220755,
        "st_profit": 1947180,
        "data1": 1103420
      },
      "m2p": {
        "_": 3842520,
        "data": 12559420,
        "df": 1211388378,
        "st_profit": 6939730,
        "data1": 4726649
      }
    }
  ]
}