{
  "cells": [
    {
      "raw": "import numpy as np \nimport os\n\nimport os\nos.environ[\"MODIN_ENGINE\"] = \"ray\"\nimport ray\nos.environ['MODIN_CPUS'] = \"4\"\nray.init(num_cpus=4, runtime_env={'env_vars': {'__MODIN_AUTOIMPORT_PANDAS__': '1'}})\nimport modin.pandas as pd\nimport seaborn as sns\nimport matplotlib.pyplot as plt\nimport plotly.express as px\n\n# from wordcloud import WordCloud\nimport string",
      "total-ns": 4538293819,
      "vars": {},
      "p2m": {},
      "m2p": {}
    },
    {
      "raw": "df = pd.read_csv('../input/indian-startup-recognized-by-dpiit/Startup_Counts_Across_India.csv')\ndf.head().style.background_gradient(cmap='coolwarm')",
      "total-ns": 4789066067,
      "vars": {},
      "p2m": {
        "df": 6363081
      },
      "m2p": {
        "df": 21422980
      }
    },
    {
      "raw": "df = df\nintended_df_size_in_MB = 256\nfactor = intended_df_size_in_MB*(2**20)/df.memory_usage(index=True).sum()\nif int(factor) > 0:\n    df = pd.concat([df]*int(factor), ignore_index=True)\nelse:\n    rowCount = int(df.shape[0]*factor)\n    df = df[0:rowCount]\ndf = df\ndf.info()",
      "total-ns": 4876480387,
      "vars": {},
      "p2m": {
        "df": 735417634
      },
      "m2p": {
        "df": 11598711256
      }
    },
    {
      "raw": "# STEFANOS: Disable plotting\n# fig = px.scatter(df,x=\"Industry\", y=\"Year\", size=\"Count\", color=\"Count\",template='plotly_dark', title=\"Industry Vs Year\")\n# fig.show()",
      "total-ns": 493830,
      "vars": {},
      "p2m": {
        "df": 707614733
      },
      "m2p": {
        "df": 683347405
      }
    },
    {
      "raw": "# fig, ax = plt.subplots(1,1, figsize=(15, 6))\ndf_year = df['Year'].value_counts().sort_index()\n# STEFANOS: Disable plotting\n# ax.bar(df_year.index, df_year, width=0.55,linewidth=0.7, color = 'purple')\n# for i in df_year.index:\n#     ax.annotate(f\"{df_year[i]}\",xy=(i, df_year[i] + 100),\n#                    va = 'center', ha='center')\n# ax.set_ylim(0, 1300)    \n# fig.text(0.1, 0.95, \"Growth of Startup's from 2016-2022\", fontsize=15, fontweight='bold')    \n\n# ax.grid(axis='y', linestyle='-', alpha=0.4)  ",
      "total-ns": 671605764,
      "vars": {},
      "p2m": {
        "df": 701051304,
        "df_year": 2222260
      },
      "m2p": {
        "df": 676582554,
        "df_year": 7079930
      }
    },
    {
      "raw": "df.groupby('Industry').size().sort_values(ascending=False).to_frame().style.background_gradient(cmap='coolwarm')",
      "total-ns": 1371420288,
      "vars": {},
      "p2m": {
        "df": 781039455,
        "df_year": 4522460
      },
      "m2p": {
        "df": 667642134,
        "df_year": 9609220
      }
    },
    {
      "raw": "# fig, ax = plt.subplots(1,1, figsize=(20, 6))\ndf_ind = df['Industry'].value_counts().iloc[:20]\n\n# STEFANOS: Disable plotting\n# ax.bar(df_ind.index, df_ind, width=0.55,linewidth=0.7, color = 'pink')\n# for i in df_ind.index:\n#     ax.annotate(f\"{df_ind[i]}\",xy=(i, df_ind[i] + 20),va = 'center', ha='center')\n# ax.set_ylim(0, 220)    \n# fig.text(0.1, 0.95, \"Top 20 Startup Industries from 2016\", fontsize=15, fontweight='bold')    \n# plt.xticks(rotation=90)\n# ax.grid(axis='y', linestyle='-', alpha=0.4)  ",
      "total-ns": 1366277498,
      "vars": {},
      "p2m": {
        "df": 786553654,
        "df_year": 1856500,
        "df_ind": 1570370
      },
      "m2p": {
        "df": 640524914,
        "df_year": 8180530,
        "df_ind": 5294930
      }
    },
    {
      "raw": "# fig, ax = plt.subplots(1,1, figsize=(20, 6))\nX = df['State'].value_counts().iloc[:20]\n\n# STEFANOS: Disable plotting\n# ax.bar(X.index, X, width=0.55,linewidth=0.7, color = 'lightblue')\n# for i in X.index:\n#     ax.annotate(f\"{X[i]}\",xy=(i, X[i] + 50),\n#                    va = 'center', ha='center')\n# ax.set_ylim(0, 400)    \n# fig.text(0.1, 0.95, \"Top 20 States Having maximum Start'ups from 2016\", fontsize=15, fontweight='bold')    \n# plt.xticks(rotation=90)\n# ax.grid(axis='y', linestyle='-', alpha=0.4)  ",
      "total-ns": 1154137087,
      "vars": {},
      "p2m": {
        "df": 692348044,
        "df_year": 2321330,
        "df_ind": 2114760,
        "X": 2485030
      },
      "m2p": {
        "df": 605802453,
        "df_year": 7846810,
        "df_ind": 6245500,
        "X": 6780960
      }
    },
    {
      "raw": "ds_list=['Internet of Things','AI','Robotics','Analytics','Computer Vision']\nds_df = df[df['Industry'].isin(ds_list)]",
      "total-ns": 16632800,
      "vars": {},
      "p2m": {
        "df": 1106151337,
        "df_year": 2685220,
        "df_ind": 2569120,
        "X": 2300040,
        "ds_df": 85380130
      },
      "m2p": {
        "df": 917786656,
        "df_year": 8964440,
        "df_ind": 7646310,
        "X": 7276200,
        "ds_df": 136996541
      }
    },
    {
      "raw": "# STEFANOS: Disable plotting\n# sns.set_style('whitegrid')\n# sns.catplot(x='Year', hue = 'Industry', kind='count', data=ds_df,palette=\"Set3\", height=8.27, aspect=11.7/8.27);\n# plt.show()",
      "total-ns": 446320,
      "vars": {},
      "p2m": {
        "df": 1049220246,
        "df_year": 2987589,
        "df_ind": 3115090,
        "X": 2641700,
        "ds_df": 110519181
      },
      "m2p": {
        "df": 914726386,
        "df_year": 10363700,
        "df_ind": 7698391,
        "X": 7829700,
        "ds_df": 78251530
      }
    }
  ]
}