{
  "cells": [
    {
      "raw": "import os\nimport numpy as np\n\nimport os\nos.environ[\"MODIN_ENGINE\"] = \"ray\"\nimport ray\nos.environ['MODIN_CPUS'] = \"4\"\nray.init(num_cpus=4, runtime_env={'env_vars': {'__MODIN_AUTOIMPORT_PANDAS__': '1'}})\nimport modin.pandas as pd\n\n# import seaborn as sns\n# import plotly.express as px \n# import matplotlib.pyplot as plt\n%matplotlib inline\n\nfrom sklearn.cluster import KMeans\nfrom sklearn.preprocessing import StandardScaler\nfrom sklearn.pipeline import Pipeline\nfrom sklearn.manifold import TSNE\nfrom sklearn.decomposition import PCA\nfrom sklearn.metrics import euclidean_distances\nfrom scipy.spatial.distance import cdist\n\nimport warnings\nwarnings.filterwarnings(\"ignore\")",
      "total-ns": 4772277358,
      "vars": {},
      "p2m": {},
      "m2p": {}
    },
    {
      "raw": "data = pd.read_csv(\"../input/data.csv\")\ngenre_data = pd.read_csv('../input/data_by_genres.csv')\nyear_data = pd.read_csv('../input/data_by_year.csv')",
      "total-ns": 5487967381,
      "vars": {},
      "p2m": {
        "data": 160017141,
        "genre_data": 7276170,
        "year_data": 6374080
      },
      "m2p": {
        "data": 364464392,
        "genre_data": 27741110,
        "year_data": 18831330
      }
    },
    {
      "raw": "df = data\nintended_df_size_in_MB = 256\nfactor = intended_df_size_in_MB*(2**20)/(data.memory_usage(index=True).sum()+genre_data.memory_usage(index=True).sum()+year_data.memory_usage(index=True).sum())\nif int(factor) > 0:\n    df = pd.concat([df]*int(factor), ignore_index=True)\nelse:\n    rowCount = int(df.shape[0]*factor)\n    df = df[0:rowCount]\ndata = df\n\ndf = genre_data\nif int(factor) > 0:\n    df = pd.concat([df]*int(factor), ignore_index=True)\nelse:\n    rowCount = int(df.shape[0]*factor)\n    df = df[0:rowCount]\ngenre_data = df\n\ndf = year_data\nif int(factor) > 0:\n    df = pd.concat([df]*int(factor), ignore_index=True)\nelse:\n    rowCount = int(df.shape[0]*factor)\n    df = df[0:rowCount]\nyear_data = df\n    \ndata.info()\ngenre_data.info()\nyear_data.info()",
      "total-ns": 2902324596,
      "vars": {},
      "p2m": {
        "data": 1633589310,
        "genre_data": 12540820,
        "year_data": 5533811,
        "df": 6173179
      },
      "m2p": {
        "data": 6451453766,
        "genre_data": 162164601,
        "year_data": 80314860,
        "df": 23646800
      }
    },
    {
      "raw": "print(data.info())",
      "total-ns": 1607996870,
      "vars": {},
      "p2m": {
        "data": 1481517569,
        "genre_data": 11302350,
        "year_data": 6231840,
        "df": 6503810
      },
      "m2p": {
        "data": 897068725,
        "genre_data": 14374330,
        "year_data": 4991120,
        "df": 5196560
      }
    },
    {
      "raw": "print(genre_data.info())",
      "total-ns": 95690331,
      "vars": {},
      "p2m": {
        "data": 1477106679,
        "genre_data": 12688341,
        "year_data": 6804470,
        "df": 6395409
      },
      "m2p": {
        "data": 896232225,
        "genre_data": 14398510,
        "year_data": 6155480,
        "df": 5852261
      }
    },
    {
      "raw": "print(year_data.info())",
      "total-ns": 81248090,
      "vars": {},
      "p2m": {
        "data": 1841137791,
        "genre_data": 13897490,
        "year_data": 7049790,
        "df": 6218090
      },
      "m2p": {
        "data": 899235675,
        "genre_data": 13931781,
        "year_data": 6396030,
        "df": 5872180
      }
    },
    {
      "raw": "# from yellowbrick.target import FeatureCorrelation\n\nfeature_names = ['acousticness', 'danceability', 'energy', 'instrumentalness',\n       'liveness', 'loudness', 'speechiness', 'tempo', 'valence','duration_ms','explicit','key','mode','year']\n\nX, y = data[feature_names], data['popularity']\n\n# Create a list of the feature names\nfeatures = np.array(feature_names)\n\n# Instantiate the visualizer\n# visualizer = FeatureCorrelation(labels=features)\n\n# plt.rcParams['figure.figsize']=(20,20)\n# visualizer.fit(X, y)     # Fit the data to the visualizer\n# visualizer.show()",
      "total-ns": 24284970,
      "vars": {},
      "p2m": {
        "data": 1988590972,
        "genre_data": 12019400,
        "year_data": 6685060,
        "df": 6232350,
        "X": 74800971,
        "y": 12434010
      },
      "m2p": {
        "data": 1444825298,
        "genre_data": 14695390,
        "year_data": 5782990,
        "df": 5190050,
        "X": 87591440,
        "y": 1062431276
      }
    },
    {
      "raw": "def get_decade(year):\n    period_start = int(year/10) * 10\n    decade = '{}s'.format(period_start)\n    return decade\n\ndata['decade'] = data['year'].apply(get_decade)\n\n# sns.set(rc={'figure.figsize':(11 ,6)})\n# sns.countplot(data['decade'])",
      "total-ns": 332707832,
      "vars": {},
      "p2m": {
        "data": 2323503044,
        "genre_data": 11632000,
        "year_data": 6363991,
        "df": 6356229,
        "X": 49322361,
        "y": 9103780
      },
      "m2p": {
        "data": 4094782333,
        "genre_data": 14386070,
        "year_data": 5156021,
        "df": 5173710,
        "X": 80085301,
        "y": 35493871
      }
    },
    {
      "raw": "sound_features = ['acousticness', 'danceability', 'energy', 'instrumentalness', 'liveness', 'valence']\n# fig = px.line(year_data, x='year', y=sound_features)\n# fig.show()",
      "total-ns": 696970,
      "vars": {},
      "p2m": {
        "data": 3359103208,
        "genre_data": 16221090,
        "year_data": 8122881,
        "df": 9665871,
        "X": 77406900,
        "y": 12378160
      },
      "m2p": {
        "data": 1160069806,
        "genre_data": 19894610,
        "year_data": 5455190,
        "df": 6476219,
        "X": 115811811,
        "y": 42584350
      }
    },
    {
      "raw": "top10_genres = genre_data.nlargest(10, 'popularity')\n\n# fig = px.bar(top10_genres, x='genres', y=['valence', 'energy', 'danceability', 'acousticness'], barmode='group')\n# fig.show()",
      "total-ns": 38765260,
      "vars": {},
      "p2m": {
        "data": 2118754701,
        "genre_data": 10848010,
        "year_data": 5436300,
        "df": 5521760,
        "X": 71236801,
        "y": 9148780,
        "top10_genres": 1611690
      },
      "m2p": {
        "data": 1067788137,
        "genre_data": 14194920,
        "year_data": 4942810,
        "df": 5169650,
        "X": 81429440,
        "y": 35319320,
        "top10_genres": 6254100
      }
    },
    {
      "raw": "# from sklearn.cluster import KMeans\n# from sklearn.preprocessing import StandardScaler\n# from sklearn.pipeline import Pipeline\n# \n# cluster_pipeline = Pipeline([('scaler', StandardScaler()), ('kmeans', KMeans(n_clusters=10))])\n# X = genre_data.select_dtypes(np.number)\n# cluster_pipeline.fit(X)\n# genre_data['cluster'] = cluster_pipeline.predict(X)",
      "total-ns": 442050,
      "vars": {},
      "p2m": {
        "data": 2334738593,
        "genre_data": 9905510,
        "year_data": 7362519,
        "df": 8514420,
        "X": 45391720,
        "y": 17222430,
        "top10_genres": 1747679
      },
      "m2p": {
        "data": 1204956317,
        "genre_data": 12019530,
        "year_data": 5830591,
        "df": 5024140,
        "X": 81173641,
        "y": 40626420,
        "top10_genres": 2161320
      }
    },
    {
      "raw": "# Visualizing the Clusters with t-SNE\n\n# from sklearn.manifold import TSNE\n\n# tsne_pipeline = Pipeline([('scaler', StandardScaler()), ('tsne', TSNE(n_components=2, verbose=1))])\n# genre_embedding = tsne_pipeline.fit_transform(X)\n# projection = pd.DataFrame(columns=['x', 'y'], data=genre_embedding)\n# projection['genres'] = genre_data['genres']\n# projection['cluster'] = genre_data['cluster']\n\n# fig = px.scatter(\n#     projection, x='x', y='y', color='cluster', hover_data=['x', 'y', 'genres'])\n# fig.show()",
      "total-ns": 647730,
      "vars": {},
      "p2m": {
        "data": 2485411674,
        "genre_data": 10796400,
        "year_data": 5250090,
        "df": 6100100,
        "X": 44802260,
        "y": 8396790,
        "top10_genres": 1484339
      },
      "m2p": {
        "data": 1314305597,
        "genre_data": 12977650,
        "year_data": 5485620,
        "df": 5438850,
        "X": 77568811,
        "y": 28282660,
        "top10_genres": 2085080
      }
    },
    {
      "raw": "# song_cluster_pipeline = Pipeline([('scaler', StandardScaler()), \n#                                   ('kmeans', KMeans(n_clusters=20, \n#                                    verbose=False))\n#                                  ], verbose=False)\n# \n# X = data.select_dtypes(np.number)\n# number_cols = list(X.columns)\n# song_cluster_pipeline.fit(X)\n# song_cluster_labels = song_cluster_pipeline.predict(X)\n# data['cluster_label'] = song_cluster_labels",
      "total-ns": 585789,
      "vars": {},
      "p2m": {
        "data": 2596835654,
        "genre_data": 14131100,
        "year_data": 6165270,
        "df": 7667620,
        "X": 77163331,
        "y": 12623220,
        "top10_genres": 2038760
      },
      "m2p": {
        "data": 1292155577,
        "genre_data": 17271751,
        "year_data": 5157311,
        "df": 6867160,
        "X": 115930880,
        "y": 43422520,
        "top10_genres": 2461390
      }
    },
    {
      "raw": "# Visualizing the Clusters with PCA\n\n# from sklearn.decomposition import PCA\n\n# pca_pipeline = Pipeline([('scaler', StandardScaler()), ('PCA', PCA(n_components=2))])\n# song_embedding = pca_pipeline.fit_transform(X)\n# projection = pd.DataFrame(columns=['x', 'y'], data=song_embedding)\n# projection['title'] = data['name']\n# projection['cluster'] = data['cluster_label']\n\n# fig = px.scatter(\n#     projection, x='x', y='y', color='cluster', hover_data=['x', 'y', 'title'])\n# fig.show()",
      "total-ns": 611780,
      "vars": {},
      "p2m": {
        "data": 2222831572,
        "genre_data": 13295039,
        "year_data": 6928370,
        "df": 6396900,
        "X": 48369600,
        "y": 9011129,
        "top10_genres": 1639180
      },
      "m2p": {
        "data": 1329674898,
        "genre_data": 14926761,
        "year_data": 6033141,
        "df": 6172580,
        "X": 82939990,
        "y": 33967220,
        "top10_genres": 2101440
      }
    },
    {
      "raw": "# !pip install spotipy",
      "total-ns": 562500,
      "vars": {},
      "p2m": {
        "data": 2879705469,
        "genre_data": 11867559,
        "year_data": 5257780,
        "df": 5626330,
        "X": 48681519,
        "y": 18167840,
        "top10_genres": 4282400
      },
      "m2p": {
        "data": 1253377603,
        "genre_data": 15499540,
        "year_data": 4915410,
        "df": 4670540,
        "X": 80460929,
        "y": 72541569,
        "top10_genres": 5727000
      }
    },
    {
      "raw": "# import spotipy\n# from spotipy.oauth2 import SpotifyClientCredentials\n# from collections import defaultdict\n\n# sp = spotipy.Spotify(auth_manager=SpotifyClientCredentials(client_id=os.environ[\"SPOTIFY_CLIENT_ID\"],\n#                                                            client_secret=os.environ[\"SPOTIFY_CLIENT_SECRET\"]))\n\n# def find_song(name, year):\n#     song_data = defaultdict()\n#     results = sp.search(q= 'track: {} year: {}'.format(name,year), limit=1)\n#     if results['tracks']['items'] == []:\n#         return None\n\n#     results = results['tracks']['items'][0]\n#     track_id = results['id']\n#     audio_features = sp.audio_features(track_id)[0]\n\n#     song_data['name'] = [name]\n#     song_data['year'] = [year]\n#     song_data['explicit'] = [int(results['explicit'])]\n#     song_data['duration_ms'] = [results['duration_ms']]\n#     song_data['popularity'] = [results['popularity']]\n\n#     for key, value in audio_features.items():\n#         song_data[key] = value\n\n#     return pd.DataFrame(song_data)",
      "total-ns": 1405590,
      "vars": {},
      "p2m": {
        "data": 2493826775,
        "genre_data": 12038100,
        "year_data": 6308790,
        "df": 6073731,
        "X": 52792329,
        "y": 9883049,
        "top10_genres": 2194090
      },
      "m2p": {
        "data": 1350133366,
        "genre_data": 14505339,
        "year_data": 5688130,
        "df": 5254820,
        "X": 85024308,
        "y": 38856000,
        "top10_genres": 2392160
      }
    },
    {
      "raw": "# from collections import defaultdict\n# from sklearn.metrics import euclidean_distances\n# from scipy.spatial.distance import cdist\n# import difflib\n\n# number_cols = ['valence', 'year', 'acousticness', 'danceability', 'duration_ms', 'energy', 'explicit',\n#  'instrumentalness', 'key', 'liveness', 'loudness', 'mode', 'popularity', 'speechiness', 'tempo']\n\n\n# def get_song_data(song, spotify_data):\n    \n#     try:\n#         song_data = spotify_data[(spotify_data['name'] == song['name']) \n#                                 & (spotify_data['year'] == song['year'])].iloc[0]\n#         return song_data\n    \n#     except IndexError:\n#         return find_song(song['name'], song['year'])\n        \n\n# def get_mean_vector(song_list, spotify_data):\n    \n#     song_vectors = []\n    \n#     for song in song_list:\n#         song_data = get_song_data(song, spotify_data)\n#         if song_data is None:\n#             print('Warning: {} does not exist in Spotify or in database'.format(song['name']))\n#             continue\n#         song_vector = song_data[number_cols].values\n#         song_vectors.append(song_vector)  \n    \n#     song_matrix = np.array(list(song_vectors))\n#     return np.mean(song_matrix, axis=0)\n\n\n# def flatten_dict_list(dict_list):\n    \n#     flattened_dict = defaultdict()\n#     for key in dict_list[0].keys():\n#         flattened_dict[key] = []\n    \n#     for dictionary in dict_list:\n#         for key, value in dictionary.items():\n#             flattened_dict[key].append(value)\n            \n#     return flattened_dict\n\n\n# def recommend_songs( song_list, spotify_data, n_songs=10):\n    \n#     metadata_cols = ['name', 'year', 'artists']\n#     song_dict = flatten_dict_list(song_list)\n    \n#     song_center = get_mean_vector(song_list, spotify_data)\n#     scaler = song_cluster_pipeline.steps[0][1]\n#     scaled_data = scaler.transform(spotify_data[number_cols])\n#     scaled_song_center = scaler.transform(song_center.reshape(1, -1))\n#     distances = cdist(scaled_song_center, scaled_data, 'cosine')\n#     index = list(np.argsort(distances)[:, :n_songs][0])\n    \n#     rec_songs = spotify_data.iloc[index]\n#     rec_songs = rec_songs[~rec_songs['name'].isin(song_dict['name'])]\n#     return rec_songs[metadata_cols].to_dict(orient='records')",
      "total-ns": 691899,
      "vars": {},
      "p2m": {
        "data": 2099475232,
        "genre_data": 10864270,
        "year_data": 5960340,
        "df": 5486380,
        "X": 42610440,
        "y": 9733479,
        "top10_genres": 1682391
      },
      "m2p": {
        "data": 1038375662,
        "genre_data": 12888990,
        "year_data": 5524980,
        "df": 4798850,
        "X": 76518919,
        "y": 34815660,
        "top10_genres": 2549210
      }
    },
    {
      "raw": "# recommend_songs([{'name': 'Come As You Are', 'year':1991},\n#                 {'name': 'Smells Like Teen Spirit', 'year': 1991},\n#                 {'name': 'Lithium', 'year': 1992},\n#                 {'name': 'All Apologies', 'year': 1993},\n#                 {'name': 'Stay Away', 'year': 1993}],  data)",
      "total-ns": 562780,
      "vars": {},
      "p2m": {
        "data": 3286589922,
        "genre_data": 17208540,
        "year_data": 6196390,
        "df": 5883550,
        "X": 91474299,
        "y": 15512669,
        "top10_genres": 2887410
      },
      "m2p": {
        "data": 1126217240,
        "genre_data": 22565780,
        "year_data": 6104699,
        "df": 5481180,
        "X": 114250758,
        "y": 45207660,
        "top10_genres": 3123760
      }
    },
    {
      "raw": "",
      "total-ns": 524620,
      "vars": {},
      "p2m": {
        "data": 2799819100,
        "genre_data": 13128709,
        "year_data": 6237419,
        "df": 6795890,
        "X": 84094719,
        "y": 11554639,
        "top10_genres": 1907409
      },
      "m2p": {
        "data": 1254503638,
        "genre_data": 15989839,
        "year_data": 5595620,
        "df": 5585740,
        "X": 125970628,
        "y": 38116060,
        "top10_genres": 2457631
      }
    }
  ]
}