{
  "cells": [
    {
      "raw": "import numpy as np\n\nimport os\nos.environ[\"MODIN_ENGINE\"] = \"ray\"\nimport ray\nos.environ['MODIN_CPUS'] = \"4\"\nray.init(num_cpus=4, runtime_env={'env_vars': {'__MODIN_AUTOIMPORT_PANDAS__': '1'}})\nimport modin.pandas as pd\nimport seaborn as sns\nsns.set_style('darkgrid')\nimport matplotlib.pyplot as plt\n%matplotlib inline\n\nimport warnings\nwarnings.filterwarnings(\"ignore\", category=FutureWarning)\n\nfrom scipy import stats\nimport pylab",
      "total-ns": 8984920125,
      "vars": {},
      "p2m": {},
      "m2p": {}
    },
    {
      "raw": "df = pd.read_csv('../input/kc_house_data.csv')",
      "total-ns": 11483291446,
      "vars": {},
      "p2m": {
        "df": 26201424
      },
      "m2p": {
        "df": 98341029
      }
    },
    {
      "raw": "df = df\nintended_df_size_in_MB = 256\nfactor = intended_df_size_in_MB*(2**20)/df.memory_usage(index=True).sum()\nif int(factor) > 0:\n    df = pd.concat([df]*int(factor), ignore_index=True)\nelse:\n    rowCount = int(df.shape[0]*factor)\n    df = df[0:rowCount]\ndf = df\ndf.info()",
      "total-ns": 4052823504,
      "vars": {},
      "p2m": {
        "df": 720388426
      },
      "m2p": {
        "df": 6288778874
      }
    },
    {
      "raw": "# Dimension of DataFrame\ndf.shape",
      "total-ns": 983450,
      "vars": {},
      "p2m": {
        "df": 612680486
      },
      "m2p": {
        "df": 711061328
      }
    },
    {
      "raw": "# Data Viewing Initial 10 columns\ndf.iloc[:5,1:10]",
      "total-ns": 3067287,
      "vars": {},
      "p2m": {
        "df": 503112826
      },
      "m2p": {
        "df": 690489833
      }
    },
    {
      "raw": "# Data Viewing Rest of the columns\ndf.iloc[:5,10:]",
      "total-ns": 2801563,
      "vars": {},
      "p2m": {
        "df": 403121050
      },
      "m2p": {
        "df": 603842005
      }
    },
    {
      "raw": "# Understanding Data - Total Entries, Number of Columns, Datatype\ndf.info()",
      "total-ns": 1112996138,
      "vars": {},
      "p2m": {
        "df": 493649163
      },
      "m2p": {
        "df": 760940061
      }
    },
    {
      "raw": "# Duplicate Rows\ndf.duplicated().sum()",
      "total-ns": 179153120592,
      "vars": {},
      "p2m": {
        "df": 516234718
      },
      "m2p": {
        "df": 712984482
      }
    },
    {
      "raw": "# Checking for Missing vales\ndf.isnull().sum()",
      "total-ns": 46037244,
      "vars": {},
      "p2m": {
        "df": 787565501
      },
      "m2p": {
        "df": 1122821977
      }
    },
    {
      "raw": "distinct_counts = []\n\n# Loop through columns\nfor column in df.columns:\n    distinct_count = df[column].nunique()  # Use nunique() to count distinct values\n    first_5_unique_values = df[column].unique()[:5]  \n    last_5_unique_values = df[column].unique()[-5:]  \n    distinct_counts.append({\n        'Column': column, \n        'Distinct_Values_Count': distinct_count, \n        'First_5_Unique_Values': first_5_unique_values,\n        'Last_5_Unique_Values': last_5_unique_values\n    })\n\n# Create a DataFrame from the list of distinct value counts\ndistinct_counts_df = pd.DataFrame(distinct_counts)\n\n# Display the DataFrame with distinct value counts\ndistinct_counts_df.sort_values(by='Distinct_Values_Count', ascending=False,ignore_index=True)",
      "total-ns": 62124393151,
      "vars": {},
      "p2m": {
        "df": 527721498,
        "distinct_counts_df": 5625342
      },
      "m2p": {
        "df": 747093519,
        "distinct_counts_df": 7153537
      }
    },
    {
      "raw": "df.describe()",
      "total-ns": 80823965,
      "vars": {},
      "p2m": {
        "df": 906776229,
        "distinct_counts_df": 4087576
      },
      "m2p": {
        "df": 765376686,
        "distinct_counts_df": 4562465
      }
    },
    {
      "raw": "# Drop Unwanted Column - Id\ndf.drop(['id','date'],axis=1,inplace=True)",
      "total-ns": 4646765,
      "vars": {},
      "p2m": {
        "df": 870529648,
        "distinct_counts_df": 5376964
      },
      "m2p": {
        "df": 4059259803,
        "distinct_counts_df": 3493144
      }
    },
    {
      "raw": "# Data Defining for Visualization and Processing\nnumeric_columns = ['sqft_lot','sqft_lot15','sqft_living','sqft_living15','sqft_above','sqft_basement','lat','long','yr_built','yr_renovated']\ncategorical_columns = ['bedrooms','bathrooms','floors','waterfront','view','condition','grade','zipcode']",
      "total-ns": 1353342,
      "vars": {},
      "p2m": {
        "df": 443394153,
        "distinct_counts_df": 6802434
      },
      "m2p": {
        "df": 491044699,
        "distinct_counts_df": 6829705
      }
    },
    {
      "raw": "def num_combined_plot(data, x, y):\n    # fig, axes = plt.subplots(1, 2, figsize=(15, 6))\n\n    # # Plot the histogram with KDE\n    # sns.histplot(data=data, x=x, kde=True, ax=axes[0], color='coral')\n    \n    # # Plot the scatterplot with a correlation line\n    # sns.regplot(data=data, x=x, y=y, ax=axes[1], color='teal', \n    #             scatter_kws={'edgecolor': 'white'}, line_kws={\"color\": \"coral\"})\n\n    # Calculate the correlation coefficient\n    corr_coeff = data[[x, y]].corr().iloc[0, 1]\n\n    # Annotate the correlation coefficient on the scatter plot\n    # axes[1].annotate(f'Correlation : {corr_coeff:.2f}', xy=(0.65, 0.9), xycoords='axes fraction', fontsize=14, color='coral')\n\n    # # Adjust plot aesthetics\n    # sns.despine(bottom=True, left=True)\n    # axes[0].set(xlabel=f'{x}', ylabel='Frequency', title=f'{x} Distribution')\n    # axes[1].set(xlabel=f'{x}', ylabel=f'{y}', title=f'{x} vs {y}')\n    # axes[1].yaxis.set_label_position(\"right\")\n    # axes[1].yaxis.tick_right()\n\n    # plt.show()",
      "total-ns": 1756729,
      "vars": {},
      "p2m": {
        "df": 412518619,
        "distinct_counts_df": 5848347
      },
      "m2p": {
        "df": 508823065,
        "distinct_counts_df": 5312702
      }
    },
    {
      "raw": "# plt.figure(figsize=(12, 8))\n\n# # Create a heatmap\n# sns.heatmap(df[numeric_columns].corr(), annot=True, cmap='Spectral', linewidths=0.5,fmt=\".2f\")\n# plt.title('Correlation Heatmap', fontsize=15)\n# plt.show()",
      "total-ns": 822726,
      "vars": {},
      "p2m": {
        "df": 400451381,
        "distinct_counts_df": 6381820
      },
      "m2p": {
        "df": 527926255,
        "distinct_counts_df": 5969605
      }
    },
    {
      "raw": "num_combined_plot(df,'sqft_lot','price')",
      "total-ns": 2738655350,
      "vars": {},
      "p2m": {
        "df": 339375677,
        "distinct_counts_df": 6159942
      },
      "m2p": {
        "df": 556784781,
        "distinct_counts_df": 10713747
      }
    },
    {
      "raw": "num_combined_plot(df,'sqft_lot15','price')",
      "total-ns": 1586926718,
      "vars": {},
      "p2m": {
        "df": 353649127,
        "distinct_counts_df": 6767983
      },
      "m2p": {
        "df": 459658188,
        "distinct_counts_df": 5349147
      }
    },
    {
      "raw": "num_combined_plot(df,'sqft_living','price')",
      "total-ns": 1632806371,
      "vars": {},
      "p2m": {
        "df": 253840162,
        "distinct_counts_df": 7583012
      },
      "m2p": {
        "df": 463418271,
        "distinct_counts_df": 5394817
      }
    },
    {
      "raw": "num_combined_plot(df,'sqft_living15','price')",
      "total-ns": 1645915422,
      "vars": {},
      "p2m": {
        "df": 245783144,
        "distinct_counts_df": 5972141
      },
      "m2p": {
        "df": 460700916,
        "distinct_counts_df": 6396205
      }
    },
    {
      "raw": "num_combined_plot(df,'sqft_above','price')",
      "total-ns": 1634321495,
      "vars": {},
      "p2m": {
        "df": 248358209,
        "distinct_counts_df": 5400451
      },
      "m2p": {
        "df": 465061879,
        "distinct_counts_df": 6656286
      }
    },
    {
      "raw": "num_combined_plot(df,'sqft_basement','price')",
      "total-ns": 1549749765,
      "vars": {},
      "p2m": {
        "df": 259742705,
        "distinct_counts_df": 6617971
      },
      "m2p": {
        "df": 457055777,
        "distinct_counts_df": 6695715
      }
    },
    {
      "raw": "# plt.figure(figsize=(8,5))\n# sns.histplot(data=df, x='price', kde=True, color='coral')\n# plt.xlabel('Price ($)')\n# plt.ylabel('Frequency') \n# plt.title('Price Distribution')\n# plt.show()",
      "total-ns": 669282,
      "vars": {},
      "p2m": {
        "df": 253993942,
        "distinct_counts_df": 5074373
      },
      "m2p": {
        "df": 473280169,
        "distinct_counts_df": 6746073
      }
    },
    {
      "raw": "# def create_subplot_grid(data, x, y):\n#     # Create subplots\n#     fig, axes = plt.subplots(1, 3, figsize=(15, 5))\n\n#     # Plot the countplot with percentages\n#     sns.countplot(data=data, x=x, ax=axes[0], palette='Set2')\n#     axes[0].set(title=f'{x} Frequency')\n#     axes[0].tick_params(axis='x', rotation=90)\n#     axes[0].set_ylabel('Count (%)')\n    \n#     # Calculate and annotate the percentages\n#     total = len(data)\n#     for p in axes[0].patches:\n#         percentage = '{:.1f}%'.format(100 * p.get_height() / total)\n#         x_ = p.get_x() + p.get_width() / 2\n#         y_ = p.get_height()\n#         axes[0].annotate(percentage, (x_, y_), ha='center', va='bottom')\n\n#     # Plot the boxplot\n#     sns.boxplot(data=data, x=x, y=y, ax=axes[1], palette='Set2')\n#     axes[1].set(title=f'Price vs. {x}')\n#     axes[1].tick_params(axis='x', rotation=90)\n\n#     # Plot the scatterplot with colors based on x\n#     sns.scatterplot(data=data, x=x, y=y, ax=axes[2], hue=x, palette='Set2')\n#     axes[2].set(title=f'{y} vs. {x}')\n#     axes[2].tick_params(axis='x', rotation=90)\n#     axes[2].yaxis.set_label_position(\"right\")\n    \n#     # Add the regression line to the scatterplot\n#     sns.regplot(data=data, x=x, y=y, ax=axes[2], color='coral', scatter=False)\n#     axes[2].get_legend().remove()\n\n#     plt.tight_layout()\n#     plt.show()",
      "total-ns": 1087164,
      "vars": {},
      "p2m": {
        "df": 264765644,
        "distinct_counts_df": 7694075
      },
      "m2p": {
        "df": 489384472,
        "distinct_counts_df": 7450559
      }
    },
    {
      "raw": "# create_subplot_grid(df, 'bedrooms', 'price')",
      "total-ns": 911276,
      "vars": {},
      "p2m": {
        "df": 254830174,
        "distinct_counts_df": 6229899
      },
      "m2p": {
        "df": 623902746,
        "distinct_counts_df": 4367609
      }
    },
    {
      "raw": "# create_subplot_grid(df, 'bathrooms', 'price')",
      "total-ns": 781378,
      "vars": {},
      "p2m": {
        "df": 260041567,
        "distinct_counts_df": 5923426
      },
      "m2p": {
        "df": 501576670,
        "distinct_counts_df": 5893933
      }
    },
    {
      "raw": "# create_subplot_grid(df, 'floors', 'price')",
      "total-ns": 761702,
      "vars": {},
      "p2m": {
        "df": 245672828,
        "distinct_counts_df": 5251346
      },
      "m2p": {
        "df": 461656071,
        "distinct_counts_df": 6103211
      }
    },
    {
      "raw": "# create_subplot_grid(df, 'waterfront', 'price')",
      "total-ns": 706296,
      "vars": {},
      "p2m": {
        "df": 248037347,
        "distinct_counts_df": 6238463
      },
      "m2p": {
        "df": 470080988,
        "distinct_counts_df": 4849349
      }
    },
    {
      "raw": "# create_subplot_grid(df, 'view', 'price')",
      "total-ns": 727864,
      "vars": {},
      "p2m": {
        "df": 239835452,
        "distinct_counts_df": 7890705
      },
      "m2p": {
        "df": 467529085,
        "distinct_counts_df": 6447913
      }
    },
    {
      "raw": "# create_subplot_grid(df, 'condition', 'price')",
      "total-ns": 888107,
      "vars": {},
      "p2m": {
        "df": 241574162,
        "distinct_counts_df": 4778701
      },
      "m2p": {
        "df": 466191789,
        "distinct_counts_df": 4902662
      }
    },
    {
      "raw": "# create_subplot_grid(df, 'grade', 'price')",
      "total-ns": 705938,
      "vars": {},
      "p2m": {
        "df": 248766180,
        "distinct_counts_df": 5619025
      },
      "m2p": {
        "df": 500324618,
        "distinct_counts_df": 5244469
      }
    },
    {
      "raw": "# # Create the scatter plot with a color gradient for price\n# plt.figure(figsize=(15, 7))\n# sns.scatterplot(x='lat', y='price', data=df, hue='price', palette='husl')\n# plt.xlabel('Latitude', fontsize=14)\n# plt.ylabel('Price', fontsize=14)\n# plt.title('Latitude vs. Price (Color Gradient)', fontsize=16)\n# plt.show()",
      "total-ns": 929709,
      "vars": {},
      "p2m": {
        "df": 243532796,
        "distinct_counts_df": 4799060
      },
      "m2p": {
        "df": 483897928,
        "distinct_counts_df": 5139514
      }
    },
    {
      "raw": "# # Create the scatter plot with a color gradient for price\n# plt.figure(figsize=(15, 7))\n# sns.scatterplot(x='long', y='price', data=df, hue='price', palette='husl')\n# plt.xlabel('Longitude', fontsize=14)\n# plt.ylabel('Price', fontsize=14)\n# plt.title('Longitude vs. Price (Color Gradient)', fontsize=16)\n# plt.show()",
      "total-ns": 645284,
      "vars": {},
      "p2m": {
        "df": 248541642,
        "distinct_counts_df": 5279327
      },
      "m2p": {
        "df": 478037857,
        "distinct_counts_df": 5137102
      }
    },
    {
      "raw": "# plt.figure(figsize=(15, 5))\n# sns.lineplot(x='yr_built', y='price', data=df, color='teal', lw=5, marker='o', markerfacecolor='red')\n# plt.title('Price depending on yr_built', fontsize=17)\n# plt.xlabel('yr_built', fontsize=14)\n# plt.ylabel('price', fontsize=14)",
      "total-ns": 675193,
      "vars": {},
      "p2m": {
        "df": 246913698,
        "distinct_counts_df": 5200974
      },
      "m2p": {
        "df": 476552196,
        "distinct_counts_df": 6456755
      }
    },
    {
      "raw": "# Count the number of houses that have been renovated (non-zero 'yr_renovated').\nrenovated_count = len(df[df['yr_renovated'] != 0])\n\n# Calculate the total number of houses.\ntotal_houses = len(df)\n\n# Calculate the percentage of houses that have been renovated.\npercentage_renovated = (renovated_count / total_houses) * 100\n\n# Create a pie chart.\nlabels = ['Renovated', 'Not Renovated']\nsizes = [percentage_renovated, 100 - percentage_renovated]\nexplode = (0.1, 0)  \n\n# plt.figure(figsize=(15, 6))\n# plt.subplot(1, 2, 1)\n# plt.pie(sizes, labels=labels, autopct='%1.1f%%', startangle=0, explode=explode, colors=['lightcoral', 'lightgreen'])\n# plt.title('Percentage of Houses Renovated')\n# plt.axis('equal')\n\n# # Create the line plot showing the relationship between price and the year of renovation.\n# plt.subplot(1, 2, 2)\n# sns.lineplot(x='yr_renovated', y='price', data=df[df['yr_renovated'] != 0], color='teal', lw=5, marker='o', markerfacecolor='red')\n# plt.title('Price depending on yr_renovated', fontsize=17)\n# plt.xlabel('yr_renovated', fontsize=14)\n# plt.ylabel('price', fontsize=14)\n\n# plt.tight_layout()\n\n# plt.show()",
      "total-ns": 1126958605,
      "vars": {},
      "p2m": {
        "df": 254379835,
        "distinct_counts_df": 6888235
      },
      "m2p": {
        "df": 716631686,
        "distinct_counts_df": 5378428
      }
    },
    {
      "raw": "# plt.figure(figsize=(15, 7))\n# sns.scatterplot(data=df, x='sqft_living', y='price', hue='grade', palette='RdYlGn_r')\n# plt.xlabel('Living Space (sqft)', fontsize=12)\n# plt.ylabel('Price', fontsize=12)\n# plt.title('Scatter Plot of Price vs. Living Space by Grade', fontsize=15)\n# plt.legend(title='Grade', fontsize=14, title_fontsize=14)\n# plt.show()",
      "total-ns": 778371,
      "vars": {},
      "p2m": {
        "df": 255630940,
        "distinct_counts_df": 4827720
      },
      "m2p": {
        "df": 494619090,
        "distinct_counts_df": 5893953
      }
    },
    {
      "raw": "# plt.figure(figsize=(15, 7))\n# sns.scatterplot(data=df, x='sqft_living', y='price', hue='bathrooms', palette='RdYlGn_r')\n# plt.xlabel('Living Space (sqft)', fontsize=12)\n# plt.ylabel('Price', fontsize=12)\n# plt.title('Scatter Plot of Price vs. Living Space by Number of Bathrooms', fontsize=15)\n# plt.legend(title='Bathrooms', fontsize=14, title_fontsize=14)\n# plt.show()",
      "total-ns": 683508,
      "vars": {},
      "p2m": {
        "df": 254246320,
        "distinct_counts_df": 5819001
      },
      "m2p": {
        "df": 489768785,
        "distinct_counts_df": 5934018
      }
    },
    {
      "raw": "# plt.figure(figsize=(15, 7))\n# sns.scatterplot(data=df, x='yr_built', y='price', hue=df['yr_renovated'].apply(lambda x: 'Yes' if x > 0 else 'No'))\n# plt.xlabel('Year Built', fontsize=12)\n# plt.ylabel('Price', fontsize=12)\n# plt.title('Scatter Plot of Price vs. Year Built (Renovated vs. Not Renovated)', fontsize=15)\n# plt.legend(title='Renovated', fontsize=14, title_fontsize=14)\n# plt.show()",
      "total-ns": 683393,
      "vars": {},
      "p2m": {
        "df": 252439227,
        "distinct_counts_df": 8154105
      },
      "m2p": {
        "df": 471081464,
        "distinct_counts_df": 5772753
      }
    },
    {
      "raw": "# Train Test Split\nfrom sklearn.model_selection import train_test_split\nX_train,X_test,y_train,y_test = train_test_split(df.iloc[:,1:19],df.iloc[:,0],test_size=0.3, random_state=0)\n\n# Converting y_train, y_test back to DataFrame\ny_train = pd.DataFrame(y_train)\ny_test = pd.DataFrame(y_test)\n\nX_train.shape,y_train.shape,X_test.shape,y_test.shape",
      "total-ns": 11954039181,
      "vars": {},
      "p2m": {
        "df": 437626606,
        "distinct_counts_df": 7690046,
        "X_train": 235652548,
        "X_test": 105798661,
        "y_train": 36357946,
        "y_test": 15390640
      },
      "m2p": {
        "df": 467973028,
        "distinct_counts_df": 4777293,
        "X_train": 5915623666,
        "X_test": 229341455,
        "y_train": 31663540,
        "y_test": 28622368
      }
    },
    {
      "raw": "# fig,axes = plt.subplots(5,2,figsize=(15,15))\n\n# def plot_two(feat,i,j):\n#     sns.boxplot(x=X_train[feat],color='yellow', width=0.5, flierprops={'marker': 'o', 'markerfacecolor': 'red', 'markersize': 3.5}, ax=axes[i,j])\n#     axes[i, j].set_title(feat)\n#     axes[i, j].set_xlabel('')\n\n# for i,feat in enumerate(numeric_columns):\n#     j = i%2 #0 or 1\n#     plot_two(feat,i//2,j)\n#     warnings.filterwarnings(\"ignore\", category=UserWarning)\n\n# fig.suptitle('Box Plots for Numerical Variables', fontsize=16)\n# plt.tight_layout()\n# plt.show()",
      "total-ns": 757055,
      "vars": {},
      "p2m": {
        "df": 296744333,
        "distinct_counts_df": 6562546,
        "X_train": 189957242,
        "X_test": 93491492,
        "y_train": 24192237,
        "y_test": 24016122
      },
      "m2p": {
        "df": 538198795,
        "distinct_counts_df": 5305624,
        "X_train": 389350380,
        "X_test": 184994165,
        "y_train": 39406668,
        "y_test": 18831275
      }
    },
    {
      "raw": "# During EDA It was observed Categoric Feature - Bedroom had outlier\nX_train['bedrooms'] = np.where(X_train['bedrooms'] > 11, 11, X_train['bedrooms'])\nX_test['bedrooms'] = np.where(X_test['bedrooms'] > 11, 11, X_test['bedrooms'])",
      "total-ns": 16031475772,
      "vars": {},
      "p2m": {
        "df": 476896734,
        "distinct_counts_df": 5236779,
        "X_train": 350202292,
        "X_test": 116315364,
        "y_train": 23836246,
        "y_test": 19343236
      },
      "m2p": {
        "df": 428140675,
        "distinct_counts_df": 5572172,
        "X_train": 12161405865,
        "X_test": 225831524,
        "y_train": 35858672,
        "y_test": 21336441
      }
    },
    {
      "raw": "# def log_transformation(data,column):\n#     plt.figure(figsize=(22,6))\n\n#     plt.subplot(141)\n#     sns.histplot(data[column],kde=True,color='red');\n\n#     plt.subplot(142)\n#     stats.probplot(data[column], dist=\"norm\", plot=pylab) ;\n\n#     plt.subplot(143)\n#     sns.histplot(np.log(data[column]),color=\"green\",kde=True);\n\n#     plt.subplot(144)\n#     stats.probplot(np.log(data[column]), dist=\"norm\", plot=pylab) ;\n    \n#     data[column] = np.log(data[column])",
      "total-ns": 934428,
      "vars": {},
      "p2m": {
        "df": 344392107,
        "distinct_counts_df": 5245674,
        "X_train": 175764457,
        "X_test": 86121459,
        "y_train": 25406074,
        "y_test": 16641565
      },
      "m2p": {
        "df": 446117365,
        "distinct_counts_df": 4988005,
        "X_train": 306186843,
        "X_test": 131361402,
        "y_train": 27378767,
        "y_test": 18168388
      }
    },
    {
      "raw": "# log_transformation(X_train,'sqft_living')",
      "total-ns": 707876,
      "vars": {},
      "p2m": {
        "df": 242277038,
        "distinct_counts_df": 4526799,
        "X_train": 263957626,
        "X_test": 136829109,
        "y_train": 46176833,
        "y_test": 15396540
      },
      "m2p": {
        "df": 407109048,
        "distinct_counts_df": 4211113,
        "X_train": 302496200,
        "X_test": 135304267,
        "y_train": 32805786,
        "y_test": 19002871
      }
    },
    {
      "raw": "# log_transformation(X_train,'sqft_living15')",
      "total-ns": 664131,
      "vars": {},
      "p2m": {
        "df": 252166146,
        "distinct_counts_df": 6924964,
        "X_train": 177576490,
        "X_test": 85497853,
        "y_train": 25207909,
        "y_test": 17319356
      },
      "m2p": {
        "df": 417756865,
        "distinct_counts_df": 4055512,
        "X_train": 303545335,
        "X_test": 142216944,
        "y_train": 29981471,
        "y_test": 20644572
      }
    },
    {
      "raw": "# log_transformation(X_train,'sqft_above')",
      "total-ns": 672588,
      "vars": {},
      "p2m": {
        "df": 352563647,
        "distinct_counts_df": 5911411,
        "X_train": 315752804,
        "X_test": 138922848,
        "y_train": 56361500,
        "y_test": 19496941
      },
      "m2p": {
        "df": 410559438,
        "distinct_counts_df": 5737488,
        "X_train": 301943002,
        "X_test": 172619265,
        "y_train": 33549616,
        "y_test": 21731573
      }
    },
    {
      "raw": "# log_transformation(y_train,'price')",
      "total-ns": 724728,
      "vars": {},
      "p2m": {
        "df": 354470723,
        "distinct_counts_df": 10487226,
        "X_train": 227532878,
        "X_test": 86908516,
        "y_train": 25383827,
        "y_test": 15743278
      },
      "m2p": {
        "df": 453541544,
        "distinct_counts_df": 9126490,
        "X_train": 304351615,
        "X_test": 127777194,
        "y_train": 28348507,
        "y_test": 18502804
      }
    },
    {
      "raw": "# Independent Variable\nX_test['sqft_living'] = np.log(X_test['sqft_living'])\nX_test['sqft_living15'] = np.log(X_test['sqft_living15'])\nX_test['sqft_above'] = np.log(X_test['sqft_above'])\n\n# Dependent Variabel\ny_test['price'] = np.log(y_test['price'])",
      "total-ns": 1571515373,
      "vars": {},
      "p2m": {
        "df": 341746071,
        "distinct_counts_df": 5448288,
        "X_train": 219216834,
        "X_test": 143280818,
        "y_train": 25132864,
        "y_test": 18121856
      },
      "m2p": {
        "df": 413415993,
        "distinct_counts_df": 5406654,
        "X_train": 315747336,
        "X_test": 1390505176,
        "y_train": 28697298,
        "y_test": 95490517
      }
    },
    {
      "raw": "# def box_cox_transformation(data,column):\n#     plt.figure(figsize=(22,6))\n\n#     plt.subplot(141)\n#     sns.histplot(data[column],kde=True,color='red');\n\n#     plt.subplot(142)\n#     stats.probplot(data[column], dist=\"norm\", plot=pylab) ;\n    \n#     from sklearn.preprocessing import PowerTransformer \n#     boxcox = PowerTransformer(method='box-cox') \n#     data[column] = boxcox.fit_transform(data[[column]])\n\n#     plt.subplot(143)\n#     sns.histplot(data[column],color=\"green\",kde=True);\n\n#     plt.subplot(144)\n#     stats.probplot(data[column], dist=\"norm\", plot=pylab) ;",
      "total-ns": 806222,
      "vars": {},
      "p2m": {
        "df": 319896492,
        "distinct_counts_df": 6331420,
        "X_train": 261054433,
        "X_test": 100171369,
        "y_train": 24137751,
        "y_test": 14004915
      },
      "m2p": {
        "df": 452410109,
        "distinct_counts_df": 7876804,
        "X_train": 323879706,
        "X_test": 144613349,
        "y_train": 34220231,
        "y_test": 16386644
      }
    },
    {
      "raw": "# box_cox_transformation(X_train,'sqft_lot')",
      "total-ns": 840550,
      "vars": {},
      "p2m": {
        "df": 313451037,
        "distinct_counts_df": 5008337,
        "X_train": 170899031,
        "X_test": 140715108,
        "y_train": 68485123,
        "y_test": 19094488
      },
      "m2p": {
        "df": 411240109,
        "distinct_counts_df": 6751330,
        "X_train": 303729168,
        "X_test": 158845353,
        "y_train": 34418324,
        "y_test": 29962634
      }
    },
    {
      "raw": "# box_cox_transformation(X_train,'sqft_lot15')",
      "total-ns": 645874,
      "vars": {},
      "p2m": {
        "df": 279634986,
        "distinct_counts_df": 5908191,
        "X_train": 244065345,
        "X_test": 110615859,
        "y_train": 45809916,
        "y_test": 21155954
      },
      "m2p": {
        "df": 445298243,
        "distinct_counts_df": 6950296,
        "X_train": 311567513,
        "X_test": 147544368,
        "y_train": 37630224,
        "y_test": 28493915
      }
    },
    {
      "raw": "# from sklearn.preprocessing import PowerTransformer \n# boxcox = PowerTransformer(method='box-cox') \n\n# X_test['sqft_lot'] = boxcox.fit_transform(X_test[['sqft_lot']])\n# X_test['sqft_lot15'] = boxcox.fit_transform(X_test[['sqft_lot15']])",
      "total-ns": 4895212,
      "vars": {},
      "p2m": {
        "df": 247514945,
        "distinct_counts_df": 5855522,
        "X_train": 250353147,
        "X_test": 98292737,
        "y_train": 25363916,
        "y_test": 17904724
      },
      "m2p": {
        "df": 437173221,
        "distinct_counts_df": 6156876,
        "X_train": 303612230,
        "X_test": 155725277,
        "y_train": 42911332,
        "y_test": 24258405
      }
    },
    {
      "raw": "Scaling_Features = ['sqft_basement','lat','long']",
      "total-ns": 1002370,
      "vars": {},
      "p2m": {
        "df": 252078223,
        "distinct_counts_df": 5389909,
        "X_train": 177514638,
        "X_test": 96888151,
        "y_train": 27407903,
        "y_test": 17069146
      },
      "m2p": {
        "df": 441366460,
        "distinct_counts_df": 5998690,
        "X_train": 306368411,
        "X_test": 153362991,
        "y_train": 36443017,
        "y_test": 21896497
      }
    },
    {
      "raw": "from sklearn.preprocessing import MinMaxScaler\nscaler = MinMaxScaler()",
      "total-ns": 1031491,
      "vars": {},
      "p2m": {
        "df": 247208793,
        "distinct_counts_df": 6267015,
        "X_train": 176205762,
        "X_test": 102507931,
        "y_train": 26136890,
        "y_test": 15693882
      },
      "m2p": {
        "df": 421558592,
        "distinct_counts_df": 4709546,
        "X_train": 310223230,
        "X_test": 141976255,
        "y_train": 32586333,
        "y_test": 20798346
      }
    },
    {
      "raw": "X_train[Scaling_Features] = scaler.fit_transform(X_train[Scaling_Features]) # fit the scaler to the train set, and then transform it\nX_test[Scaling_Features] = scaler.transform(X_test[Scaling_Features]) # transform the test set",
      "total-ns": 1705710262,
      "vars": {},
      "p2m": {
        "df": 255349741,
        "distinct_counts_df": 7775309,
        "X_train": 237974020,
        "X_test": 102118823,
        "y_train": 38820630,
        "y_test": 18605925
      },
      "m2p": {
        "df": 448761843,
        "distinct_counts_df": 4622695,
        "X_train": 2491579155,
        "X_test": 1203890829,
        "y_train": 41452439,
        "y_test": 31558906
      }
    },
    {
      "raw": "from sklearn.preprocessing import KBinsDiscretizer\n\nest = KBinsDiscretizer(n_bins=6, encode='ordinal', strategy='uniform')\nX_train['yr_built']= est.fit_transform(X_train[['yr_built']])\nX_test['yr_built']= est.fit_transform(X_test[['yr_built']])",
      "total-ns": 17234977346,
      "vars": {},
      "p2m": {
        "df": 445545594,
        "distinct_counts_df": 6153994,
        "X_train": 923341252,
        "X_test": 124229854,
        "y_train": 26036806,
        "y_test": 14781926
      },
      "m2p": {
        "df": 472250282,
        "distinct_counts_df": 4708676,
        "X_train": 3913775809,
        "X_test": 241804140,
        "y_train": 39571434,
        "y_test": 20058212
      }
    },
    {
      "raw": "def custom_binning(year):\n    if year == 0:\n        return 0\n    elif 1934 <= year <= 1950:\n        return 1\n    elif 1951 <= year <= 1970:\n        return 2\n    elif 1971 <= year <= 1990:\n        return 3\n    elif 1991 <= year <= 2010:\n        return 4\n    else:\n        return 5\n\n# Apply the custom binning function to the yr_renovated column\nX_train['yr_renovated'] = X_train['yr_renovated'].apply(custom_binning)\nX_test['yr_renovated'] = X_test['yr_renovated'].apply(custom_binning)",
      "total-ns": 2933618909,
      "vars": {},
      "p2m": {
        "df": 435933472,
        "distinct_counts_df": 8403765,
        "X_train": 283175666,
        "X_test": 153178569,
        "y_train": 22149667,
        "y_test": 21155981
      },
      "m2p": {
        "df": 522887406,
        "distinct_counts_df": 5692661,
        "X_train": 2446661532,
        "X_test": 543441589,
        "y_train": 36685564,
        "y_test": 19906269
      }
    },
    {
      "raw": "from sklearn.preprocessing import LabelEncoder\nle = LabelEncoder()\n\nX_train['zipcode'] = le.fit_transform(X_train['zipcode'])\nX_test['zipcode'] = le.fit_transform(X_test['zipcode'])",
      "total-ns": 25379890972,
      "vars": {},
      "p2m": {
        "df": 1162820085,
        "distinct_counts_df": 18622703,
        "X_train": 854899297,
        "X_test": 238864162,
        "y_train": 64575027,
        "y_test": 22797433
      },
      "m2p": {
        "df": 680702960,
        "distinct_counts_df": 10792316,
        "X_train": 16055971851,
        "X_test": 238578832,
        "y_train": 63889507,
        "y_test": 33921725
      }
    },
    {
      "raw": "def evaluate_linear_regression(model, X_train, y_train, X_test, y_test):\n    # Predict on training and testing data\n    train_pred = model.predict(X_train)\n    test_pred = model.predict(X_test)\n    \n    # Calculate R-squared (R2) for training and testing data\n    r2_train = r2_score(y_train, train_pred)\n    r2_test = r2_score(y_test, test_pred)\n    \n    # Calculate RMSE (Root Mean Square Error) for training and testing data\n    rmse_test = np.sqrt(mean_squared_error(y_test, test_pred))\n    \n    # Return the evaluation metrics\n    print(\"R-squared (R2) Train:\", r2_train)\n    print(\"R-squared (R2) Test:\", r2_test)\n    print(\"RMSE Test:\", rmse_test)",
      "total-ns": 7097112,
      "vars": {},
      "p2m": {
        "df": 838449500,
        "distinct_counts_df": 10105088,
        "X_train": 693444935,
        "X_test": 274185678,
        "y_train": 130684047,
        "y_test": 30937113
      },
      "m2p": {
        "df": 546036975,
        "distinct_counts_df": 15904374,
        "X_train": 1325474716,
        "X_test": 345109225,
        "y_train": 66084105,
        "y_test": 29511037
      }
    },
    {
      "raw": "# def plot_coefficients(model):\n#     # Get coefficients and corresponding feature names\n#     coefficients = model.coef_.ravel()\n\n#     # Feature names (your provided feature names)\n#     feature_names = X_train.columns\n\n#     # Create a DataFrame to store the coefficients and feature names\n#     coefficients_df = pd.DataFrame({'Feature': feature_names, 'Coefficient': coefficients})\n\n#     # Calculate absolute coefficients and sort by absolute coefficient value\n#     coefficients_df['Absolute_Coefficient'] = coefficients_df['Coefficient'].abs()\n#     coefficients_df = coefficients_df.sort_values(by='Absolute_Coefficient', ascending=False)\n\n#     # Create a bar plot with rank labels\n#     plt.figure(figsize=(10, 6))\n#     sns.barplot(data=coefficients_df, x='Feature', y='Coefficient', palette='Spectral_r')\n#     plt.xlabel('Feature')\n#     plt.ylabel('Coefficient')\n#     plt.title('Ridge Regression Coefficients (Ranked by Absolute Value)')\n#     plt.xticks(rotation=90)  # Rotate x-axis labels for better readability\n\n#     # Add rank labels to the plot\n#     for i, rank in enumerate(range(1, len(coefficients_df) + 1)):\n#         plt.text(i, coefficients_df['Coefficient'].iloc[i], f'{rank}', horizontalalignment='center')\n\n#     plt.tight_layout()\n\n#     # Display the plot\n#     plt.show()",
      "total-ns": 897226,
      "vars": {},
      "p2m": {
        "df": 664490129,
        "distinct_counts_df": 22748499,
        "X_train": 631129074,
        "X_test": 247475850,
        "y_train": 92676788,
        "y_test": 35277217
      },
      "m2p": {
        "df": 925324536,
        "distinct_counts_df": 10355462,
        "X_train": 1624597936,
        "X_test": 340462169,
        "y_train": 64011738,
        "y_test": 58673683
      }
    },
    {
      "raw": "# from sklearn.metrics import r2_score,mean_squared_error",
      "total-ns": 741075,
      "vars": {},
      "p2m": {
        "df": 549600723,
        "distinct_counts_df": 11682127,
        "X_train": 542477371,
        "X_test": 215294112,
        "y_train": 73686671,
        "y_test": 24841170
      },
      "m2p": {
        "df": 617509509,
        "distinct_counts_df": 8097897,
        "X_train": 558755608,
        "X_test": 234833335,
        "y_train": 73310293,
        "y_test": 42422222
      }
    },
    {
      "raw": "# from sklearn.linear_model import LinearRegression\n\n# # Perform Linear Regression\n# linear_model = LinearRegression()\n# linear_model.fit(X_train,y_train)",
      "total-ns": 726124,
      "vars": {},
      "p2m": {
        "df": 534749381,
        "distinct_counts_df": 23817750,
        "X_train": 486629287,
        "X_test": 220379526,
        "y_train": 71848515,
        "y_test": 39562810
      },
      "m2p": {
        "df": 706901737,
        "distinct_counts_df": 5066235,
        "X_train": 471186802,
        "X_test": 209321411,
        "y_train": 64097534,
        "y_test": 44403850
      }
    },
    {
      "raw": "# # Evaluate linar Regression\n# train_pred = linear_model.predict(X_train)\n# test_pred = linear_model.predict(X_test)",
      "total-ns": 689918,
      "vars": {},
      "p2m": {
        "df": 601339320,
        "distinct_counts_df": 23585832,
        "X_train": 466566965,
        "X_test": 212885639,
        "y_train": 76683572,
        "y_test": 41513896
      },
      "m2p": {
        "df": 586906493,
        "distinct_counts_df": 13452510,
        "X_train": 757097232,
        "X_test": 275244498,
        "y_train": 67993292,
        "y_test": 29813418
      }
    },
    {
      "raw": "# evaluate_linear_regression(linear_model, X_train, y_train, X_test, y_test)",
      "total-ns": 774670,
      "vars": {},
      "p2m": {
        "df": 498772260,
        "distinct_counts_df": 17343947,
        "X_train": 462888959,
        "X_test": 265659162,
        "y_train": 83820494,
        "y_test": 29345790
      },
      "m2p": {
        "df": 535204705,
        "distinct_counts_df": 11717068,
        "X_train": 475853565,
        "X_test": 270755664,
        "y_train": 63557399,
        "y_test": 35151669
      }
    },
    {
      "raw": "# plot_coefficients(linear_model)",
      "total-ns": 669275,
      "vars": {},
      "p2m": {
        "df": 514894728,
        "distinct_counts_df": 14578254,
        "X_train": 412700109,
        "X_test": 222319929,
        "y_train": 62853261,
        "y_test": 42358378
      },
      "m2p": {
        "df": 506269255,
        "distinct_counts_df": 9432381,
        "X_train": 788075301,
        "X_test": 311486524,
        "y_train": 53769031,
        "y_test": 54321957
      }
    },
    {
      "raw": "# from sklearn.model_selection import GridSearchCV\n# from sklearn.linear_model import Ridge\n\n# ridge_model = Ridge()\n\n# # Define a range of alpha values to search\n# param_grid = {'alpha': [0.001, 0.01, 0.05, 0.1, 0.2, 0.3, 0.4, 0.5, \n#                         0.6, 0.7, 0.8, 0.9, 1.0, 2.0, 3.0, 4.0, 5.0, \n#                         6.0, 7.0, 8.0, 9.0, 10.0, 20, 50, 100, 500, 1000]}\n\n# # Perform hyperparameter tuning with GridSearchCV\n# grid_search = GridSearchCV(ridge_model, param_grid, cv=5, scoring='neg_mean_squared_error')\n# grid_search.fit(X_train, y_train)\n\n# # Get the best alpha value\n# best_alpha_ridge = grid_search.best_params_['alpha']\n# print(\"Best Parameter (alpha):\", best_alpha_ridge)",
      "total-ns": 2880389,
      "vars": {},
      "p2m": {
        "df": 493647463,
        "distinct_counts_df": 9516548,
        "X_train": 559009700,
        "X_test": 207045944,
        "y_train": 67389139,
        "y_test": 23380913
      },
      "m2p": {
        "df": 454154644,
        "distinct_counts_df": 14451495,
        "X_train": 500503186,
        "X_test": 160233327,
        "y_train": 33658634,
        "y_test": 43480548
      }
    },
    {
      "raw": "# # Fitting the Model\n# ridge_model = Ridge(alpha=best_alpha_ridge)\n# ridge_model.fit(X_train, y_train)\n\n# # Predicttion\n# ridge_train_pred = ridge_model.predict(X_train)\n# ridge_test_pred = ridge_model.predict(X_test)",
      "total-ns": 576803,
      "vars": {},
      "p2m": {
        "df": 494708318,
        "distinct_counts_df": 10494759,
        "X_train": 546455604,
        "X_test": 223083844,
        "y_train": 99159811,
        "y_test": 26533942
      },
      "m2p": {
        "df": 610090509,
        "distinct_counts_df": 6789050,
        "X_train": 636040234,
        "X_test": 250415150,
        "y_train": 36827879,
        "y_test": 33015580
      }
    },
    {
      "raw": "# evaluate_linear_regression(ridge_model, X_train, y_train, X_test, y_test)",
      "total-ns": 692848,
      "vars": {},
      "p2m": {
        "df": 495428875,
        "distinct_counts_df": 7424441,
        "X_train": 209662811,
        "X_test": 99038063,
        "y_train": 26057103,
        "y_test": 16516644
      },
      "m2p": {
        "df": 489675576,
        "distinct_counts_df": 5975447,
        "X_train": 323294619,
        "X_test": 145147568,
        "y_train": 34719130,
        "y_test": 25676182
      }
    },
    {
      "raw": "# plot_coefficients(ridge_model)",
      "total-ns": 746630,
      "vars": {},
      "p2m": {
        "df": 317645273,
        "distinct_counts_df": 5280270,
        "X_train": 215149319,
        "X_test": 96033514,
        "y_train": 25379754,
        "y_test": 16495794
      },
      "m2p": {
        "df": 473190979,
        "distinct_counts_df": 4879383,
        "X_train": 338548826,
        "X_test": 150253434,
        "y_train": 39023897,
        "y_test": 19122122
      }
    },
    {
      "raw": "# from sklearn.linear_model import Lasso\n# from sklearn.model_selection import GridSearchCV\n# lasso_model = Lasso()\n# param_grid = {'alpha': [0.001, 0.01, 0.05, 0.1, \n#  0.2, 0.3, 0.4, 0.5, 0.6, 0.7, 0.8, 0.9, 1.0, 2.0, 3.0, \n#  4.0, 5.0, 6.0, 7.0, 8.0, 9.0, 10.0, 20, 50, 100, 500, 1000 ]}\n\n# grid_search = GridSearchCV(lasso_model, param_grid, cv=5,scoring='neg_mean_squared_error')\n# grid_search.fit(X_train, y_train)\n\n# best_alpha_lasso = grid_search.best_params_['alpha']\n# print(\"Best Parameter (alpha):\", best_alpha_lasso)",
      "total-ns": 715790,
      "vars": {},
      "p2m": {
        "df": 311196069,
        "distinct_counts_df": 6672060,
        "X_train": 195978758,
        "X_test": 100894323,
        "y_train": 25451766,
        "y_test": 18318072
      },
      "m2p": {
        "df": 448015587,
        "distinct_counts_df": 6657352,
        "X_train": 325319830,
        "X_test": 159368604,
        "y_train": 36879476,
        "y_test": 30813799
      }
    },
    {
      "raw": "# lasso_model = Lasso(alpha=best_alpha_lasso)\n# lasso_model.fit(X_train, y_train)",
      "total-ns": 1014582,
      "vars": {},
      "p2m": {
        "df": 247504651,
        "distinct_counts_df": 5953387,
        "X_train": 206831528,
        "X_test": 94129475,
        "y_train": 23581213,
        "y_test": 17416054
      },
      "m2p": {
        "df": 437218093,
        "distinct_counts_df": 8079996,
        "X_train": 325849598,
        "X_test": 150804223,
        "y_train": 29528321,
        "y_test": 19137869
      }
    },
    {
      "raw": "# # Evaluate linar Regression\n# lasso_train_pred = lasso_model.predict(X_train)\n# lasso_test_pred = lasso_model.predict(X_test)",
      "total-ns": 628990,
      "vars": {},
      "p2m": {
        "df": 253888626,
        "distinct_counts_df": 49127274,
        "X_train": 192314083,
        "X_test": 93777961,
        "y_train": 23834996,
        "y_test": 13735208
      },
      "m2p": {
        "df": 414788659,
        "distinct_counts_df": 5643633,
        "X_train": 318227878,
        "X_test": 144322215,
        "y_train": 27476569,
        "y_test": 20816321
      }
    },
    {
      "raw": "# evaluate_linear_regression(lasso_model, X_train, y_train, X_test, y_test)",
      "total-ns": 715795,
      "vars": {},
      "p2m": {
        "df": 256678587,
        "distinct_counts_df": 5780475,
        "X_train": 197225550,
        "X_test": 92647247,
        "y_train": 24949973,
        "y_test": 14487294
      },
      "m2p": {
        "df": 432241926,
        "distinct_counts_df": 8418127,
        "X_train": 332321757,
        "X_test": 153070925,
        "y_train": 26614252,
        "y_test": 20132122
      }
    },
    {
      "raw": "# plot_coefficients(lasso_model)",
      "total-ns": 770932,
      "vars": {},
      "p2m": {
        "df": 248298668,
        "distinct_counts_df": 5537117,
        "X_train": 194018971,
        "X_test": 94944061,
        "y_train": 24620261,
        "y_test": 13426326
      },
      "m2p": {
        "df": 416675375,
        "distinct_counts_df": 5638991,
        "X_train": 314718307,
        "X_test": 143577980,
        "y_train": 26746985,
        "y_test": 26866129
      }
    },
    {
      "raw": "# feature_names = X_train.columns # Defining the Feature Names\n# coefficients_df = pd.DataFrame()\n\n# # Create DataFrames for each model's coefficients and feature names\n# linear_coefficients = pd.DataFrame({'Feature': feature_names, 'Linear Coefficient': linear_model.coef_.ravel()})\n# ridge_coefficients = pd.DataFrame({'Feature': feature_names, 'Ridge Coefficient': ridge_model.coef_.ravel()})\n# lasso_coefficients = pd.DataFrame({'Feature': feature_names, 'Lasso Coefficient': lasso_model.coef_.ravel()})\n\n# # Merge the DataFrames based on the 'Feature' column\n# coefficients_df = linear_coefficients.merge(ridge_coefficients, on='Feature').merge(lasso_coefficients, on='Feature')\n# ticks = range(len(feature_names))  \n# labels = feature_names  \n\n# # Create a line plot for the coefficients\n# plt.figure(figsize=(15, 9))\n# plt.plot(ticks, coefficients_df['Linear Coefficient'], marker='o', label='Linear Coefficient')\n# plt.plot(ticks, coefficients_df['Ridge Coefficient'], marker='x', label='Ridge Coefficient')\n# plt.plot(ticks, coefficients_df['Lasso Coefficient'], marker='*', label='Lasso Coefficient')\n# plt.xticks(ticks, labels, rotation=90, fontsize=15)\n# plt.xlabel('Feature',fontsize=12)\n# plt.ylabel('Coefficient',fontsize=12)\n# plt.title('Regression Coefficients',fontsize=15)\n# plt.tight_layout()\n# plt.legend(loc='upper left',fontsize=14,labelspacing=1.5)  \n\n# # Add a horizontal red line at zero\n# plt.axhline(0, color='red', linestyle='--', linewidth=1.7)\n# plt.show()",
      "total-ns": 1445331,
      "vars": {},
      "p2m": {
        "df": 252930593,
        "distinct_counts_df": 5545385,
        "X_train": 206767054,
        "X_test": 93534431,
        "y_train": 23976080,
        "y_test": 20872006
      },
      "m2p": {
        "df": 431655739,
        "distinct_counts_df": 5015308,
        "X_train": 320343936,
        "X_test": 148583342,
        "y_train": 43774718,
        "y_test": 20416932
      }
    }
  ]
}