{
  "cells": [
    {
      "raw": "# This Python 3 environment comes with many helpful analytics libraries installed\n# It is defined by the kaggle/python Docker image: https://github.com/kaggle/docker-python\n# For example, here's several helpful packages to load\n\nimport numpy as np # linear algebra\nimport pandas as pd\n# Input data files are available in the read-only \"../input/\" directory\n# For example, running this (by clicking run or pressing Shift+Enter) will list all files under the input directory\n\nimport os\nfor dirname, _, filenames in os.walk('/kaggle/input'):\n    for filename in filenames:\n        print(os.path.join(dirname, filename))\n\n# You can write up to 20GB to the current directory (/kaggle/working/) that gets preserved as output when you create a version using \"Save & Run All\" \n# You can also write temporary files to /kaggle/temp/, but they won't be saved outside of the current session",
      "total-ns": 277962930
    },
    {
      "raw": "df = pd.read_csv(\"../input/shopping_trends_updated.csv\")\ndf.head()",
      "total-ns": 13151990
    },
    {
      "raw": "df = df\nintended_df_size_in_MB = 1024\nfactor = intended_df_size_in_MB*(2**20)/df.memory_usage(index=True).sum()\nif int(factor) > 0:\n    df = pd.concat([df]*int(factor), ignore_index=True)\nelse:\n    rowCount = int(df.shape[0]*factor)\n    df = df[0:rowCount]\ndf = df\ndf.info()",
      "total-ns": 1851492178
    },
    {
      "raw": "df.shape",
      "total-ns": 410920
    },
    {
      "raw": "df.columns",
      "total-ns": 251280
    },
    {
      "raw": "df.info()",
      "total-ns": 2970460
    },
    {
      "raw": "df.isnull().sum()",
      "total-ns": 8306140752
    },
    {
      "raw": "df.duplicated().sum()",
      "total-ns": 4643158806
    },
    {
      "raw": "df.describe()",
      "total-ns": 959554669
    },
    {
      "raw": "gender_counts = df['Gender'].value_counts()",
      "total-ns": 241801920
    },
    {
      "raw": "category_data = df['Category'].value_counts()",
      "total-ns": 240828540
    },
    {
      "raw": "df.columns",
      "total-ns": 377069
    },
    {
      "raw": "sold_items = df['Item Purchased'].value_counts().sort_values(ascending = False)\n",
      "total-ns": 242981730
    },
    {
      "raw": "var = df.groupby(['Item Purchased', 'Gender']).size().reset_index(name='Customer Count')\nsorted_var = var.sort_values(by='Item Purchased', ascending=False)",
      "total-ns": 719048190
    },
    {
      "raw": "var = df.groupby('Category')['Purchase Amount (USD)'].sum().reset_index().sort_values(by='Purchase Amount (USD)',ascending=False)",
      "total-ns": 367109609
    },
    {
      "raw": "var = df.groupby('Location')['Purchase Amount (USD)'].sum().reset_index().sort_values(by='Purchase Amount (USD)',ascending=False).head(10)",
      "total-ns": 349234340
    },
    {
      "raw": "size_count = df['Size'].value_counts()",
      "total-ns": 241248720
    },
    {
      "raw": "color_count = df['Color'].value_counts().head(10)",
      "total-ns": 243778130
    },
    {
      "raw": "df.columns",
      "total-ns": 394540
    },
    {
      "raw": "season_data = df['Season'].value_counts()",
      "total-ns": 241630930
    },
    {
      "raw": "subs_count = df['Subscription Status'].value_counts()",
      "total-ns": 240694260
    },
    {
      "raw": "shipping_count = df['Shipping Type'].value_counts()",
      "total-ns": 241562640
    },
    {
      "raw": "disc_count = df['Discount Applied'].value_counts()",
      "total-ns": 241383460
    },
    {
      "raw": "df.columns",
      "total-ns": 378670
    },
    {
      "raw": "df['Promo Code Used'].value_counts()",
      "total-ns": 240406559
    }
  ]
}