{
  "cells": [
    {
      "raw": "import pandas as pd\ndf = pd.read_csv(filepath_or_buffer='../input/Airline Dataset.csv', parse_dates=['Departure Date'])\ndf.head()",
      "total-ns": 567828180
    },
    {
      "raw": "df = df\nintended_df_size_in_MB = 1024\nfactor = intended_df_size_in_MB*(2**20)/df.memory_usage(index=True).sum()\nif int(factor) > 0:\n    df = pd.concat([df]*int(factor), ignore_index=True)\nelse:\n    rowCount = int(df.shape[0]*factor)\n    df = df[0:rowCount]\ndf = df\ndf.info()",
      "total-ns": 1787890468
    },
    {
      "raw": "df.info()",
      "total-ns": 2967070
    },
    {
      "raw": "df.nunique()",
      "total-ns": 5149640405
    },
    {
      "raw": "df['Departure Date'].dt.year.value_counts()",
      "total-ns": 445824160
    },
    {
      "raw": "df['Last Name'].value_counts().nlargest(n=10)",
      "total-ns": 1045671329
    }
  ]
}