{
  "cells": [
    {
      "raw": "import pandas as pd\nimport numpy as np\n\npd.plotting.register_matplotlib_converters()\nimport matplotlib.pyplot as plt\n%matplotlib inline\nimport seaborn as sns",
      "total-ns": 1163261299
    },
    {
      "raw": "data =  pd.read_csv('../input/used_cars_Pakistan.csv',index_col=0)\ndata",
      "total-ns": 80573460
    },
    {
      "raw": "df = data\nintended_df_size_in_MB = 1024\nfactor = intended_df_size_in_MB*(2**20)/df.memory_usage(index=True).sum()\nif int(factor) > 0:\n    df = pd.concat([df]*int(factor), ignore_index=True)\nelse:\n    rowCount = int(df.shape[0]*factor)\n    df = df[0:rowCount]\ndata = df\ndata.info()",
      "total-ns": 633970309
    },
    {
      "raw": "data.make.value_counts().head(10)",
      "total-ns": 525110139
    },
    {
      "raw": "data.model.value_counts().head(10)",
      "total-ns": 533496430
    },
    {
      "raw": "data.city.value_counts().head(10)",
      "total-ns": 532597279
    },
    {
      "raw": "data.year.value_counts().head(10)",
      "total-ns": 81513910
    },
    {
      "raw": "data.Engine_displacement.value_counts().head(5)",
      "total-ns": 114184820
    },
    {
      "raw": "data.Battery.value_counts().head()",
      "total-ns": 31074490
    },
    {
      "raw": "100*(len(data)-data.Battery.isnull().sum())/len(data)",
      "total-ns": 14036670
    },
    {
      "raw": "data.Price_Rs.mean()",
      "total-ns": 14175750
    },
    {
      "raw": "data.Price_Rs.median()",
      "total-ns": 274780550
    },
    {
      "raw": "",
      "total-ns": 167290
    }
  ]
}