{
  "cells": [
    {
      "raw": "import warnings\nwarnings.filterwarnings('ignore')\nimport numpy as np\nimport pandas as pd",
      "total-ns": 279639710
    },
    {
      "raw": "df=pd.read_csv(r'../input/churn-bigml-80.csv')",
      "total-ns": 11115580
    },
    {
      "raw": "df = df\nintended_df_size_in_MB = 1024\nfactor = intended_df_size_in_MB*(2**20)/df.memory_usage(index=True).sum()\nif int(factor) > 0:\n    df = pd.concat([df]*int(factor), ignore_index=True)\nelse:\n    rowCount = int(df.shape[0]*factor)\n    df = df[0:rowCount]\ndf = df\ndf.info()",
      "total-ns": 1582392428
    },
    {
      "raw": "df.head()",
      "total-ns": 415070
    },
    {
      "raw": "df.shape",
      "total-ns": 242900
    },
    {
      "raw": "df.columns",
      "total-ns": 151830
    },
    {
      "raw": "df.nunique()",
      "total-ns": 1248545669
    },
    {
      "raw": "df.info()",
      "total-ns": 3893270
    },
    {
      "raw": "df[\"Churn\"] = df[\"Churn\"].astype(\"int64\")",
      "total-ns": 18941090
    },
    {
      "raw": "df.info()",
      "total-ns": 3871180
    },
    {
      "raw": "df.describe().T",
      "total-ns": 3603658627
    },
    {
      "raw": "df.describe(include=[\"object\"]).T",
      "total-ns": 1954848199
    },
    {
      "raw": "df[\"Churn\"].value_counts()",
      "total-ns": 29793580
    },
    {
      "raw": "df[\"Churn\"].value_counts(normalize=True)",
      "total-ns": 29333240
    },
    {
      "raw": "df.sort_values(by=\"Total day charge\", ascending=False).head()",
      "total-ns": 4427824645
    },
    {
      "raw": "df.sort_values(by=[\"Total day charge\", 'Total day calls'], ascending=[True, False]).head()",
      "total-ns": 2226290378
    },
    {
      "raw": "df.loc[0:5, \"State\":\"Area code\"]",
      "total-ns": 2006700
    },
    {
      "raw": "df.iloc[0:5, 0:3]",
      "total-ns": 455220
    },
    {
      "raw": "df.groupby(\"Churn\")[\"Total day minutes\"].mean()",
      "total-ns": 91360600
    },
    {
      "raw": "columns_to_show = [\"Total day minutes\", \"Total eve minutes\", \"Total night minutes\"]\n\ndf.groupby([\"Churn\"])[columns_to_show].agg(['mean', 'std', 'max', 'min'])",
      "total-ns": 1192110129
    },
    {
      "raw": "df.apply(np.max)",
      "total-ns": 1125530599
    },
    {
      "raw": "df[ (df[\"Churn\"] == 0) & (df[\"International plan\"] == \"No\") ][\"Total intl minutes\"].max()",
      "total-ns": 732631879
    },
    {
      "raw": "pd.crosstab(df[\"Churn\"], df[\"International plan\"])",
      "total-ns": 703752389
    },
    {
      "raw": "pd.crosstab(df[\"Churn\"], df[\"International plan\"], normalize=True)",
      "total-ns": 704398230
    },
    {
      "raw": "total_calls = (\n    df[\"Total day calls\"]\n    + df[\"Total eve calls\"]\n    + df[\"Total night calls\"]\n    + df[\"Total intl calls\"]\n)\n\ndf.insert(loc=len(df.columns), column=\"Total calls\", value=total_calls)",
      "total-ns": 45469660
    },
    {
      "raw": "d = {\"No\": 0, \"Yes\": 1}",
      "total-ns": 391860
    },
    {
      "raw": "df[\"International plan\"] = df[\"International plan\"].map(d)",
      "total-ns": 352046720
    },
    {
      "raw": "df = df.replace({\"Voice mail plan\": d})",
      "total-ns": 2270629337
    },
    {
      "raw": "df.head()",
      "total-ns": 607030
    },
    {
      "raw": "df[\"Total charge\"] =df[\"Total day charge\"] + df[\"Total eve charge\"] + df[\"Total night charge\"] + df[\"Total intl charge\"]",
      "total-ns": 45637271
    },
    {
      "raw": "df.head()",
      "total-ns": 490261
    },
    {
      "raw": "df.drop([\"Total charge\", \"Total day calls\"], axis=1, inplace=True)",
      "total-ns": 265536639
    },
    {
      "raw": "df.head()",
      "total-ns": 533349
    },
    {
      "raw": "",
      "total-ns": 58111
    },
    {
      "raw": "",
      "total-ns": 42260
    },
    {
      "raw": "",
      "total-ns": 71791
    },
    {
      "raw": "",
      "total-ns": 40249
    }
  ]
}