{
  "cells": [
    {
      "raw": "\nimport matplotlib.pyplot as plt\nimport os\nimport pandas as pd\n",
      "total-ns": 747560340
    },
    {
      "raw": "data=pd.read_csv(\"../input/superstore/SampleSuperstore.csv\")",
      "total-ns": 25036130
    },
    {
      "raw": "df = data\nintended_df_size_in_MB = 1024\nfactor = intended_df_size_in_MB*(2**20)/df.memory_usage(index=True).sum()\nif int(factor) > 0:\n    df = pd.concat([df]*int(factor), ignore_index=True)\nelse:\n    rowCount = int(df.shape[0]*factor)\n    df = df[0:rowCount]\ndata = df\ndata.info()",
      "total-ns": 1723900739
    },
    {
      "raw": "data.head()",
      "total-ns": 388800
    },
    {
      "raw": "data.info()",
      "total-ns": 2655110
    },
    {
      "raw": "data.duplicated().sum()",
      "total-ns": 5022919578
    },
    {
      "raw": "# STEFANOS: Disable this. It undos the data replication.\n# data.drop_duplicates(inplace= True)",
      "total-ns": 226790
    },
    {
      "raw": "data.info()",
      "total-ns": 3383390
    },
    {
      "raw": "data.drop([\"Postal Code\"], axis=1,inplace= True)",
      "total-ns": 682990290
    },
    {
      "raw": "data.info()",
      "total-ns": 3727090
    },
    {
      "raw": "data.corr()",
      "total-ns": 525623690
    },
    {
      "raw": "# STEFANOS: Disable plotting\n# sns.heatmap(data.corr(), annot=True)",
      "total-ns": 242420
    },
    {
      "raw": "data[\"Ship Mode\"].value_counts()",
      "total-ns": 332288860
    },
    {
      "raw": "# STEFANOS: Disable plotting\n# sns.countplot(x= data['Ship Mode'])",
      "total-ns": 217290
    },
    {
      "raw": "data[\"Segment\"].value_counts()",
      "total-ns": 333203910
    },
    {
      "raw": "# STEFANOS: Disable plotting\n# sns.countplot(x= data['Segment'])",
      "total-ns": 209100
    },
    {
      "raw": "data[\"Category\"].value_counts()",
      "total-ns": 333073940
    },
    {
      "raw": "# STEFANOS: Disable plotting\n# sns.countplot(x= data['Category'])",
      "total-ns": 210690
    },
    {
      "raw": "data[\"Sub-Category\"].value_counts()\n",
      "total-ns": 333892609
    },
    {
      "raw": "# STEFANOS: Disable plotting\n# plt.figure(figsize=(15,15))\n# plt.pie(data[\"Sub-Category\"].value_counts(), labels= data[\"Sub-Category\"].value_counts().index, autopct =\"%2f\")\n# plt.show()",
      "total-ns": 230300
    },
    {
      "raw": "st_profit=data.groupby([\"State\"])[\"Profit\"].sum().nlargest(20)",
      "total-ns": 508702309
    },
    {
      "raw": "st_profit",
      "total-ns": 334210
    },
    {
      "raw": "# STEFANOS: Disable plotting\n# plt.figure(figsize=(15,8))\n# st_profit.plot.bar()",
      "total-ns": 106910
    },
    {
      "raw": "# STEFANOS: Disable plotting\n# sns.lineplot(data=data, x=\"Discount\", y= \"Profit\")",
      "total-ns": 76710
    },
    {
      "raw": "# STEFANOS: Disable plotting\n# data.plot(kind=\"scatter\",x=\"Sales\",y=\"Profit\", c=\"Discount\", colormap=\"Set1\",figsize=(10,10))",
      "total-ns": 71610
    },
    {
      "raw": "# %%time\ndata1= data.groupby(\"State\")[[\"Sales\",\"Profit\"]].sum().sort_values(by=\"Sales\", ascending=False)\n# STEFANOS: Disable plotting\n# data1[:].plot.bar(color = [\"Green\",\"Red\"], figsize=(20,12))\n# plt.title(\"Profit-Loss and Sales across States\")\n# plt.show()",
      "total-ns": 2026426189
    },
    {
      "raw": "data1= data.groupby(\"Region\")[[\"Sales\",\"Profit\"]].sum().sort_values(by=\"Sales\", ascending=False)\n# STEFANOS: Disable plotting\n# data1[:].plot.bar(color = [\"Blue\",\"Red\"], figsize=(10,7))\n# plt.title(\"Profit-Loss and Sales across Region\")\n# plt.show()",
      "total-ns": 502445360
    }
  ]
}