{
  "cells": [
    {
      "raw": "import os\n\nimport os\nos.environ[\"MODIN_ENGINE\"] = \"ray\"\nimport ray\nos.environ['MODIN_CPUS'] = \"4\"\nray.init(num_cpus=4, runtime_env={'env_vars': {'__MODIN_AUTOIMPORT_PANDAS__': '1'}})\nimport modin.pandas as pd\nimport numpy as np\nimport matplotlib.pyplot as plt\nimport seaborn as sns",
      "total-ns": 4622736290
    },
    {
      "raw": "course = pd.read_csv(\"../input/course-reviews-university-of-waterloo/course_data_clean.csv\")",
      "total-ns": 4559092861
    },
    {
      "raw": "course.info()",
      "total-ns": 126040589
    },
    {
      "raw": "course.shape",
      "total-ns": 663970
    },
    {
      "raw": "course.head(10)",
      "total-ns": 1272420
    },
    {
      "raw": "course.tail(10)",
      "total-ns": 1364620
    },
    {
      "raw": "course.describe()",
      "total-ns": 15785610
    },
    {
      "raw": "course.info()",
      "total-ns": 146743818
    },
    {
      "raw": "course = course.dropna()",
      "total-ns": 9317041
    },
    {
      "raw": "course[[\"course_unit\", \"course_num\"]] = course[\"course_code\"].str.split(\" \", expand=True)",
      "total-ns": 307139665
    },
    {
      "raw": "course",
      "total-ns": 555910
    },
    {
      "raw": "course[course[\"num_reviews\"] < 10].index",
      "total-ns": 92848889
    },
    {
      "raw": "course.drop(course[course[\"num_reviews\"] < 10].index, inplace=True)",
      "total-ns": 87211119
    },
    {
      "raw": "course",
      "total-ns": 484960
    },
    {
      "raw": "for i in [\"useful\", \"easy\", \"liked\"]:\n    course[i] = course[i].str.replace(\"%\", \"\")\n    course[i] = course[i].astype(\"int\")",
      "total-ns": 80549879
    },
    {
      "raw": "course.set_index(\"course_unit\", inplace=True)",
      "total-ns": 128850478
    },
    {
      "raw": "course",
      "total-ns": 378070
    },
    {
      "raw": "course.drop([\"course_title\", \"reviews\", \"course_rating\"], axis=1, inplace=True)",
      "total-ns": 2196280
    },
    {
      "raw": "course",
      "total-ns": 222410
    },
    {
      "raw": "course.info()",
      "total-ns": 397014575
    },
    {
      "raw": "course_gp = course.groupby(\"course_unit\").mean()",
      "total-ns": 214899557
    },
    {
      "raw": "course_gp",
      "total-ns": 357929
    },
    {
      "raw": "# STEFANOS-DISABLE-FOR-MODIN: Modin seems to fail in the LHS, giving an error that \"course_rating_mean\" is\n# not in the DF. Of course, it's valid code because we're creating this column here.\n# The problem we cannot just disable this code because follow-up code depends on this column. So, we will create\n# the column before the loop so that indexing in the LHS does not fail.\n\n###### ORIGINAL CODE ###########\n# for i in course_gp.index:\n#     course.loc[i, \"course_rating_mean\"] = course_gp.loc[i, \"course_rating_int\"]\n\n###### CODE THAT MODIN CAN RUN ########\ncourse[\"course_rating_mean\"] = None\nfor i in course_gp.index:\n    course.loc[i, \"course_rating_mean\"] = course_gp.loc[i, \"course_rating_int\"]",
      "total-ns": 621037902
    },
    {
      "raw": "course",
      "total-ns": 351910
    },
    {
      "raw": "course.reset_index(inplace=True)",
      "total-ns": 11356000
    },
    {
      "raw": "course",
      "total-ns": 5958110
    },
    {
      "raw": "course.groupby(\"course_unit\").mean()[\"course_rating_int\"]",
      "total-ns": 613657191
    },
    {
      "raw": "course[course[\"course_code\"].str.startswith(\"CS\")].value_counts()",
      "total-ns": 4673954899
    },
    {
      "raw": "course",
      "total-ns": 603100
    },
    {
      "raw": "# STEFANOS: Disable plotting\n# plt.figure(figsize=(25,20))\n# sns.pairplot(data=course)\n# plt.show()",
      "total-ns": 224710
    },
    {
      "raw": "# STEFANOS: Disable plotting\n# plt.figure(figsize=(12,10))\n# sns.scatterplot(x=\"num_ratings\", y=\"course_rating_mean\", data=course)\n# plt.show()",
      "total-ns": 188459
    },
    {
      "raw": "# STEFANOS: Disable plotting\n# plt.figure(figsize=(12,10))\n# sns.scatterplot(x=\"num_reviews\", y=\"course_rating_mean\", data=course)\n# plt.show()",
      "total-ns": 162391
    },
    {
      "raw": "# STEFANOS: Disable plotting\n# plt.figure(figsize=(25,20))\n# sns.scatterplot(x=\"useful\", y=\"course_rating_mean\", hue=\"course_unit\", data=course)\n# plt.xlabel(\"useful\", fontsize = 20)\n# plt.ylabel(\"Course Rating Mean\", fontsize = 20)\n# plt.show()",
      "total-ns": 162269
    },
    {
      "raw": "# STEFANOS: Disable plotting\n# plt.figure(figsize=(25,20))\n# sns.scatterplot(x=\"easy\", y=\"course_rating_mean\", hue=\"course_unit\", data=course)\n# plt.xlabel(\"easy\", fontsize = 20)\n# plt.ylabel(\"Course Rating Mean\", fontsize = 20)\n# plt.show()",
      "total-ns": 169110
    },
    {
      "raw": "# STEFANOS: Disable plotting\n# plt.figure(figsize=(25,20))\n# sns.scatterplot(x=\"liked\", y=\"course_rating_mean\", hue=\"course_unit\", data=course)\n# plt.xlabel(\"liked\", fontsize = 20)\n# plt.ylabel(\"Course Rating Mean\", fontsize = 20)\n# plt.show()",
      "total-ns": 168190
    },
    {
      "raw": "course.sort_values(\"course_rating_mean\", ascending=False, inplace=True)\n\n# STEFANOS: Disable plotting\n# plt.figure(figsize=(25,20))\n# sns.set_palette(\"Pastel1\")\n# sns.barplot(x=\"course_rating_mean\", y=\"course_unit\", data=course)\n# plt.xlabel(\"Course Rating Mean\", fontsize = 20)\n# plt.ylabel(\"Course Unit\", fontsize = 20)\n# plt.show()",
      "total-ns": 139112508
    },
    {
      "raw": "course.reset_index(inplace=True)",
      "total-ns": 153861448
    },
    {
      "raw": "course.set_index(\"course_unit\", inplace=True)",
      "total-ns": 38809470
    },
    {
      "raw": "course.loc[\"KOREA\", \"course_rating_mean\"].value_counts()",
      "total-ns": 60327479
    },
    {
      "raw": "KOREA = course.loc[\"KOREA\", :]",
      "total-ns": 2996760
    },
    {
      "raw": "# STEFANOS: Disable plotting\n# plt.figure(figsize=(10,10))\n# sns.barplot(x=\"course_code\", y=\"course_rating_mean\", data=KOREA)\n# plt.xlabel(\"KOREA course\", fontsize = 20)\n# plt.ylabel(\"Course Rating Mean\", fontsize = 20)\n# plt.show()",
      "total-ns": 245630
    },
    {
      "raw": "course.loc[\"CHINA\", \"course_rating_mean\"].value_counts()",
      "total-ns": 66842979
    },
    {
      "raw": "china = course.loc[\"CHINA\", :]",
      "total-ns": 5343060
    },
    {
      "raw": "# STEFANOS: Disable plotting\n# plt.figure(figsize=(10,10))\n# sns.barplot(x=\"course_code\", y=\"course_rating_mean\", data=china)\n# plt.xlabel(\"CHINA course\", fontsize = 20)\n# plt.ylabel(\"Course Rating Mean\", fontsize = 20)\n# plt.show()",
      "total-ns": 202120
    },
    {
      "raw": "course.loc[\"CHINA\", \"course_rating_mean\"].value_counts()",
      "total-ns": 63580559
    },
    {
      "raw": "span = course.loc[\"SPAN\", :]\n\n# STEFANOS: Disable plotting\n# plt.figure(figsize=(10,10))\n# sns.barplot(x=\"course_code\", y=\"course_rating_mean\", data=span)\n# plt.xlabel(\"SPANISH course\", fontsize = 20)\n# plt.ylabel(\"Course Rating Mean\", fontsize = 20)\n# plt.show()",
      "total-ns": 4683660
    },
    {
      "raw": "course.loc[\"CS\", \"course_rating_mean\"].value_counts()",
      "total-ns": 59723898
    },
    {
      "raw": "cs = course.loc[\"CS\", :]\ncs",
      "total-ns": 3953740
    },
    {
      "raw": "cs_mean = cs.groupby(\"course_code\").mean().sort_values(\"course_rating_int\", ascending=False)\ncs_mean",
      "total-ns": 219360367
    },
    {
      "raw": "# STEFANOS: Disable plotting\n# plt.figure(figsize=(15,10))\n# sns.barplot(x=\"course_rating_int\", y=cs_mean.index, data=cs_mean)\n# plt.xlabel(\"Course Rating Mean\", fontsize = 20)\n# plt.ylabel(\"CS Course\", fontsize = 20)\n# plt.show()",
      "total-ns": 307520
    },
    {
      "raw": "course.loc[\"WKRPT\", \"course_rating_mean\"].value_counts()",
      "total-ns": 97495509
    },
    {
      "raw": "wkrpt = course.loc[\"WKRPT\", :]\nwkrpt",
      "total-ns": 2533430
    },
    {
      "raw": "wkrpt_mean = wkrpt.groupby(\"course_code\").mean().sort_values(\"course_rating_int\", ascending=False)\nwkrpt_mean",
      "total-ns": 221766657
    },
    {
      "raw": "# STEFANOS: Disable plotting\n# plt.figure(figsize=(15,10))\n# sns.barplot(x=\"course_rating_int\", y=wkrpt_mean.index, data=wkrpt_mean)\n# plt.xlabel(\"Course Rating Mean\", fontsize = 20)\n# plt.ylabel(\"WKRPT Course\", fontsize = 20)\n# plt.show()",
      "total-ns": 260139
    },
    {
      "raw": "course.loc[\"PD\", \"course_rating_mean\"].value_counts()",
      "total-ns": 113893979
    },
    {
      "raw": "pd = course.loc[\"PD\", :]\npd",
      "total-ns": 3677770
    },
    {
      "raw": "pd_mean = pd.groupby(\"course_code\").mean().sort_values(\"course_rating_int\", ascending=False)\npd_mean",
      "total-ns": 455812044
    },
    {
      "raw": "# STEFANOS: Disable plotting\n# plt.figure(figsize=(15,10))\n# sns.barplot(x=\"course_rating_int\", y=pd_mean.index, data=pd_mean)\n# plt.xlabel(\"Course Rating Mean\", fontsize = 20)\n# plt.ylabel(\"PD Course\", fontsize = 20)\n# plt.show()",
      "total-ns": 327530
    }
  ]
}