{
  "cells": [
    {
      "raw": "\nimport os\nos.environ[\"MODIN_ENGINE\"] = \"ray\"\nimport ray\nos.environ['MODIN_CPUS'] = \"4\"\nray.init(num_cpus=4, runtime_env={'env_vars': {'__MODIN_AUTOIMPORT_PANDAS__': '1'}})\nimport modin.pandas as pd\nimport numpy as np\nimport seaborn as sns\nimport matplotlib.pyplot as plt\nimport matplotlib as mpl\nimport os\nfrom subprocess import check_output\nfrom wordcloud import WordCloud, STOPWORDS",
      "total-ns": 10386364471
    },
    {
      "raw": "df_yout = pd.read_csv(\"../input/youtube-new/USvideos.csv\")",
      "total-ns": 7967266600
    },
    {
      "raw": "df_yout.info()",
      "total-ns": 159353848
    },
    {
      "raw": "#Looking some information of the data\nprint(df_yout.shape)\nprint(df_yout.nunique())",
      "total-ns": 155738497
    },
    {
      "raw": "#Looking for Nulls and type of our data\ndf_yout.info()",
      "total-ns": 145011998
    },
    {
      "raw": "df_yout.head(n=2)",
      "total-ns": 1234890
    },
    {
      "raw": "df_yout['likes_log'] = np.log(df_yout['likes'] + 1)\ndf_yout['views_log'] = np.log(df_yout['views'] + 1)\ndf_yout['dislikes_log'] = np.log(df_yout['dislikes'] + 1)\ndf_yout['comment_log'] = np.log(df_yout['comment_count'] + 1)\n\n# plt.figure(figsize = (12,6))\n\n# plt.subplot(221)\n# g1 = sns.distplot(df_yout['views_log'])\n# g1.set_title(\"VIEWS LOG DISTRIBUITION\", fontsize=16)\n\n# plt.subplot(224)\n# g2 = sns.distplot(df_yout['likes_log'],color='green')\n# g2.set_title('LIKES LOG DISTRIBUITION', fontsize=16)\n\n# plt.subplot(223)\n# g3 = sns.distplot(df_yout['dislikes_log'], color='r')\n# g3.set_title(\"DISLIKES LOG DISTRIBUITION\", fontsize=16)\n\n# plt.subplot(222)\n# g4 = sns.distplot(df_yout['comment_log'])\n# g4.set_title(\"COMMENTS LOG DISTRIBUITION\", fontsize=16)\n\n# plt.subplots_adjust(wspace = 0.2, hspace = 0.4,top = 0.9)\n\n# plt.show()",
      "total-ns": 401435573
    },
    {
      "raw": "print(\"Views quantiles\")\nprint(df_yout['views'].quantile([.01,.25,.5,.75,.99]))\nprint(\"\")\nprint(\"Likes quantiles\")\nprint(df_yout['likes'].quantile([.01,.25,.5,.75,.99]))\nprint(\"\")\nprint(\"Dislikes quantiles\")\nprint(df_yout['dislikes'].quantile([.01,.25,.5,.75,.99]))\nprint(\"\")\nprint(\"Comment quantiles\")\nprint(df_yout['comment_count'].quantile([.01,.25,.5,.75,.99]))",
      "total-ns": 212340217
    },
    {
      "raw": "df_yout['category_name'] = np.nan\n\ndf_yout.loc[(df_yout[\"category_id\"] == 1),\"category_name\"] = 'Film and Animation'\ndf_yout.loc[(df_yout[\"category_id\"] == 2),\"category_name\"] = 'Cars and Vehicles'\ndf_yout.loc[(df_yout[\"category_id\"] == 10),\"category_name\"] = 'Music'\ndf_yout.loc[(df_yout[\"category_id\"] == 15),\"category_name\"] = 'Pets and Animals'\ndf_yout.loc[(df_yout[\"category_id\"] == 17),\"category_name\"] = 'Sport'\ndf_yout.loc[(df_yout[\"category_id\"] == 19),\"category_name\"] = 'Travel and Events'\ndf_yout.loc[(df_yout[\"category_id\"] == 20),\"category_name\"] = 'Gaming'\ndf_yout.loc[(df_yout[\"category_id\"] == 22),\"category_name\"] = 'People and Blogs'\ndf_yout.loc[(df_yout[\"category_id\"] == 23),\"category_name\"] = 'Comedy'\ndf_yout.loc[(df_yout[\"category_id\"] == 24),\"category_name\"] = 'Entertainment'\ndf_yout.loc[(df_yout[\"category_id\"] == 25),\"category_name\"] = 'News and Politics'\ndf_yout.loc[(df_yout[\"category_id\"] == 26),\"category_name\"] = 'How to and Style'\ndf_yout.loc[(df_yout[\"category_id\"] == 27),\"category_name\"] = 'Education'\ndf_yout.loc[(df_yout[\"category_id\"] == 28),\"category_name\"] = 'Science and Technology'\ndf_yout.loc[(df_yout[\"category_id\"] == 29),\"category_name\"] = 'Non Profits and Activism'\ndf_yout.loc[(df_yout[\"category_id\"] == 25),\"category_name\"] = 'News & Politics'",
      "total-ns": 774327428
    },
    {
      "raw": "print(\"Category Name count\")\nprint(df_yout.category_name.value_counts()[:5])\n\n# plt.figure(figsize = (14,9))\n\n# plt.subplot(211)\n# g = sns.countplot('category_name', data=df_yout, palette=\"Set1\")\n# g.set_xticklabels(g.get_xticklabels(),rotation=45)\n# g.set_title(\"Counting the Video Category's \", fontsize=15)\n# g.set_xlabel(\"\", fontsize=12)\n# g.set_ylabel(\"Count\", fontsize=12)\n\n# plt.subplot(212)\n# g1 = sns.boxplot(x='category_name', y='views_log', data=df_yout, palette=\"Set1\")\n# g1.set_xticklabels(g.get_xticklabels(),rotation=45)\n# g1.set_title(\"Views Distribuition by Category Names\", fontsize=20)\n# g1.set_xlabel(\"\", fontsize=15)\n# g1.set_ylabel(\"Views(log)\", fontsize=15)\n\n# plt.subplots_adjust(hspace = 0.9, top = 0.9)\n\n# plt.show()",
      "total-ns": 124602497
    },
    {
      "raw": "# plt.figure(figsize = (14,6))\n\n# g = sns.boxplot(x='category_name', y='likes_log', data=df_yout, palette=\"Set1\")\n# g.set_xticklabels(g.get_xticklabels(),rotation=45)\n# g.set_title(\"Likes Distribuition by Category Names \", fontsize=15)\n# g.set_xlabel(\"\", fontsize=12)\n# g.set_ylabel(\"Likes(log)\", fontsize=12)\n# plt.show()",
      "total-ns": 288400
    },
    {
      "raw": "# plt.figure(figsize = (14,6))\n\n# g = sns.boxplot(x='category_name', y='dislikes_log', data=df_yout, palette=\"Set1\")\n# g.set_xticklabels(g.get_xticklabels(),rotation=45)\n# g.set_title(\"Dislikes distribuition by Category's\", fontsize=15)\n# g.set_xlabel(\"\", fontsize=12)\n# g.set_ylabel(\"Dislikes(log)\", fontsize=12)\n# plt.show()",
      "total-ns": 246140
    },
    {
      "raw": "# plt.figure(figsize = (14,6))\n\n# g = sns.boxplot(x='category_name', y='comment_log', data=df_yout, palette=\"Set1\")\n# g.set_xticklabels(g.get_xticklabels(),rotation=45)\n# g.set_title(\"Comments Distribuition by Category Names\", fontsize=15)\n# g.set_xlabel(\"\", fontsize=12)\n# g.set_ylabel(\"Comments Count(log)\", fontsize=12)\n\n# plt.show()",
      "total-ns": 127971
    },
    {
      "raw": "df_yout['like_rate'] =  df_yout ['likes'] / df_yout['views'] * 100\ndf_yout['dislike_rate'] =  df_yout ['dislikes'] / df_yout['views'] * 100\ndf_yout['comment_rate'] =  df_yout ['comment_count'] / df_yout['views'] * 100",
      "total-ns": 63600399
    },
    {
      "raw": "# plt.figure(figsize = (9,6))\n\n# g1 = sns.distplot(df_yout['dislike_rate'], color='red',hist=False, label=\"Dislike\")\n# g1 = sns.distplot(df_yout['like_rate'], color='green',hist=False, label=\"Like\")\n# g1 = sns.distplot(df_yout['comment_rate'],hist=False,label=\"Comment\")\n# g1.set_title('CONVERT RATE DISTRIBUITION', fontsize=16)\n# plt.legend()\n# plt.show()",
      "total-ns": 651150
    },
    {
      "raw": "# plt.figure(figsize = (12,18))\n\n# plt.subplot(311)\n# g= sns.boxplot(x='category_name',y='like_rate',  data=df_yout)\n# g.set_xticklabels(g.get_xticklabels(),rotation=45)\n# g.set_title(\"LIKE RATE DISTRIBUITIONS\", fontsize=15)\n# g.set_xlabel(\"\", fontsize=12)\n# g.set_ylabel(\"Like rate\", fontsize=12)\n\n# plt.subplot(312)\n# g1= sns.boxplot(y='dislike_rate', x='category_name', data=df_yout)\n# g1.set_xticklabels(g.get_xticklabels(),rotation=45)\n# g1.set_title(\"DISLIKE RATE DISTRIBUITIONS\", fontsize=15)\n# g1.set_xlabel(\"\", fontsize=12)\n# g1.set_ylabel(\"Dislike rate\", fontsize=12)\n\n# plt.subplot(313)\n# g2= sns.boxplot(y='comment_rate', x='category_name', data=df_yout)\n# g2.set_xticklabels(g.get_xticklabels(),rotation=45)\n# g2.set_title(\"COMMENT RATE BY CATEGORY NAME\", fontsize=15)\n# g2.set_xlabel(\"Category Names\", fontsize=12)\n# g2.set_ylabel(\"Comment Rate\", fontsize=12)\n\n# plt.subplots_adjust(wspace = 0.2, hspace = 0.5,top = 0.9)\n\n# plt.show()",
      "total-ns": 279620
    },
    {
      "raw": "# plt.figure(figsize = (14,8))\n# plt.subplots_adjust(wspace = 0.2, hspace = 0.4,top = 0.9)\n\n# plt.subplot(2,2,1)\n# g = sns.countplot(x='comments_disabled', data=df_yout)\n# g.set_title(\"Comments Disabled\", fontsize=16)\n\n# plt.subplot(2,2,2)\n# g1 = sns.countplot(x='ratings_disabled', data=df_yout)\n# g1.set_title(\"Rating Disabled\", fontsize=16)\n\n# plt.subplot(2,2,3)\n# g2 = sns.countplot(x='video_error_or_removed', data=df_yout)\n# g2.set_title(\"Video Error or Removed\", fontsize=16)\n# plt.show()",
      "total-ns": 192271
    },
    {
      "raw": "# plt.figure(figsize = (12,10))\n\n# plt.subplot(221)\n_ = df_yout[df_yout['comments_disabled'] == True]['views_log']\n_ = df_yout[df_yout['ratings_disabled'] == True]['views_log']\n_ = df_yout[df_yout['video_error_or_removed'] == True]['views_log']\n\n# plt.subplot(222)\n_ = df_yout[df_yout['comments_disabled'] == True]['comment_log']\n_ = df_yout[df_yout['ratings_disabled'] == True]['comment_log']\n_ = df_yout[df_yout['video_error_or_removed'] == True]['comment_log']\n\n_ = df_yout[df_yout['comments_disabled'] == True]['dislikes_log']\n_ = df_yout[df_yout['ratings_disabled'] == True]['dislikes_log']\n_ = df_yout[df_yout['video_error_or_removed'] == True]['dislikes_log']\n\n_ = df_yout[df_yout['comments_disabled'] == True]['likes_log']\n_ = df_yout[df_yout['ratings_disabled'] == True]['likes_log']\n_ = df_yout[df_yout['video_error_or_removed'] == True]['likes_log']",
      "total-ns": 6125292210
    },
    {
      "raw": "# plt.figure(figsize = (10,8))\n\n#Let's verify the correlation of each value\n_ = df_yout[['like_rate', 'dislike_rate', 'comment_rate', 'comment_log',\n         'views_log','likes_log','dislikes_log', \"category_name\"]].corr()",
      "total-ns": 592002421
    },
    {
      "raw": "#nlp\nimport string\nimport re    #for regex\nimport nltk\nfrom nltk.corpus import stopwords\nimport spacy\nfrom nltk import pos_tag\nfrom nltk.stem.wordnet import WordNetLemmatizer \nfrom nltk.tokenize import word_tokenize\n# Tweet tokenizer does not split at apostophes which is what we want\nfrom nltk.tokenize import TweetTokenizer   ",
      "total-ns": 3919349646
    },
    {
      "raw": "#Setting the stopwords\neng_stopwords = set(stopwords.words(\"english\"))\n",
      "total-ns": 2779680
    },
    {
      "raw": "#Word count in each comment:\ndf_yout['count_word']=df_yout[\"title\"].apply(lambda x: len(str(x).split()))\ndf_yout['count_word_tags']=df_yout[\"tags\"].apply(lambda x: len(str(x).split()))\n\n#Unique word count\ndf_yout['count_unique_word']=df_yout[\"title\"].apply(lambda x: len(set(str(x).split())))\ndf_yout['count_unique_word_tags']=df_yout[\"tags\"].apply(lambda x: len(set(str(x).split())))\n\n#Letter count\ndf_yout['count_letters']=df_yout[\"title\"].apply(lambda x: len(str(x)))\ndf_yout['count_letters_tags']=df_yout[\"tags\"].apply(lambda x: len(str(x)))\n\n#punctuation count\ndf_yout[\"count_punctuations\"] =df_yout[\"title\"].apply(lambda x: len([c for c in str(x) if c in string.punctuation]))\ndf_yout[\"count_punctuations_tags\"] =df_yout[\"tags\"].apply(lambda x: len([c for c in str(x) if c in string.punctuation]))\n\n#upper case words count\ndf_yout[\"count_words_upper\"] = df_yout[\"title\"].apply(lambda x: len([w for w in str(x).split() if w.isupper()]))\ndf_yout[\"count_words_upper_tags\"] = df_yout[\"tags\"].apply(lambda x: len([w for w in str(x).split() if w.isupper()]))\n\n#title case words count\ndf_yout[\"count_words_title\"] = df_yout[\"title\"].apply(lambda x: len([w for w in str(x).split() if w.istitle()]))\ndf_yout[\"count_words_title_tags\"] = df_yout[\"tags\"].apply(lambda x: len([w for w in str(x).split() if w.istitle()]))\n\n#Number of stopwords\ndf_yout[\"count_stopwords\"] = df_yout[\"title\"].apply(lambda x: len([w for w in str(x).lower().split() if w in eng_stopwords]))\ndf_yout[\"count_stopwords_tags\"] = df_yout[\"tags\"].apply(lambda x: len([w for w in str(x).lower().split() if w in eng_stopwords]))\n\n#Average length of the words\ndf_yout[\"mean_word_len\"] = df_yout[\"title\"].apply(lambda x: np.mean([len(w) for w in str(x).split()]))\ndf_yout[\"mean_word_len_tags\"] = df_yout[\"tags\"].apply(lambda x: np.mean([len(w) for w in str(x).split()]))",
      "total-ns": 2781827305
    },
    {
      "raw": "#derived features\n#Word count percent in each comment:\ndf_yout['word_unique_percent']=df_yout['count_unique_word']*100/df_yout['count_word']\ndf_yout['word_unique_percent_tags']=df_yout['count_unique_word_tags']*100/df_yout['count_word_tags']\n\n#Punct percent in each comment:\ndf_yout['punct_percent']=df_yout['count_punctuations']*100/df_yout['count_word']\ndf_yout['punct_percent_tags']=df_yout['count_punctuations_tags']*100/df_yout['count_word_tags']",
      "total-ns": 73088019
    },
    {
      "raw": "# plt.figure(figsize = (12,18))\n\n# plt.subplot(421)\n# g1 = sns.distplot(df_yout['count_word'], \n#                   hist=False, label='Text')\n# g1 = sns.distplot(df_yout['count_word_tags'], \n#                   hist=False, label='Tags')\n# g1.set_title(\"COUNT WORDS DISTRIBUITION\", fontsize=16)\n\n# plt.subplot(422)\n# g2 = sns.distplot(df_yout['count_unique_word'],\n#                   hist=False, label='Text')\n# g2 = sns.distplot(df_yout['count_unique_word_tags'], \n#                   hist=False, label='Tags')\n# g2.set_title(\"COUNT UNIQUE DISTRIBUITION\", fontsize=16)\n\n# plt.subplot(423)\n# g3 = sns.distplot(df_yout['count_letters'], \n#                   hist=False, label='Text')\n# g3 = sns.distplot(df_yout['count_letters_tags'], \n#                   hist=False, label='Tags')\n# g3.set_title(\"COUNT LETTERS DISTRIBUITION\", fontsize=16)\n\n# plt.subplot(424)\n# g4 = sns.distplot(df_yout[\"count_punctuations\"], \n#                   hist=False, label='Text')\n# g4 = sns.distplot(df_yout[\"count_punctuations_tags\"], \n#                   hist=False, label='Tags')\n# g4.set_xlim([-2,50])\n# g4.set_title('COUNT PONCTUATIONS DISTRIBUITION', fontsize=16)\n\n# plt.subplot(425)\n# g5 = sns.distplot(df_yout[\"count_words_upper\"] , \n#                   hist=False, label='Text')\n# g5 = sns.distplot(df_yout[\"count_words_upper_tags\"] , \n#                   hist=False, label='Tags')\n# g5.set_title('COUNT WORDS UPPER DISTRIBUITION', fontsize=16)\n\n# plt.subplot(426)\n# g6 = sns.distplot(df_yout[\"count_words_title\"], \n#                   hist=False, label='Text')\n# g6 = sns.distplot(df_yout[\"count_words_title_tags\"], \n#                   hist=False, label='Tags')\n# g6.set_title('WORDS DISTRIBUITION', fontsize=16)\n\n# plt.subplot(427)\n# g7 = sns.distplot(df_yout[\"count_stopwords\"], \n#                   hist=False, label='Title')\n# g7 = sns.distplot(df_yout[\"count_stopwords_tags\"], \n#                   hist=False, label='Tags')\n# g7.set_title('STOPWORDS DISTRIBUITION', fontsize=16)\n\n# plt.subplot(428)\n# g8 = sns.distplot(df_yout[\"mean_word_len\"], \n#                   hist=False, label='Text')\n# g8 = sns.distplot(df_yout[\"mean_word_len_tags\"], \n#                   hist=False, label='Tags')\n# g8.set_xlim([-2,100])\n# g8.set_title('MEAN WORD LEN DISTRIBUITION', fontsize=16)\n\n# plt.subplots_adjust(wspace = 0.2, hspace = 0.4,top = 0.9)\n# plt.legend()\n# plt.show()",
      "total-ns": 1246861
    },
    {
      "raw": "# plt.figure(figsize = (12,8))\n\n# plt.subplot(221)\n# g=sns.boxplot(x='count_punctuations', y='views_log',data=df_yout)\n# g.set_title(\"Vews by Ponctuations\")\n# g.set_xlabel(\"Numer of Punctuations\")\n# g.set_ylabel(\"Vews log\")\n\n# plt.subplot(222)\n# g1 = sns.boxplot(x='count_punctuations', y='likes_log',data=df_yout)\n# g1.set_title(\"Likes by Ponctuations\")\n# g1.set_xlabel(\"Numer of Punctuations\")\n# g1.set_ylabel(\"Likes log\")\n\n# plt.subplot(223)\n# g2 = sns.boxplot(x='count_punctuations', y='dislikes_log',data=df_yout)\n# g2.set_title(\"Dislikes by Ponctuations\")\n# g2.set_xlabel(\"Numer of Punctuations\")\n# g2.set_ylabel(\"Dislikes log\")\n\n# plt.subplot(224)\n# g3 = sns.boxplot(x='count_punctuations', y='comment_log',data=df_yout)\n# g3.set_title(\"Comments by Ponctuations\")\n# g3.set_xlabel(\"Numer of Punctuations\")\n# g3.set_ylabel(\"Comments log\")\n\n# plt.subplots_adjust(wspace = 0.2, hspace = 0.4,top = 0.9)\n\n# plt.show()",
      "total-ns": 325569
    },
    {
      "raw": "_=df_yout[df_yout['count_punctuations_tags'] < 20]\n\n_=df_yout[df_yout['count_punctuations_tags'] < 20]\n\n_ =df_yout[df_yout['count_punctuations_tags'] < 20]\n_ =df_yout[df_yout['count_punctuations_tags'] < 20]",
      "total-ns": 331120044
    },
    {
      "raw": "_ = df_yout[['count_word', 'count_unique_word','count_letters',\n                     \"count_punctuations\",\"count_words_upper\", \"count_words_title\", \n                     \"count_stopwords\",\"mean_word_len\", \n                     'views_log', 'likes_log','dislikes_log','comment_log',\n                     'ratings_disabled', 'comments_disabled', 'video_error_or_removed']].corr()",
      "total-ns": 2998459691
    },
    {
      "raw": "# mpl.rcParams['font.size']= 15              \n# mpl.rcParams['savefig.dpi']= 100         \n# mpl.rcParams['figure.subplot.bottom']= .1 ",
      "total-ns": 790111
    },
    {
      "raw": "# plt.figure(figsize = (15,15))\n\nstopwords = set(STOPWORDS)\n\n# wordcloud = WordCloud(\n#                           background_color='black',\n#                           stopwords=stopwords,\n#                           max_words=1000,\n#                           max_font_size=120, \n#                           random_state=42\n#                          ).generate(str(df_yout['title']))\n\n# print(wordcloud)\n# fig = plt.figure(1)\n# plt.imshow(wordcloud)\n# plt.title(\"WORD CLOUD - TITLES\")\n# plt.axis('off')\n# plt.show()",
      "total-ns": 508739
    },
    {
      "raw": "plt.figure(figsize = (15,15))\n\nstopwords = set(STOPWORDS)\n# wordcloud = WordCloud(\n#                           background_color='black',\n#                           stopwords=stopwords,\n#                           max_words=150,\n#                           max_font_size=40, \n#                           random_state=42\n#                          ).generate(str(df_yout['title']))\n\n# print(wordcloud)\n# fig = plt.figure(1)\n# plt.imshow(wordcloud)\n# plt.title(\"WORD CLOUD - DESCRIPTION\")\n# plt.axis('off')\n# plt.show()",
      "total-ns": 10691710
    },
    {
      "raw": "plt.figure(figsize = (15,15))\n\nstopwords = set(STOPWORDS)\n\nnewStopWords= ['https', 'youtube', 'VIDEO','youtu','CHANNEL', 'WATCH']\n\nstopwords.update(newStopWords)\n\n# wordcloud = WordCloud(\n#                           background_color='black',\n#                           stopwords=stopwords,\n#                           max_words=1200,\n#                           max_font_size=80, \n#                           random_state=42\n#                          ).generate(str(df_yout['description']))\n\n# print(wordcloud)\n# fig = plt.figure(1)\n# plt.imshow(wordcloud)\n# plt.title(\"WORD CLOUD - DESCRIPTION\")\n# plt.axis('off')\n# plt.show()\n",
      "total-ns": 1706850
    },
    {
      "raw": "# plt.figure(figsize = (15,15))\n\nstopwords = set(STOPWORDS)\n# wordcloud = WordCloud(\n#                           background_color='black',\n#                           stopwords=stopwords,\n#                           max_words=1200,\n#                           max_font_size=120, \n#                           random_state=42\n#                          ).generate(str(df_yout['tags']))\n# print(wordcloud)\n# fig = plt.figure(1)\n# plt.imshow(wordcloud)\n# plt.title(\"WORD CLOUD - TAGS\")\n# plt.axis('off')\n# plt.show()",
      "total-ns": 402290
    },
    {
      "raw": "df_yout['publish_time'] = pd.to_datetime(df_yout['publish_time'], format='%Y-%m-%dT%H:%M:%S.%fZ')",
      "total-ns": 21929900
    },
    {
      "raw": "df_yout['month'] = df_yout['publish_time'].dt.month\n\nprint(\"Category Name count\")\nprint(df_yout['month'].value_counts()[:5])\n\n# plt.figure(figsize = (14,9))\n\n# plt.subplot(211)\n# g = sns.countplot('month', data=df_yout, palette=\"Set1\")\n# g.set_xticklabels(g.get_xticklabels(),rotation=45)\n# g.set_title(\"Counting Months \", fontsize=20)\n# g.set_xlabel(\"Months\", fontsize=15)\n# g.set_ylabel(\"Count\", fontsize=15)\n\n# plt.subplot(212)\n# g1 = sns.lvplot(x='month', y='like_rate', data=df_yout, palette=\"Set1\")\n# g1.set_xticklabels(g.get_xticklabels(),rotation=45)\n# g1.set_title(\"Like Rate by Month\", fontsize=20)\n# g1.set_xlabel(\"Months\", fontsize=15)\n# g1.set_ylabel(\"Like Rate(log)\", fontsize=15)\n\n# plt.subplots_adjust(hspace = 0.5, top = 0.9)\n\n# plt.show()",
      "total-ns": 668184119
    },
    {
      "raw": "# separates date and time into two columns from 'publish_time' column\ndf_yout.insert(4, 'publish_date', df_yout['publish_time'].dt.date)\ndf_yout['publish_time'] = df_yout['publish_time'].dt.time\ndf_yout[['hour','min','sec']] = df_yout['publish_time'].astype(str).str.split(':', expand=True).astype(int)",
      "total-ns": 698996689
    },
    {
      "raw": "print(\"TOP 5 Hour values\")\nprint(df_yout['hour'].value_counts()[:5])\n\n# plt.figure(figsize = (14,9))\n\n# plt.subplot(211)\n# g = sns.countplot('hour', data=df_yout, palette=\"Set1\")\n# g.set_xticklabels(g.get_xticklabels(),rotation=45)\n# g.set_title(\"Counting Hour \", fontsize=20)\n# g.set_xlabel(\"Hours\", fontsize=15)\n# g.set_ylabel(\"Count\", fontsize=15)\n\n# plt.subplot(212)\n# g1 = sns.lvplot(x='hour', y='like_rate', data=df_yout, palette=\"Set1\")\n# g1.set_xticklabels(g.get_xticklabels(),rotation=45)\n# g1.set_title(\"Like Rate by Hour\", fontsize=20)\n# g1.set_xlabel(\"Hours\", fontsize=15)\n# g1.set_ylabel(\"Like Rate(log)\", fontsize=15)\n\n# plt.subplots_adjust(hspace = 0.5, top = 0.9)\n\n# plt.show()",
      "total-ns": 255893246
    }
  ]
}