{
  "cells": [
    {
      "raw": "\nimport os\nos.environ[\"MODIN_ENGINE\"] = \"ray\"\nimport ray\nos.environ['MODIN_CPUS'] = \"4\"\nray.init(num_cpus=4, runtime_env={'env_vars': {'__MODIN_AUTOIMPORT_PANDAS__': '1'}})\nimport modin.pandas as pd\nimport numpy as np",
      "total-ns": 4229543683
    },
    {
      "raw": "#load dataset\nproteins = pd.read_csv(\"../input/train_proteins.csv\")\npeptides = pd.read_csv(\"../input/train_peptides.csv\")\nclinical = pd.read_csv(\"../input/train_clinical_data.csv\")",
      "total-ns": 10902056453
    },
    {
      "raw": "clinical.info()",
      "total-ns": 186833837
    },
    {
      "raw": "print('proteins shape:             ', proteins.shape)\nprint('peptides shape:             ', peptides.shape)\nprint('clinical shape:             ', clinical.shape)",
      "total-ns": 2819039
    },
    {
      "raw": "proteins[proteins['patient_id'] == 55]['visit_month'].value_counts()",
      "total-ns": 5663047249
    },
    {
      "raw": "peptides[peptides['patient_id'] == 55]['visit_month'].value_counts()",
      "total-ns": 1250981200
    },
    {
      "raw": "# merge proteins and peptides dataset based on 'visit_id' and 'UniPort'\ndf_all = proteins.merge(peptides[['visit_id', 'UniProt', 'Peptide','PeptideAbundance']], on = ['visit_id','UniProt'], how = 'left')",
      "total-ns": 1763767501
    },
    {
      "raw": "def summary(df):\n    print(f'data shape: {df.shape}')\n    summ = pd.DataFrame(df.dtypes, columns=['data type'])\n    summ['#missing'] = df.isnull().sum().values * 100\n    summ['%missing'] = df.isnull().sum().values / len(df)\n    summ['#unique'] = df.nunique().values\n    desc = pd.DataFrame(df.describe(include='all').transpose())\n    summ['min'] = desc['min'].values\n    summ['max'] = desc['max'].values\n    summ['first value'] = df.loc[0].values\n    summ['second value'] = df.loc[1].values\n    summ['third value'] = df.loc[2].values\n    \n    return summ",
      "total-ns": 1876120
    },
    {
      "raw": "summary(df_all).style.background_gradient(cmap='YlOrBr')",
      "total-ns": 2693415806
    },
    {
      "raw": "# group by uniprot\ndf_by_uniprot = df_all.groupby(['visit_id','UniProt'])['NPX'].mean().reset_index()",
      "total-ns": 1881211849
    },
    {
      "raw": "# group by peptides\ndf_by_peptide = df_all.groupby(['visit_id','Peptide'])['PeptideAbundance'].mean().reset_index()",
      "total-ns": 1171781592
    },
    {
      "raw": "# pivot groupby table for uniprot dataset\ndf_uniprot = df_by_uniprot.pivot(index='visit_id',columns = 'UniProt', values = 'NPX').rename_axis(columns=None).reset_index()",
      "total-ns": 309637995
    },
    {
      "raw": "# pivot groupby table for pepdite dataset\ndf_peptide = df_by_peptide.pivot(index='visit_id',columns = 'Peptide', values = 'PeptideAbundance').rename_axis(columns=None).reset_index()",
      "total-ns": 796117338
    },
    {
      "raw": "### let's see how these talbe looks like",
      "total-ns": 483590
    },
    {
      "raw": "df_uniprot.sample(5)",
      "total-ns": 6354669
    },
    {
      "raw": "df_peptide.sample(5)",
      "total-ns": 4988531
    },
    {
      "raw": "# add patient id and visit month\ndf_uniprot[['patient_id','visit_month']] = df_uniprot.visit_id.str.split(\"_\", expand=True)\ndf_peptide[['patient_id','visit_month']] = df_peptide.visit_id.str.split(\"_\", expand=True)",
      "total-ns": 99982459
    },
    {
      "raw": "clinical.head(5)",
      "total-ns": 795700
    },
    {
      "raw": "clinical.melt(id_vars=['visit_id', 'patient_id', 'visit_month', 'upd23b_clinical_state_on_medication'], \n                   var_name='updrs', value_name='rating')",
      "total-ns": 20691369
    },
    {
      "raw": "# to be continued....",
      "total-ns": 4010300
    },
    {
      "raw": "",
      "total-ns": 119440
    },
    {
      "raw": "",
      "total-ns": 135670
    },
    {
      "raw": "",
      "total-ns": 79690
    }
  ]
}