{
  "cells": [
    {
      "raw": "import numpy as np\nimport os\n\nimport os\nos.environ[\"MODIN_ENGINE\"] = \"ray\"\nimport ray\nos.environ['MODIN_CPUS'] = \"4\"\nray.init(num_cpus=4, runtime_env={'env_vars': {'__MODIN_AUTOIMPORT_PANDAS__': '1'}})\nimport modin.pandas as pd\n",
      "total-ns": 3658142689
    },
    {
      "raw": "train_df = pd.read_csv('../input/feedback-prize-english-language-learning/train.csv')\ntest_df = pd.read_csv('../input/feedback-prize-english-language-learning/test.csv')",
      "total-ns": 4830313211
    },
    {
      "raw": "test_df.info()",
      "total-ns": 74969289
    },
    {
      "raw": "train_df.head()",
      "total-ns": 1237530
    },
    {
      "raw": "test_df.head()",
      "total-ns": 573461
    },
    {
      "raw": "len(train_df), len(test_df)",
      "total-ns": 314580
    },
    {
      "raw": "LABEL_COLUMNS = ['cohesion', 'syntax', 'vocabulary', 'phraseology', 'grammar', 'conventions']",
      "total-ns": 329901
    },
    {
      "raw": "## ORIGINAL:\n# texts = train_df.sample(frac=1, random_state=420).head(4)\n## TO RUN WITH KOALAS\ntexts = train_df.sample(frac=1.0, random_state=420).head(4)",
      "total-ns": 10531090
    },
    {
      "raw": "train_df['total_score'] = train_df[LABEL_COLUMNS].sum(axis=1)\nlowest_df = train_df.sort_values('total_score').head(4)",
      "total-ns": 244711177
    },
    {
      "raw": "train_df['total_score'] = train_df[LABEL_COLUMNS].sum(axis=1)\nhighest_df = train_df.sort_values('total_score', ascending=False).head(4)",
      "total-ns": 137934688
    },
    {
      "raw": "train_df['word_count'] = train_df.full_text.apply(lambda x: len(x.split()))",
      "total-ns": 19341780
    },
    {
      "raw": "train_df['word_count'].mean()",
      "total-ns": 91700028
    },
    {
      "raw": "train_df['word_count'].max()",
      "total-ns": 25815180
    }
  ]
}