{
  "cells": [
    {
      "raw": "import numpy as np # linear algebra\nimport pandas as pd # data processing, CSV file I/O (e.g. pd.read_csv)\n\nfrom sklearn.metrics import mean_absolute_error\nfrom sklearn.preprocessing import LabelEncoder\n\nimport pylab as pl\nimport os\nprint(os.listdir(\"../input\"))\n",
      "total-ns": 1084416562
    },
    {
      "raw": "#Cargamos el data set mediante Python y Pandas mediante read_csv\n#Tener en cuenta indicadar el separador como recomendacion con delimiter se recomienda\n#En caso tengamos un campo donde se guarden los ID unico podemos caolocar elnumero de columna en index_col para usarlo de indexacion\ndata = pd.read_csv(\"../input/avocado.csv\",delimiter=\",\",index_col=0)\n\n#Visualizamos el volumen de filas y columnas de nuestros datos\ndata.shape",
      "total-ns": 34525660
    },
    {
      "raw": "data.info()",
      "total-ns": 9886819
    },
    {
      "raw": "#Podemos mediante el comando info identificar los tipos de campos 123\ndata.info()",
      "total-ns": 8201230
    },
    {
      "raw": "#Vamos a ver un peque\u00f1o resumen de los datos\ndata.head(5)",
      "total-ns": 283010
    },
    {
      "raw": "#Vamos a validar que se cumple ambos formulas\n#Todo aquel registro que no cumpla con la regla pasara a ser una inconsistencia la cual descartaremos.\ndataIncorrecta = data[((data['4046'] + data['4225'] + data['4770'] + data['Total Bags']) != data['Total Volume'] ) | ((data['Small Bags'] + data['Large Bags'] + data['XLarge Bags']) != data['Total Bags'] )]\ndataCorrecta =  data[((data['4046'] + data['4225'] + data['4770'] + data['Total Bags']) == data['Total Volume'] ) & ((data['Small Bags'] + data['Large Bags'] + data['XLarge Bags']) == data['Total Bags'] )]\n\ndataIncorrecta.reset_index(inplace = True)\ndataCorrecta.reset_index(inplace = True)\n\nprint(\"Data Total\",data.shape)\nprint(\"Data Incorrecta\",dataIncorrecta.shape)\nprint(\"Data Correcta\",dataCorrecta.shape)",
      "total-ns": 4273120
    },
    {
      "raw": "#Analizamos valores perdidos en caso de que existan\ndataCorrecta.isnull().sum()",
      "total-ns": 3493950
    },
    {
      "raw": "",
      "total-ns": 70670
    },
    {
      "raw": "",
      "total-ns": 44300
    },
    {
      "raw": "dataCorrecta =dataCorrecta[(dataCorrecta['Small Bags']<300000.0) & (dataCorrecta['Large Bags']<150000.0) & (dataCorrecta['XLarge Bags']<10000.0)]\ndataCorrecta.shape",
      "total-ns": 1984629
    },
    {
      "raw": "",
      "total-ns": 63180
    },
    {
      "raw": "",
      "total-ns": 44310
    },
    {
      "raw": "",
      "total-ns": 38640
    },
    {
      "raw": "conventional = dataCorrecta[dataCorrecta.type==\"conventional\"]\norganic = dataCorrecta[dataCorrecta.type==\"organic\"]\n\ngroupBy1_price = conventional.groupby('Date').mean(numeric_only=True)\n\ngroupBy2_price = organic.groupby('Date').mean(numeric_only=True)\n",
      "total-ns": 4804890
    },
    {
      "raw": "#dataCorrecta['Date2']=pd.to_datetime(dataCorrecta['Date'], format=\"%Y/%m/%d\")\ndataCorrecta['Date'] =dataCorrecta['Date'].astype('datetime64[ns]')\n\n",
      "total-ns": 2388080
    },
    {
      "raw": "#Tenemos que analizar los datos categoricos no numericos, para transformarlos en numericos, o ver si son utiles\ndataCorrecta['type'].value_counts()",
      "total-ns": 817560
    },
    {
      "raw": "dataCorrecta.head()",
      "total-ns": 307680
    },
    {
      "raw": "dataCorrecta['year'].value_counts()",
      "total-ns": 557280
    },
    {
      "raw": "dataCorrecta['region'].value_counts()",
      "total-ns": 888220
    },
    {
      "raw": "",
      "total-ns": 65050
    },
    {
      "raw": "#Analizamos el comportamiento de los procesio por region de las paltas organicos\nmask = dataCorrecta['type']=='organic'\n",
      "total-ns": 715630
    },
    {
      "raw": "#Analizamos el comportamiento de los procesio por region de las paltas convencionales\nmask = dataCorrecta['type']=='conventional'\n",
      "total-ns": 671430
    },
    {
      "raw": "label = LabelEncoder()\ndicts = {}\n\nlabel.fit(dataCorrecta.type.drop_duplicates()) \ndicts['type'] = list(label.classes_)\ndataCorrecta.type = label.transform(dataCorrecta.type) ",
      "total-ns": 1831410
    },
    {
      "raw": "dataCorrecta['type'].value_counts()",
      "total-ns": 544590
    },
    {
      "raw": "#Realizamos una tabla de correlacion, para conocer el nivel de relacion entre los campos y entre nuestro target\ncols = ['AveragePrice','Total Volume','4046','4225','4770','Total Bags','Small Bags','Large Bags','XLarge Bags','year','type']\ncorr = dataCorrecta[cols].corr('spearman') \n",
      "total-ns": 10127230
    },
    {
      "raw": "#Creamos las variables ficticias para region\nregion_dummi =pd.get_dummies(dataCorrecta['region'], prefix='reg')\nregion_dummi.head()",
      "total-ns": 3192250
    },
    {
      "raw": "#Agregamos los datos fictios a la data original\ndata_nueva = pd.concat([dataCorrecta, region_dummi], axis=1)\ndata_nueva.head() ",
      "total-ns": 942300
    },
    {
      "raw": "#eliminamos las columna region\ndata_nueva = data_nueva.drop(labels=['region'], axis=1)\ndata_nueva = data_nueva.drop(labels=['index'], axis=1)",
      "total-ns": 2104870
    },
    {
      "raw": "#corr = data_nueva.corr('spearman') \n#plt.figure(figsize = ( 35 , 20 )) \n#sns.heatmap(corr,annot=True,fmt='.2f',cmap=\"YlGnBu\");",
      "total-ns": 112680
    },
    {
      "raw": "data_train = pd.DataFrame(index=data_nueva.index)\ntarger_train = pd.DataFrame(index=data_nueva.index)\ndata_train = data_nueva\ntarger_train = data_nueva['AveragePrice']",
      "total-ns": 643440
    },
    {
      "raw": "data_train['monthy'] = data_train['Date'].astype('datetime64[ns]').apply(lambda ts: ts.month)",
      "total-ns": 8316640
    },
    {
      "raw": "dummi_month =pd.get_dummies(data_train['monthy'], prefix='month')\ndata_train = pd.concat([data_train, dummi_month], axis=1)",
      "total-ns": 1747589
    },
    {
      "raw": "data_train = data_train.drop(['monthy'],axis=1)\n#data_train = data_train.drop(['Date'],axis=1)",
      "total-ns": 1734671
    },
    {
      "raw": "data_train.head(5)",
      "total-ns": 288869
    },
    {
      "raw": "data_train['year'].value_counts()",
      "total-ns": 568790
    },
    {
      "raw": "region_dummi_fecha =pd.get_dummies(data_train['year'], prefix='year')",
      "total-ns": 801280
    },
    {
      "raw": "data_train = pd.concat([data_train, region_dummi_fecha], axis=1)",
      "total-ns": 627890
    },
    {
      "raw": "data_train.head(5)",
      "total-ns": 259480
    },
    {
      "raw": "data_train = data_train.drop(['year'],axis=1)\ndata_train = data_train.drop(['Date'], axis=1)\ndata_train = data_train.drop(['AveragePrice'],axis=1)",
      "total-ns": 2208930
    },
    {
      "raw": "\ndata_train.head(5)",
      "total-ns": 244490
    },
    {
      "raw": "targer_train.mean()",
      "total-ns": 387380
    },
    {
      "raw": "",
      "total-ns": 58100
    },
    {
      "raw": "",
      "total-ns": 42930
    },
    {
      "raw": "data_train.head()",
      "total-ns": 213560
    },
    {
      "raw": "",
      "total-ns": 50410
    },
    {
      "raw": "",
      "total-ns": 40000
    },
    {
      "raw": "",
      "total-ns": 37280
    },
    {
      "raw": "",
      "total-ns": 36000
    },
    {
      "raw": "",
      "total-ns": 35220
    },
    {
      "raw": "\n",
      "total-ns": 34700
    },
    {
      "raw": "",
      "total-ns": 34050
    },
    {
      "raw": "",
      "total-ns": 33460
    },
    {
      "raw": "",
      "total-ns": 33500
    }
  ]
}