{
  "cells": [
    {
      "raw": "\nimport os\nos.environ[\"MODIN_ENGINE\"] = \"ray\"\nimport ray\nos.environ['MODIN_CPUS'] = \"4\"\nray.init(num_cpus=4, runtime_env={'env_vars': {'__MODIN_AUTOIMPORT_PANDAS__': '1'}})\nimport modin.pandas as pd\ndf = pd.read_csv(filepath_or_buffer='../input/Airline Dataset.csv', parse_dates=['Departure Date'])\ndf.head()",
      "total-ns": 9434521388
    },
    {
      "raw": "df.info()",
      "total-ns": 290188425
    },
    {
      "raw": "df.info()",
      "total-ns": 278608855
    },
    {
      "raw": "df.nunique()",
      "total-ns": 10957630
    },
    {
      "raw": "df['Departure Date'].dt.year.value_counts()",
      "total-ns": 451008703
    },
    {
      "raw": "df['Last Name'].value_counts().nlargest(n=10)",
      "total-ns": 501950191
    }
  ]
}