{
  "cells": [
    {
      "raw": "\nimport os\nos.environ[\"MODIN_ENGINE\"] = \"ray\"\nimport ray\nos.environ['MODIN_CPUS'] = \"4\"\nray.init(num_cpus=4, runtime_env={'env_vars': {'__MODIN_AUTOIMPORT_PANDAS__': '1'}})\nimport modin.pandas as pd\nimport numpy as np\n\npd.plotting.register_matplotlib_converters()\nimport matplotlib.pyplot as plt\n%matplotlib inline\nimport seaborn as sns",
      "total-ns": 4717424214
    },
    {
      "raw": "data =  pd.read_csv('../input/used_cars_Pakistan.csv',index_col=0)\ndata",
      "total-ns": 4583040916
    },
    {
      "raw": "data.info()",
      "total-ns": 142451928
    },
    {
      "raw": "data.make.value_counts().head(10)",
      "total-ns": 237625237
    },
    {
      "raw": "data.model.value_counts().head(10)",
      "total-ns": 138148848
    },
    {
      "raw": "data.city.value_counts().head(10)",
      "total-ns": 138083937
    },
    {
      "raw": "data.year.value_counts().head(10)",
      "total-ns": 113472769
    },
    {
      "raw": "data.Engine_displacement.value_counts().head(5)",
      "total-ns": 136193667
    },
    {
      "raw": "data.Battery.value_counts().head()",
      "total-ns": 115658828
    },
    {
      "raw": "100*(len(data)-data.Battery.isnull().sum())/len(data)",
      "total-ns": 56022369
    },
    {
      "raw": "data.Price_Rs.mean()",
      "total-ns": 44812139
    },
    {
      "raw": "data.Price_Rs.median()",
      "total-ns": 35988429
    },
    {
      "raw": "",
      "total-ns": 307140
    }
  ]
}