{
  "cells": [
    {
      "raw": "import warnings\nwarnings.filterwarnings('ignore')\nimport numpy as np\nimport pandas as pd",
      "total-ns": 271784766
    },
    {
      "raw": "df=pd.read_csv(r'../input/churn-bigml-80.csv')",
      "total-ns": 10185630
    },
    {
      "raw": "df.info()",
      "total-ns": 28895409
    },
    {
      "raw": "df.head()",
      "total-ns": 356720
    },
    {
      "raw": "df.shape",
      "total-ns": 189130
    },
    {
      "raw": "df.columns",
      "total-ns": 151090
    },
    {
      "raw": "df.nunique()",
      "total-ns": 2398420
    },
    {
      "raw": "df.info()",
      "total-ns": 4395870
    },
    {
      "raw": "df[\"Churn\"] = df[\"Churn\"].astype(\"int64\")",
      "total-ns": 532170
    },
    {
      "raw": "df.info()",
      "total-ns": 4395980
    },
    {
      "raw": "df.describe().T",
      "total-ns": 23329359
    },
    {
      "raw": "df.describe(include=[\"object\"]).T",
      "total-ns": 3974320
    },
    {
      "raw": "df[\"Churn\"].value_counts()",
      "total-ns": 519450
    },
    {
      "raw": "df[\"Churn\"].value_counts(normalize=True)",
      "total-ns": 573280
    },
    {
      "raw": "df.sort_values(by=\"Total day charge\", ascending=False).head()",
      "total-ns": 993050
    },
    {
      "raw": "df.sort_values(by=[\"Total day charge\", 'Total day calls'], ascending=[True, False]).head()",
      "total-ns": 2028590
    },
    {
      "raw": "df.loc[0:5, \"State\":\"Area code\"]",
      "total-ns": 1364370
    },
    {
      "raw": "df.iloc[0:5, 0:3]",
      "total-ns": 433701
    },
    {
      "raw": "df.groupby(\"Churn\")[\"Total day minutes\"].mean()",
      "total-ns": 708570
    },
    {
      "raw": "columns_to_show = [\"Total day minutes\", \"Total eve minutes\", \"Total night minutes\"]\n\ndf.groupby([\"Churn\"])[columns_to_show].agg(['mean', 'std', 'max', 'min'])",
      "total-ns": 10405770
    },
    {
      "raw": "df.apply(np.max)",
      "total-ns": 2714070
    },
    {
      "raw": "df[ (df[\"Churn\"] == 0) & (df[\"International plan\"] == \"No\") ][\"Total intl minutes\"].max()",
      "total-ns": 1358650
    },
    {
      "raw": "pd.crosstab(df[\"Churn\"], df[\"International plan\"])",
      "total-ns": 6394630
    },
    {
      "raw": "pd.crosstab(df[\"Churn\"], df[\"International plan\"], normalize=True)",
      "total-ns": 5377390
    },
    {
      "raw": "total_calls = (\n    df[\"Total day calls\"]\n    + df[\"Total eve calls\"]\n    + df[\"Total night calls\"]\n    + df[\"Total intl calls\"]\n)\n\ndf.insert(loc=len(df.columns), column=\"Total calls\", value=total_calls)",
      "total-ns": 1044100
    },
    {
      "raw": "d = {\"No\": 0, \"Yes\": 1}",
      "total-ns": 250560
    },
    {
      "raw": "df[\"International plan\"] = df[\"International plan\"].map(d)",
      "total-ns": 1028870
    },
    {
      "raw": "df = df.replace({\"Voice mail plan\": d})",
      "total-ns": 1898960
    },
    {
      "raw": "df.head()",
      "total-ns": 290400
    },
    {
      "raw": "df[\"Total charge\"] =df[\"Total day charge\"] + df[\"Total eve charge\"] + df[\"Total night charge\"] + df[\"Total intl charge\"]",
      "total-ns": 838480
    },
    {
      "raw": "df.head()",
      "total-ns": 235880
    },
    {
      "raw": "df.drop([\"Total charge\", \"Total day calls\"], axis=1, inplace=True)",
      "total-ns": 792470
    },
    {
      "raw": "df.head()",
      "total-ns": 223100
    },
    {
      "raw": "",
      "total-ns": 52530
    },
    {
      "raw": "",
      "total-ns": 40980
    },
    {
      "raw": "",
      "total-ns": 37200
    },
    {
      "raw": "",
      "total-ns": 34910
    }
  ]
}