{
  "cells": [
    {
      "raw": "\nimport matplotlib.pyplot as plt\nimport os\n\nimport os\nos.environ[\"MODIN_ENGINE\"] = \"ray\"\nimport ray\nos.environ['MODIN_CPUS'] = \"4\"\nray.init(num_cpus=4, runtime_env={'env_vars': {'__MODIN_AUTOIMPORT_PANDAS__': '1'}})\nimport modin.pandas as pd\n",
      "total-ns": 4045417273
    },
    {
      "raw": "data=pd.read_csv(\"../input/superstore/SampleSuperstore.csv\")",
      "total-ns": 5623583056
    },
    {
      "raw": "data.info()",
      "total-ns": 113418749
    },
    {
      "raw": "data.head()",
      "total-ns": 1424859
    },
    {
      "raw": "data.info()",
      "total-ns": 100419429
    },
    {
      "raw": "data.duplicated().sum()",
      "total-ns": 415420424
    },
    {
      "raw": "# STEFANOS: Disable this. It undos the data replication.\n# data.drop_duplicates(inplace= True)",
      "total-ns": 221710
    },
    {
      "raw": "data.info()",
      "total-ns": 97713699
    },
    {
      "raw": "data.drop([\"Postal Code\"], axis=1,inplace= True)",
      "total-ns": 2399230
    },
    {
      "raw": "data.info()",
      "total-ns": 199355517
    },
    {
      "raw": "data.corr()",
      "total-ns": 75037589
    },
    {
      "raw": "# STEFANOS: Disable plotting\n# sns.heatmap(data.corr(), annot=True)",
      "total-ns": 447160
    },
    {
      "raw": "data[\"Ship Mode\"].value_counts()",
      "total-ns": 120995509
    },
    {
      "raw": "# STEFANOS: Disable plotting\n# sns.countplot(x= data['Ship Mode'])",
      "total-ns": 305990
    },
    {
      "raw": "data[\"Segment\"].value_counts()",
      "total-ns": 95990149
    },
    {
      "raw": "# STEFANOS: Disable plotting\n# sns.countplot(x= data['Segment'])",
      "total-ns": 339200
    },
    {
      "raw": "data[\"Category\"].value_counts()",
      "total-ns": 95056739
    },
    {
      "raw": "# STEFANOS: Disable plotting\n# sns.countplot(x= data['Category'])",
      "total-ns": 328041
    },
    {
      "raw": "data[\"Sub-Category\"].value_counts()\n",
      "total-ns": 96156210
    },
    {
      "raw": "# STEFANOS: Disable plotting\n# plt.figure(figsize=(15,15))\n# plt.pie(data[\"Sub-Category\"].value_counts(), labels= data[\"Sub-Category\"].value_counts().index, autopct =\"%2f\")\n# plt.show()",
      "total-ns": 333710
    },
    {
      "raw": "st_profit=data.groupby([\"State\"])[\"Profit\"].sum().nlargest(20)",
      "total-ns": 93581598
    },
    {
      "raw": "st_profit",
      "total-ns": 369270
    },
    {
      "raw": "# STEFANOS: Disable plotting\n# plt.figure(figsize=(15,8))\n# st_profit.plot.bar()",
      "total-ns": 119410
    },
    {
      "raw": "# STEFANOS: Disable plotting\n# sns.lineplot(data=data, x=\"Discount\", y= \"Profit\")",
      "total-ns": 84730
    },
    {
      "raw": "# STEFANOS: Disable plotting\n# data.plot(kind=\"scatter\",x=\"Sales\",y=\"Profit\", c=\"Discount\", colormap=\"Set1\",figsize=(10,10))",
      "total-ns": 77680
    },
    {
      "raw": "# %%time\ndata1= data.groupby(\"State\")[[\"Sales\",\"Profit\"]].sum().sort_values(by=\"Sales\", ascending=False)\n# STEFANOS: Disable plotting\n# data1[:].plot.bar(color = [\"Green\",\"Red\"], figsize=(20,12))\n# plt.title(\"Profit-Loss and Sales across States\")\n# plt.show()",
      "total-ns": 101192559
    },
    {
      "raw": "data1= data.groupby(\"Region\")[[\"Sales\",\"Profit\"]].sum().sort_values(by=\"Sales\", ascending=False)\n# STEFANOS: Disable plotting\n# data1[:].plot.bar(color = [\"Blue\",\"Red\"], figsize=(10,7))\n# plt.title(\"Profit-Loss and Sales across Region\")\n# plt.show()",
      "total-ns": 102280459
    }
  ]
}