{
  "cells": [
    {
      "raw": "import numpy as np\nimport os\n\nimport os\nos.environ[\"MODIN_ENGINE\"] = \"ray\"\nimport ray\nos.environ['MODIN_CPUS'] = \"4\"\nray.init(num_cpus=4, runtime_env={'env_vars': {'__MODIN_AUTOIMPORT_PANDAS__': '1'}})\nimport modin.pandas as pd\nimport seaborn as sns\nimport matplotlib.pyplot as plt",
      "total-ns": 5357325496
    },
    {
      "raw": "passmark = 40",
      "total-ns": 387029
    },
    {
      "raw": "df = pd.read_csv(\"../input/StudentsPerformance.csv\")",
      "total-ns": 4424784090
    },
    {
      "raw": "df.info()",
      "total-ns": 162784969
    },
    {
      "raw": "df.head()",
      "total-ns": 1151300
    },
    {
      "raw": "print (df.shape)",
      "total-ns": 249859
    },
    {
      "raw": "df.describe()",
      "total-ns": 12058370
    },
    {
      "raw": "df.isnull().sum()",
      "total-ns": 19302910
    },
    {
      "raw": "# STEFANOS: Disable plotting\n# p = sns.countplot(x=\"math score\", data = df, palette=\"muted\")\n# _ = plt.setp(p.get_xticklabels(), rotation=90) ",
      "total-ns": 449630
    },
    {
      "raw": "df['Math_PassStatus'] = np.where(df['math score']<passmark, 'F', 'P')\ndf.Math_PassStatus.value_counts()",
      "total-ns": 263510827
    },
    {
      "raw": "# STEFANOS: Disable plotting\n# p = sns.countplot(x='parental level of education', data = df, hue='Math_PassStatus', palette='bright')\n# _ = plt.setp(p.get_xticklabels(), rotation=90) ",
      "total-ns": 300160
    },
    {
      "raw": "# STEFANOS: Disable plotting\n# sns.countplot(x=\"reading score\", data = df, palette=\"muted\")\n# plt.show()",
      "total-ns": 155780
    },
    {
      "raw": "df['Reading_PassStatus'] = np.where(df['reading score']<passmark, 'F', 'P')\ndf.Reading_PassStatus.value_counts()",
      "total-ns": 150812839
    },
    {
      "raw": "# STEFANOS: Disable plotting\n# p = sns.countplot(x='parental level of education', data = df, hue='Reading_PassStatus', palette='bright')\n# _ = plt.setp(p.get_xticklabels(), rotation=90) ",
      "total-ns": 297850
    },
    {
      "raw": "# STEFANOS: Disable plotting\n# p = sns.countplot(x=\"writing score\", data = df, palette=\"muted\")\n# _ = plt.setp(p.get_xticklabels(), rotation=90) ",
      "total-ns": 158840
    },
    {
      "raw": "df['Writing_PassStatus'] = np.where(df['writing score']<passmark, 'F', 'P')\ndf.Writing_PassStatus.value_counts()",
      "total-ns": 159328478
    },
    {
      "raw": "# STEFANOS: Disable plotting\n# p = sns.countplot(x='parental level of education', data = df, hue='Writing_PassStatus', palette='bright')\n# _ = plt.setp(p.get_xticklabels(), rotation=90) ",
      "total-ns": 321430
    },
    {
      "raw": "df['OverAll_PassStatus'] = df.apply(lambda x : 'F' if x['Math_PassStatus'] == 'F' or \n                                    x['Reading_PassStatus'] == 'F' or x['Writing_PassStatus'] == 'F' else 'P', axis =1)\n\ndf.OverAll_PassStatus.value_counts()",
      "total-ns": 148203459
    },
    {
      "raw": "# STEFANOS: Disable plotting\n# p = sns.countplot(x='parental level of education', data = df, hue='OverAll_PassStatus', palette='bright')\n# _ = plt.setp(p.get_xticklabels(), rotation=90) ",
      "total-ns": 290180
    },
    {
      "raw": "df['Total_Marks'] = df['math score']+df['reading score']+df['writing score']\ndf['Percentage'] = df['Total_Marks']/3",
      "total-ns": 39549659
    },
    {
      "raw": "# STEFANOS: Disable plotting\n# p = sns.countplot(x=\"Percentage\", data = df, palette=\"muted\")\n# _ = plt.setp(p.get_xticklabels(), rotation=0) ",
      "total-ns": 799750
    },
    {
      "raw": "def GetGrade(Percentage, OverAll_PassStatus):\n    if ( OverAll_PassStatus == 'F'):\n        return 'F'    \n    if ( Percentage >= 80 ):\n        return 'A'\n    if ( Percentage >= 70):\n        return 'B'\n    if ( Percentage >= 60):\n        return 'C'\n    if ( Percentage >= 50):\n        return 'D'\n    if ( Percentage >= 40):\n        return 'E'\n    else: \n        return 'F'\n\ndf['Grade'] = df.apply(lambda x : GetGrade(x['Percentage'], x['OverAll_PassStatus']), axis=1)\n\ndf.Grade.value_counts()",
      "total-ns": 218648290
    },
    {
      "raw": "# STEFANOS: Disable plotting\n# sns.countplot(x=\"Grade\", data = df, order=['A','B','C','D','E','F'],  palette=\"muted\")\n# plt.show()",
      "total-ns": 357060
    },
    {
      "raw": "# STEFANOS: Disable plotting\n# p = sns.countplot(x='parental level of education', data = df, hue='Grade', palette='bright')\n# _ = plt.setp(p.get_xticklabels(), rotation=90) ",
      "total-ns": 170210
    }
  ]
}