{
  "cells": [
    {
      "raw": "import numpy as np\n\nimport os\nos.environ[\"MODIN_ENGINE\"] = \"ray\"\nimport ray\nos.environ['MODIN_CPUS'] = \"4\"\nray.init(num_cpus=4, runtime_env={'env_vars': {'__MODIN_AUTOIMPORT_PANDAS__': '1'}})\nimport modin.pandas as pd\nimport seaborn as sns\nsns.set_style('darkgrid')\nimport matplotlib.pyplot as plt\n%matplotlib inline\n\nimport warnings\nwarnings.filterwarnings(\"ignore\", category=FutureWarning)\n\nfrom scipy import stats\nimport pylab",
      "total-ns": 4705488934
    },
    {
      "raw": "df = pd.read_csv('../input/kc_house_data.csv')",
      "total-ns": 4576219436
    },
    {
      "raw": "df.info()",
      "total-ns": 126219538
    },
    {
      "raw": "# Dimension of DataFrame\ndf.shape",
      "total-ns": 504280
    },
    {
      "raw": "# Data Viewing Initial 10 columns\ndf.iloc[:5,1:10]",
      "total-ns": 1249610
    },
    {
      "raw": "# Data Viewing Rest of the columns\ndf.iloc[:5,10:]",
      "total-ns": 794740
    },
    {
      "raw": "# Understanding Data - Total Entries, Number of Columns, Datatype\ndf.info()",
      "total-ns": 89939569
    },
    {
      "raw": "# Duplicate Rows\ndf.duplicated().sum()",
      "total-ns": 739086671
    },
    {
      "raw": "# Checking for Missing vales\ndf.isnull().sum()",
      "total-ns": 19158600
    },
    {
      "raw": "distinct_counts = []\n\n# Loop through columns\nfor column in df.columns:\n    distinct_count = df[column].nunique()  # Use nunique() to count distinct values\n    first_5_unique_values = df[column].unique()[:5]  \n    last_5_unique_values = df[column].unique()[-5:]  \n    distinct_counts.append({\n        'Column': column, \n        'Distinct_Values_Count': distinct_count, \n        'First_5_Unique_Values': first_5_unique_values,\n        'Last_5_Unique_Values': last_5_unique_values\n    })\n\n# Create a DataFrame from the list of distinct value counts\ndistinct_counts_df = pd.DataFrame(distinct_counts)\n\n# Display the DataFrame with distinct value counts\ndistinct_counts_df.sort_values(by='Distinct_Values_Count', ascending=False,ignore_index=True)",
      "total-ns": 2485947501
    },
    {
      "raw": "df.describe()",
      "total-ns": 29788440
    },
    {
      "raw": "# Drop Unwanted Column - Id\ndf.drop(['id','date'],axis=1,inplace=True)",
      "total-ns": 4902500
    },
    {
      "raw": "# Data Defining for Visualization and Processing\nnumeric_columns = ['sqft_lot','sqft_lot15','sqft_living','sqft_living15','sqft_above','sqft_basement','lat','long','yr_built','yr_renovated']\ncategorical_columns = ['bedrooms','bathrooms','floors','waterfront','view','condition','grade','zipcode']",
      "total-ns": 738280
    },
    {
      "raw": "def num_combined_plot(data, x, y):\n    # fig, axes = plt.subplots(1, 2, figsize=(15, 6))\n\n    # # Plot the histogram with KDE\n    # sns.histplot(data=data, x=x, kde=True, ax=axes[0], color='coral')\n    \n    # # Plot the scatterplot with a correlation line\n    # sns.regplot(data=data, x=x, y=y, ax=axes[1], color='teal', \n    #             scatter_kws={'edgecolor': 'white'}, line_kws={\"color\": \"coral\"})\n\n    # Calculate the correlation coefficient\n    corr_coeff = data[[x, y]].corr().iloc[0, 1]\n\n    # Annotate the correlation coefficient on the scatter plot\n    # axes[1].annotate(f'Correlation : {corr_coeff:.2f}', xy=(0.65, 0.9), xycoords='axes fraction', fontsize=14, color='coral')\n\n    # # Adjust plot aesthetics\n    # sns.despine(bottom=True, left=True)\n    # axes[0].set(xlabel=f'{x}', ylabel='Frequency', title=f'{x} Distribution')\n    # axes[1].set(xlabel=f'{x}', ylabel=f'{y}', title=f'{x} vs {y}')\n    # axes[1].yaxis.set_label_position(\"right\")\n    # axes[1].yaxis.tick_right()\n\n    # plt.show()",
      "total-ns": 751360
    },
    {
      "raw": "# plt.figure(figsize=(12, 8))\n\n# # Create a heatmap\n# sns.heatmap(df[numeric_columns].corr(), annot=True, cmap='Spectral', linewidths=0.5,fmt=\".2f\")\n# plt.title('Correlation Heatmap', fontsize=15)\n# plt.show()",
      "total-ns": 229360
    },
    {
      "raw": "num_combined_plot(df,'sqft_lot','price')",
      "total-ns": 175092128
    },
    {
      "raw": "num_combined_plot(df,'sqft_lot15','price')",
      "total-ns": 130504538
    },
    {
      "raw": "num_combined_plot(df,'sqft_living','price')",
      "total-ns": 133928959
    },
    {
      "raw": "num_combined_plot(df,'sqft_living15','price')",
      "total-ns": 136103758
    },
    {
      "raw": "num_combined_plot(df,'sqft_above','price')",
      "total-ns": 137520418
    },
    {
      "raw": "num_combined_plot(df,'sqft_basement','price')",
      "total-ns": 128051929
    },
    {
      "raw": "# plt.figure(figsize=(8,5))\n# sns.histplot(data=df, x='price', kde=True, color='coral')\n# plt.xlabel('Price ($)')\n# plt.ylabel('Frequency') \n# plt.title('Price Distribution')\n# plt.show()",
      "total-ns": 237670
    },
    {
      "raw": "# def create_subplot_grid(data, x, y):\n#     # Create subplots\n#     fig, axes = plt.subplots(1, 3, figsize=(15, 5))\n\n#     # Plot the countplot with percentages\n#     sns.countplot(data=data, x=x, ax=axes[0], palette='Set2')\n#     axes[0].set(title=f'{x} Frequency')\n#     axes[0].tick_params(axis='x', rotation=90)\n#     axes[0].set_ylabel('Count (%)')\n    \n#     # Calculate and annotate the percentages\n#     total = len(data)\n#     for p in axes[0].patches:\n#         percentage = '{:.1f}%'.format(100 * p.get_height() / total)\n#         x_ = p.get_x() + p.get_width() / 2\n#         y_ = p.get_height()\n#         axes[0].annotate(percentage, (x_, y_), ha='center', va='bottom')\n\n#     # Plot the boxplot\n#     sns.boxplot(data=data, x=x, y=y, ax=axes[1], palette='Set2')\n#     axes[1].set(title=f'Price vs. {x}')\n#     axes[1].tick_params(axis='x', rotation=90)\n\n#     # Plot the scatterplot with colors based on x\n#     sns.scatterplot(data=data, x=x, y=y, ax=axes[2], hue=x, palette='Set2')\n#     axes[2].set(title=f'{y} vs. {x}')\n#     axes[2].tick_params(axis='x', rotation=90)\n#     axes[2].yaxis.set_label_position(\"right\")\n    \n#     # Add the regression line to the scatterplot\n#     sns.regplot(data=data, x=x, y=y, ax=axes[2], color='coral', scatter=False)\n#     axes[2].get_legend().remove()\n\n#     plt.tight_layout()\n#     plt.show()",
      "total-ns": 243530
    },
    {
      "raw": "# create_subplot_grid(df, 'bedrooms', 'price')",
      "total-ns": 207010
    },
    {
      "raw": "# create_subplot_grid(df, 'bathrooms', 'price')",
      "total-ns": 107630
    },
    {
      "raw": "# create_subplot_grid(df, 'floors', 'price')",
      "total-ns": 98839
    },
    {
      "raw": "# create_subplot_grid(df, 'waterfront', 'price')",
      "total-ns": 92880
    },
    {
      "raw": "# create_subplot_grid(df, 'view', 'price')",
      "total-ns": 92231
    },
    {
      "raw": "# create_subplot_grid(df, 'condition', 'price')",
      "total-ns": 91980
    },
    {
      "raw": "# create_subplot_grid(df, 'grade', 'price')",
      "total-ns": 87210
    },
    {
      "raw": "# # Create the scatter plot with a color gradient for price\n# plt.figure(figsize=(15, 7))\n# sns.scatterplot(x='lat', y='price', data=df, hue='price', palette='husl')\n# plt.xlabel('Latitude', fontsize=14)\n# plt.ylabel('Price', fontsize=14)\n# plt.title('Latitude vs. Price (Color Gradient)', fontsize=16)\n# plt.show()",
      "total-ns": 108749
    },
    {
      "raw": "# # Create the scatter plot with a color gradient for price\n# plt.figure(figsize=(15, 7))\n# sns.scatterplot(x='long', y='price', data=df, hue='price', palette='husl')\n# plt.xlabel('Longitude', fontsize=14)\n# plt.ylabel('Price', fontsize=14)\n# plt.title('Longitude vs. Price (Color Gradient)', fontsize=16)\n# plt.show()",
      "total-ns": 98469
    },
    {
      "raw": "# plt.figure(figsize=(15, 5))\n# sns.lineplot(x='yr_built', y='price', data=df, color='teal', lw=5, marker='o', markerfacecolor='red')\n# plt.title('Price depending on yr_built', fontsize=17)\n# plt.xlabel('yr_built', fontsize=14)\n# plt.ylabel('price', fontsize=14)",
      "total-ns": 93610
    },
    {
      "raw": "# Count the number of houses that have been renovated (non-zero 'yr_renovated').\nrenovated_count = len(df[df['yr_renovated'] != 0])\n\n# Calculate the total number of houses.\ntotal_houses = len(df)\n\n# Calculate the percentage of houses that have been renovated.\npercentage_renovated = (renovated_count / total_houses) * 100\n\n# Create a pie chart.\nlabels = ['Renovated', 'Not Renovated']\nsizes = [percentage_renovated, 100 - percentage_renovated]\nexplode = (0.1, 0)  \n\n# plt.figure(figsize=(15, 6))\n# plt.subplot(1, 2, 1)\n# plt.pie(sizes, labels=labels, autopct='%1.1f%%', startangle=0, explode=explode, colors=['lightcoral', 'lightgreen'])\n# plt.title('Percentage of Houses Renovated')\n# plt.axis('equal')\n\n# # Create the line plot showing the relationship between price and the year of renovation.\n# plt.subplot(1, 2, 2)\n# sns.lineplot(x='yr_renovated', y='price', data=df[df['yr_renovated'] != 0], color='teal', lw=5, marker='o', markerfacecolor='red')\n# plt.title('Price depending on yr_renovated', fontsize=17)\n# plt.xlabel('yr_renovated', fontsize=14)\n# plt.ylabel('price', fontsize=14)\n\n# plt.tight_layout()\n\n# plt.show()",
      "total-ns": 80413529
    },
    {
      "raw": "# plt.figure(figsize=(15, 7))\n# sns.scatterplot(data=df, x='sqft_living', y='price', hue='grade', palette='RdYlGn_r')\n# plt.xlabel('Living Space (sqft)', fontsize=12)\n# plt.ylabel('Price', fontsize=12)\n# plt.title('Scatter Plot of Price vs. Living Space by Grade', fontsize=15)\n# plt.legend(title='Grade', fontsize=14, title_fontsize=14)\n# plt.show()",
      "total-ns": 313970
    },
    {
      "raw": "# plt.figure(figsize=(15, 7))\n# sns.scatterplot(data=df, x='sqft_living', y='price', hue='bathrooms', palette='RdYlGn_r')\n# plt.xlabel('Living Space (sqft)', fontsize=12)\n# plt.ylabel('Price', fontsize=12)\n# plt.title('Scatter Plot of Price vs. Living Space by Number of Bathrooms', fontsize=15)\n# plt.legend(title='Bathrooms', fontsize=14, title_fontsize=14)\n# plt.show()",
      "total-ns": 267110
    },
    {
      "raw": "# plt.figure(figsize=(15, 7))\n# sns.scatterplot(data=df, x='yr_built', y='price', hue=df['yr_renovated'].apply(lambda x: 'Yes' if x > 0 else 'No'))\n# plt.xlabel('Year Built', fontsize=12)\n# plt.ylabel('Price', fontsize=12)\n# plt.title('Scatter Plot of Price vs. Year Built (Renovated vs. Not Renovated)', fontsize=15)\n# plt.legend(title='Renovated', fontsize=14, title_fontsize=14)\n# plt.show()",
      "total-ns": 175880
    },
    {
      "raw": "# Train Test Split\nfrom sklearn.model_selection import train_test_split\nX_train,X_test,y_train,y_test = train_test_split(df.iloc[:,1:19],df.iloc[:,0],test_size=0.3, random_state=0)\n\n# Converting y_train, y_test back to DataFrame\ny_train = pd.DataFrame(y_train)\ny_test = pd.DataFrame(y_test)\n\nX_train.shape,y_train.shape,X_test.shape,y_test.shape",
      "total-ns": 290688917
    },
    {
      "raw": "# fig,axes = plt.subplots(5,2,figsize=(15,15))\n\n# def plot_two(feat,i,j):\n#     sns.boxplot(x=X_train[feat],color='yellow', width=0.5, flierprops={'marker': 'o', 'markerfacecolor': 'red', 'markersize': 3.5}, ax=axes[i,j])\n#     axes[i, j].set_title(feat)\n#     axes[i, j].set_xlabel('')\n\n# for i,feat in enumerate(numeric_columns):\n#     j = i%2 #0 or 1\n#     plot_two(feat,i//2,j)\n#     warnings.filterwarnings(\"ignore\", category=UserWarning)\n\n# fig.suptitle('Box Plots for Numerical Variables', fontsize=16)\n# plt.tight_layout()\n# plt.show()",
      "total-ns": 370650
    },
    {
      "raw": "# During EDA It was observed Categoric Feature - Bedroom had outlier\nX_train['bedrooms'] = np.where(X_train['bedrooms'] > 11, 11, X_train['bedrooms'])\nX_test['bedrooms'] = np.where(X_test['bedrooms'] > 11, 11, X_test['bedrooms'])",
      "total-ns": 454883255
    },
    {
      "raw": "# def log_transformation(data,column):\n#     plt.figure(figsize=(22,6))\n\n#     plt.subplot(141)\n#     sns.histplot(data[column],kde=True,color='red');\n\n#     plt.subplot(142)\n#     stats.probplot(data[column], dist=\"norm\", plot=pylab) ;\n\n#     plt.subplot(143)\n#     sns.histplot(np.log(data[column]),color=\"green\",kde=True);\n\n#     plt.subplot(144)\n#     stats.probplot(np.log(data[column]), dist=\"norm\", plot=pylab) ;\n    \n#     data[column] = np.log(data[column])",
      "total-ns": 458320
    },
    {
      "raw": "# log_transformation(X_train,'sqft_living')",
      "total-ns": 265070
    },
    {
      "raw": "# log_transformation(X_train,'sqft_living15')",
      "total-ns": 184340
    },
    {
      "raw": "# log_transformation(X_train,'sqft_above')",
      "total-ns": 163970
    },
    {
      "raw": "# log_transformation(y_train,'price')",
      "total-ns": 140410
    },
    {
      "raw": "# Independent Variable\nX_test['sqft_living'] = np.log(X_test['sqft_living'])\nX_test['sqft_living15'] = np.log(X_test['sqft_living15'])\nX_test['sqft_above'] = np.log(X_test['sqft_above'])\n\n# Dependent Variabel\ny_test['price'] = np.log(y_test['price'])",
      "total-ns": 595800863
    },
    {
      "raw": "# def box_cox_transformation(data,column):\n#     plt.figure(figsize=(22,6))\n\n#     plt.subplot(141)\n#     sns.histplot(data[column],kde=True,color='red');\n\n#     plt.subplot(142)\n#     stats.probplot(data[column], dist=\"norm\", plot=pylab) ;\n    \n#     from sklearn.preprocessing import PowerTransformer \n#     boxcox = PowerTransformer(method='box-cox') \n#     data[column] = boxcox.fit_transform(data[[column]])\n\n#     plt.subplot(143)\n#     sns.histplot(data[column],color=\"green\",kde=True);\n\n#     plt.subplot(144)\n#     stats.probplot(data[column], dist=\"norm\", plot=pylab) ;",
      "total-ns": 378850
    },
    {
      "raw": "# box_cox_transformation(X_train,'sqft_lot')",
      "total-ns": 244001
    },
    {
      "raw": "# box_cox_transformation(X_train,'sqft_lot15')",
      "total-ns": 612330
    },
    {
      "raw": "# from sklearn.preprocessing import PowerTransformer \n# boxcox = PowerTransformer(method='box-cox') \n\n# X_test['sqft_lot'] = boxcox.fit_transform(X_test[['sqft_lot']])\n# X_test['sqft_lot15'] = boxcox.fit_transform(X_test[['sqft_lot15']])",
      "total-ns": 174630
    },
    {
      "raw": "Scaling_Features = ['sqft_basement','lat','long']",
      "total-ns": 361340
    },
    {
      "raw": "from sklearn.preprocessing import MinMaxScaler\nscaler = MinMaxScaler()",
      "total-ns": 368330
    },
    {
      "raw": "X_train[Scaling_Features] = scaler.fit_transform(X_train[Scaling_Features]) # fit the scaler to the train set, and then transform it\nX_test[Scaling_Features] = scaler.transform(X_test[Scaling_Features]) # transform the test set",
      "total-ns": 319187176
    },
    {
      "raw": "from sklearn.preprocessing import KBinsDiscretizer\n\nest = KBinsDiscretizer(n_bins=6, encode='ordinal', strategy='uniform')\nX_train['yr_built']= est.fit_transform(X_train[['yr_built']])\nX_test['yr_built']= est.fit_transform(X_test[['yr_built']])",
      "total-ns": 644369153
    },
    {
      "raw": "def custom_binning(year):\n    if year == 0:\n        return 0\n    elif 1934 <= year <= 1950:\n        return 1\n    elif 1951 <= year <= 1970:\n        return 2\n    elif 1971 <= year <= 1990:\n        return 3\n    elif 1991 <= year <= 2010:\n        return 4\n    else:\n        return 5\n\n# Apply the custom binning function to the yr_renovated column\nX_train['yr_renovated'] = X_train['yr_renovated'].apply(custom_binning)\nX_test['yr_renovated'] = X_test['yr_renovated'].apply(custom_binning)",
      "total-ns": 132043289
    },
    {
      "raw": "from sklearn.preprocessing import LabelEncoder\nle = LabelEncoder()\n\nX_train['zipcode'] = le.fit_transform(X_train['zipcode'])\nX_test['zipcode'] = le.fit_transform(X_test['zipcode'])",
      "total-ns": 308116846
    },
    {
      "raw": "def evaluate_linear_regression(model, X_train, y_train, X_test, y_test):\n    # Predict on training and testing data\n    train_pred = model.predict(X_train)\n    test_pred = model.predict(X_test)\n    \n    # Calculate R-squared (R2) for training and testing data\n    r2_train = r2_score(y_train, train_pred)\n    r2_test = r2_score(y_test, test_pred)\n    \n    # Calculate RMSE (Root Mean Square Error) for training and testing data\n    rmse_test = np.sqrt(mean_squared_error(y_test, test_pred))\n    \n    # Return the evaluation metrics\n    print(\"R-squared (R2) Train:\", r2_train)\n    print(\"R-squared (R2) Test:\", r2_test)\n    print(\"RMSE Test:\", rmse_test)",
      "total-ns": 1217370
    },
    {
      "raw": "# def plot_coefficients(model):\n#     # Get coefficients and corresponding feature names\n#     coefficients = model.coef_.ravel()\n\n#     # Feature names (your provided feature names)\n#     feature_names = X_train.columns\n\n#     # Create a DataFrame to store the coefficients and feature names\n#     coefficients_df = pd.DataFrame({'Feature': feature_names, 'Coefficient': coefficients})\n\n#     # Calculate absolute coefficients and sort by absolute coefficient value\n#     coefficients_df['Absolute_Coefficient'] = coefficients_df['Coefficient'].abs()\n#     coefficients_df = coefficients_df.sort_values(by='Absolute_Coefficient', ascending=False)\n\n#     # Create a bar plot with rank labels\n#     plt.figure(figsize=(10, 6))\n#     sns.barplot(data=coefficients_df, x='Feature', y='Coefficient', palette='Spectral_r')\n#     plt.xlabel('Feature')\n#     plt.ylabel('Coefficient')\n#     plt.title('Ridge Regression Coefficients (Ranked by Absolute Value)')\n#     plt.xticks(rotation=90)  # Rotate x-axis labels for better readability\n\n#     # Add rank labels to the plot\n#     for i, rank in enumerate(range(1, len(coefficients_df) + 1)):\n#         plt.text(i, coefficients_df['Coefficient'].iloc[i], f'{rank}', horizontalalignment='center')\n\n#     plt.tight_layout()\n\n#     # Display the plot\n#     plt.show()",
      "total-ns": 352630
    },
    {
      "raw": "# from sklearn.metrics import r2_score,mean_squared_error",
      "total-ns": 234930
    },
    {
      "raw": "# from sklearn.linear_model import LinearRegression\n\n# # Perform Linear Regression\n# linear_model = LinearRegression()\n# linear_model.fit(X_train,y_train)",
      "total-ns": 143290
    },
    {
      "raw": "# # Evaluate linar Regression\n# train_pred = linear_model.predict(X_train)\n# test_pred = linear_model.predict(X_test)",
      "total-ns": 141310
    },
    {
      "raw": "# evaluate_linear_regression(linear_model, X_train, y_train, X_test, y_test)",
      "total-ns": 182530
    },
    {
      "raw": "# plot_coefficients(linear_model)",
      "total-ns": 180560
    },
    {
      "raw": "# from sklearn.model_selection import GridSearchCV\n# from sklearn.linear_model import Ridge\n\n# ridge_model = Ridge()\n\n# # Define a range of alpha values to search\n# param_grid = {'alpha': [0.001, 0.01, 0.05, 0.1, 0.2, 0.3, 0.4, 0.5, \n#                         0.6, 0.7, 0.8, 0.9, 1.0, 2.0, 3.0, 4.0, 5.0, \n#                         6.0, 7.0, 8.0, 9.0, 10.0, 20, 50, 100, 500, 1000]}\n\n# # Perform hyperparameter tuning with GridSearchCV\n# grid_search = GridSearchCV(ridge_model, param_grid, cv=5, scoring='neg_mean_squared_error')\n# grid_search.fit(X_train, y_train)\n\n# # Get the best alpha value\n# best_alpha_ridge = grid_search.best_params_['alpha']\n# print(\"Best Parameter (alpha):\", best_alpha_ridge)",
      "total-ns": 625060
    },
    {
      "raw": "# # Fitting the Model\n# ridge_model = Ridge(alpha=best_alpha_ridge)\n# ridge_model.fit(X_train, y_train)\n\n# # Predicttion\n# ridge_train_pred = ridge_model.predict(X_train)\n# ridge_test_pred = ridge_model.predict(X_test)",
      "total-ns": 210350
    },
    {
      "raw": "# evaluate_linear_regression(ridge_model, X_train, y_train, X_test, y_test)",
      "total-ns": 193930
    },
    {
      "raw": "# plot_coefficients(ridge_model)",
      "total-ns": 178140
    },
    {
      "raw": "# from sklearn.linear_model import Lasso\n# from sklearn.model_selection import GridSearchCV\n# lasso_model = Lasso()\n# param_grid = {'alpha': [0.001, 0.01, 0.05, 0.1, \n#  0.2, 0.3, 0.4, 0.5, 0.6, 0.7, 0.8, 0.9, 1.0, 2.0, 3.0, \n#  4.0, 5.0, 6.0, 7.0, 8.0, 9.0, 10.0, 20, 50, 100, 500, 1000 ]}\n\n# grid_search = GridSearchCV(lasso_model, param_grid, cv=5,scoring='neg_mean_squared_error')\n# grid_search.fit(X_train, y_train)\n\n# best_alpha_lasso = grid_search.best_params_['alpha']\n# print(\"Best Parameter (alpha):\", best_alpha_lasso)",
      "total-ns": 216680
    },
    {
      "raw": "# lasso_model = Lasso(alpha=best_alpha_lasso)\n# lasso_model.fit(X_train, y_train)",
      "total-ns": 170940
    },
    {
      "raw": "# # Evaluate linar Regression\n# lasso_train_pred = lasso_model.predict(X_train)\n# lasso_test_pred = lasso_model.predict(X_test)",
      "total-ns": 138690
    },
    {
      "raw": "# evaluate_linear_regression(lasso_model, X_train, y_train, X_test, y_test)",
      "total-ns": 173650
    },
    {
      "raw": "# plot_coefficients(lasso_model)",
      "total-ns": 156300
    },
    {
      "raw": "# feature_names = X_train.columns # Defining the Feature Names\n# coefficients_df = pd.DataFrame()\n\n# # Create DataFrames for each model's coefficients and feature names\n# linear_coefficients = pd.DataFrame({'Feature': feature_names, 'Linear Coefficient': linear_model.coef_.ravel()})\n# ridge_coefficients = pd.DataFrame({'Feature': feature_names, 'Ridge Coefficient': ridge_model.coef_.ravel()})\n# lasso_coefficients = pd.DataFrame({'Feature': feature_names, 'Lasso Coefficient': lasso_model.coef_.ravel()})\n\n# # Merge the DataFrames based on the 'Feature' column\n# coefficients_df = linear_coefficients.merge(ridge_coefficients, on='Feature').merge(lasso_coefficients, on='Feature')\n# ticks = range(len(feature_names))  \n# labels = feature_names  \n\n# # Create a line plot for the coefficients\n# plt.figure(figsize=(15, 9))\n# plt.plot(ticks, coefficients_df['Linear Coefficient'], marker='o', label='Linear Coefficient')\n# plt.plot(ticks, coefficients_df['Ridge Coefficient'], marker='x', label='Ridge Coefficient')\n# plt.plot(ticks, coefficients_df['Lasso Coefficient'], marker='*', label='Lasso Coefficient')\n# plt.xticks(ticks, labels, rotation=90, fontsize=15)\n# plt.xlabel('Feature',fontsize=12)\n# plt.ylabel('Coefficient',fontsize=12)\n# plt.title('Regression Coefficients',fontsize=15)\n# plt.tight_layout()\n# plt.legend(loc='upper left',fontsize=14,labelspacing=1.5)  \n\n# # Add a horizontal red line at zero\n# plt.axhline(0, color='red', linestyle='--', linewidth=1.7)\n# plt.show()",
      "total-ns": 995060
    }
  ]
}