{
  "cells": [
    {
      "raw": "import numpy as np # linear algebra\nimport pandas as pd # data processing, CSV file I/O (e.g. pd.read_csv)\nimport os\nfor dirname, _, filenames in os.walk('../input'):\n    for filename in filenames:\n        print(os.path.join(dirname, filename))\n",
      "total-ns": 380274309
    },
    {
      "raw": "df=pd.read_csv(\"../input/Airline Dataset Updated.csv\", parse_dates=[\"Departure Date\"])",
      "total-ns": 488994482
    },
    {
      "raw": "df = df\nintended_df_size_in_MB = 1024\nfactor = intended_df_size_in_MB*(2**20)/df.memory_usage(index=True).sum()\nif int(factor) > 0:\n    df = pd.concat([df]*int(factor), ignore_index=True)\nelse:\n    rowCount = int(df.shape[0]*factor)\n    df = df[0:rowCount]\ndf = df\ndf.info()",
      "total-ns": 3171043252
    },
    {
      "raw": "df.head(11)",
      "total-ns": 582726
    },
    {
      "raw": "df.info() ",
      "total-ns": 3775615
    },
    {
      "raw": "df.nunique()",
      "total-ns": 7565088497
    },
    {
      "raw": "df.isnull().sum().sum() #Checking if Null value is present",
      "total-ns": 15598922233
    },
    {
      "raw": "df['Gender']=df['Gender'].astype('category')\ndf['Gender'].unique()",
      "total-ns": 1156005779
    },
    {
      "raw": "df['Age']=df['Age'].astype(int)",
      "total-ns": 108747454
    },
    {
      "raw": "columns = [key for key, value in df.nunique().to_dict().items() if value < 10]",
      "total-ns": 7284636630
    },
    {
      "raw": "count_1 = df['Gender'].value_counts()\ncount_1",
      "total-ns": 66956512
    },
    {
      "raw": "count_2 = df['Country Name'].value_counts()",
      "total-ns": 508236203
    },
    {
      "raw": "df_c= pd.DataFrame(count_2).reset_index().rename(columns={\"index\": \"value\", 0: \"count\"})",
      "total-ns": 2513063
    },
    {
      "raw": "con=df.loc[:,['Country Name','Continents']]\ncon=con.drop_duplicates()\n#new_df=pd.merge_ordered(df_c,con, fill_method= 'ffill', on= 'Country Name')",
      "total-ns": 1787507800
    },
    {
      "raw": "nationality = pd.DataFrame(df['Nationality'].value_counts()).reset_index()",
      "total-ns": 507931382
    },
    {
      "raw": "nationality = nationality.head(20)",
      "total-ns": 685340
    },
    {
      "raw": "nationality.sort_values(by='Nationality', ascending=False, inplace=True)",
      "total-ns": 1127261
    },
    {
      "raw": "fl_stat = pd.DataFrame(df['Flight Status'].value_counts()).reset_index()",
      "total-ns": 504324804
    },
    {
      "raw": "",
      "total-ns": 192879
    }
  ]
}