{
  "cells": [
    {
      "raw": "import numpy as np # linear algebra\nimport pandas as pd # data processing, CSV file I/O (e.g. pd.read_csv)\n\nfrom sklearn.metrics import mean_absolute_error\nfrom sklearn.preprocessing import LabelEncoder\n\nimport pylab as pl\nimport os\nprint(os.listdir(\"../input\"))\n",
      "total-ns": 2272756388
    },
    {
      "raw": "#Cargamos el data set mediante Python y Pandas mediante read_csv\n#Tener en cuenta indicadar el separador como recomendacion con delimiter se recomienda\n#En caso tengamos un campo donde se guarden los ID unico podemos caolocar elnumero de columna en index_col para usarlo de indexacion\ndata = pd.read_csv(\"../input/avocado.csv\",delimiter=\",\",index_col=0)\n\n#Visualizamos el volumen de filas y columnas de nuestros datos\ndata.shape",
      "total-ns": 52323368
    },
    {
      "raw": "df = data\nintended_df_size_in_MB = 1024\nfactor = intended_df_size_in_MB*(2**20)/df.memory_usage(index=True).sum()\nif int(factor) > 0:\n    df = pd.concat([df]*int(factor), ignore_index=True)\nelse:\n    rowCount = int(df.shape[0]*factor)\n    df = df[0:rowCount]\ndata = df\ndata.info()",
      "total-ns": 1338434182
    },
    {
      "raw": "#Podemos mediante el comando info identificar los tipos de campos 123\ndata.info()",
      "total-ns": 3906793
    },
    {
      "raw": "#Vamos a ver un peque\u00f1o resumen de los datos\ndata.head(5)",
      "total-ns": 456501
    },
    {
      "raw": "#Vamos a validar que se cumple ambos formulas\n#Todo aquel registro que no cumpla con la regla pasara a ser una inconsistencia la cual descartaremos.\ndataIncorrecta = data[((data['4046'] + data['4225'] + data['4770'] + data['Total Bags']) != data['Total Volume'] ) | ((data['Small Bags'] + data['Large Bags'] + data['XLarge Bags']) != data['Total Bags'] )]\ndataCorrecta =  data[((data['4046'] + data['4225'] + data['4770'] + data['Total Bags']) == data['Total Volume'] ) & ((data['Small Bags'] + data['Large Bags'] + data['XLarge Bags']) == data['Total Bags'] )]\n\ndataIncorrecta.reset_index(inplace = True)\ndataCorrecta.reset_index(inplace = True)\n\nprint(\"Data Total\",data.shape)\nprint(\"Data Incorrecta\",dataIncorrecta.shape)\nprint(\"Data Correcta\",dataCorrecta.shape)",
      "total-ns": 2530103419
    },
    {
      "raw": "#Analizamos valores perdidos en caso de que existan\ndataCorrecta.isnull().sum()",
      "total-ns": 2238934891
    },
    {
      "raw": "",
      "total-ns": 224815
    },
    {
      "raw": "",
      "total-ns": 80859
    },
    {
      "raw": "dataCorrecta =dataCorrecta[(dataCorrecta['Small Bags']<300000.0) & (dataCorrecta['Large Bags']<150000.0) & (dataCorrecta['XLarge Bags']<10000.0)]\ndataCorrecta.shape",
      "total-ns": 770389405
    },
    {
      "raw": "",
      "total-ns": 191459
    },
    {
      "raw": "",
      "total-ns": 63968
    },
    {
      "raw": "",
      "total-ns": 56638
    },
    {
      "raw": "conventional = dataCorrecta[dataCorrecta.type==\"conventional\"]\norganic = dataCorrecta[dataCorrecta.type==\"organic\"]\n\ngroupBy1_price = conventional.groupby('Date').mean(numeric_only=True)\n\ngroupBy2_price = organic.groupby('Date').mean(numeric_only=True)\n",
      "total-ns": 1664627627
    },
    {
      "raw": "#dataCorrecta['Date2']=pd.to_datetime(dataCorrecta['Date'], format=\"%Y/%m/%d\")\ndataCorrecta['Date'] =dataCorrecta['Date'].astype('datetime64[ns]')\n\n",
      "total-ns": 624022484
    },
    {
      "raw": "#Tenemos que analizar los datos categoricos no numericos, para transformarlos en numericos, o ver si son utiles\ndataCorrecta['type'].value_counts()",
      "total-ns": 228034051
    },
    {
      "raw": "dataCorrecta.head()",
      "total-ns": 736667
    },
    {
      "raw": "dataCorrecta['year'].value_counts()",
      "total-ns": 30406785
    },
    {
      "raw": "dataCorrecta['region'].value_counts()",
      "total-ns": 227669585
    },
    {
      "raw": "",
      "total-ns": 155720
    },
    {
      "raw": "#Analizamos el comportamiento de los procesio por region de las paltas organicos\nmask = dataCorrecta['type']=='organic'\n",
      "total-ns": 295021348
    },
    {
      "raw": "#Analizamos el comportamiento de los procesio por region de las paltas convencionales\nmask = dataCorrecta['type']=='conventional'\n",
      "total-ns": 286993775
    },
    {
      "raw": "label = LabelEncoder()\ndicts = {}\n\nlabel.fit(dataCorrecta.type.drop_duplicates()) \ndicts['type'] = list(label.classes_)\ndataCorrecta.type = label.transform(dataCorrecta.type) ",
      "total-ns": 886286964
    },
    {
      "raw": "dataCorrecta['type'].value_counts()",
      "total-ns": 30572687
    },
    {
      "raw": "#Realizamos una tabla de correlacion, para conocer el nivel de relacion entre los campos y entre nuestro target\ncols = ['AveragePrice','Total Volume','4046','4225','4770','Total Bags','Small Bags','Large Bags','XLarge Bags','year','type']\ncorr = dataCorrecta[cols].corr('spearman') \n",
      "total-ns": 12751349513
    },
    {
      "raw": "#Creamos las variables ficticias para region\nregion_dummi =pd.get_dummies(dataCorrecta['region'], prefix='reg')\nregion_dummi.head()",
      "total-ns": 1628612333
    },
    {
      "raw": "#Agregamos los datos fictios a la data original\ndata_nueva = pd.concat([dataCorrecta, region_dummi], axis=1)\ndata_nueva.head() ",
      "total-ns": 415915943
    },
    {
      "raw": "#eliminamos las columna region\ndata_nueva = data_nueva.drop(labels=['region'], axis=1)\ndata_nueva = data_nueva.drop(labels=['index'], axis=1)",
      "total-ns": 1352553676
    },
    {
      "raw": "#corr = data_nueva.corr('spearman') \n#plt.figure(figsize = ( 35 , 20 )) \n#sns.heatmap(corr,annot=True,fmt='.2f',cmap=\"YlGnBu\");",
      "total-ns": 295792
    },
    {
      "raw": "data_train = pd.DataFrame(index=data_nueva.index)\ntarger_train = pd.DataFrame(index=data_nueva.index)\ndata_train = data_nueva\ntarger_train = data_nueva['AveragePrice']",
      "total-ns": 1266814
    },
    {
      "raw": "data_train['monthy'] = data_train['Date'].astype('datetime64[ns]').apply(lambda ts: ts.month)",
      "total-ns": 9749184445
    },
    {
      "raw": "dummi_month =pd.get_dummies(data_train['monthy'], prefix='month')\ndata_train = pd.concat([data_train, dummi_month], axis=1)",
      "total-ns": 1011168796
    },
    {
      "raw": "data_train = data_train.drop(['monthy'],axis=1)\n#data_train = data_train.drop(['Date'],axis=1)",
      "total-ns": 1107257616
    },
    {
      "raw": "data_train.head(5)",
      "total-ns": 932038
    },
    {
      "raw": "data_train['year'].value_counts()",
      "total-ns": 30926727
    },
    {
      "raw": "region_dummi_fecha =pd.get_dummies(data_train['year'], prefix='year')",
      "total-ns": 201331086
    },
    {
      "raw": "data_train = pd.concat([data_train, region_dummi_fecha], axis=1)",
      "total-ns": 557926800
    },
    {
      "raw": "data_train.head(5)",
      "total-ns": 878153
    },
    {
      "raw": "data_train = data_train.drop(['year'],axis=1)\ndata_train = data_train.drop(['Date'], axis=1)\ndata_train = data_train.drop(['AveragePrice'],axis=1)",
      "total-ns": 2296379252
    },
    {
      "raw": "\ndata_train.head(5)",
      "total-ns": 699514
    },
    {
      "raw": "targer_train.mean()",
      "total-ns": 13272494
    },
    {
      "raw": "",
      "total-ns": 137576
    },
    {
      "raw": "",
      "total-ns": 58124
    },
    {
      "raw": "data_train.head()",
      "total-ns": 415932
    },
    {
      "raw": "",
      "total-ns": 76896
    },
    {
      "raw": "",
      "total-ns": 52889
    },
    {
      "raw": "",
      "total-ns": 47574
    },
    {
      "raw": "",
      "total-ns": 46041
    },
    {
      "raw": "",
      "total-ns": 44369
    },
    {
      "raw": "\n",
      "total-ns": 44790
    },
    {
      "raw": "",
      "total-ns": 44218
    },
    {
      "raw": "",
      "total-ns": 45112
    },
    {
      "raw": "",
      "total-ns": 41962
    }
  ]
}