{
  "cells": [
    {
      "raw": "\nimport os\nos.environ[\"MODIN_ENGINE\"] = \"ray\"\nimport ray\nos.environ['MODIN_CPUS'] = \"4\"\nray.init(num_cpus=4, runtime_env={'env_vars': {'__MODIN_AUTOIMPORT_PANDAS__': '1'}})\nimport modin.pandas as pd\ndf = pd.read_csv(filepath_or_buffer='../input/Airline Dataset.csv', parse_dates=['Departure Date'])\ndf.head()",
      "total-ns": 12615449586
    },
    {
      "raw": "df = df\nintended_df_size_in_MB = 1024\nfactor = intended_df_size_in_MB*(2**20)/df.memory_usage(index=True).sum()\nif int(factor) > 0:\n    df = pd.concat([df]*int(factor), ignore_index=True)\nelse:\n    rowCount = int(df.shape[0]*factor)\n    df = df[0:rowCount]\ndf = df\ndf.info()",
      "total-ns": 42187951099
    },
    {
      "raw": "df.info()",
      "total-ns": 44122415418
    },
    {
      "raw": "df.nunique()",
      "total-ns": 55709850
    },
    {
      "raw": "df['Departure Date'].dt.year.value_counts()",
      "total-ns": 68493956489
    },
    {
      "raw": "df['Last Name'].value_counts().nlargest(n=10)",
      "total-ns": 47060305452
    }
  ]
}