{
  "cells": [
    {
      "raw": "\nimport os\nos.environ[\"MODIN_ENGINE\"] = \"ray\"\nimport ray\nos.environ['MODIN_CPUS'] = \"4\"\nray.init(num_cpus=4, runtime_env={'env_vars': {'__MODIN_AUTOIMPORT_PANDAS__': '1'}})\nimport modin.pandas as pd\nimport numpy as np\n\npd.plotting.register_matplotlib_converters()\nimport matplotlib.pyplot as plt\n%matplotlib inline\nimport seaborn as sns",
      "total-ns": 6578389643
    },
    {
      "raw": "data =  pd.read_csv('../input/used_cars_Pakistan.csv',index_col=0)\ndata",
      "total-ns": 6543351156
    },
    {
      "raw": "df = data\nintended_df_size_in_MB = 1024\nfactor = intended_df_size_in_MB*(2**20)/df.memory_usage(index=True).sum()\nif int(factor) > 0:\n    df = pd.concat([df]*int(factor), ignore_index=True)\nelse:\n    rowCount = int(df.shape[0]*factor)\n    df = df[0:rowCount]\ndata = df\ndata.info()",
      "total-ns": 13331211297
    },
    {
      "raw": "data.make.value_counts().head(10)",
      "total-ns": 9957386685
    },
    {
      "raw": "data.model.value_counts().head(10)",
      "total-ns": 8849080224
    },
    {
      "raw": "data.city.value_counts().head(10)",
      "total-ns": 8858071589
    },
    {
      "raw": "data.year.value_counts().head(10)",
      "total-ns": 6669084475
    },
    {
      "raw": "data.Engine_displacement.value_counts().head(5)",
      "total-ns": 6393899682
    },
    {
      "raw": "data.Battery.value_counts().head()",
      "total-ns": 5617679812
    },
    {
      "raw": "100*(len(data)-data.Battery.isnull().sum())/len(data)",
      "total-ns": 5424934523
    },
    {
      "raw": "data.Price_Rs.mean()",
      "total-ns": 5516570269
    },
    {
      "raw": "data.Price_Rs.median()",
      "total-ns": 5971588104
    },
    {
      "raw": "",
      "total-ns": 374587
    }
  ]
}