{
  "cells": [
    {
      "raw": "import warnings\nwarnings.filterwarnings('ignore')\nimport numpy as np\nimport pandas as pd",
      "total-ns": 393631856
    },
    {
      "raw": "df=pd.read_csv(r'../input/churn-bigml-80.csv')",
      "total-ns": 15585374
    },
    {
      "raw": "df = df\nintended_df_size_in_MB = 1024\nfactor = intended_df_size_in_MB*(2**20)/df.memory_usage(index=True).sum()\nif int(factor) > 0:\n    df = pd.concat([df]*int(factor), ignore_index=True)\nelse:\n    rowCount = int(df.shape[0]*factor)\n    df = df[0:rowCount]\ndf = df\ndf.info()",
      "total-ns": 2975865970
    },
    {
      "raw": "df.head()",
      "total-ns": 705966
    },
    {
      "raw": "df.shape",
      "total-ns": 313596
    },
    {
      "raw": "df.columns",
      "total-ns": 202164
    },
    {
      "raw": "df.nunique()",
      "total-ns": 1918325358
    },
    {
      "raw": "df.info()",
      "total-ns": 5261564
    },
    {
      "raw": "df[\"Churn\"] = df[\"Churn\"].astype(\"int64\")",
      "total-ns": 72346403
    },
    {
      "raw": "df.info()",
      "total-ns": 5847378
    },
    {
      "raw": "df.describe().T",
      "total-ns": 6690771486
    },
    {
      "raw": "df.describe(include=[\"object\"]).T",
      "total-ns": 3046965951
    },
    {
      "raw": "df[\"Churn\"].value_counts()",
      "total-ns": 46212465
    },
    {
      "raw": "df[\"Churn\"].value_counts(normalize=True)",
      "total-ns": 46534436
    },
    {
      "raw": "df.sort_values(by=\"Total day charge\", ascending=False).head()",
      "total-ns": 7020970007
    },
    {
      "raw": "df.sort_values(by=[\"Total day charge\", 'Total day calls'], ascending=[True, False]).head()",
      "total-ns": 8496607247
    },
    {
      "raw": "df.loc[0:5, \"State\":\"Area code\"]",
      "total-ns": 2690506
    },
    {
      "raw": "df.iloc[0:5, 0:3]",
      "total-ns": 751698
    },
    {
      "raw": "df.groupby(\"Churn\")[\"Total day minutes\"].mean()",
      "total-ns": 157112780
    },
    {
      "raw": "columns_to_show = [\"Total day minutes\", \"Total eve minutes\", \"Total night minutes\"]\n\ndf.groupby([\"Churn\"])[columns_to_show].agg(['mean', 'std', 'max', 'min'])",
      "total-ns": 2443403828
    },
    {
      "raw": "df.apply(np.max)",
      "total-ns": 1779706717
    },
    {
      "raw": "df[ (df[\"Churn\"] == 0) & (df[\"International plan\"] == \"No\") ][\"Total intl minutes\"].max()",
      "total-ns": 1386508849
    },
    {
      "raw": "pd.crosstab(df[\"Churn\"], df[\"International plan\"])",
      "total-ns": 1277228073
    },
    {
      "raw": "pd.crosstab(df[\"Churn\"], df[\"International plan\"], normalize=True)",
      "total-ns": 1088796719
    },
    {
      "raw": "total_calls = (\n    df[\"Total day calls\"]\n    + df[\"Total eve calls\"]\n    + df[\"Total night calls\"]\n    + df[\"Total intl calls\"]\n)\n\ndf.insert(loc=len(df.columns), column=\"Total calls\", value=total_calls)",
      "total-ns": 113399040
    },
    {
      "raw": "d = {\"No\": 0, \"Yes\": 1}",
      "total-ns": 463408
    },
    {
      "raw": "df[\"International plan\"] = df[\"International plan\"].map(d)",
      "total-ns": 556237064
    },
    {
      "raw": "df = df.replace({\"Voice mail plan\": d})",
      "total-ns": 4312487660
    },
    {
      "raw": "df.head()",
      "total-ns": 659600
    },
    {
      "raw": "df[\"Total charge\"] =df[\"Total day charge\"] + df[\"Total eve charge\"] + df[\"Total night charge\"] + df[\"Total intl charge\"]",
      "total-ns": 105838798
    },
    {
      "raw": "df.head()",
      "total-ns": 600742
    },
    {
      "raw": "df.drop([\"Total charge\", \"Total day calls\"], axis=1, inplace=True)",
      "total-ns": 534998934
    },
    {
      "raw": "df.head()",
      "total-ns": 610461
    },
    {
      "raw": "",
      "total-ns": 98126
    },
    {
      "raw": "",
      "total-ns": 58277
    },
    {
      "raw": "",
      "total-ns": 52564
    },
    {
      "raw": "",
      "total-ns": 48890
    }
  ]
}