{
  "cells": [
    {
      "raw": "\nimport matplotlib.pyplot as plt\nimport os\n\nimport os\nos.environ[\"MODIN_ENGINE\"] = \"ray\"\nimport ray\nos.environ['MODIN_CPUS'] = \"4\"\nray.init(num_cpus=4, runtime_env={'env_vars': {'__MODIN_AUTOIMPORT_PANDAS__': '1'}})\nimport modin.pandas as pd\n",
      "total-ns": 5625797873
    },
    {
      "raw": "data=pd.read_csv(\"../input/superstore/SampleSuperstore.csv\")",
      "total-ns": 7414750484
    },
    {
      "raw": "df = data\nintended_df_size_in_MB = 1024\nfactor = intended_df_size_in_MB*(2**20)/df.memory_usage(index=True).sum()\nif int(factor) > 0:\n    df = pd.concat([df]*int(factor), ignore_index=True)\nelse:\n    rowCount = int(df.shape[0]*factor)\n    df = df[0:rowCount]\ndata = df\ndata.info()",
      "total-ns": 30646361614
    },
    {
      "raw": "data.head()",
      "total-ns": 16337479
    },
    {
      "raw": "data.info()",
      "total-ns": 31297128705
    },
    {
      "raw": "data.duplicated().sum()",
      "total-ns": 484162832483
    },
    {
      "raw": "# STEFANOS: Disable this. It undos the data replication.\n# data.drop_duplicates(inplace= True)",
      "total-ns": 638173
    },
    {
      "raw": "data.info()",
      "total-ns": 24739684066
    },
    {
      "raw": "data.drop([\"Postal Code\"], axis=1,inplace= True)",
      "total-ns": 14078729
    },
    {
      "raw": "data.info()",
      "total-ns": 29991622847
    },
    {
      "raw": "data.corr()",
      "total-ns": 8080598863
    },
    {
      "raw": "# STEFANOS: Disable plotting\n# sns.heatmap(data.corr(), annot=True)",
      "total-ns": 632996
    },
    {
      "raw": "data[\"Ship Mode\"].value_counts()",
      "total-ns": 9430940107
    },
    {
      "raw": "# STEFANOS: Disable plotting\n# sns.countplot(x= data['Ship Mode'])",
      "total-ns": 844777
    },
    {
      "raw": "data[\"Segment\"].value_counts()",
      "total-ns": 7582431887
    },
    {
      "raw": "# STEFANOS: Disable plotting\n# sns.countplot(x= data['Segment'])",
      "total-ns": 3552358
    },
    {
      "raw": "data[\"Category\"].value_counts()",
      "total-ns": 6733832006
    },
    {
      "raw": "# STEFANOS: Disable plotting\n# sns.countplot(x= data['Category'])",
      "total-ns": 544963
    },
    {
      "raw": "data[\"Sub-Category\"].value_counts()\n",
      "total-ns": 5509821845
    },
    {
      "raw": "# STEFANOS: Disable plotting\n# plt.figure(figsize=(15,15))\n# plt.pie(data[\"Sub-Category\"].value_counts(), labels= data[\"Sub-Category\"].value_counts().index, autopct =\"%2f\")\n# plt.show()",
      "total-ns": 577381
    },
    {
      "raw": "st_profit=data.groupby([\"State\"])[\"Profit\"].sum().nlargest(20)",
      "total-ns": 10417445532
    },
    {
      "raw": "st_profit",
      "total-ns": 491945
    },
    {
      "raw": "# STEFANOS: Disable plotting\n# plt.figure(figsize=(15,8))\n# st_profit.plot.bar()",
      "total-ns": 157090
    },
    {
      "raw": "# STEFANOS: Disable plotting\n# sns.lineplot(data=data, x=\"Discount\", y= \"Profit\")",
      "total-ns": 101901
    },
    {
      "raw": "# STEFANOS: Disable plotting\n# data.plot(kind=\"scatter\",x=\"Sales\",y=\"Profit\", c=\"Discount\", colormap=\"Set1\",figsize=(10,10))",
      "total-ns": 96677
    },
    {
      "raw": "# %%time\ndata1= data.groupby(\"State\")[[\"Sales\",\"Profit\"]].sum().sort_values(by=\"Sales\", ascending=False)\n# STEFANOS: Disable plotting\n# data1[:].plot.bar(color = [\"Green\",\"Red\"], figsize=(20,12))\n# plt.title(\"Profit-Loss and Sales across States\")\n# plt.show()",
      "total-ns": 8569021459
    },
    {
      "raw": "data1= data.groupby(\"Region\")[[\"Sales\",\"Profit\"]].sum().sort_values(by=\"Sales\", ascending=False)\n# STEFANOS: Disable plotting\n# data1[:].plot.bar(color = [\"Blue\",\"Red\"], figsize=(10,7))\n# plt.title(\"Profit-Loss and Sales across Region\")\n# plt.show()",
      "total-ns": 9841812595
    }
  ]
}