{
  "cells": [
    {
      "raw": "\nimport matplotlib.pyplot as plt\nimport seaborn as sns\nimport os\n\nimport os\nos.environ[\"MODIN_ENGINE\"] = \"ray\"\nimport ray\nos.environ['MODIN_CPUS'] = \"4\"\nray.init(num_cpus=4, runtime_env={'env_vars': {'__MODIN_AUTOIMPORT_PANDAS__': '1'}})\nimport modin.pandas as pd\n",
      "total-ns": 6000771175
    },
    {
      "raw": "data=pd.read_csv(\"../input/superstore/SampleSuperstore.csv\")",
      "total-ns": 7433168771
    },
    {
      "raw": "df = data\nintended_df_size_in_MB = 1024\nfactor = intended_df_size_in_MB*(2**20)/df.memory_usage(index=True).sum()\nif int(factor) > 0:\n    df = pd.concat([df]*int(factor), ignore_index=True)\nelse:\n    rowCount = int(df.shape[0]*factor)\n    df = df[0:rowCount]\ndata = df\ndata.info()",
      "total-ns": 30197140481
    },
    {
      "raw": "data.head()",
      "total-ns": 15788293
    },
    {
      "raw": "data.info()",
      "total-ns": 32151344196
    },
    {
      "raw": "data.duplicated().sum()",
      "total-ns": 498772258075
    },
    {
      "raw": "data.drop_duplicates(inplace= True)",
      "total-ns": 476639227121
    },
    {
      "raw": "data.info()",
      "total-ns": 5670858686
    },
    {
      "raw": "data.drop([\"Postal Code\"], axis=1,inplace= True)",
      "total-ns": 3044620
    },
    {
      "raw": "data.info()",
      "total-ns": 131710840
    },
    {
      "raw": "data.corr()",
      "total-ns": 45695562
    },
    {
      "raw": "# sns.heatmap(data.corr(), annot=True)\n_ = data.corr()",
      "total-ns": 95384880
    },
    {
      "raw": "data[\"Ship Mode\"].value_counts()",
      "total-ns": 93566825
    },
    {
      "raw": "# STEFANOS: Disable plotting\n# sns.countplot(x= data['Ship Mode'])",
      "total-ns": 379598
    },
    {
      "raw": "data[\"Segment\"].value_counts()",
      "total-ns": 117970338
    },
    {
      "raw": "# STEFANOS: Disable plotting\n# sns.countplot(x= data['Segment'])",
      "total-ns": 400541
    },
    {
      "raw": "data[\"Category\"].value_counts()",
      "total-ns": 80183277
    },
    {
      "raw": "# STEFANOS: Disable plotting\n# sns.countplot(x= data['Category'])",
      "total-ns": 388447
    },
    {
      "raw": "data[\"Sub-Category\"].value_counts()\n",
      "total-ns": 79865813
    },
    {
      "raw": "# STEFANOS: Disable plotting\n# plt.figure(figsize=(15,15))\n# plt.pie(data[\"Sub-Category\"].value_counts(), labels= data[\"Sub-Category\"].value_counts().index, autopct =\"%2f\")\n# plt.show()",
      "total-ns": 451766
    },
    {
      "raw": "st_profit=data.groupby([\"State\"])[\"Profit\"].sum().nlargest(20)",
      "total-ns": 67167120
    },
    {
      "raw": "st_profit",
      "total-ns": 403999
    },
    {
      "raw": "# STEFANOS: Disable plotting\n# plt.figure(figsize=(15,8))\n# st_profit.plot.bar()",
      "total-ns": 132571
    },
    {
      "raw": "# STEFANOS: Disable plotting\n# sns.lineplot(data=data, x=\"Discount\", y= \"Profit\")",
      "total-ns": 114400
    },
    {
      "raw": "# STEFANOS: Disable plotting\n# data.plot(kind=\"scatter\",x=\"Sales\",y=\"Profit\", c=\"Discount\", colormap=\"Set1\",figsize=(10,10))",
      "total-ns": 97864
    },
    {
      "raw": "data1= data.groupby(\"State\")[[\"Sales\",\"Profit\"]].sum().sort_values(by=\"Sales\", ascending=False)\n# STEFANOS: Disable plotting\n# data1[:].plot.bar(color = [\"Green\",\"Red\"], figsize=(20,12))\n# plt.title(\"Profit-Loss and Sales across States\")\n# plt.show()",
      "total-ns": 78151364
    },
    {
      "raw": "\ndata1= data.groupby(\"Region\")[[\"Sales\",\"Profit\"]].sum().sort_values(by=\"Sales\", ascending=False)\n# STEFANOS: Disable plotting\n# data1[:].plot.bar(color = [\"Blue\",\"Red\"], figsize=(10,7))\n# plt.title(\"Profit-Loss and Sales across Region\")\n# plt.show()\n",
      "total-ns": 74564307
    }
  ]
}