{
  "cells": [
    {
      "raw": "import os\nimport numpy as np\n\nimport os\nos.environ[\"MODIN_ENGINE\"] = \"ray\"\nimport ray\nos.environ['MODIN_CPUS'] = \"4\"\nray.init(num_cpus=4, runtime_env={'env_vars': {'__MODIN_AUTOIMPORT_PANDAS__': '1'}})\nimport modin.pandas as pd\n\n# import seaborn as sns\n# import plotly.express as px \n# import matplotlib.pyplot as plt\n%matplotlib inline\n\nfrom sklearn.cluster import KMeans\nfrom sklearn.preprocessing import StandardScaler\nfrom sklearn.pipeline import Pipeline\nfrom sklearn.manifold import TSNE\nfrom sklearn.decomposition import PCA\nfrom sklearn.metrics import euclidean_distances\nfrom scipy.spatial.distance import cdist\n\nimport warnings\nwarnings.filterwarnings(\"ignore\")",
      "total-ns": 8818761326
    },
    {
      "raw": "data = pd.read_csv(\"../input/data.csv\")\ngenre_data = pd.read_csv('../input/data_by_genres.csv')\nyear_data = pd.read_csv('../input/data_by_year.csv')",
      "total-ns": 8317204611
    },
    {
      "raw": "df = data\nintended_df_size_in_MB = 1024\nfactor = intended_df_size_in_MB*(2**20)/(data.memory_usage(index=True).sum()+genre_data.memory_usage(index=True).sum()+year_data.memory_usage(index=True).sum())\nif int(factor) > 0:\n    df = pd.concat([df]*int(factor), ignore_index=True)\nelse:\n    rowCount = int(df.shape[0]*factor)\n    df = df[0:rowCount]\ndata = df\n\ndf = genre_data\nif int(factor) > 0:\n    df = pd.concat([df]*int(factor), ignore_index=True)\nelse:\n    rowCount = int(df.shape[0]*factor)\n    df = df[0:rowCount]\ngenre_data = df\n\ndf = year_data\nif int(factor) > 0:\n    df = pd.concat([df]*int(factor), ignore_index=True)\nelse:\n    rowCount = int(df.shape[0]*factor)\n    df = df[0:rowCount]\nyear_data = df\n    \ndata.info()\ngenre_data.info()\nyear_data.info()",
      "total-ns": 21683162193
    },
    {
      "raw": "print(data.info())",
      "total-ns": 19473784439
    },
    {
      "raw": "print(genre_data.info())",
      "total-ns": 478104116
    },
    {
      "raw": "print(year_data.info())",
      "total-ns": 476994570
    },
    {
      "raw": "# from yellowbrick.target import FeatureCorrelation\n\nfeature_names = ['acousticness', 'danceability', 'energy', 'instrumentalness',\n       'liveness', 'loudness', 'speechiness', 'tempo', 'valence','duration_ms','explicit','key','mode','year']\n\nX, y = data[feature_names], data['popularity']\n\n# Create a list of the feature names\nfeatures = np.array(feature_names)\n\n# Instantiate the visualizer\n# visualizer = FeatureCorrelation(labels=features)\n\n# plt.rcParams['figure.figsize']=(20,20)\n# visualizer.fit(X, y)     # Fit the data to the visualizer\n# visualizer.show()",
      "total-ns": 28993692
    },
    {
      "raw": "def get_decade(year):\n    period_start = int(year/10) * 10\n    decade = '{}s'.format(period_start)\n    return decade\n\ndata['decade'] = data['year'].apply(get_decade)\n\n# sns.set(rc={'figure.figsize':(11 ,6)})\n# sns.countplot(data['decade'])",
      "total-ns": 63538852898
    },
    {
      "raw": "sound_features = ['acousticness', 'danceability', 'energy', 'instrumentalness', 'liveness', 'valence']\n# fig = px.line(year_data, x='year', y=sound_features)\n# fig.show()",
      "total-ns": 1012109
    },
    {
      "raw": "top10_genres = genre_data.nlargest(10, 'popularity')\n\n# fig = px.bar(top10_genres, x='genres', y=['valence', 'energy', 'danceability', 'acousticness'], barmode='group')\n# fig.show()",
      "total-ns": 22346513556
    },
    {
      "raw": "# from sklearn.cluster import KMeans\n# from sklearn.preprocessing import StandardScaler\n# from sklearn.pipeline import Pipeline\n# \n# cluster_pipeline = Pipeline([('scaler', StandardScaler()), ('kmeans', KMeans(n_clusters=10))])\n# X = genre_data.select_dtypes(np.number)\n# cluster_pipeline.fit(X)\n# genre_data['cluster'] = cluster_pipeline.predict(X)",
      "total-ns": 552881
    },
    {
      "raw": "# Visualizing the Clusters with t-SNE\n\n# from sklearn.manifold import TSNE\n\n# tsne_pipeline = Pipeline([('scaler', StandardScaler()), ('tsne', TSNE(n_components=2, verbose=1))])\n# genre_embedding = tsne_pipeline.fit_transform(X)\n# projection = pd.DataFrame(columns=['x', 'y'], data=genre_embedding)\n# projection['genres'] = genre_data['genres']\n# projection['cluster'] = genre_data['cluster']\n\n# fig = px.scatter(\n#     projection, x='x', y='y', color='cluster', hover_data=['x', 'y', 'genres'])\n# fig.show()",
      "total-ns": 386830
    },
    {
      "raw": "# song_cluster_pipeline = Pipeline([('scaler', StandardScaler()), \n#                                   ('kmeans', KMeans(n_clusters=20, \n#                                    verbose=False))\n#                                  ], verbose=False)\n# \n# X = data.select_dtypes(np.number)\n# number_cols = list(X.columns)\n# song_cluster_pipeline.fit(X)\n# song_cluster_labels = song_cluster_pipeline.predict(X)\n# data['cluster_label'] = song_cluster_labels",
      "total-ns": 379207
    },
    {
      "raw": "# Visualizing the Clusters with PCA\n\n# from sklearn.decomposition import PCA\n\n# pca_pipeline = Pipeline([('scaler', StandardScaler()), ('PCA', PCA(n_components=2))])\n# song_embedding = pca_pipeline.fit_transform(X)\n# projection = pd.DataFrame(columns=['x', 'y'], data=song_embedding)\n# projection['title'] = data['name']\n# projection['cluster'] = data['cluster_label']\n\n# fig = px.scatter(\n#     projection, x='x', y='y', color='cluster', hover_data=['x', 'y', 'title'])\n# fig.show()",
      "total-ns": 278827
    },
    {
      "raw": "# !pip install spotipy",
      "total-ns": 369383
    },
    {
      "raw": "# import spotipy\n# from spotipy.oauth2 import SpotifyClientCredentials\n# from collections import defaultdict\n\n# sp = spotipy.Spotify(auth_manager=SpotifyClientCredentials(client_id=os.environ[\"SPOTIFY_CLIENT_ID\"],\n#                                                            client_secret=os.environ[\"SPOTIFY_CLIENT_SECRET\"]))\n\n# def find_song(name, year):\n#     song_data = defaultdict()\n#     results = sp.search(q= 'track: {} year: {}'.format(name,year), limit=1)\n#     if results['tracks']['items'] == []:\n#         return None\n\n#     results = results['tracks']['items'][0]\n#     track_id = results['id']\n#     audio_features = sp.audio_features(track_id)[0]\n\n#     song_data['name'] = [name]\n#     song_data['year'] = [year]\n#     song_data['explicit'] = [int(results['explicit'])]\n#     song_data['duration_ms'] = [results['duration_ms']]\n#     song_data['popularity'] = [results['popularity']]\n\n#     for key, value in audio_features.items():\n#         song_data[key] = value\n\n#     return pd.DataFrame(song_data)",
      "total-ns": 445237
    },
    {
      "raw": "# from collections import defaultdict\n# from sklearn.metrics import euclidean_distances\n# from scipy.spatial.distance import cdist\n# import difflib\n\n# number_cols = ['valence', 'year', 'acousticness', 'danceability', 'duration_ms', 'energy', 'explicit',\n#  'instrumentalness', 'key', 'liveness', 'loudness', 'mode', 'popularity', 'speechiness', 'tempo']\n\n\n# def get_song_data(song, spotify_data):\n    \n#     try:\n#         song_data = spotify_data[(spotify_data['name'] == song['name']) \n#                                 & (spotify_data['year'] == song['year'])].iloc[0]\n#         return song_data\n    \n#     except IndexError:\n#         return find_song(song['name'], song['year'])\n        \n\n# def get_mean_vector(song_list, spotify_data):\n    \n#     song_vectors = []\n    \n#     for song in song_list:\n#         song_data = get_song_data(song, spotify_data)\n#         if song_data is None:\n#             print('Warning: {} does not exist in Spotify or in database'.format(song['name']))\n#             continue\n#         song_vector = song_data[number_cols].values\n#         song_vectors.append(song_vector)  \n    \n#     song_matrix = np.array(list(song_vectors))\n#     return np.mean(song_matrix, axis=0)\n\n\n# def flatten_dict_list(dict_list):\n    \n#     flattened_dict = defaultdict()\n#     for key in dict_list[0].keys():\n#         flattened_dict[key] = []\n    \n#     for dictionary in dict_list:\n#         for key, value in dictionary.items():\n#             flattened_dict[key].append(value)\n            \n#     return flattened_dict\n\n\n# def recommend_songs( song_list, spotify_data, n_songs=10):\n    \n#     metadata_cols = ['name', 'year', 'artists']\n#     song_dict = flatten_dict_list(song_list)\n    \n#     song_center = get_mean_vector(song_list, spotify_data)\n#     scaler = song_cluster_pipeline.steps[0][1]\n#     scaled_data = scaler.transform(spotify_data[number_cols])\n#     scaled_song_center = scaler.transform(song_center.reshape(1, -1))\n#     distances = cdist(scaled_song_center, scaled_data, 'cosine')\n#     index = list(np.argsort(distances)[:, :n_songs][0])\n    \n#     rec_songs = spotify_data.iloc[index]\n#     rec_songs = rec_songs[~rec_songs['name'].isin(song_dict['name'])]\n#     return rec_songs[metadata_cols].to_dict(orient='records')",
      "total-ns": 851249
    },
    {
      "raw": "# recommend_songs([{'name': 'Come As You Are', 'year':1991},\n#                 {'name': 'Smells Like Teen Spirit', 'year': 1991},\n#                 {'name': 'Lithium', 'year': 1992},\n#                 {'name': 'All Apologies', 'year': 1993},\n#                 {'name': 'Stay Away', 'year': 1993}],  data)",
      "total-ns": 208244
    },
    {
      "raw": "",
      "total-ns": 100456
    }
  ]
}