{
  "cells": [
    {
      "raw": "import os\n\nimport os\nos.environ[\"MODIN_ENGINE\"] = \"ray\"\nimport ray\nos.environ['MODIN_CPUS'] = \"4\"\nray.init(num_cpus=4, runtime_env={'env_vars': {'__MODIN_AUTOIMPORT_PANDAS__': '1'}})\nimport modin.pandas as pd\nimport numpy as np\nimport matplotlib.pyplot as plt\nimport seaborn as sns",
      "total-ns": 5620373862
    },
    {
      "raw": "course = pd.read_csv(\"../input/course-reviews-university-of-waterloo/course_data_clean.csv\")",
      "total-ns": 4904584749
    },
    {
      "raw": "df = course\nintended_df_size_in_MB = 1024\nfactor = intended_df_size_in_MB*(2**20)/df.memory_usage(index=True).sum()\nif int(factor) > 0:\n    df = pd.concat([df]*int(factor), ignore_index=True)\nelse:\n    rowCount = int(df.shape[0]*factor)\n    df = df[0:rowCount]\ncourse = df\ncourse.info()",
      "total-ns": 30877941939
    },
    {
      "raw": "course.shape",
      "total-ns": 718200
    },
    {
      "raw": "course.head(10)",
      "total-ns": 11236320
    },
    {
      "raw": "course.tail(10)",
      "total-ns": 17943130
    },
    {
      "raw": "course.describe()",
      "total-ns": 559705371
    },
    {
      "raw": "course.info()",
      "total-ns": 344837465225
    },
    {
      "raw": "course = course.dropna()",
      "total-ns": 154901380
    },
    {
      "raw": "course[[\"course_unit\", \"course_num\"]] = course[\"course_code\"].str.split(\" \", expand=True)",
      "total-ns": 108412076656
    },
    {
      "raw": "course",
      "total-ns": 2085350
    },
    {
      "raw": "course[course[\"num_reviews\"] < 10].index",
      "total-ns": 20683130389
    },
    {
      "raw": "course.drop(course[course[\"num_reviews\"] < 10].index, inplace=True)",
      "total-ns": 30142243747
    },
    {
      "raw": "course",
      "total-ns": 535160
    },
    {
      "raw": "for i in [\"useful\", \"easy\", \"liked\"]:\n    course[i] = course[i].str.replace(\"%\", \"\")\n    course[i] = course[i].astype(\"int\")",
      "total-ns": 301188981
    },
    {
      "raw": "course.set_index(\"course_unit\", inplace=True)",
      "total-ns": 41700831030
    },
    {
      "raw": "course",
      "total-ns": 436130
    },
    {
      "raw": "course.drop([\"course_title\", \"reviews\", \"course_rating\"], axis=1, inplace=True)",
      "total-ns": 2619010
    },
    {
      "raw": "course",
      "total-ns": 286911
    },
    {
      "raw": "course.info()",
      "total-ns": 31255223529
    },
    {
      "raw": "course_gp = course.groupby(\"course_unit\").mean()",
      "total-ns": 26103058599
    },
    {
      "raw": "course_gp",
      "total-ns": 433110
    },
    {
      "raw": "# STEFANOS-DISABLE-FOR-MODIN: Modin seems to fail in the LHS, giving an error that \"course_rating_mean\" is\n# not in the DF. Of course, it's valid code because we're creating this column here.\n# The problem we cannot just disable this code because follow-up code depends on this column. So, we will create\n# the column before the loop so that indexing in the LHS does not fail.\n\n###### ORIGINAL CODE ###########\n# for i in course_gp.index:\n#     course.loc[i, \"course_rating_mean\"] = course_gp.loc[i, \"course_rating_int\"]\n\n###### CODE THAT MODIN CAN RUN ########\ncourse[\"course_rating_mean\"] = None\nfor i in course_gp.index:\n    course.loc[i, \"course_rating_mean\"] = course_gp.loc[i, \"course_rating_int\"]",
      "total-ns": 50577807186
    },
    {
      "raw": "course",
      "total-ns": 409100
    },
    {
      "raw": "course.reset_index(inplace=True)",
      "total-ns": 4723233158
    },
    {
      "raw": "course",
      "total-ns": 512520
    },
    {
      "raw": "course.groupby(\"course_unit\").mean()[\"course_rating_int\"]",
      "total-ns": 143939739155
    },
    {
      "raw": "course[course[\"course_code\"].str.startswith(\"CS\")].value_counts()",
      "total-ns": 43311771343
    },
    {
      "raw": "course",
      "total-ns": 535520
    },
    {
      "raw": "# STEFANOS: Disable plotting\n# plt.figure(figsize=(25,20))\n# sns.pairplot(data=course)\n# plt.show()",
      "total-ns": 190131
    },
    {
      "raw": "# STEFANOS: Disable plotting\n# plt.figure(figsize=(12,10))\n# sns.scatterplot(x=\"num_ratings\", y=\"course_rating_mean\", data=course)\n# plt.show()",
      "total-ns": 165460
    },
    {
      "raw": "# STEFANOS: Disable plotting\n# plt.figure(figsize=(12,10))\n# sns.scatterplot(x=\"num_reviews\", y=\"course_rating_mean\", data=course)\n# plt.show()",
      "total-ns": 156920
    },
    {
      "raw": "# STEFANOS: Disable plotting\n# plt.figure(figsize=(25,20))\n# sns.scatterplot(x=\"useful\", y=\"course_rating_mean\", hue=\"course_unit\", data=course)\n# plt.xlabel(\"useful\", fontsize = 20)\n# plt.ylabel(\"Course Rating Mean\", fontsize = 20)\n# plt.show()",
      "total-ns": 215120
    },
    {
      "raw": "# STEFANOS: Disable plotting\n# plt.figure(figsize=(25,20))\n# sns.scatterplot(x=\"easy\", y=\"course_rating_mean\", hue=\"course_unit\", data=course)\n# plt.xlabel(\"easy\", fontsize = 20)\n# plt.ylabel(\"Course Rating Mean\", fontsize = 20)\n# plt.show()",
      "total-ns": 397971
    },
    {
      "raw": "# STEFANOS: Disable plotting\n# plt.figure(figsize=(25,20))\n# sns.scatterplot(x=\"liked\", y=\"course_rating_mean\", hue=\"course_unit\", data=course)\n# plt.xlabel(\"liked\", fontsize = 20)\n# plt.ylabel(\"Course Rating Mean\", fontsize = 20)\n# plt.show()",
      "total-ns": 342571
    },
    {
      "raw": "course.sort_values(\"course_rating_mean\", ascending=False, inplace=True)\n\n# STEFANOS: Disable plotting\n# plt.figure(figsize=(25,20))\n# sns.set_palette(\"Pastel1\")\n# sns.barplot(x=\"course_rating_mean\", y=\"course_unit\", data=course)\n# plt.xlabel(\"Course Rating Mean\", fontsize = 20)\n# plt.ylabel(\"Course Unit\", fontsize = 20)\n# plt.show()",
      "total-ns": 67976881379
    },
    {
      "raw": "course.reset_index(inplace=True)",
      "total-ns": 27631497643
    },
    {
      "raw": "course.set_index(\"course_unit\", inplace=True)",
      "total-ns": 7735794435
    },
    {
      "raw": "course.loc[\"KOREA\", \"course_rating_mean\"].value_counts()",
      "total-ns": 1114221352
    },
    {
      "raw": "KOREA = course.loc[\"KOREA\", :]",
      "total-ns": 353715691
    },
    {
      "raw": "# STEFANOS: Disable plotting\n# plt.figure(figsize=(10,10))\n# sns.barplot(x=\"course_code\", y=\"course_rating_mean\", data=KOREA)\n# plt.xlabel(\"KOREA course\", fontsize = 20)\n# plt.ylabel(\"Course Rating Mean\", fontsize = 20)\n# plt.show()",
      "total-ns": 224000
    },
    {
      "raw": "course.loc[\"CHINA\", \"course_rating_mean\"].value_counts()",
      "total-ns": 723342341
    },
    {
      "raw": "china = course.loc[\"CHINA\", :]",
      "total-ns": 356680371
    },
    {
      "raw": "# STEFANOS: Disable plotting\n# plt.figure(figsize=(10,10))\n# sns.barplot(x=\"course_code\", y=\"course_rating_mean\", data=china)\n# plt.xlabel(\"CHINA course\", fontsize = 20)\n# plt.ylabel(\"Course Rating Mean\", fontsize = 20)\n# plt.show()",
      "total-ns": 238420
    },
    {
      "raw": "course.loc[\"CHINA\", \"course_rating_mean\"].value_counts()",
      "total-ns": 697617721
    },
    {
      "raw": "span = course.loc[\"SPAN\", :]\n\n# STEFANOS: Disable plotting\n# plt.figure(figsize=(10,10))\n# sns.barplot(x=\"course_code\", y=\"course_rating_mean\", data=span)\n# plt.xlabel(\"SPANISH course\", fontsize = 20)\n# plt.ylabel(\"Course Rating Mean\", fontsize = 20)\n# plt.show()",
      "total-ns": 358236601
    },
    {
      "raw": "course.loc[\"CS\", \"course_rating_mean\"].value_counts()",
      "total-ns": 1345482132
    },
    {
      "raw": "cs = course.loc[\"CS\", :]\ncs",
      "total-ns": 601398111
    },
    {
      "raw": "cs_mean = cs.groupby(\"course_code\").mean().sort_values(\"course_rating_int\", ascending=False)\ncs_mean",
      "total-ns": 9985538999
    },
    {
      "raw": "# STEFANOS: Disable plotting\n# plt.figure(figsize=(15,10))\n# sns.barplot(x=\"course_rating_int\", y=cs_mean.index, data=cs_mean)\n# plt.xlabel(\"Course Rating Mean\", fontsize = 20)\n# plt.ylabel(\"CS Course\", fontsize = 20)\n# plt.show()",
      "total-ns": 611669
    },
    {
      "raw": "course.loc[\"WKRPT\", \"course_rating_mean\"].value_counts()",
      "total-ns": 777119121
    },
    {
      "raw": "wkrpt = course.loc[\"WKRPT\", :]\nwkrpt",
      "total-ns": 358063411
    },
    {
      "raw": "wkrpt_mean = wkrpt.groupby(\"course_code\").mean().sort_values(\"course_rating_int\", ascending=False)\nwkrpt_mean",
      "total-ns": 1244167762
    },
    {
      "raw": "# STEFANOS: Disable plotting\n# plt.figure(figsize=(15,10))\n# sns.barplot(x=\"course_rating_int\", y=wkrpt_mean.index, data=wkrpt_mean)\n# plt.xlabel(\"Course Rating Mean\", fontsize = 20)\n# plt.ylabel(\"WKRPT Course\", fontsize = 20)\n# plt.show()",
      "total-ns": 477740
    },
    {
      "raw": "course.loc[\"PD\", \"course_rating_mean\"].value_counts()",
      "total-ns": 771142182
    },
    {
      "raw": "pd = course.loc[\"PD\", :]\npd",
      "total-ns": 381123690
    },
    {
      "raw": "pd_mean = pd.groupby(\"course_code\").mean().sort_values(\"course_rating_int\", ascending=False)\npd_mean",
      "total-ns": 1980595954
    },
    {
      "raw": "# STEFANOS: Disable plotting\n# plt.figure(figsize=(15,10))\n# sns.barplot(x=\"course_rating_int\", y=pd_mean.index, data=pd_mean)\n# plt.xlabel(\"Course Rating Mean\", fontsize = 20)\n# plt.ylabel(\"PD Course\", fontsize = 20)\n# plt.show()",
      "total-ns": 916070
    }
  ]
}