{
  "cells": [
    {
      "raw": "\nimport os\nos.environ[\"MODIN_ENGINE\"] = \"ray\"\nimport ray\nos.environ['MODIN_CPUS'] = \"4\"\nray.init(num_cpus=4, runtime_env={'env_vars': {'__MODIN_AUTOIMPORT_PANDAS__': '1'}})\nimport modin.pandas as pd\nimport numpy as np",
      "total-ns": 3757670910
    },
    {
      "raw": "df = pd.read_csv('../input/annex1.csv')\ndf.head()",
      "total-ns": 5575137793
    },
    {
      "raw": "df1 = pd.read_csv('../input/annex2.csv')\ndf1.head()",
      "total-ns": 1163229421
    },
    {
      "raw": "# Join the both DataFrames\n\nmerge = pd.merge(df, df1, on ='Item Code')\nmerge.head()",
      "total-ns": 2521173641
    },
    {
      "raw": "df = merge\nintended_df_size_in_MB = 1024\nfactor = intended_df_size_in_MB*(2**20)/df.memory_usage(index=True).sum()\nif int(factor) > 0:\n    df = pd.concat([df]*int(factor), ignore_index=True)\nelse:\n    rowCount = int(df.shape[0]*factor)\n    df = df[0:rowCount]\nmerge = df\nmerge.info()",
      "total-ns": 19307356351
    },
    {
      "raw": "# Rename Columns\nmerge = merge.rename(columns={'Quantity Sold (kilo)':'Quantity Sold', 'Unit Selling Price (RMB/kg)':'Unit Selling Price','Discount (Yes/No)':'Discount'})",
      "total-ns": 3334940
    },
    {
      "raw": "#Change datatype of date column.\n\nmerge['Date'] = pd.to_datetime(merge['Date'])",
      "total-ns": 26846030
    },
    {
      "raw": "merge.isnull().sum()",
      "total-ns": 25186320
    },
    {
      "raw": "Category_count = merge['Category Name'].value_counts()\nCategory_count",
      "total-ns": 39213403751
    },
    {
      "raw": "top_10_products = merge['Item Name'].value_counts()[:10]\ntop_10_products",
      "total-ns": 6800799074
    },
    {
      "raw": "# Creating sales column\n\nmerge['Sales'] = merge['Unit Selling Price'] * merge['Quantity Sold']",
      "total-ns": 14490690
    },
    {
      "raw": "Item_sales = merge.groupby('Item Name',as_index=False)['Sales'].sum().sort_values(by='Sales',ascending=False).head(10)\nItem_sales",
      "total-ns": 326945001887
    },
    {
      "raw": "#Add year column in dataframe\nmerge['Year'] = merge['Date'].dt.year",
      "total-ns": 19341170
    },
    {
      "raw": "Year_wise_sales=merge.groupby('Year')['Sales'].sum()\nYear_wise_sales",
      "total-ns": 2874015482
    },
    {
      "raw": "Sale_Or_Return = merge['Sale or Return'].value_counts()\nSale_Or_Return = pd.DataFrame(Sale_Or_Return)\nSale_Or_Return",
      "total-ns": 5578863133
    },
    {
      "raw": "Discount = merge['Discount'].value_counts()\nDiscount = pd.DataFrame(Discount)\nDiscount",
      "total-ns": 4222352112
    },
    {
      "raw": "",
      "total-ns": 300180
    }
  ]
}