{
  "cells": [
    {
      "raw": "import warnings\nwarnings.filterwarnings('ignore')\nimport numpy as np\nimport pandas as pd",
      "total-ns": 422362189
    },
    {
      "raw": "df=pd.read_csv(r'../input/churn-bigml-80.csv')",
      "total-ns": 20520915
    },
    {
      "raw": "df = df\nintended_df_size_in_MB = 1024\nfactor = intended_df_size_in_MB*(2**20)/df.memory_usage(index=True).sum()\nif int(factor) > 0:\n    df = pd.concat([df]*int(factor), ignore_index=True)\nelse:\n    rowCount = int(df.shape[0]*factor)\n    df = df[0:rowCount]\ndf = df\ndf.info()",
      "total-ns": 2720535731
    },
    {
      "raw": "df.head()",
      "total-ns": 669323
    },
    {
      "raw": "df.shape",
      "total-ns": 418390
    },
    {
      "raw": "df.columns",
      "total-ns": 216564
    },
    {
      "raw": "df.nunique()",
      "total-ns": 1876753261
    },
    {
      "raw": "df.info()",
      "total-ns": 5316510
    },
    {
      "raw": "df[\"Churn\"] = df[\"Churn\"].astype(\"int64\")",
      "total-ns": 71294639
    },
    {
      "raw": "df.info()",
      "total-ns": 6195186
    },
    {
      "raw": "df.describe().T",
      "total-ns": 7150183034
    },
    {
      "raw": "df.describe(include=[\"object\"]).T",
      "total-ns": 3125111022
    },
    {
      "raw": "df[\"Churn\"].value_counts()",
      "total-ns": 45966282
    },
    {
      "raw": "df[\"Churn\"].value_counts(normalize=True)",
      "total-ns": 47508768
    },
    {
      "raw": "df.sort_values(by=\"Total day charge\", ascending=False).head()",
      "total-ns": 6997548762
    },
    {
      "raw": "df.sort_values(by=[\"Total day charge\", 'Total day calls'], ascending=[True, False]).head()",
      "total-ns": 8226569352
    },
    {
      "raw": "df.loc[0:5, \"State\":\"Area code\"]",
      "total-ns": 2781049
    },
    {
      "raw": "df.iloc[0:5, 0:3]",
      "total-ns": 1014615
    },
    {
      "raw": "df.groupby(\"Churn\")[\"Total day minutes\"].mean()",
      "total-ns": 176943198
    },
    {
      "raw": "columns_to_show = [\"Total day minutes\", \"Total eve minutes\", \"Total night minutes\"]\n\ndf.groupby([\"Churn\"])[columns_to_show].agg(['mean', 'std', 'max', 'min'])",
      "total-ns": 2356620694
    },
    {
      "raw": "df.apply(np.max)",
      "total-ns": 1860717033
    },
    {
      "raw": "df[ (df[\"Churn\"] == 0) & (df[\"International plan\"] == \"No\") ][\"Total intl minutes\"].max()",
      "total-ns": 1290034754
    },
    {
      "raw": "pd.crosstab(df[\"Churn\"], df[\"International plan\"])",
      "total-ns": 1069183381
    },
    {
      "raw": "pd.crosstab(df[\"Churn\"], df[\"International plan\"], normalize=True)",
      "total-ns": 1073434243
    },
    {
      "raw": "total_calls = (\n    df[\"Total day calls\"]\n    + df[\"Total eve calls\"]\n    + df[\"Total night calls\"]\n    + df[\"Total intl calls\"]\n)\n\ndf.insert(loc=len(df.columns), column=\"Total calls\", value=total_calls)",
      "total-ns": 100913115
    },
    {
      "raw": "d = {\"No\": 0, \"Yes\": 1}",
      "total-ns": 473649
    },
    {
      "raw": "df[\"International plan\"] = df[\"International plan\"].map(d)",
      "total-ns": 551457803
    },
    {
      "raw": "df = df.replace({\"Voice mail plan\": d})",
      "total-ns": 4162441730
    },
    {
      "raw": "df.head()",
      "total-ns": 622658
    },
    {
      "raw": "df[\"Total charge\"] =df[\"Total day charge\"] + df[\"Total eve charge\"] + df[\"Total night charge\"] + df[\"Total intl charge\"]",
      "total-ns": 101535063
    },
    {
      "raw": "df.head()",
      "total-ns": 577867
    },
    {
      "raw": "df.drop([\"Total charge\", \"Total day calls\"], axis=1, inplace=True)",
      "total-ns": 509461701
    },
    {
      "raw": "df.head()",
      "total-ns": 618691
    },
    {
      "raw": "",
      "total-ns": 107451
    },
    {
      "raw": "",
      "total-ns": 57614
    },
    {
      "raw": "",
      "total-ns": 52705
    },
    {
      "raw": "",
      "total-ns": 49004
    }
  ]
}