{
  "cells": [
    {
      "raw": "import pandas as pd\nimport numpy as np",
      "total-ns": 2917490,
      "vars": {},
      "p2m": {},
      "m2p": {}
    },
    {
      "raw": "df = pd.read_csv('../input/annex1.csv')\ndf.head()",
      "total-ns": 4580930,
      "vars": {
        "df": 44092
      },
      "p2m": {},
      "m2p": {}
    },
    {
      "raw": "df1 = pd.read_csv('../input/annex2.csv')\ndf1.head()",
      "total-ns": 1121608722,
      "vars": {
        "df": 44092,
        "df1": 246008929
      },
      "p2m": {},
      "m2p": {}
    },
    {
      "raw": "# Join the both DataFrames\n\nmerge = pd.merge(df, df1, on ='Item Code')\nmerge.head()",
      "total-ns": 303904514,
      "vars": {
        "df": 44092,
        "df1": 246008929,
        "merge": 396247273
      },
      "p2m": {},
      "m2p": {}
    },
    {
      "raw": "df = merge\nintended_df_size_in_MB = 1024\nfactor = intended_df_size_in_MB*(2**20)/df.memory_usage(index=True).sum()\nif int(factor) > 0:\n    df = pd.concat([df]*int(factor), ignore_index=True)\nelse:\n    rowCount = int(df.shape[0]*factor)\n    df = df[0:rowCount]\nmerge = df\nmerge.info()",
      "total-ns": 1032046601,
      "vars": {
        "df": 5059850173,
        "df1": 246008929,
        "merge": 5059850173
      },
      "p2m": {},
      "m2p": {}
    },
    {
      "raw": "# Rename Columns\nmerge = merge.rename(columns={'Quantity Sold (kilo)':'Quantity Sold', 'Unit Selling Price (RMB/kg)':'Unit Selling Price','Discount (Yes/No)':'Discount'})",
      "total-ns": 5229272806,
      "vars": {
        "df": 5059850173,
        "df1": 246008929,
        "merge": 5059850173
      },
      "p2m": {},
      "m2p": {}
    },
    {
      "raw": "#Change datatype of date column.\n\nmerge['Date'] = pd.to_datetime(merge['Date'])",
      "total-ns": 1299914134,
      "vars": {
        "df": 5059850173,
        "df1": 246008929,
        "merge": 4386038372
      },
      "p2m": {},
      "m2p": {}
    },
    {
      "raw": "merge.isnull().sum()",
      "total-ns": 6329728798,
      "vars": {
        "df": 5059850173,
        "df1": 246008929,
        "merge": 4386038372
      },
      "p2m": {},
      "m2p": {}
    },
    {
      "raw": "Category_count = merge['Category Name'].value_counts()\nCategory_count",
      "total-ns": 367775444,
      "vars": {
        "df": 5059850173,
        "df1": 246008929,
        "merge": 4386038372,
        "Category_count": 516
      },
      "p2m": {},
      "m2p": {}
    },
    {
      "raw": "top_10_products = merge['Item Name'].value_counts()[:10]\ntop_10_products",
      "total-ns": 370998024,
      "vars": {
        "df": 5059850173,
        "df1": 246008929,
        "merge": 4386038372,
        "Category_count": 516,
        "top_10_products": 820
      },
      "p2m": {},
      "m2p": {}
    },
    {
      "raw": "# Creating sales column\n\nmerge['Sales'] = merge['Unit Selling Price'] * merge['Quantity Sold']",
      "total-ns": 48622881,
      "vars": {
        "df": 5059850173,
        "df1": 246008929,
        "merge": 4477402684,
        "Category_count": 516,
        "top_10_products": 820
      },
      "p2m": {},
      "m2p": {}
    },
    {
      "raw": "Item_sales = merge.groupby('Item Name',as_index=False)['Sales'].sum().sort_values(by='Sales',ascending=False).head(10)\nItem_sales",
      "total-ns": 922391320,
      "vars": {
        "df": 5059850173,
        "df1": 246008929,
        "merge": 4477402684,
        "Category_count": 516,
        "top_10_products": 820,
        "Item_sales": 900
      },
      "p2m": {},
      "m2p": {}
    },
    {
      "raw": "#Add year column in dataframe\nmerge['Year'] = merge['Date'].dt.year",
      "total-ns": 308725254,
      "vars": {
        "df": 5059850173,
        "df1": 246008929,
        "merge": 4568766996,
        "Category_count": 516,
        "top_10_products": 820,
        "Item_sales": 900
      },
      "p2m": {},
      "m2p": {}
    },
    {
      "raw": "Year_wise_sales=merge.groupby('Year')['Sales'].sum()\nYear_wise_sales",
      "total-ns": 168596451,
      "vars": {
        "df": 5059850173,
        "df1": 246008929,
        "merge": 4568766996,
        "Category_count": 516,
        "top_10_products": 820,
        "Item_sales": 900,
        "Year_wise_sales": 80
      },
      "p2m": {},
      "m2p": {}
    },
    {
      "raw": "Sale_Or_Return = merge['Sale or Return'].value_counts()\nSale_Or_Return = pd.DataFrame(Sale_Or_Return)\nSale_Or_Return",
      "total-ns": 488990475,
      "vars": {
        "df": 5059850173,
        "df1": 246008929,
        "merge": 4568766996,
        "Category_count": 516,
        "top_10_products": 820,
        "Item_sales": 900,
        "Year_wise_sales": 80,
        "Sale_Or_Return": 156
      },
      "p2m": {},
      "m2p": {}
    },
    {
      "raw": "Discount = merge['Discount'].value_counts()\nDiscount = pd.DataFrame(Discount)\nDiscount",
      "total-ns": 497184346,
      "vars": {
        "df": 5059850173,
        "df1": 246008929,
        "merge": 4568766996,
        "Category_count": 516,
        "top_10_products": 820,
        "Item_sales": 900,
        "Year_wise_sales": 80,
        "Sale_Or_Return": 156,
        "Discount": 151
      },
      "p2m": {},
      "m2p": {}
    },
    {
      "raw": "",
      "total-ns": 211290,
      "vars": {
        "df": 5059850173,
        "df1": 246008929,
        "merge": 4568766996,
        "Category_count": 516,
        "top_10_products": 820,
        "Item_sales": 900,
        "Year_wise_sales": 80,
        "Sale_Or_Return": 156,
        "Discount": 151
      },
      "p2m": {},
      "m2p": {}
    }
  ]
}