{
  "cells": [
    {
      "raw": "import numpy as np # linear algebra\nimport pandas as pd\nimport os\nfor dirname, _, filenames in os.walk('../input'):\n    for filename in filenames:\n        print(os.path.join(dirname, filename))\n",
      "total-ns": 3439490,
      "vars": {},
      "p2m": {},
      "m2p": {}
    },
    {
      "raw": "df=pd.read_csv(\"../input/Airline Dataset Updated.csv\", parse_dates=[\"Departure Date\"])",
      "total-ns": 367664976,
      "vars": {
        "df": 84824189
      },
      "p2m": {},
      "m2p": {}
    },
    {
      "raw": "df = df\nintended_df_size_in_MB = 1024\nfactor = intended_df_size_in_MB*(2**20)/df.memory_usage(index=True).sum()\nif int(factor) > 0:\n    df = pd.concat([df]*int(factor), ignore_index=True)\nelse:\n    rowCount = int(df.shape[0]*factor)\n    df = df[0:rowCount]\ndf = df\ndf.info()",
      "total-ns": 2499072394,
      "vars": {
        "df": 7634164194
      },
      "p2m": {},
      "m2p": {}
    },
    {
      "raw": "df.head(11)",
      "total-ns": 670110,
      "vars": {
        "df": 7634164194
      },
      "p2m": {},
      "m2p": {}
    },
    {
      "raw": "df.info() ",
      "total-ns": 3685170,
      "vars": {
        "df": 7634164194
      },
      "p2m": {},
      "m2p": {}
    },
    {
      "raw": "df.nunique()",
      "total-ns": 6549311696,
      "vars": {
        "df": 7650897714
      },
      "p2m": {},
      "m2p": {}
    },
    {
      "raw": "df.isnull().sum().sum() #Checking if Null value is present",
      "total-ns": 9989209576,
      "vars": {
        "df": 7650897714
      },
      "p2m": {},
      "m2p": {}
    },
    {
      "raw": "df['Gender']=df['Gender'].astype('category')\ndf['Gender'].unique()",
      "total-ns": 728433164,
      "vars": {
        "df": 7109531566
      },
      "p2m": {},
      "m2p": {}
    },
    {
      "raw": "df['Age']=df['Age'].astype(int)",
      "total-ns": 29808691,
      "vars": {
        "df": 7109531566
      },
      "p2m": {},
      "m2p": {}
    },
    {
      "raw": "columns = [key for key, value in df.nunique().to_dict().items() if value < 10]",
      "total-ns": 6353002162,
      "vars": {
        "df": 7109531566
      },
      "p2m": {},
      "m2p": {}
    },
    {
      "raw": "count_1 = df['Gender'].value_counts()\ncount_1",
      "total-ns": 31367010,
      "vars": {
        "df": 7109531566,
        "count_1": 266
      },
      "p2m": {},
      "m2p": {}
    },
    {
      "raw": "count_2 = df['Country Name'].value_counts()",
      "total-ns": 328203785,
      "vars": {
        "df": 7109531566,
        "count_1": 266,
        "count_2": 17954
      },
      "p2m": {},
      "m2p": {}
    },
    {
      "raw": "df_c= pd.DataFrame(count_2).reset_index().rename(columns={\"index\": \"value\", 0: \"count\"})",
      "total-ns": 1652820,
      "vars": {
        "df": 7109531566,
        "count_1": 266,
        "count_2": 17954,
        "df_c": 18082
      },
      "p2m": {},
      "m2p": {}
    },
    {
      "raw": "con=df.loc[:,['Country Name','Continents']]\ncon=con.drop_duplicates()\n#new_df=pd.merge_ordered(df_c,con, fill_method= 'ffill', on= 'Country Name')",
      "total-ns": 1126924790,
      "vars": {
        "df": 7109531566,
        "count_1": 266,
        "count_2": 17954,
        "df_c": 18082,
        "con": 33455
      },
      "p2m": {},
      "m2p": {}
    },
    {
      "raw": "nationality = pd.DataFrame(df['Nationality'].value_counts()).reset_index()",
      "total-ns": 326448506,
      "vars": {
        "df": 7109531566,
        "count_1": 266,
        "count_2": 17954,
        "df_c": 18082,
        "con": 33455,
        "nationality": 18023
      },
      "p2m": {},
      "m2p": {}
    },
    {
      "raw": "nationality = nationality.head(20)",
      "total-ns": 544590,
      "vars": {
        "df": 7109531566,
        "count_1": 266,
        "count_2": 17954,
        "df_c": 18082,
        "con": 33455,
        "nationality": 1593
      },
      "p2m": {},
      "m2p": {}
    },
    {
      "raw": "nationality.sort_values(by='Nationality', ascending=False, inplace=True)",
      "total-ns": 1038660,
      "vars": {
        "df": 7109531566,
        "count_1": 266,
        "count_2": 17954,
        "df_c": 18082,
        "con": 33455,
        "nationality": 1625
      },
      "p2m": {},
      "m2p": {}
    },
    {
      "raw": "fl_stat = pd.DataFrame(df['Flight Status'].value_counts()).reset_index()",
      "total-ns": 324712946,
      "vars": {
        "df": 7109531566,
        "count_1": 266,
        "count_2": 17954,
        "df_c": 18082,
        "con": 33455,
        "nationality": 1625,
        "fl_stat": 362
      },
      "p2m": {},
      "m2p": {}
    },
    {
      "raw": "",
      "total-ns": 178680,
      "vars": {
        "df": 7109531566,
        "count_1": 266,
        "count_2": 17954,
        "df_c": 18082,
        "con": 33455,
        "nationality": 1625,
        "fl_stat": 362
      },
      "p2m": {},
      "m2p": {}
    }
  ]
}