{
  "cells": [
    {
      "raw": "# importing libraries\nimport numpy as np # linear algebra\nimport pandas as pd\nfrom datetime import datetime # datetime processing\n\n# setting path of the dataset\nimport os\nfor dirname, _, filenames in os.walk('../input'):\n    for filename in filenames:\n        print(os.path.join(dirname, filename))\n",
      "total-ns": 3332630,
      "vars": {},
      "p2m": {},
      "m2p": {}
    },
    {
      "raw": "melb_house = pd.read_csv(\"../input/melb_data.csv\")\n\n# checking the columns\nmelb_house.head()",
      "total-ns": 45958790,
      "vars": {
        "melb_house": 8531121
      },
      "p2m": {},
      "m2p": {}
    },
    {
      "raw": "df = melb_house\nintended_df_size_in_MB = 1024\nfactor = intended_df_size_in_MB*(2**20)/df.memory_usage(index=True).sum()\nif int(factor) > 0:\n    df = pd.concat([df]*int(factor), ignore_index=True)\nelse:\n    rowCount = int(df.shape[0]*factor)\n    df = df[0:rowCount]\nmelb_house = df\nmelb_house.info()",
      "total-ns": 1461476856,
      "vars": {
        "melb_house": 4009559334,
        "df": 4009559334
      },
      "p2m": {},
      "m2p": {}
    },
    {
      "raw": "melb_house.shape",
      "total-ns": 462090,
      "vars": {
        "melb_house": 4009559334,
        "df": 4009559334
      },
      "p2m": {},
      "m2p": {}
    },
    {
      "raw": "melb_house.info()",
      "total-ns": 3885870,
      "vars": {
        "melb_house": 4009559334,
        "df": 4009559334
      },
      "p2m": {},
      "m2p": {}
    },
    {
      "raw": "# checking for unique entries\n\nunique_val = []\nfor i in melb_house.columns:\n    u = melb_house[i].nunique()\n    unique_val.append(u)\n    \npd.DataFrame({\"No. of unique values\": unique_val}, index=melb_house.columns)",
      "total-ns": 2522026025,
      "vars": {
        "melb_house": 4009559334,
        "df": 4009559334
      },
      "p2m": {},
      "m2p": {}
    },
    {
      "raw": "# Working dataset\ndataset = melb_house.copy()",
      "total-ns": 2166159418,
      "vars": {
        "melb_house": 4009559334,
        "df": 4009559334,
        "dataset": 4009559334
      },
      "p2m": {},
      "m2p": {}
    },
    {
      "raw": "# Features with missing values\nmiss = dataset.isnull().sum().sort_values(ascending = False).head(5)\nmiss_per = (miss/len(dataset))*100\n\n# Percentage of missing values\npd.DataFrame({'No. missing values': miss, '% of missind data': miss_per.values})",
      "total-ns": 4434492568,
      "vars": {
        "melb_house": 4009559334,
        "df": 4009559334,
        "dataset": 4009559334,
        "miss": 382,
        "miss_per": 382
      },
      "p2m": {},
      "m2p": {}
    },
    {
      "raw": "dataset['Car'].value_counts()",
      "total-ns": 47449800,
      "vars": {
        "melb_house": 4009559334,
        "df": 4009559334,
        "dataset": 4009559334,
        "miss": 382,
        "miss_per": 382
      },
      "p2m": {},
      "m2p": {}
    },
    {
      "raw": "# Filling null value\ndataset['Car'].fillna(0, inplace = True)\n\n# confimation after filling the null values\nprint(\"Null values before replacement :\", melb_house['Car'].isnull().sum())\nprint(\"Null values after replacement :\", dataset['Car'].isnull().sum())",
      "total-ns": 20940300,
      "vars": {
        "melb_house": 4009559334,
        "df": 4009559334,
        "dataset": 4009559334,
        "miss": 382,
        "miss_per": 382
      },
      "p2m": {},
      "m2p": {}
    },
    {
      "raw": "dataset['CouncilArea'].value_counts()",
      "total-ns": 193939853,
      "vars": {
        "melb_house": 4009559334,
        "df": 4009559334,
        "dataset": 4009559334,
        "miss": 382,
        "miss_per": 382
      },
      "p2m": {},
      "m2p": {}
    },
    {
      "raw": "# Filling the null value \ndataset['CouncilArea'].fillna('Unavailable', inplace = True)\n\n\n# confimation after filling the null values\nprint(\"Null values before replacement :\", melb_house['CouncilArea'].isnull().sum())\nprint(\"Null values after replacement :\", dataset['CouncilArea'].isnull().sum())",
      "total-ns": 617648132,
      "vars": {
        "melb_house": 4009559334,
        "df": 4009559334,
        "dataset": 4032722814,
        "miss": 382,
        "miss_per": 382
      },
      "p2m": {},
      "m2p": {}
    },
    {
      "raw": "# Filling the null value \ndataset['YearBuilt'].fillna(\"Unknown\", inplace=True)\n\n# confimation after filling the null values\nprint(\"Null values before replacement :\", melb_house['YearBuilt'].isnull().sum())\nprint(\"Null values after replacement :\", dataset['YearBuilt'].isnull().sum())",
      "total-ns": 534666579,
      "vars": {
        "melb_house": 4009559334,
        "df": 4009559334,
        "dataset": 4266745214,
        "miss": 382,
        "miss_per": 382
      },
      "p2m": {},
      "m2p": {}
    },
    {
      "raw": "# Filling the null value \ndataset['BuildingArea'].fillna(0, inplace = True)\n\n# confimation after filling the null values\nprint(\"Null values before replacement :\", melb_house['BuildingArea'].isnull().sum())\nprint(\"Null values after replacement :\", dataset['BuildingArea'].isnull().sum())",
      "total-ns": 30520931,
      "vars": {
        "melb_house": 4009559334,
        "df": 4009559334,
        "dataset": 4266745214,
        "miss": 382,
        "miss_per": 382
      },
      "p2m": {},
      "m2p": {}
    },
    {
      "raw": "# log transformation of price\ndataset['Price_trans'] = np.log(dataset['Price'])",
      "total-ns": 52838960,
      "vars": {
        "melb_house": 4009559334,
        "df": 4009559334,
        "dataset": 4317806014,
        "miss": 382,
        "miss_per": 382
      },
      "p2m": {},
      "m2p": {}
    },
    {
      "raw": "# Grouping the numerical data\nnum =  dataset.select_dtypes(exclude=\"object\")\nnum = num.drop(['Price'], axis=1)",
      "total-ns": 756985223,
      "vars": {
        "melb_house": 4009559334,
        "df": 4009559334,
        "dataset": 4317806014,
        "miss": 382,
        "miss_per": 382,
        "num": 612729744
      },
      "p2m": {},
      "m2p": {}
    },
    {
      "raw": "# coverting date into datetime format\ndataset['Date'] = pd.to_datetime(dataset['Date'])\nyear = dataset['Date'].map(lambda x: datetime.strftime(x, '%Y'))\ndataset['year'] = year\nmonth = dataset['Date'].map(lambda x: datetime.strftime(x, '%b'))\ndataset['month'] = month",
      "total-ns": 32760261637,
      "vars": {
        "melb_house": 4009559334,
        "df": 4009559334,
        "dataset": 4715283604,
        "miss": 382,
        "miss_per": 382,
        "num": 612729744,
        "year": 389338744,
        "month": 382956144
      },
      "p2m": {},
      "m2p": {}
    },
    {
      "raw": "# Dataset of Metropolitan area\nrm = dataset[dataset['Regionname'].map(lambda x: 'Metropolitan' in x)]\n\n# Dataset of Victoria area\nrv = dataset[dataset['Regionname'].map(lambda x: 'Victoria' in x)]",
      "total-ns": 4016742291,
      "vars": {
        "melb_house": 4009559334,
        "df": 4009559334,
        "dataset": 4715283604,
        "miss": 382,
        "miss_per": 382,
        "num": 612729744,
        "year": 389338744,
        "month": 382956144,
        "rm": 4722502676,
        "rv": 43841616
      },
      "p2m": {},
      "m2p": {}
    },
    {
      "raw": "",
      "total-ns": 182579,
      "vars": {
        "melb_house": 4009559334,
        "df": 4009559334,
        "dataset": 4715283604,
        "miss": 382,
        "miss_per": 382,
        "num": 612729744,
        "year": 389338744,
        "month": 382956144,
        "rm": 4722502676,
        "rv": 43841616
      },
      "p2m": {},
      "m2p": {}
    }
  ]
}