{
  "cells": [
    {
      "raw": "# This Python 3 environment comes with many helpful analytics libraries installed\n# It is defined by the kaggle/python Docker image: https://github.com/kaggle/docker-python\n# For example, here's several helpful packages to load\n\nimport numpy as np # linear algebra\nimport pandas as pd\n# Input data files are available in the read-only \"../input/\" directory\n# For example, running this (by clicking run or pressing Shift+Enter) will list all files under the input directory\n\nimport os\nfor dirname, _, filenames in os.walk('/kaggle/input'):\n    for filename in filenames:\n        print(os.path.join(dirname, filename))\n\n# You can write up to 20GB to the current directory (/kaggle/working/) that gets preserved as output when you create a version using \"Save & Run All\" \n# You can also write temporary files to /kaggle/temp/, but they won't be saved outside of the current session",
      "total-ns": 3189040,
      "vars": {},
      "p2m": {},
      "m2p": {}
    },
    {
      "raw": "df = pd.read_csv(\"../input/shopping_trends_updated.csv\")\ndf.head()",
      "total-ns": 12266660,
      "vars": {
        "df": 3340224
      },
      "p2m": {},
      "m2p": {}
    },
    {
      "raw": "df = df\nintended_df_size_in_MB = 1024\nfactor = intended_df_size_in_MB*(2**20)/df.memory_usage(index=True).sum()\nif int(factor) > 0:\n    df = pd.concat([df]*int(factor), ignore_index=True)\nelse:\n    rowCount = int(df.shape[0]*factor)\n    df = df[0:rowCount]\ndf = df\ndf.info()",
      "total-ns": 2064710953,
      "vars": {
        "df": 6382893024
      },
      "p2m": {},
      "m2p": {}
    },
    {
      "raw": "df.shape",
      "total-ns": 521480,
      "vars": {
        "df": 6382893024
      },
      "p2m": {},
      "m2p": {}
    },
    {
      "raw": "df.columns",
      "total-ns": 654830,
      "vars": {
        "df": 6382893024
      },
      "p2m": {},
      "m2p": {}
    },
    {
      "raw": "df.info()",
      "total-ns": 5680800,
      "vars": {
        "df": 6382893024
      },
      "p2m": {},
      "m2p": {}
    },
    {
      "raw": "df.isnull().sum()",
      "total-ns": 8347033457,
      "vars": {
        "df": 6382893024
      },
      "p2m": {},
      "m2p": {}
    },
    {
      "raw": "df.duplicated().sum()",
      "total-ns": 5173425614,
      "vars": {
        "df": 6382893024
      },
      "p2m": {},
      "m2p": {}
    },
    {
      "raw": "df.describe()",
      "total-ns": 1011441067,
      "vars": {
        "df": 6382893024
      },
      "p2m": {},
      "m2p": {}
    },
    {
      "raw": "gender_counts = df['Gender'].value_counts()",
      "total-ns": 242127544,
      "vars": {
        "df": 6382893024,
        "gender_counts": 156
      },
      "p2m": {},
      "m2p": {}
    },
    {
      "raw": "category_data = df['Category'].value_counts()",
      "total-ns": 242091775,
      "vars": {
        "df": 6382893024,
        "gender_counts": 156,
        "category_data": 312
      },
      "p2m": {},
      "m2p": {}
    },
    {
      "raw": "df.columns",
      "total-ns": 431690,
      "vars": {
        "df": 6382893024,
        "gender_counts": 156,
        "category_data": 312
      },
      "p2m": {},
      "m2p": {}
    },
    {
      "raw": "sold_items = df['Item Purchased'].value_counts().sort_values(ascending = False)\n",
      "total-ns": 244329944,
      "vars": {
        "df": 6382893024,
        "gender_counts": 156,
        "category_data": 312,
        "sold_items": 1788
      },
      "p2m": {},
      "m2p": {}
    },
    {
      "raw": "var = df.groupby(['Item Purchased', 'Gender']).size().reset_index(name='Customer Count')\nsorted_var = var.sort_values(by='Item Purchased', ascending=False)",
      "total-ns": 745100503,
      "vars": {
        "df": 6382893024,
        "gender_counts": 156,
        "category_data": 312,
        "sold_items": 1788,
        "var": 6788,
        "sorted_var": 7060
      },
      "p2m": {},
      "m2p": {}
    },
    {
      "raw": "var = df.groupby('Category')['Purchase Amount (USD)'].sum().reset_index().sort_values(by='Purchase Amount (USD)',ascending=False)",
      "total-ns": 382761837,
      "vars": {
        "df": 6382893024,
        "gender_counts": 156,
        "category_data": 312,
        "sold_items": 1788,
        "var": 344,
        "sorted_var": 7060
      },
      "p2m": {},
      "m2p": {}
    },
    {
      "raw": "var = df.groupby('Location')['Purchase Amount (USD)'].sum().reset_index().sort_values(by='Purchase Amount (USD)',ascending=False).head(10)",
      "total-ns": 358243886,
      "vars": {
        "df": 6382893024,
        "gender_counts": 156,
        "category_data": 312,
        "sold_items": 1788,
        "var": 830,
        "sorted_var": 7060
      },
      "p2m": {},
      "m2p": {}
    },
    {
      "raw": "size_count = df['Size'].value_counts()",
      "total-ns": 241002445,
      "vars": {
        "df": 6382893024,
        "gender_counts": 156,
        "category_data": 312,
        "sold_items": 1788,
        "var": 830,
        "sorted_var": 7060,
        "size_count": 281
      },
      "p2m": {},
      "m2p": {}
    },
    {
      "raw": "color_count = df['Color'].value_counts().head(10)",
      "total-ns": 244869944,
      "vars": {
        "df": 6382893024,
        "gender_counts": 156,
        "category_data": 312,
        "sold_items": 1788,
        "var": 830,
        "sorted_var": 7060,
        "size_count": 281,
        "color_count": 717
      },
      "p2m": {},
      "m2p": {}
    },
    {
      "raw": "df.columns",
      "total-ns": 429320,
      "vars": {
        "df": 6382893024,
        "gender_counts": 156,
        "category_data": 312,
        "sold_items": 1788,
        "var": 830,
        "sorted_var": 7060,
        "size_count": 281,
        "color_count": 717
      },
      "p2m": {},
      "m2p": {}
    },
    {
      "raw": "season_data = df['Season'].value_counts()",
      "total-ns": 241834635,
      "vars": {
        "df": 6382893024,
        "gender_counts": 156,
        "category_data": 312,
        "sold_items": 1788,
        "var": 830,
        "sorted_var": 7060,
        "size_count": 281,
        "color_count": 717,
        "season_data": 298
      },
      "p2m": {},
      "m2p": {}
    },
    {
      "raw": "subs_count = df['Subscription Status'].value_counts()",
      "total-ns": 241564394,
      "vars": {
        "df": 6382893024,
        "gender_counts": 156,
        "category_data": 312,
        "sold_items": 1788,
        "var": 830,
        "sorted_var": 7060,
        "size_count": 281,
        "color_count": 717,
        "season_data": 298,
        "subs_count": 151
      },
      "p2m": {},
      "m2p": {}
    },
    {
      "raw": "shipping_count = df['Shipping Type'].value_counts()",
      "total-ns": 242536864,
      "vars": {
        "df": 6382893024,
        "gender_counts": 156,
        "category_data": 312,
        "sold_items": 1788,
        "var": 830,
        "sorted_var": 7060,
        "size_count": 281,
        "color_count": 717,
        "season_data": 298,
        "subs_count": 151,
        "shipping_count": 472
      },
      "p2m": {},
      "m2p": {}
    },
    {
      "raw": "disc_count = df['Discount Applied'].value_counts()",
      "total-ns": 337880055,
      "vars": {
        "df": 6382893024,
        "gender_counts": 156,
        "category_data": 312,
        "sold_items": 1788,
        "var": 830,
        "sorted_var": 7060,
        "size_count": 281,
        "color_count": 717,
        "season_data": 298,
        "subs_count": 151,
        "shipping_count": 472,
        "disc_count": 151
      },
      "p2m": {},
      "m2p": {}
    },
    {
      "raw": "df.columns",
      "total-ns": 444760,
      "vars": {
        "df": 6382893024,
        "gender_counts": 156,
        "category_data": 312,
        "sold_items": 1788,
        "var": 830,
        "sorted_var": 7060,
        "size_count": 281,
        "color_count": 717,
        "season_data": 298,
        "subs_count": 151,
        "shipping_count": 472,
        "disc_count": 151
      },
      "p2m": {},
      "m2p": {}
    },
    {
      "raw": "df['Promo Code Used'].value_counts()",
      "total-ns": 240233964,
      "vars": {
        "df": 6382893024,
        "gender_counts": 156,
        "category_data": 312,
        "sold_items": 1788,
        "var": 830,
        "sorted_var": 7060,
        "size_count": 281,
        "color_count": 717,
        "season_data": 298,
        "subs_count": 151,
        "shipping_count": 472,
        "disc_count": 151
      },
      "p2m": {},
      "m2p": {}
    }
  ]
}