{
  "cells": [
    {
      "raw": "import pandas as pd\ndf = pd.read_csv(filepath_or_buffer='../input/Airline Dataset.csv', parse_dates=['Departure Date'])\ndf.head()",
      "total-ns": 315194116,
      "vars": {
        "df": 79400144
      },
      "p2m": {},
      "m2p": {}
    },
    {
      "raw": "df = df\nintended_df_size_in_MB = 1024\nfactor = intended_df_size_in_MB*(2**20)/df.memory_usage(index=True).sum()\nif int(factor) > 0:\n    df = pd.concat([df]*int(factor), ignore_index=True)\nelse:\n    rowCount = int(df.shape[0]*factor)\n    df = df[0:rowCount]\ndf = df\ndf.info()",
      "total-ns": 1864518820,
      "vars": {
        "df": 7146000144
      },
      "p2m": {},
      "m2p": {}
    },
    {
      "raw": "df.info()",
      "total-ns": 7780390,
      "vars": {
        "df": 7146000144
      },
      "p2m": {},
      "m2p": {}
    },
    {
      "raw": "df.nunique()",
      "total-ns": 12179533370,
      "vars": {
        "df": 7162733664
      },
      "p2m": {},
      "m2p": {}
    },
    {
      "raw": "df['Departure Date'].dt.year.value_counts()",
      "total-ns": 502081038,
      "vars": {
        "df": 7162733664
      },
      "p2m": {},
      "m2p": {}
    },
    {
      "raw": "df['Last Name'].value_counts().nlargest(n=10)",
      "total-ns": 858172564,
      "vars": {
        "df": 7162733664
      },
      "p2m": {},
      "m2p": {}
    }
  ]
}