{
  "cells": [
    {
      "raw": "import pandas as pd\nimport numpy as np\n\npd.plotting.register_matplotlib_converters()\nimport matplotlib.pyplot as plt\n%matplotlib inline\nimport seaborn as sns",
      "total-ns": 980981346,
      "vars": {},
      "p2m": {},
      "m2p": {}
    },
    {
      "raw": "data =  pd.read_csv('../input/used_cars_Pakistan.csv',index_col=0)\ndata",
      "total-ns": 102726811,
      "vars": {
        "data": 20489427
      },
      "p2m": {},
      "m2p": {}
    },
    {
      "raw": "df = data\nintended_df_size_in_MB = 1024\nfactor = intended_df_size_in_MB*(2**20)/df.memory_usage(index=True).sum()\nif int(factor) > 0:\n    df = pd.concat([df]*int(factor), ignore_index=True)\nelse:\n    rowCount = int(df.shape[0]*factor)\n    df = df[0:rowCount]\ndata = df\ndata.info()",
      "total-ns": 939408475,
      "vars": {
        "data": 3425478167,
        "df": 3425478167
      },
      "p2m": {},
      "m2p": {}
    },
    {
      "raw": "data.make.value_counts().head(10)",
      "total-ns": 529633579,
      "vars": {
        "data": 3425478167,
        "df": 3425478167
      },
      "p2m": {},
      "m2p": {}
    },
    {
      "raw": "data.model.value_counts().head(10)",
      "total-ns": 545680869,
      "vars": {
        "data": 3425478167,
        "df": 3425478167
      },
      "p2m": {},
      "m2p": {}
    },
    {
      "raw": "data.city.value_counts().head(10)",
      "total-ns": 540820709,
      "vars": {
        "data": 3425478167,
        "df": 3425478167
      },
      "p2m": {},
      "m2p": {}
    },
    {
      "raw": "data.year.value_counts().head(10)",
      "total-ns": 81399811,
      "vars": {
        "data": 3425478167,
        "df": 3425478167
      },
      "p2m": {},
      "m2p": {}
    },
    {
      "raw": "data.Engine_displacement.value_counts().head(5)",
      "total-ns": 115392493,
      "vars": {
        "data": 3425478167,
        "df": 3425478167
      },
      "p2m": {},
      "m2p": {}
    },
    {
      "raw": "data.Battery.value_counts().head()",
      "total-ns": 33088091,
      "vars": {
        "data": 3425478167,
        "df": 3425478167
      },
      "p2m": {},
      "m2p": {}
    },
    {
      "raw": "100*(len(data)-data.Battery.isnull().sum())/len(data)",
      "total-ns": 20175701,
      "vars": {
        "data": 3425478167,
        "df": 3425478167
      },
      "p2m": {},
      "m2p": {}
    },
    {
      "raw": "data.Price_Rs.mean()",
      "total-ns": 17573791,
      "vars": {
        "data": 3425478167,
        "df": 3425478167
      },
      "p2m": {},
      "m2p": {}
    },
    {
      "raw": "data.Price_Rs.median()",
      "total-ns": 427004127,
      "vars": {
        "data": 3425478167,
        "df": 3425478167
      },
      "p2m": {},
      "m2p": {}
    },
    {
      "raw": "",
      "total-ns": 206620,
      "vars": {
        "data": 3425478167,
        "df": 3425478167
      },
      "p2m": {},
      "m2p": {}
    }
  ]
}