{
  "cells": [
    {
      "raw": "import warnings\nwarnings.filterwarnings('ignore')\nimport numpy as np\nimport pandas as pd\n",
      "total-ns": 2911261,
      "vars": {},
      "p2m": {},
      "m2p": {}
    },
    {
      "raw": "df=pd.read_csv(r'../input/churn-bigml-80.csv')",
      "total-ns": 9424070,
      "vars": {
        "df": 816943
      },
      "p2m": {},
      "m2p": {}
    },
    {
      "raw": "df = df\nintended_df_size_in_MB = 1024\nfactor = intended_df_size_in_MB*(2**20)/df.memory_usage(index=True).sum()\nif int(factor) > 0:\n    df = pd.concat([df]*int(factor), ignore_index=True)\nelse:\n    rowCount = int(df.shape[0]*factor)\n    df = df[0:rowCount]\ndf = df\ndf.info()",
      "total-ns": 1578893435,
      "vars": {
        "df": 2148998313
      },
      "p2m": {},
      "m2p": {}
    },
    {
      "raw": "df.head()",
      "total-ns": 638979,
      "vars": {
        "df": 2148998313
      },
      "p2m": {},
      "m2p": {}
    },
    {
      "raw": "df.shape",
      "total-ns": 486220,
      "vars": {
        "df": 2148998313
      },
      "p2m": {},
      "m2p": {}
    },
    {
      "raw": "df.columns",
      "total-ns": 415260,
      "vars": {
        "df": 2148998313
      },
      "p2m": {},
      "m2p": {}
    },
    {
      "raw": "df.nunique()",
      "total-ns": 1256642371,
      "vars": {
        "df": 2148998313
      },
      "p2m": {},
      "m2p": {}
    },
    {
      "raw": "df.info()",
      "total-ns": 3728580,
      "vars": {
        "df": 2148998313
      },
      "p2m": {},
      "m2p": {}
    },
    {
      "raw": "df[\"Churn\"] = df[\"Churn\"].astype(\"int64\")",
      "total-ns": 27853960,
      "vars": {
        "df": 2198098035
      },
      "p2m": {},
      "m2p": {}
    },
    {
      "raw": "df.info()",
      "total-ns": 3454780,
      "vars": {
        "df": 2198098035
      },
      "p2m": {},
      "m2p": {}
    },
    {
      "raw": "df.describe().T",
      "total-ns": 4958494101,
      "vars": {
        "df": 2198098035
      },
      "p2m": {},
      "m2p": {}
    },
    {
      "raw": "df.describe(include=[\"object\"]).T",
      "total-ns": 1978835253,
      "vars": {
        "df": 2198098035
      },
      "p2m": {},
      "m2p": {}
    },
    {
      "raw": "df[\"Churn\"].value_counts()",
      "total-ns": 28462700,
      "vars": {
        "df": 2198098035
      },
      "p2m": {},
      "m2p": {}
    },
    {
      "raw": "df[\"Churn\"].value_counts(normalize=True)",
      "total-ns": 28074850,
      "vars": {
        "df": 2198098035
      },
      "p2m": {},
      "m2p": {}
    },
    {
      "raw": "df.sort_values(by=\"Total day charge\", ascending=False).head()",
      "total-ns": 5111660674,
      "vars": {
        "df": 2198098035
      },
      "p2m": {},
      "m2p": {}
    },
    {
      "raw": "df.sort_values(by=[\"Total day charge\", 'Total day calls'], ascending=[True, False]).head()",
      "total-ns": 2502384501,
      "vars": {
        "df": 2198098035
      },
      "p2m": {},
      "m2p": {}
    },
    {
      "raw": "df.loc[0:5, \"State\":\"Area code\"]",
      "total-ns": 3435830,
      "vars": {
        "df": 2198098035
      },
      "p2m": {},
      "m2p": {}
    },
    {
      "raw": "df.iloc[0:5, 0:3]",
      "total-ns": 897580,
      "vars": {
        "df": 2198098035
      },
      "p2m": {},
      "m2p": {}
    },
    {
      "raw": "df.groupby(\"Churn\")[\"Total day minutes\"].mean()",
      "total-ns": 102570592,
      "vars": {
        "df": 2198098035
      },
      "p2m": {},
      "m2p": {}
    },
    {
      "raw": "columns_to_show = [\"Total day minutes\", \"Total eve minutes\", \"Total night minutes\"]\n\ndf.groupby([\"Churn\"])[columns_to_show].agg(['mean', 'std', 'max', 'min'])",
      "total-ns": 1333119162,
      "vars": {
        "df": 2198098035
      },
      "p2m": {},
      "m2p": {}
    },
    {
      "raw": "df.apply(np.max)",
      "total-ns": 1172734269,
      "vars": {
        "df": 2198098035
      },
      "p2m": {},
      "m2p": {}
    },
    {
      "raw": "df[ (df[\"Churn\"] == 0) & (df[\"International plan\"] == \"No\") ][\"Total intl minutes\"].max()",
      "total-ns": 761135323,
      "vars": {
        "df": 2198098035
      },
      "p2m": {},
      "m2p": {}
    },
    {
      "raw": "pd.crosstab(df[\"Churn\"], df[\"International plan\"])",
      "total-ns": 720806991,
      "vars": {
        "df": 2198098035
      },
      "p2m": {},
      "m2p": {}
    },
    {
      "raw": "pd.crosstab(df[\"Churn\"], df[\"International plan\"], normalize=True)",
      "total-ns": 723518992,
      "vars": {
        "df": 2198098035
      },
      "p2m": {},
      "m2p": {}
    },
    {
      "raw": "total_calls = (\n    df[\"Total day calls\"]\n    + df[\"Total eve calls\"]\n    + df[\"Total night calls\"]\n    + df[\"Total intl calls\"]\n)\n\ndf.insert(loc=len(df.columns), column=\"Total calls\", value=total_calls)",
      "total-ns": 47621821,
      "vars": {
        "df": 2254212003,
        "total_calls": 56114112
      },
      "p2m": {},
      "m2p": {}
    },
    {
      "raw": "d = {\"No\": 0, \"Yes\": 1}",
      "total-ns": 460090,
      "vars": {
        "df": 2254212003,
        "total_calls": 56114112
      },
      "p2m": {},
      "m2p": {}
    },
    {
      "raw": "df[\"International plan\"] = df[\"International plan\"].map(d)",
      "total-ns": 351469876,
      "vars": {
        "df": 1895775087,
        "total_calls": 56114112
      },
      "p2m": {},
      "m2p": {}
    },
    {
      "raw": "df = df.replace({\"Voice mail plan\": d})",
      "total-ns": 2376442844,
      "vars": {
        "df": 1536120018,
        "total_calls": 56114112
      },
      "p2m": {},
      "m2p": {}
    },
    {
      "raw": "df.head()",
      "total-ns": 548450,
      "vars": {
        "df": 1536120018,
        "total_calls": 56114112
      },
      "p2m": {},
      "m2p": {}
    },
    {
      "raw": "df[\"Total charge\"] =df[\"Total day charge\"] + df[\"Total eve charge\"] + df[\"Total night charge\"] + df[\"Total intl charge\"]",
      "total-ns": 47918410,
      "vars": {
        "df": 1592233986,
        "total_calls": 56114112
      },
      "p2m": {},
      "m2p": {}
    },
    {
      "raw": "df.head()",
      "total-ns": 523610,
      "vars": {
        "df": 1592233986,
        "total_calls": 56114112
      },
      "p2m": {},
      "m2p": {}
    },
    {
      "raw": "df.drop([\"Total charge\", \"Total day calls\"], axis=1, inplace=True)",
      "total-ns": 319150613,
      "vars": {
        "df": 1480006050,
        "total_calls": 56114112
      },
      "p2m": {},
      "m2p": {}
    },
    {
      "raw": "df.head()",
      "total-ns": 525110,
      "vars": {
        "df": 1480006050,
        "total_calls": 56114112
      },
      "p2m": {},
      "m2p": {}
    },
    {
      "raw": "",
      "total-ns": 178180,
      "vars": {
        "df": 1480006050,
        "total_calls": 56114112
      },
      "p2m": {},
      "m2p": {}
    },
    {
      "raw": "",
      "total-ns": 185590,
      "vars": {
        "df": 1480006050,
        "total_calls": 56114112
      },
      "p2m": {},
      "m2p": {}
    },
    {
      "raw": "",
      "total-ns": 179320,
      "vars": {
        "df": 1480006050,
        "total_calls": 56114112
      },
      "p2m": {},
      "m2p": {}
    },
    {
      "raw": "",
      "total-ns": 178330,
      "vars": {
        "df": 1480006050,
        "total_calls": 56114112
      },
      "p2m": {},
      "m2p": {}
    }
  ]
}