{
  "cells": [
    {
      "raw": "\nimport matplotlib.pyplot as plt\nimport os\nimport pandas as pd\n",
      "total-ns": 450098625,
      "vars": {},
      "p2m": {},
      "m2p": {}
    },
    {
      "raw": "data=pd.read_csv(\"../input/superstore/SampleSuperstore.csv\")",
      "total-ns": 23582100,
      "vars": {
        "data": 5730025
      },
      "p2m": {},
      "m2p": {}
    },
    {
      "raw": "df = data\nintended_df_size_in_MB = 1024\nfactor = intended_df_size_in_MB*(2**20)/df.memory_usage(index=True).sum()\nif int(factor) > 0:\n    df = pd.concat([df]*int(factor), ignore_index=True)\nelse:\n    rowCount = int(df.shape[0]*factor)\n    df = df[0:rowCount]\ndata = df\ndata.info()",
      "total-ns": 2137005224,
      "vars": {
        "data": 5913237336,
        "df": 5913237336
      },
      "p2m": {},
      "m2p": {}
    },
    {
      "raw": "data.head()",
      "total-ns": 595590,
      "vars": {
        "data": 5913237336,
        "df": 5913237336
      },
      "p2m": {},
      "m2p": {}
    },
    {
      "raw": "data.info()",
      "total-ns": 3964951,
      "vars": {
        "data": 5913237336,
        "df": 5913237336
      },
      "p2m": {},
      "m2p": {}
    },
    {
      "raw": "data.duplicated().sum()",
      "total-ns": 5232513120,
      "vars": {
        "data": 5913237336,
        "df": 5913237336
      },
      "p2m": {},
      "m2p": {}
    },
    {
      "raw": "# STEFANOS: Disable this. It undos the data replication.\n# data.drop_duplicates(inplace= True)",
      "total-ns": 267341,
      "vars": {
        "data": 5913237336,
        "df": 5913237336
      },
      "p2m": {},
      "m2p": {}
    },
    {
      "raw": "data.info()",
      "total-ns": 3632190,
      "vars": {
        "data": 5913237336,
        "df": 5913237336
      },
      "p2m": {},
      "m2p": {}
    },
    {
      "raw": "data.drop([\"Postal Code\"], axis=1,inplace= True)",
      "total-ns": 735856368,
      "vars": {
        "data": 5830726872,
        "df": 5830726872
      },
      "p2m": {},
      "m2p": {}
    },
    {
      "raw": "data.info()",
      "total-ns": 3761469,
      "vars": {
        "data": 5830726872,
        "df": 5830726872
      },
      "p2m": {},
      "m2p": {}
    },
    {
      "raw": "data.corr()",
      "total-ns": 535939416,
      "vars": {
        "data": 5830726872,
        "df": 5830726872
      },
      "p2m": {},
      "m2p": {}
    },
    {
      "raw": "# STEFANOS: Disable plotting\n# sns.heatmap(data.corr(), annot=True)",
      "total-ns": 261270,
      "vars": {
        "data": 5830726872,
        "df": 5830726872
      },
      "p2m": {},
      "m2p": {}
    },
    {
      "raw": "data[\"Ship Mode\"].value_counts()",
      "total-ns": 336515384,
      "vars": {
        "data": 5830726872,
        "df": 5830726872
      },
      "p2m": {},
      "m2p": {}
    },
    {
      "raw": "# STEFANOS: Disable plotting\n# sns.countplot(x= data['Ship Mode'])",
      "total-ns": 269410,
      "vars": {
        "data": 5830726872,
        "df": 5830726872
      },
      "p2m": {},
      "m2p": {}
    },
    {
      "raw": "data[\"Segment\"].value_counts()",
      "total-ns": 337200734,
      "vars": {
        "data": 5830726872,
        "df": 5830726872
      },
      "p2m": {},
      "m2p": {}
    },
    {
      "raw": "# STEFANOS: Disable plotting\n# sns.countplot(x= data['Segment'])",
      "total-ns": 272220,
      "vars": {
        "data": 5830726872,
        "df": 5830726872
      },
      "p2m": {},
      "m2p": {}
    },
    {
      "raw": "data[\"Category\"].value_counts()",
      "total-ns": 335324634,
      "vars": {
        "data": 5830726872,
        "df": 5830726872
      },
      "p2m": {},
      "m2p": {}
    },
    {
      "raw": "# STEFANOS: Disable plotting\n# sns.countplot(x= data['Category'])",
      "total-ns": 265371,
      "vars": {
        "data": 5830726872,
        "df": 5830726872
      },
      "p2m": {},
      "m2p": {}
    },
    {
      "raw": "data[\"Sub-Category\"].value_counts()\n",
      "total-ns": 338432114,
      "vars": {
        "data": 5830726872,
        "df": 5830726872
      },
      "p2m": {},
      "m2p": {}
    },
    {
      "raw": "# STEFANOS: Disable plotting\n# plt.figure(figsize=(15,15))\n# plt.pie(data[\"Sub-Category\"].value_counts(), labels= data[\"Sub-Category\"].value_counts().index, autopct =\"%2f\")\n# plt.show()",
      "total-ns": 285820,
      "vars": {
        "data": 5830726872,
        "df": 5830726872
      },
      "p2m": {},
      "m2p": {}
    },
    {
      "raw": "st_profit=data.groupby([\"State\"])[\"Profit\"].sum().nlargest(20)",
      "total-ns": 551280056,
      "vars": {
        "data": 5830726872,
        "df": 5830726872,
        "st_profit": 1493
      },
      "p2m": {},
      "m2p": {}
    },
    {
      "raw": "st_profit",
      "total-ns": 433400,
      "vars": {
        "data": 5830726872,
        "df": 5830726872,
        "st_profit": 1493
      },
      "p2m": {},
      "m2p": {}
    },
    {
      "raw": "# STEFANOS: Disable plotting\n# plt.figure(figsize=(15,8))\n# st_profit.plot.bar()",
      "total-ns": 273401,
      "vars": {
        "data": 5830726872,
        "df": 5830726872,
        "st_profit": 1493
      },
      "p2m": {},
      "m2p": {}
    },
    {
      "raw": "# STEFANOS: Disable plotting\n# sns.lineplot(data=data, x=\"Discount\", y= \"Profit\")",
      "total-ns": 317671,
      "vars": {
        "data": 5830726872,
        "df": 5830726872,
        "st_profit": 1493
      },
      "p2m": {},
      "m2p": {}
    },
    {
      "raw": "# STEFANOS: Disable plotting\n# data.plot(kind=\"scatter\",x=\"Sales\",y=\"Profit\", c=\"Discount\", colormap=\"Set1\",figsize=(10,10))",
      "total-ns": 328491,
      "vars": {
        "data": 5830726872,
        "df": 5830726872,
        "st_profit": 1493
      },
      "p2m": {},
      "m2p": {}
    },
    {
      "raw": "# %%time\ndata1= data.groupby(\"State\")[[\"Sales\",\"Profit\"]].sum().sort_values(by=\"Sales\", ascending=False)\n# STEFANOS: Disable plotting\n# data1[:].plot.bar(color = [\"Green\",\"Red\"], figsize=(20,12))\n# plt.title(\"Profit-Loss and Sales across States\")\n# plt.show()",
      "total-ns": 2136345344,
      "vars": {
        "data": 5830726872,
        "df": 5830726872,
        "st_profit": 1493,
        "data1": 4023
      },
      "p2m": {},
      "m2p": {}
    },
    {
      "raw": "data1= data.groupby(\"Region\")[[\"Sales\",\"Profit\"]].sum().sort_values(by=\"Sales\", ascending=False)\n# STEFANOS: Disable plotting\n# data1[:].plot.bar(color = [\"Blue\",\"Red\"], figsize=(10,7))\n# plt.title(\"Profit-Loss and Sales across Region\")\n# plt.show()",
      "total-ns": 529594596,
      "vars": {
        "data": 5830726872,
        "df": 5830726872,
        "st_profit": 1493,
        "data1": 328
      },
      "p2m": {},
      "m2p": {}
    }
  ]
}