{
  "cells": [
    {
      "raw": "\nimport os\nos.environ[\"MODIN_ENGINE\"] = \"ray\"\nimport ray\nos.environ['MODIN_CPUS'] = \"4\"\nray.init(num_cpus=4, runtime_env={'env_vars': {'__MODIN_AUTOIMPORT_PANDAS__': '1'}})\nimport modin.pandas as pd\nimport numpy as np",
      "total-ns": 4360240093
    },
    {
      "raw": "#load dataset\nproteins = pd.read_csv(\"../input/train_proteins.csv\")\npeptides = pd.read_csv(\"../input/train_peptides.csv\")\nclinical = pd.read_csv(\"../input/train_clinical_data.csv\")",
      "total-ns": 6701473969
    },
    {
      "raw": "df = proteins\nintended_df_size_in_MB = 256\nfactor = intended_df_size_in_MB*(2**20)/(proteins.memory_usage(index=True).sum()+peptides.memory_usage(index=True).sum()+clinical.memory_usage(index=True).sum())\nif int(factor) > 0:\n    df = pd.concat([df]*int(factor), ignore_index=True)\nelse:\n    rowCount = int(df.shape[0]*factor)\n    df = df[0:rowCount]\nproteins = df\n\ndf = peptides\nif int(factor) > 0:\n    df = pd.concat([df]*int(factor), ignore_index=True)\nelse:\n    rowCount = int(df.shape[0]*factor)\n    df = df[0:rowCount]\npeptides = df\n    \ndf = clinical\nif int(factor) > 0:\n    df = pd.concat([df]*int(factor), ignore_index=True)\nelse:\n    rowCount = int(df.shape[0]*factor)\n    df = df[0:rowCount]\nclinical = df\n\nproteins.info()\npeptides.info()\nclinical.info()",
      "total-ns": 2993466314
    },
    {
      "raw": "print('proteins shape:             ', proteins.shape)\nprint('peptides shape:             ', peptides.shape)\nprint('clinical shape:             ', clinical.shape)",
      "total-ns": 897269
    },
    {
      "raw": "proteins[proteins['patient_id'] == 55]['visit_month'].value_counts()",
      "total-ns": 3088439105
    },
    {
      "raw": "peptides[peptides['patient_id'] == 55]['visit_month'].value_counts()",
      "total-ns": 5033910571
    },
    {
      "raw": "# merge proteins and peptides dataset based on 'visit_id' and 'UniPort'\ndf_all = proteins.merge(peptides[['visit_id', 'UniProt', 'Peptide','PeptideAbundance']], on = ['visit_id','UniProt'], how = 'left')",
      "total-ns": 11805998786
    },
    {
      "raw": "def summary(df):\n    print(f'data shape: {df.shape}')\n    summ = pd.DataFrame(df.dtypes, columns=['data type'])\n    summ['#missing'] = df.isnull().sum().values * 100\n    summ['%missing'] = df.isnull().sum().values / len(df)\n    summ['#unique'] = df.nunique().values\n    desc = pd.DataFrame(df.describe(include='all').transpose())\n    summ['min'] = desc['min'].values\n    summ['max'] = desc['max'].values\n    summ['first value'] = df.loc[0].values\n    summ['second value'] = df.loc[1].values\n    summ['third value'] = df.loc[2].values\n    \n    return summ",
      "total-ns": 2221829
    },
    {
      "raw": "summary(df_all).style.background_gradient(cmap='YlOrBr')",
      "total-ns": 33133964265
    },
    {
      "raw": "# group by uniprot\ndf_by_uniprot = df_all.groupby(['visit_id','UniProt'])['NPX'].mean().reset_index()",
      "total-ns": 8279687970
    },
    {
      "raw": "# group by peptides\ndf_by_peptide = df_all.groupby(['visit_id','Peptide'])['PeptideAbundance'].mean().reset_index()",
      "total-ns": 8794174544
    },
    {
      "raw": "# pivot groupby table for uniprot dataset\ndf_uniprot = df_by_uniprot.pivot(index='visit_id',columns = 'UniProt', values = 'NPX').rename_axis(columns=None).reset_index()",
      "total-ns": 341272299
    },
    {
      "raw": "# pivot groupby table for pepdite dataset\ndf_peptide = df_by_peptide.pivot(index='visit_id',columns = 'Peptide', values = 'PeptideAbundance').rename_axis(columns=None).reset_index()",
      "total-ns": 787994683
    },
    {
      "raw": "### let's see how these talbe looks like",
      "total-ns": 748580
    },
    {
      "raw": "df_uniprot.sample(5)",
      "total-ns": 8891719
    },
    {
      "raw": "df_peptide.sample(5)",
      "total-ns": 7154149
    },
    {
      "raw": "# add patient id and visit month\ndf_uniprot[['patient_id','visit_month']] = df_uniprot.visit_id.str.split(\"_\", expand=True)\ndf_peptide[['patient_id','visit_month']] = df_peptide.visit_id.str.split(\"_\", expand=True)",
      "total-ns": 154071678
    },
    {
      "raw": "clinical.head(5)",
      "total-ns": 6546918
    },
    {
      "raw": "clinical.melt(id_vars=['visit_id', 'patient_id', 'visit_month', 'upd23b_clinical_state_on_medication'], \n                   var_name='updrs', value_name='rating')",
      "total-ns": 98791966
    },
    {
      "raw": "# to be continued....",
      "total-ns": 511660
    },
    {
      "raw": "",
      "total-ns": 265630
    },
    {
      "raw": "",
      "total-ns": 111110
    },
    {
      "raw": "",
      "total-ns": 113360
    }
  ]
}