{
  "cells": [
    {
      "raw": "\nimport os\nos.environ[\"MODIN_ENGINE\"] = \"ray\"\nimport ray\nos.environ['MODIN_CPUS'] = \"4\"\nray.init(num_cpus=4, runtime_env={'env_vars': {'__MODIN_AUTOIMPORT_PANDAS__': '1'}})\nimport modin.pandas as pd\nimport numpy as np\n\npd.plotting.register_matplotlib_converters()\nimport matplotlib.pyplot as plt\n%matplotlib inline\nimport seaborn as sns",
      "total-ns": 5028113295
    },
    {
      "raw": "data =  pd.read_csv('../input/used_cars_Pakistan.csv',index_col=0)\ndata",
      "total-ns": 4484350872
    },
    {
      "raw": "df = data\nintended_df_size_in_MB = 256\nfactor = intended_df_size_in_MB*(2**20)/df.memory_usage(index=True).sum()\nif int(factor) > 0:\n    df = pd.concat([df]*int(factor), ignore_index=True)\nelse:\n    rowCount = int(df.shape[0]*factor)\n    df = df[0:rowCount]\ndata = df\ndata.info()",
      "total-ns": 1864238467
    },
    {
      "raw": "data.make.value_counts().head(10)",
      "total-ns": 1521775565
    },
    {
      "raw": "data.model.value_counts().head(10)",
      "total-ns": 1340193470
    },
    {
      "raw": "data.city.value_counts().head(10)",
      "total-ns": 1264232587
    },
    {
      "raw": "data.year.value_counts().head(10)",
      "total-ns": 917171311
    },
    {
      "raw": "data.Engine_displacement.value_counts().head(5)",
      "total-ns": 1059700609
    },
    {
      "raw": "data.Battery.value_counts().head()",
      "total-ns": 909250070
    },
    {
      "raw": "100*(len(data)-data.Battery.isnull().sum())/len(data)",
      "total-ns": 849303181
    },
    {
      "raw": "data.Price_Rs.mean()",
      "total-ns": 807530192
    },
    {
      "raw": "data.Price_Rs.median()",
      "total-ns": 871345131
    },
    {
      "raw": "",
      "total-ns": 214280
    }
  ]
}