{
  "cells": [
    {
      "raw": "import warnings\nwarnings.filterwarnings('ignore')\nimport numpy as np\nimport pandas as pd",
      "total-ns": 431642625
    },
    {
      "raw": "df=pd.read_csv(r'../input/churn-bigml-80.csv')",
      "total-ns": 17859500
    },
    {
      "raw": "df = df\nintended_df_size_in_MB = 256\nfactor = intended_df_size_in_MB*(2**20)/df.memory_usage(index=True).sum()\nif int(factor) > 0:\n    df = pd.concat([df]*int(factor), ignore_index=True)\nelse:\n    rowCount = int(df.shape[0]*factor)\n    df = df[0:rowCount]\ndf = df\ndf.info()",
      "total-ns": 624904413
    },
    {
      "raw": "df.head()",
      "total-ns": 520480
    },
    {
      "raw": "df.shape",
      "total-ns": 618180
    },
    {
      "raw": "df.columns",
      "total-ns": 242940
    },
    {
      "raw": "df.nunique()",
      "total-ns": 594734044
    },
    {
      "raw": "df.info()",
      "total-ns": 4639820
    },
    {
      "raw": "df[\"Churn\"] = df[\"Churn\"].astype(\"int64\")",
      "total-ns": 8489180
    },
    {
      "raw": "df.info()",
      "total-ns": 5331090
    },
    {
      "raw": "df.describe().T",
      "total-ns": 1009984099
    },
    {
      "raw": "df.describe(include=[\"object\"]).T",
      "total-ns": 665980133
    },
    {
      "raw": "df[\"Churn\"].value_counts()",
      "total-ns": 12417379
    },
    {
      "raw": "df[\"Churn\"].value_counts(normalize=True)",
      "total-ns": 12564610
    },
    {
      "raw": "df.sort_values(by=\"Total day charge\", ascending=False).head()",
      "total-ns": 1038512829
    },
    {
      "raw": "df.sort_values(by=[\"Total day charge\", 'Total day calls'], ascending=[True, False]).head()",
      "total-ns": 538690615
    },
    {
      "raw": "df.loc[0:5, \"State\":\"Area code\"]",
      "total-ns": 2366100
    },
    {
      "raw": "df.iloc[0:5, 0:3]",
      "total-ns": 740680
    },
    {
      "raw": "df.groupby(\"Churn\")[\"Total day minutes\"].mean()",
      "total-ns": 35906890
    },
    {
      "raw": "columns_to_show = [\"Total day minutes\", \"Total eve minutes\", \"Total night minutes\"]\n\ndf.groupby([\"Churn\"])[columns_to_show].agg(['mean', 'std', 'max', 'min'])",
      "total-ns": 353743406
    },
    {
      "raw": "df.apply(np.max)",
      "total-ns": 465757345
    },
    {
      "raw": "df[ (df[\"Churn\"] == 0) & (df[\"International plan\"] == \"No\") ][\"Total intl minutes\"].max()",
      "total-ns": 275152887
    },
    {
      "raw": "pd.crosstab(df[\"Churn\"], df[\"International plan\"])",
      "total-ns": 220060827
    },
    {
      "raw": "pd.crosstab(df[\"Churn\"], df[\"International plan\"], normalize=True)",
      "total-ns": 260733888
    },
    {
      "raw": "total_calls = (\n    df[\"Total day calls\"]\n    + df[\"Total eve calls\"]\n    + df[\"Total night calls\"]\n    + df[\"Total intl calls\"]\n)\n\ndf.insert(loc=len(df.columns), column=\"Total calls\", value=total_calls)",
      "total-ns": 11761150
    },
    {
      "raw": "d = {\"No\": 0, \"Yes\": 1}",
      "total-ns": 470500
    },
    {
      "raw": "df[\"International plan\"] = df[\"International plan\"].map(d)",
      "total-ns": 151250688
    },
    {
      "raw": "df = df.replace({\"Voice mail plan\": d})",
      "total-ns": 689284313
    },
    {
      "raw": "df.head()",
      "total-ns": 680000
    },
    {
      "raw": "df[\"Total charge\"] =df[\"Total day charge\"] + df[\"Total eve charge\"] + df[\"Total night charge\"] + df[\"Total intl charge\"]",
      "total-ns": 7697380
    },
    {
      "raw": "df.head()",
      "total-ns": 509710
    },
    {
      "raw": "df.drop([\"Total charge\", \"Total day calls\"], axis=1, inplace=True)",
      "total-ns": 78791509
    },
    {
      "raw": "df.head()",
      "total-ns": 541360
    },
    {
      "raw": "",
      "total-ns": 81610
    },
    {
      "raw": "",
      "total-ns": 110700
    },
    {
      "raw": "",
      "total-ns": 56550
    },
    {
      "raw": "",
      "total-ns": 53340
    }
  ]
}