{
  "cells": [
    {
      "raw": "# This Python 3 environment comes with many helpful analytics libraries installed\n# It is defined by the kaggle/python Docker image: https://github.com/kaggle/docker-python\n# For example, here's several helpful packages to load\n\nimport numpy as np # linear algebra\nimport os\n\nimport os\nos.environ[\"MODIN_ENGINE\"] = \"ray\"\nimport ray\nos.environ['MODIN_CPUS'] = \"4\"\nray.init(num_cpus=4, runtime_env={'env_vars': {'__MODIN_AUTOIMPORT_PANDAS__': '1'}})\nimport modin.pandas as pd\nimport matplotlib.pyplot as plt\nimport seaborn as sns\nsns.set()\n\n# Input data files are available in the read-only \"../input/\" directory\n# For example, running this (by clicking run or pressing Shift+Enter) will list all files under the input directory\n\nimport os\nfor dirname, _, filenames in os.walk('/kaggle/input'):\n    for filename in filenames:\n        print(os.path.join(dirname, filename))\n\n# You can write up to 20GB to the current directory (/kaggle/working/) that gets preserved as output when you create a version using \"Save & Run All\" \n# You can also write temporary files to /kaggle/temp/, but they won't be saved outside of the current session",
      "total-ns": 4500418647
    },
    {
      "raw": "df = pd.read_csv(\"../input/adidas-us-retail-products-dataset/adidas.csv\")",
      "total-ns": 4447485971
    },
    {
      "raw": "df = df\nintended_df_size_in_MB = 256\nfactor = intended_df_size_in_MB*(2**20)/df.memory_usage(index=True).sum()\nif int(factor) > 0:\n    df = pd.concat([df]*int(factor), ignore_index=True)\nelse:\n    rowCount = int(df.shape[0]*factor)\n    df = df[0:rowCount]\ndf = df\ndf.info()",
      "total-ns": 15125144937
    },
    {
      "raw": "# First 5 records in the DataFrame\n\ndf.head()",
      "total-ns": 15140759
    },
    {
      "raw": "# Checking for Null Values in the DataFrame\n\ndf.isna().sum()\n\n# There 16 Null Values for Original_price Column",
      "total-ns": 129585643
    },
    {
      "raw": "# Shape of the DataFrame\n\ndf.shape",
      "total-ns": 408419
    },
    {
      "raw": "# Information about the DataFrame\n\ndf.info()",
      "total-ns": 22203029221
    },
    {
      "raw": "# Correlation Between Columns\n\ndf.corr()",
      "total-ns": 13013424694
    },
    {
      "raw": "# Statistical informtion about the DataFrame\n\ndf.describe().T",
      "total-ns": 20245480
    },
    {
      "raw": "# The Percentage of Missing Values in the 'original_price' Column\n\n100 * (df['original_price'].isna().sum() / len(df))\n\n# As the percntage of Null Records is less than 5%, hence dropping the Null record Rows",
      "total-ns": 38883631691
    },
    {
      "raw": "# Dropping Null Values in the DataFrame\n\ndf.dropna(inplace=True, axis=0)",
      "total-ns": 14376960
    },
    {
      "raw": "# Checking for Null Values in the DataFrame\n\ndf.isna().sum()",
      "total-ns": 21277126653
    },
    {
      "raw": "# Dropping 'currency' column as all records have 'USD' as currency\n# Dropping 'source' column as all records have 'adidas United States' as value\n# Dropping 'brand', 'country', 'language' columns as all records have same value\n\ndf.drop([ 'brand', 'country', 'language', 'source_website', 'images', 'crawled_at', 'url', 'sku', 'currency','source', 'description'], axis=1, inplace=True)",
      "total-ns": 3527539
    },
    {
      "raw": "# First 5 records in the DataFrame\n\ndf.head()",
      "total-ns": 1694170707
    },
    {
      "raw": "# Removing '$' from the DataFrame\n\ndf['original_price'] = df['original_price'].str.split('$')\ndf['original_price'] = df['original_price'].str[1]",
      "total-ns": 37085946
    },
    {
      "raw": "# First 5 records in the DataFrame\n\ndf.head()",
      "total-ns": 2214319
    },
    {
      "raw": "# Shape of the DataFrame\n\ndf.shape",
      "total-ns": 279830
    },
    {
      "raw": "# Checking the Data Types for the columns\n\ndf.dtypes",
      "total-ns": 191100
    },
    {
      "raw": "# Creating 'Category' Column\n\ndf['Category'] = df['breadcrumbs'].str.split(\"/\")\ndf['Category'] = df['Category'].str[0]",
      "total-ns": 16539279
    },
    {
      "raw": "# Creating 'Product Type' Column\n\ndf['Product_Type'] = df['breadcrumbs'].str.split(\"/\")\ndf['Product_Type'] = df['Product_Type'].str[1]",
      "total-ns": 17197209
    },
    {
      "raw": "# Droping 'breadcrumbs' Column\n\ndf.drop(['breadcrumbs', 'category'], axis=1, inplace=True)",
      "total-ns": 2692979
    },
    {
      "raw": "# Changing the DataType of 'original_price' from object to int64\n\ndf['original_price'] = df['original_price'].astype('int64')",
      "total-ns": 7573060
    },
    {
      "raw": "# Checking the Data Types for the columns\n\ndf.dtypes",
      "total-ns": 327759
    },
    {
      "raw": "# STEFANOS: Disable plotting\n# sns.heatmap(df.corr(), annot=True, cmap='magma')\n# plt.show();",
      "total-ns": 171170
    },
    {
      "raw": "# Distribution Plot for selling price\n\n# STEFANOS: Disable plotting\n# sns.displot(df['selling_price'], kde=True);\n\n# The Below Graph is 'Right Skewed' with Majority of Data falling between 10-70.",
      "total-ns": 135491
    },
    {
      "raw": "# Distribution Plot for origial price\n\n# STEFANOS: Disable plotting\n# sns.displot(df['original_price'], kde=True);\n\n# The Below Graph is 'Right Skewed' with Majority of Data falling between 10-90.",
      "total-ns": 974430
    },
    {
      "raw": "# Distribution Plot for average rating\n\n# STEFANOS: Disable plotting\n# sns.displot(df['average_rating'], kde=True);\n\n# The Below Graph is 'Left Skewed' with Majority of Data falling between 4.2-5.0.",
      "total-ns": 149580
    },
    {
      "raw": "# Distribution Plot for reviews count\n\n# STEFANOS: Disable plotting\n# sns.displot(df['reviews_count'], kde=True);\n\n# The Below Graph is 'Right Skewed' with Majority of Data falling below 600.",
      "total-ns": 130700
    },
    {
      "raw": "# No.of Unique Products in the DataFrame\n\ndf['name'].nunique()",
      "total-ns": 18647100044
    },
    {
      "raw": "# Top 10 - Products sold in the DataFrame\n\ndf['name'].value_counts()[:10]",
      "total-ns": 2649406738
    },
    {
      "raw": "# Top 5 - Products sold in the DataFrame\n\n\n# STEFANOS: Disable plotting\n# plt.figure(figsize=(12,4))\n# df['name'].value_counts()[:5].plot(kind='barh', color={'#864879','#2D4263','#C84B31', '#ECDBBA', '#B3541E'})\n# plt.ylabel(\"Product Name\")\n# plt.xlabel(\"No.of Units Sold\")\n# plt.title(\"Product Name Vs. No.of Units Sold\")\n# plt.show();\ndf['name'].value_counts()[:5]",
      "total-ns": 2163887453
    },
    {
      "raw": "# No.of Unique selling price in the DataFrame\n\ndf['selling_price'].nunique()",
      "total-ns": 1690104367
    },
    {
      "raw": "# Top 15 - Products interms of similar selling price in the DataFrame\n\ndf['selling_price'].value_counts()[:15]",
      "total-ns": 1757691050
    },
    {
      "raw": "# Top 5 - Products interms of similar selling price in the DataFrame\n\n# STEFANOS: Disable plotting\n# plt.figure(figsize=(12,4))\n# df['selling_price'].value_counts()[:5].plot(kind='barh', color={'#864879','#2D4263','#C84B31', '#ECDBBA', '#B3541E'})\n# plt.ylabel(\"Product Selling Price ($USD)\")\n# plt.xlabel(\"No.of Products\")\n# plt.title(\"Product Selling Price ($USD) Vs. No.of Products\")\n# plt.show();\ndf['selling_price'].value_counts()[:5]",
      "total-ns": 1742694191
    },
    {
      "raw": "# Top 15 - Products interms of similar selling price in the DataFrame\n\n# STEFANOS: Disable plotting\n# labels = df['selling_price'].value_counts().head(15).index\n# pie, ax = plt.subplots(figsize=[20,8])\n# plt.pie(x=df['selling_price'].value_counts().head(15).values, autopct=\"%.1f%%\", explode=[0.06]*15, labels=labels, pctdistance=0.5)\n# plt.title(\"Top 15 - Products interms of similar selling price ($USD)\", fontsize=14);",
      "total-ns": 208050
    },
    {
      "raw": "# Maximum Selling Price\n\nprint(\"The Maximun Selling Price is:\",df['selling_price'].max(),\"USD\")",
      "total-ns": 1656741661
    },
    {
      "raw": "# Minimum Selling Price\n\nprint(\"The Minimum Selling Price is:\",df['selling_price'].min(),\"USD\")",
      "total-ns": 1679242948
    },
    {
      "raw": "# Average Selling Price\n\nprint(\"The Average Selling Price is:\",round(df['selling_price'].mean(),2),\"USD\")",
      "total-ns": 1683834908
    },
    {
      "raw": "# Top 10 - Highest Selling Prices in USD\n\nset(df['selling_price'].sort_values(ascending=False)[:30].values)",
      "total-ns": 4394098669
    },
    {
      "raw": "# Top 10 - Least Selling Prices in USD\n\nset(df['selling_price'].sort_values()[:40].values)",
      "total-ns": 4370688502
    },
    {
      "raw": "# No.of Unique original price in the DataFrame\n\ndf['original_price'].nunique()",
      "total-ns": 42468455
    },
    {
      "raw": "# Top 15 - Products interms of similar original price in the DataFrame\n\ndf['original_price'].value_counts()[:15]",
      "total-ns": 110240327
    },
    {
      "raw": "# Top 5 - Products interms of similar origial price in the DataFrame\n\n# STEFANOS: Disable plotting\n# plt.figure(figsize=(12,4))\n# df['original_price'].value_counts()[:5].plot(kind='barh', color={'#864879','#2D4263','#C84B31', '#ECDBBA', '#B3541E'})\n# plt.ylabel(\"Original Product Price ($USD)\")\n# plt.xlabel(\"No.of Products\")\n# plt.title(\"Original Product Price ($USD) Vs. No.of Products\")\n# plt.show();\ndf['original_price'].value_counts()[:5]",
      "total-ns": 110697597
    },
    {
      "raw": "# Top 15 - Products interms of similar Original price in the DataFrame\n\n# STEFANOS: Disable plotting\n# labels = df['original_price'].value_counts().head(15).index\n# pie, ax = plt.subplots(figsize=[20,8])\n# plt.pie(x=df['original_price'].value_counts().head(15).values, autopct=\"%.1f%%\", explode=[0.06]*15, labels=labels, pctdistance=0.5)\n# plt.title(\"Top 15 - Products interms of similar original price ($USD)\", fontsize=14);",
      "total-ns": 221990
    },
    {
      "raw": "# Maximum Original Price\n\nprint(\"The Maximun Original Price is:\",df['original_price'].max(),\"USD\")",
      "total-ns": 29910526
    },
    {
      "raw": "# Minimum Original Price\n\nprint(\"The Minimum Original Price is:\",df['original_price'].min(),\"USD\")",
      "total-ns": 29040827
    },
    {
      "raw": "# Average Original Price\n\nprint(\"The Average Original Price is:\",round(df['original_price'].mean(),2),\"USD\")",
      "total-ns": 35134356
    },
    {
      "raw": "# Top 10 - Highest Original Prices in USD\n\nset(df['original_price'].sort_values(ascending=False)[:80].values)",
      "total-ns": 366763008
    },
    {
      "raw": "# Top 10 - Least Original Prices in USD\n\nset(df['original_price'].sort_values().values[:100])",
      "total-ns": 389851346
    },
    {
      "raw": "# Calculating Discount\n\ndf['Discount'] = df['original_price'] - df['selling_price']",
      "total-ns": 26290427
    },
    {
      "raw": "# No.of Unique Discount in the DataFrame\n\ndf['Discount'].nunique()",
      "total-ns": 4206175400
    },
    {
      "raw": "# Top 15 - Highest Discount Amount in the DataFrame\n\nlist(set(df['Discount'].unique()))[-15::]",
      "total-ns": 153383863
    },
    {
      "raw": "# Top 15 - Least Discount Amount in the DataFrame\n\nlist(set(df['Discount'].unique()))[:15]",
      "total-ns": 111207167
    },
    {
      "raw": "# Top 15 - Most Given Discount Amount in the DataFrame\n\ndf['Discount'].value_counts()[:15]",
      "total-ns": 200430887
    },
    {
      "raw": "# Top 5 - Most Given Discount Amount in the DataFrame\n\n# STEFANOS: Disable plotting\n# plt.figure(figsize=(12,4))\n# df['Discount'].value_counts()[:5].plot(kind='barh', color={'#864879','#2D4263','#C84B31', '#ECDBBA', '#B3541E'})\n# plt.ylabel(\"Discount Amount\")\n# plt.xlabel(\"No.of times Particular Disount Amount Given\")\n# plt.title(\"Discount Amount Vs. No.of times Particular Disount Amount Given\")\n# plt.show();\ndf['Discount'].value_counts()[:5]",
      "total-ns": 160127541
    },
    {
      "raw": "# Top 15 - Most Given Discount Amount in the DataFrame\n\nlabels = df['Discount'].value_counts().head(15).index\n# STEFANOS: Disable plotting\n# pie, ax = plt.subplots(figsize=[20,8])\n# plt.pie(x=df['Discount'].value_counts().head(15).values, autopct=\"%.1f%%\", explode=[0.06]*15, labels=labels, pctdistance=0.5)\n# plt.title(\"Top 15 - Most Given Discount Amount in the DataFrame\", fontsize=14);\n_ = df['Discount'].value_counts().head(15).values",
      "total-ns": 311192024
    },
    {
      "raw": "# Calculating Discount percentage(%)\n\ndf['Discount(%)'] = round(((df['original_price'] - df['selling_price']) / (df['original_price']))*100,2)",
      "total-ns": 37678746
    },
    {
      "raw": "# No.of Unique Discount Percentage(%) in the DataFrame\n\ndf['Discount(%)'].nunique()",
      "total-ns": 3889983217
    },
    {
      "raw": "# Top 15 - Highest Discount Percentage(%) in the DataFrame\n\ntop_discount_percnet = list(set(df['Discount(%)'].unique()))\ntop_discount_percnet.sort(reverse=True)\nprint(top_discount_percnet[:15])",
      "total-ns": 63027683
    },
    {
      "raw": "# Top 15 - Least Discount Percentage(%) in the DataFrame\n\nleast_discount_percnet = list(set(df['Discount(%)'].unique()))\nleast_discount_percnet.sort(reverse=False)\nprint(least_discount_percnet[:15])",
      "total-ns": 66426042
    },
    {
      "raw": "# Top 15 - Most Given Discount Percentage(%) in the DataFrame\n\ndf['Discount(%)'].value_counts().head(15)",
      "total-ns": 163355261
    },
    {
      "raw": "# Top 5 - Most Given Discount Percentage in the DataFrame\n\n# STEFANOS: Disable plotting\n# plt.figure(figsize=(12,4))\n# df['Discount(%)'].value_counts().head(5).plot(kind='barh', color={'#864879','#2D4263','#C84B31', '#ECDBBA', '#B3541E'})\n# plt.ylabel(\"Discount Percentage\")\n# plt.xlabel(\"No.of times Particular Disount Percentage Given\")\n# plt.title(\"Discount Percentage Vs. No.of times Particular Disount Percentage Given\")\n# plt.show();\ndf['Discount(%)'].value_counts().head(5)",
      "total-ns": 146776514
    },
    {
      "raw": "# Top 15 - Most Given Discount Percentage in the DataFrame\n\nlabels = df['Discount(%)'].value_counts().head(15).index\n# STEFANOS: Disable plotting\n# pie, ax = plt.subplots(figsize=[20,15])\n# plt.pie(x=df['Discount(%)'].value_counts().head(15).values, autopct=\"%.1f%%\", explode=[0.06]*15, labels=labels, pctdistance=0.5)\n# plt.title(\"Top 15 - Most Given Discount Percenatage in the DataFrame\", fontsize=14);\n# plt.tight_layout();\n_=df['Discount(%)'].value_counts().head(15).values",
      "total-ns": 266703629
    },
    {
      "raw": "# Unique colors in the DataFrame\n\ndf['color'].unique()",
      "total-ns": 2576322766
    },
    {
      "raw": "# No.of Unique colors in the DataFrame\n\ndf['color'].nunique()",
      "total-ns": 2094462682
    },
    {
      "raw": "# No.of Products for each Color\n\ndf['color'].value_counts()",
      "total-ns": 2122187448
    },
    {
      "raw": "# No.of Products for each Color\n\nlabels = df['color'].value_counts().index\n# STEFANOS: Disable plotting\n# pie, ax = plt.subplots(figsize=[20,15])\n# plt.pie(x=df['color'].value_counts().values, autopct=\"%.1f%%\", explode=[0.03]*18, labels=labels, pctdistance=0.5)\n# plt.title(\"No.of Products for each Color in the DataFrame\", fontsize=14);\n# plt.tight_layout();\n_ = x=df['color'].value_counts().values",
      "total-ns": 4279585882
    },
    {
      "raw": "# Popular Color in Kids Category\n\ndf.groupby(['Category','color']).size()['Kids']",
      "total-ns": 9546947081
    },
    {
      "raw": "# Popular Color in Womens Category\n\ndf.groupby(['Category','color']).size()['Women']",
      "total-ns": 10803213548
    },
    {
      "raw": "# Popular Color in Mens Category\n\ndf.groupby(['Category','color']).size()['Men']",
      "total-ns": 11093076265
    },
    {
      "raw": "# Unique Availability values in the DataFrame\n\ndf['availability'].unique()",
      "total-ns": 3133920803
    },
    {
      "raw": "# No.of Unique Availability values in the DataFrame\n\ndf['availability'].nunique()",
      "total-ns": 2296854808
    },
    {
      "raw": "# No.of Products according to Avaialability\n\ndf['availability'].value_counts()",
      "total-ns": 2370352249
    },
    {
      "raw": "# Unique Product Type values in the DataFrame\n\ndf['Product_Type'].unique()",
      "total-ns": 608069410
    },
    {
      "raw": "# No.of Unique Product Type values in the DataFrame\n\ndf['Product_Type'].nunique()",
      "total-ns": 546152718
    },
    {
      "raw": "# No.of Products according to Product Type\n\ndf['Product_Type'].value_counts()",
      "total-ns": 628209409
    },
    {
      "raw": "# No.of Products according to Product Type\n\n# STEFANOS: Disable plotting\n# plt.figure(figsize=(12,4))\n# df['Product_Type'].value_counts().plot(kind='barh', color={'#864879','#2D4263','#C84B31'})\n# plt.ylabel(\"Product Type\")\n# plt.xlabel(\"No.of Products Sold According to Particular - Product Type\")\n# plt.title(\"Product Type Vs. No.of Products Sold According to Particular - Product Type\")\n# plt.show();\ndf['Product_Type'].value_counts()",
      "total-ns": 628075668
    },
    {
      "raw": "# No.of Products according to Product Type\n\nlabels = df['Product_Type'].value_counts().index\n# STEFANOS: Disable plotting\n# pie, ax = plt.subplots(figsize=[10,4])\n# plt.pie(x=df['Product_Type'].value_counts().values, autopct=\"%.1f%%\", explode=[0.05]*3, labels=labels, pctdistance=0.5)\n# plt.title(\"No.of Products according to Product Type in the DataFrame\", fontsize=14);\n# plt.tight_layout();\n_ = df['Product_Type'].value_counts().values",
      "total-ns": 1286456043
    },
    {
      "raw": "df.groupby(['Product_Type', 'Category']).max()['selling_price']",
      "total-ns": 19098668502
    },
    {
      "raw": "df.groupby(['Product_Type', 'Category']).min()['selling_price']",
      "total-ns": 18970401287
    },
    {
      "raw": "df.groupby(['Product_Type', 'Category']).mean()['selling_price']",
      "total-ns": 18149559590
    },
    {
      "raw": "# Unique Category values in the DataFrame\n\ndf['Category'].unique()",
      "total-ns": 1017828874
    },
    {
      "raw": "# No.of Unique Category values in the DataFrame\n\ndf['Category'].nunique()",
      "total-ns": 905473427
    },
    {
      "raw": "# No.of Products according to Category\n\ndf['Category'].value_counts()",
      "total-ns": 1274486405
    },
    {
      "raw": "# Top-5 Products according to Category\n\n# STEFANOS: Disable plotting\n# plt.figure(figsize=(12,4))\n# df['Category'].value_counts().head(5).plot(kind='barh', color={'#864879','#2D4263','#C84B31', '#ECDBBA', '#B3541E'})\n# plt.ylabel(\"Category\")\n# plt.xlabel(\"No.of Products Sold According to Particular - Category\")\n# plt.title(\"Top 5 - Products Sold according to Category in the DataFrame\")\n# plt.show();\ndf['Category'].value_counts().head(5)",
      "total-ns": 1178792316
    },
    {
      "raw": "# Top-5 Products according to Category\n\nlabels = df['Category'].value_counts().head(5).index\n# STEFANOS: Disable plotting\n# pie, ax = plt.subplots(figsize=[10,4])\n# plt.pie(x=df['Category'].value_counts().head(5).values, autopct=\"%.1f%%\", explode=[0.05]*5, labels=labels, pctdistance=0.5)\n# plt.title(\"Top 5 - Products Sold according to Category in the DataFrame\", fontsize=14);\n# plt.tight_layout();\n_ = df['Category'].value_counts().head(5).values",
      "total-ns": 2478872607
    },
    {
      "raw": "# Unique 'Average Rating'in the DataFrame\n\ndf['average_rating'].unique()",
      "total-ns": 3694234089
    },
    {
      "raw": "# No.of Unique 'Average Rating'in the DataFrame\n\ndf['average_rating'].nunique()",
      "total-ns": 3550214705
    },
    {
      "raw": "# No.of time particular Average Rating Provided\n\ndf['average_rating'].value_counts()",
      "total-ns": 3383196504
    },
    {
      "raw": "# Top 5 - Average Rating Provided\n\n# STEFANOS: Disable plotting\n# plt.figure(figsize=(12,4))\n# df['average_rating'].value_counts().head(5).plot(kind='barh', color={'#864879','#2D4263','#C84B31', '#ECDBBA', '#B3541E'})\n# plt.ylabel(\"Average Rating\")\n# plt.xlabel(\"No.of times particular rating provided\")\n# plt.title(\"Top 5 - Average Rating Provided in the DataFrame\")\n# plt.show();\ndf['average_rating'].value_counts().head(5)",
      "total-ns": 2350729572
    },
    {
      "raw": "# Top 5 - Average Rating Provided\n\nlabels = df['average_rating'].value_counts().head(5).index\n# STEFANOS: Disable plotting\n# pie, ax = plt.subplots(figsize=[10,4])\n# plt.pie(x=df['average_rating'].value_counts().head(5).values, autopct=\"%.1f%%\", explode=[0.05]*5, labels=labels, pctdistance=0.5)\n# plt.title(\"# Top 5 - Average Rating Provided in the DataFrame\", fontsize=14);\n# plt.tight_layout();\n_ = df['average_rating'].value_counts().head(5).values",
      "total-ns": 4383477630
    },
    {
      "raw": "# Maxmimum Average Rating\n\ndf['average_rating'].max()",
      "total-ns": 2117494599
    },
    {
      "raw": "# Minimum Average Rating\n\ndf['average_rating'].min()",
      "total-ns": 2075077394
    },
    {
      "raw": "# Mean Average Rating\n\nround(df['average_rating'].mean(),2)",
      "total-ns": 2097506311
    },
    {
      "raw": "# Maximum Average Rating across 'Product Type' and 'Category'\n\ndf.groupby(['Product_Type', 'Category']).max()['average_rating']",
      "total-ns": 18689140638
    },
    {
      "raw": "# Minimum Average Rating across 'Product Type' and 'Category'\n\ndf.groupby(['Product_Type', 'Category']).min()['average_rating']",
      "total-ns": 18841716731
    },
    {
      "raw": "# No.of Unique 'Reviews Count' in the DataFrame\n\ndf['reviews_count'].nunique()",
      "total-ns": 2564007387
    },
    {
      "raw": "# Top 10 - 'Reviews Count' and no.of particular 'Reviews Count' occurances\n\ndf['reviews_count'].value_counts().head(10)",
      "total-ns": 2374432399
    },
    {
      "raw": "# Top 5 - 'Reviews Count' and no.of particular 'Reviews Count' occurances\n\n# STEFANOS: Disable plotting\n# plt.figure(figsize=(12,4))\n# df['average_rating'].value_counts().head(5).plot(kind='barh', color={'#864879','#2D4263','#C84B31', '#ECDBBA', '#B3541E'})\n# plt.ylabel('Reviews Count')\n# plt.xlabel('no.of particular Reviews Count occurances')\n# plt.title(\"Top 5 - 'Reviews Count' and no.of particular 'Reviews Count' occurances\")\n# plt.show();\ndf['average_rating'].value_counts().head(5)",
      "total-ns": 2366162615
    },
    {
      "raw": "# Maxmimum 'Reviews Count'\n\ndf['reviews_count'].max()",
      "total-ns": 2129930162
    },
    {
      "raw": "# Minimum 'Reviews Count'\n\ndf['reviews_count'].min()",
      "total-ns": 2233692565
    },
    {
      "raw": "# Mean 'Reviews Count'\n\nround(df['reviews_count'].mean(),2)",
      "total-ns": 2270461665
    },
    {
      "raw": "# Maximum 'Reviews Count' across 'Product Type' and 'Category'\n\ndf.groupby(['Product_Type', 'Category']).max()['reviews_count']",
      "total-ns": 18625368816
    },
    {
      "raw": "# Minimum Reviews Count' across 'Product Type' and 'Category'\n\ndf.groupby(['Product_Type', 'Category']).min()['reviews_count']",
      "total-ns": 20471176781
    },
    {
      "raw": "# STEFANOS: Disable plotting\n# sns.scatterplot(data=df, x='average_rating', y='reviews_count')",
      "total-ns": 197200
    }
  ]
}