{
  "cells": [
    {
      "raw": "\nimport os\nos.environ[\"MODIN_ENGINE\"] = \"ray\"\nimport ray\nos.environ['MODIN_CPUS'] = \"4\"\nray.init(num_cpus=4, runtime_env={'env_vars': {'__MODIN_AUTOIMPORT_PANDAS__': '1'}})\nimport modin.pandas as pd\nimport numpy as np\npd.set_option('display.max_columns', 50)",
      "total-ns": 3923977884
    },
    {
      "raw": "df = pd.read_csv('../input/cybersecurity_attacks.csv', parse_dates=['Timestamp'], dtype={'Protocol':'category', 'Packet Type':'category', 'Traffic Type':'category', 'Attack Type':'category', 'Attack Signature':'category', 'Action Taken':'category', 'Severity Level':'category', 'Network Segment':'category', 'Log Source':'category'}).drop(columns=['Malware Indicators', 'Alerts/Warnings', 'Proxy Information', 'Firewall Logs', 'IDS/IPS Alerts'])",
      "total-ns": 5932535015
    },
    {
      "raw": "df = df\nintended_df_size_in_MB = 256\nfactor = intended_df_size_in_MB*(2**20)/df.memory_usage(index=True).sum()\nif int(factor) > 0:\n    df = pd.concat([df]*int(factor), ignore_index=True)\nelse:\n    rowCount = int(df.shape[0]*factor)\n    df = df[0:rowCount]\ndf = df\ndf.info()",
      "total-ns": 8035608124
    },
    {
      "raw": "df.head()",
      "total-ns": 6568599
    },
    {
      "raw": "df.describe().T",
      "total-ns": 59977890
    },
    {
      "raw": "df.resample('M', on='Timestamp')['Attack Type']\n\ndf.resample('Y', on='Timestamp')['Attack Type']",
      "total-ns": 28323540
    },
    {
      "raw": "data = pd.crosstab(df['Timestamp'], df['Attack Type']).resample('M').count().melt(ignore_index=False)",
      "total-ns": 38776953992
    },
    {
      "raw": "df.groupby(df['Timestamp'].dt.time).agg({'Attack Type':'count'}).nlargest(10, 'Attack Type')",
      "total-ns": 17806734601
    },
    {
      "raw": "df.groupby('Attack Type')['Anomaly Scores'].mean().reset_index()",
      "total-ns": 15115916347
    },
    {
      "raw": "pd.crosstab(df['Geo-location Data'], df['Attack Type']).nlargest(5, columns='DDoS')['DDoS']",
      "total-ns": 18661652333
    },
    {
      "raw": "pd.crosstab(df['Geo-location Data'], df['Attack Type']).nlargest(5, columns='Malware')['Malware']",
      "total-ns": 18930676881
    },
    {
      "raw": "pd.crosstab(df['Geo-location Data'], df['Attack Type']).nlargest(5, columns='Intrusion')['Intrusion']",
      "total-ns": 27634923228
    }
  ]
}