{
  "cells": [
    {
      "raw": "import os\n\nimport os\nos.environ[\"MODIN_ENGINE\"] = \"ray\"\nimport ray\nos.environ['MODIN_CPUS'] = \"4\"\nray.init(num_cpus=4, runtime_env={'env_vars': {'__MODIN_AUTOIMPORT_PANDAS__': '1'}})\nimport modin.pandas as pd\nimport numpy as np\nimport matplotlib.pyplot as plt\nimport seaborn as sns",
      "total-ns": 6560656323,
      "vars": {},
      "p2m": {},
      "m2p": {}
    },
    {
      "raw": "course = pd.read_csv(\"../input/course-reviews-university-of-waterloo/course_data_clean.csv\")",
      "total-ns": 4883051630,
      "vars": {},
      "p2m": {
        "course": 19697709
      },
      "m2p": {
        "course": 58643149
      }
    },
    {
      "raw": "course.info()",
      "total-ns": 127653518,
      "vars": {},
      "p2m": {
        "course": 19176780
      },
      "m2p": {
        "course": 12536040
      }
    },
    {
      "raw": "course.shape",
      "total-ns": 526930,
      "vars": {},
      "p2m": {
        "course": 18635399
      },
      "m2p": {
        "course": 12354540
      }
    },
    {
      "raw": "course.head(10)",
      "total-ns": 1377781,
      "vars": {},
      "p2m": {
        "course": 20306729
      },
      "m2p": {
        "course": 13091929
      }
    },
    {
      "raw": "course.tail(10)",
      "total-ns": 1257920,
      "vars": {},
      "p2m": {
        "course": 19761680
      },
      "m2p": {
        "course": 12949509
      }
    },
    {
      "raw": "course.describe()",
      "total-ns": 12994700,
      "vars": {},
      "p2m": {
        "course": 27286200
      },
      "m2p": {
        "course": 17660699
      }
    },
    {
      "raw": "course.info()",
      "total-ns": 113816978,
      "vars": {},
      "p2m": {
        "course": 18483259
      },
      "m2p": {
        "course": 12713900
      }
    },
    {
      "raw": "course = course.dropna()",
      "total-ns": 5068570,
      "vars": {},
      "p2m": {
        "course": 18173210
      },
      "m2p": {
        "course": 75872338
      }
    },
    {
      "raw": "course[[\"course_unit\", \"course_num\"]] = course[\"course_code\"].str.split(\" \", expand=True)",
      "total-ns": 180956386,
      "vars": {},
      "p2m": {
        "course": 23040190
      },
      "m2p": {
        "course": 36249129
      }
    },
    {
      "raw": "course",
      "total-ns": 692381,
      "vars": {},
      "p2m": {
        "course": 24073880
      },
      "m2p": {
        "course": 16055409
      }
    },
    {
      "raw": "course[course[\"num_reviews\"] < 10].index",
      "total-ns": 140369356,
      "vars": {},
      "p2m": {
        "course": 17776850
      },
      "m2p": {
        "course": 15291099
      }
    },
    {
      "raw": "course.drop(course[course[\"num_reviews\"] < 10].index, inplace=True)",
      "total-ns": 76369538,
      "vars": {},
      "p2m": {
        "course": 14778699
      },
      "m2p": {
        "course": 54299989
      }
    },
    {
      "raw": "course",
      "total-ns": 461090,
      "vars": {},
      "p2m": {
        "course": 14516390
      },
      "m2p": {
        "course": 11156510
      }
    },
    {
      "raw": "for i in [\"useful\", \"easy\", \"liked\"]:\n    course[i] = course[i].str.replace(\"%\", \"\")\n    course[i] = course[i].astype(\"int\")",
      "total-ns": 76136018,
      "vars": {},
      "p2m": {
        "course": 19699500
      },
      "m2p": {
        "course": 225597216
      }
    },
    {
      "raw": "course.set_index(\"course_unit\", inplace=True)",
      "total-ns": 36876799,
      "vars": {},
      "p2m": {
        "course": 13974009
      },
      "m2p": {
        "course": 63279129
      }
    },
    {
      "raw": "course",
      "total-ns": 565310,
      "vars": {},
      "p2m": {
        "course": 16343119
      },
      "m2p": {
        "course": 13859220
      }
    },
    {
      "raw": "course.drop([\"course_title\", \"reviews\", \"course_rating\"], axis=1, inplace=True)",
      "total-ns": 2732480,
      "vars": {},
      "p2m": {
        "course": 11152010
      },
      "m2p": {
        "course": 53704909
      }
    },
    {
      "raw": "course",
      "total-ns": 580460,
      "vars": {},
      "p2m": {
        "course": 11084619
      },
      "m2p": {
        "course": 9972040
      }
    },
    {
      "raw": "course.info()",
      "total-ns": 114692428,
      "vars": {},
      "p2m": {
        "course": 10547650
      },
      "m2p": {
        "course": 15422960
      }
    },
    {
      "raw": "course_gp = course.groupby(\"course_unit\").mean()",
      "total-ns": 74834898,
      "vars": {},
      "p2m": {
        "course": 10226119,
        "course_gp": 4632260
      },
      "m2p": {
        "course": 10358899,
        "course_gp": 3050430
      }
    },
    {
      "raw": "course_gp",
      "total-ns": 674340,
      "vars": {},
      "p2m": {
        "course": 13786569,
        "course_gp": 5176089
      },
      "m2p": {
        "course": 9293899,
        "course_gp": 4964079
      }
    },
    {
      "raw": "# STEFANOS-DISABLE-FOR-MODIN: Modin seems to fail in the LHS, giving an error that \"course_rating_mean\" is\n# not in the DF. Of course, it's valid code because we're creating this column here.\n# The problem we cannot just disable this code because follow-up code depends on this column. So, we will create\n# the column before the loop so that indexing in the LHS does not fail.\n\n###### ORIGINAL CODE ###########\n# for i in course_gp.index:\n#     course.loc[i, \"course_rating_mean\"] = course_gp.loc[i, \"course_rating_int\"]\n\n###### CODE THAT MODIN CAN RUN ########\ncourse[\"course_rating_mean\"] = None\nfor i in course_gp.index:\n    course.loc[i, \"course_rating_mean\"] = course_gp.loc[i, \"course_rating_int\"]",
      "total-ns": 870127791,
      "vars": {},
      "p2m": {
        "course": 10771230,
        "course_gp": 5187620
      },
      "m2p": {
        "course": 88174648,
        "course_gp": 4543909
      }
    },
    {
      "raw": "course",
      "total-ns": 811130,
      "vars": {},
      "p2m": {
        "course": 9888150,
        "course_gp": 4895950
      },
      "m2p": {
        "course": 8932710,
        "course_gp": 4590730
      }
    },
    {
      "raw": "course.reset_index(inplace=True)",
      "total-ns": 11153021,
      "vars": {},
      "p2m": {
        "course": 9710450,
        "course_gp": 5033350
      },
      "m2p": {
        "course": 60782569,
        "course_gp": 4684839
      }
    },
    {
      "raw": "course",
      "total-ns": 536681,
      "vars": {},
      "p2m": {
        "course": 10375240,
        "course_gp": 4601510
      },
      "m2p": {
        "course": 10039669,
        "course_gp": 4636040
      }
    },
    {
      "raw": "course.groupby(\"course_unit\").mean()[\"course_rating_int\"]",
      "total-ns": 1913869147,
      "vars": {},
      "p2m": {
        "course": 10194650,
        "course_gp": 4267540
      },
      "m2p": {
        "course": 13568170,
        "course_gp": 4671630
      }
    },
    {
      "raw": "course[course[\"course_code\"].str.startswith(\"CS\")].value_counts()",
      "total-ns": 248642185,
      "vars": {},
      "p2m": {
        "course": 12033660,
        "course_gp": 5372179
      },
      "m2p": {
        "course": 13007700,
        "course_gp": 5020300
      }
    },
    {
      "raw": "course",
      "total-ns": 713490,
      "vars": {},
      "p2m": {
        "course": 13345590,
        "course_gp": 6069250
      },
      "m2p": {
        "course": 9946951,
        "course_gp": 5988740
      }
    },
    {
      "raw": "# STEFANOS: Disable plotting\n# plt.figure(figsize=(25,20))\n# sns.pairplot(data=course)\n# plt.show()",
      "total-ns": 417750,
      "vars": {},
      "p2m": {
        "course": 12577039,
        "course_gp": 5061430
      },
      "m2p": {
        "course": 10826920,
        "course_gp": 4507300
      }
    },
    {
      "raw": "# STEFANOS: Disable plotting\n# plt.figure(figsize=(12,10))\n# sns.scatterplot(x=\"num_ratings\", y=\"course_rating_mean\", data=course)\n# plt.show()",
      "total-ns": 488870,
      "vars": {},
      "p2m": {
        "course": 12078779,
        "course_gp": 5656170
      },
      "m2p": {
        "course": 10091800,
        "course_gp": 5066209
      }
    },
    {
      "raw": "# STEFANOS: Disable plotting\n# plt.figure(figsize=(12,10))\n# sns.scatterplot(x=\"num_reviews\", y=\"course_rating_mean\", data=course)\n# plt.show()",
      "total-ns": 477500,
      "vars": {},
      "p2m": {
        "course": 11202579,
        "course_gp": 5124339
      },
      "m2p": {
        "course": 10590270,
        "course_gp": 4732000
      }
    },
    {
      "raw": "# STEFANOS: Disable plotting\n# plt.figure(figsize=(25,20))\n# sns.scatterplot(x=\"useful\", y=\"course_rating_mean\", hue=\"course_unit\", data=course)\n# plt.xlabel(\"useful\", fontsize = 20)\n# plt.ylabel(\"Course Rating Mean\", fontsize = 20)\n# plt.show()",
      "total-ns": 544999,
      "vars": {},
      "p2m": {
        "course": 13032860,
        "course_gp": 5643390
      },
      "m2p": {
        "course": 10120229,
        "course_gp": 5442030
      }
    },
    {
      "raw": "# STEFANOS: Disable plotting\n# plt.figure(figsize=(25,20))\n# sns.scatterplot(x=\"easy\", y=\"course_rating_mean\", hue=\"course_unit\", data=course)\n# plt.xlabel(\"easy\", fontsize = 20)\n# plt.ylabel(\"Course Rating Mean\", fontsize = 20)\n# plt.show()",
      "total-ns": 453889,
      "vars": {},
      "p2m": {
        "course": 12868109,
        "course_gp": 8127100
      },
      "m2p": {
        "course": 11193639,
        "course_gp": 4824710
      }
    },
    {
      "raw": "# STEFANOS: Disable plotting\n# plt.figure(figsize=(25,20))\n# sns.scatterplot(x=\"liked\", y=\"course_rating_mean\", hue=\"course_unit\", data=course)\n# plt.xlabel(\"liked\", fontsize = 20)\n# plt.ylabel(\"Course Rating Mean\", fontsize = 20)\n# plt.show()",
      "total-ns": 554830,
      "vars": {},
      "p2m": {
        "course": 9772429,
        "course_gp": 4002370
      },
      "m2p": {
        "course": 9997370,
        "course_gp": 4109091
      }
    },
    {
      "raw": "course.sort_values(\"course_rating_mean\", ascending=False, inplace=True)\n\n# STEFANOS: Disable plotting\n# plt.figure(figsize=(25,20))\n# sns.set_palette(\"Pastel1\")\n# sns.barplot(x=\"course_rating_mean\", y=\"course_unit\", data=course)\n# plt.xlabel(\"Course Rating Mean\", fontsize = 20)\n# plt.ylabel(\"Course Unit\", fontsize = 20)\n# plt.show()",
      "total-ns": 49098059,
      "vars": {},
      "p2m": {
        "course": 11277370,
        "course_gp": 5189600
      },
      "m2p": {
        "course": 76635848,
        "course_gp": 4953510
      }
    },
    {
      "raw": "course.reset_index(inplace=True)",
      "total-ns": 17639720,
      "vars": {},
      "p2m": {
        "course": 13776290,
        "course_gp": 5242770
      },
      "m2p": {
        "course": 70095468,
        "course_gp": 6970179
      }
    },
    {
      "raw": "course.set_index(\"course_unit\", inplace=True)",
      "total-ns": 40615850,
      "vars": {},
      "p2m": {
        "course": 13256620,
        "course_gp": 6503029
      },
      "m2p": {
        "course": 63427768,
        "course_gp": 7863040
      }
    },
    {
      "raw": "course.loc[\"KOREA\", \"course_rating_mean\"].value_counts()",
      "total-ns": 74941359,
      "vars": {},
      "p2m": {
        "course": 13119450,
        "course_gp": 4771980
      },
      "m2p": {
        "course": 12667650,
        "course_gp": 4660500
      }
    },
    {
      "raw": "KOREA = course.loc[\"KOREA\", :]",
      "total-ns": 2660070,
      "vars": {},
      "p2m": {
        "course": 11537409,
        "course_gp": 4865230,
        "KOREA": 2182250
      },
      "m2p": {
        "course": 11104010,
        "course_gp": 4807390,
        "KOREA": 9961870
      }
    },
    {
      "raw": "# STEFANOS: Disable plotting\n# plt.figure(figsize=(10,10))\n# sns.barplot(x=\"course_code\", y=\"course_rating_mean\", data=KOREA)\n# plt.xlabel(\"KOREA course\", fontsize = 20)\n# plt.ylabel(\"Course Rating Mean\", fontsize = 20)\n# plt.show()",
      "total-ns": 504310,
      "vars": {},
      "p2m": {
        "course": 12333999,
        "course_gp": 3843610,
        "KOREA": 1916920
      },
      "m2p": {
        "course": 14056149,
        "course_gp": 4525180,
        "KOREA": 1847830
      }
    },
    {
      "raw": "course.loc[\"CHINA\", \"course_rating_mean\"].value_counts()",
      "total-ns": 61770849,
      "vars": {},
      "p2m": {
        "course": 13226240,
        "course_gp": 6826360,
        "KOREA": 2697680
      },
      "m2p": {
        "course": 14835589,
        "course_gp": 5870790,
        "KOREA": 2313260
      }
    },
    {
      "raw": "china = course.loc[\"CHINA\", :]",
      "total-ns": 2505319,
      "vars": {},
      "p2m": {
        "course": 9811050,
        "course_gp": 4426920,
        "KOREA": 1668530,
        "china": 1507741
      },
      "m2p": {
        "course": 9851960,
        "course_gp": 4299210,
        "KOREA": 1930150,
        "china": 8049719
      }
    },
    {
      "raw": "# STEFANOS: Disable plotting\n# plt.figure(figsize=(10,10))\n# sns.barplot(x=\"course_code\", y=\"course_rating_mean\", data=china)\n# plt.xlabel(\"CHINA course\", fontsize = 20)\n# plt.ylabel(\"Course Rating Mean\", fontsize = 20)\n# plt.show()",
      "total-ns": 364249,
      "vars": {},
      "p2m": {
        "course": 9722520,
        "course_gp": 4469500,
        "KOREA": 1693620,
        "china": 1735720
      },
      "m2p": {
        "course": 8859410,
        "course_gp": 4375270,
        "KOREA": 1967950,
        "china": 2584400
      }
    },
    {
      "raw": "course.loc[\"CHINA\", \"course_rating_mean\"].value_counts()",
      "total-ns": 58044259,
      "vars": {},
      "p2m": {
        "course": 10137650,
        "course_gp": 4654050,
        "KOREA": 1878751,
        "china": 1662701
      },
      "m2p": {
        "course": 14650529,
        "course_gp": 4003660,
        "KOREA": 1870100,
        "china": 2226249
      }
    },
    {
      "raw": "span = course.loc[\"SPAN\", :]\n\n# STEFANOS: Disable plotting\n# plt.figure(figsize=(10,10))\n# sns.barplot(x=\"course_code\", y=\"course_rating_mean\", data=span)\n# plt.xlabel(\"SPANISH course\", fontsize = 20)\n# plt.ylabel(\"Course Rating Mean\", fontsize = 20)\n# plt.show()",
      "total-ns": 2129800,
      "vars": {},
      "p2m": {
        "course": 9653860,
        "course_gp": 4567360,
        "KOREA": 1657990,
        "china": 1455670,
        "span": 1646679
      },
      "m2p": {
        "course": 9431639,
        "course_gp": 4334570,
        "KOREA": 2079230,
        "china": 1924470,
        "span": 7791729
      }
    },
    {
      "raw": "course.loc[\"CS\", \"course_rating_mean\"].value_counts()",
      "total-ns": 58744750,
      "vars": {},
      "p2m": {
        "course": 10480950,
        "course_gp": 5602540,
        "KOREA": 2014480,
        "china": 2022570,
        "span": 2094680
      },
      "m2p": {
        "course": 16251569,
        "course_gp": 6507040,
        "KOREA": 2461730,
        "china": 2312630,
        "span": 2134290
      }
    },
    {
      "raw": "cs = course.loc[\"CS\", :]\ncs",
      "total-ns": 2367480,
      "vars": {},
      "p2m": {
        "course": 10765259,
        "course_gp": 4351680,
        "KOREA": 2249740,
        "china": 1929400,
        "span": 2350930,
        "cs": 6311329
      },
      "m2p": {
        "course": 10097890,
        "course_gp": 4765540,
        "KOREA": 2378390,
        "china": 2315310,
        "span": 2034220,
        "cs": 10847500
      }
    },
    {
      "raw": "cs_mean = cs.groupby(\"course_code\").mean().sort_values(\"course_rating_int\", ascending=False)\ncs_mean",
      "total-ns": 1656473053,
      "vars": {},
      "p2m": {
        "course": 11103680,
        "course_gp": 5822911,
        "KOREA": 2073280,
        "china": 2087700,
        "span": 1858140,
        "cs": 7074820,
        "cs_mean": 2592040
      },
      "m2p": {
        "course": 12227379,
        "course_gp": 7305669,
        "KOREA": 2153549,
        "china": 2421949,
        "span": 1881810,
        "cs": 6693670,
        "cs_mean": 9501930
      }
    },
    {
      "raw": "# STEFANOS: Disable plotting\n# plt.figure(figsize=(15,10))\n# sns.barplot(x=\"course_rating_int\", y=cs_mean.index, data=cs_mean)\n# plt.xlabel(\"Course Rating Mean\", fontsize = 20)\n# plt.ylabel(\"CS Course\", fontsize = 20)\n# plt.show()",
      "total-ns": 291559,
      "vars": {},
      "p2m": {
        "course": 10153479,
        "course_gp": 4572740,
        "KOREA": 1987390,
        "china": 1971190,
        "span": 1833700,
        "cs": 7018489,
        "cs_mean": 4177010
      },
      "m2p": {
        "course": 10199790,
        "course_gp": 4471260,
        "KOREA": 2144220,
        "china": 1910280,
        "span": 1762079,
        "cs": 6351600,
        "cs_mean": 3169510
      }
    },
    {
      "raw": "course.loc[\"WKRPT\", \"course_rating_mean\"].value_counts()",
      "total-ns": 66006429,
      "vars": {},
      "p2m": {
        "course": 11520600,
        "course_gp": 5193410,
        "KOREA": 1779920,
        "china": 2214460,
        "span": 1903680,
        "cs": 7728929,
        "cs_mean": 2667580
      },
      "m2p": {
        "course": 13800991,
        "course_gp": 4782670,
        "KOREA": 2242170,
        "china": 2241170,
        "span": 1997589,
        "cs": 6935520,
        "cs_mean": 3274460
      }
    },
    {
      "raw": "wkrpt = course.loc[\"WKRPT\", :]\nwkrpt",
      "total-ns": 2318370,
      "vars": {},
      "p2m": {
        "course": 9552800,
        "course_gp": 6324710,
        "KOREA": 2091289,
        "china": 2378060,
        "span": 2054320,
        "cs": 7175870,
        "cs_mean": 2850969,
        "wkrpt": 1725369
      },
      "m2p": {
        "course": 11786210,
        "course_gp": 5083030,
        "KOREA": 2035311,
        "china": 1918289,
        "span": 1935540,
        "cs": 6813540,
        "cs_mean": 3644060,
        "wkrpt": 9798431
      }
    },
    {
      "raw": "wkrpt_mean = wkrpt.groupby(\"course_code\").mean().sort_values(\"course_rating_int\", ascending=False)\nwkrpt_mean",
      "total-ns": 55030519,
      "vars": {},
      "p2m": {
        "course": 9910629,
        "course_gp": 4573519,
        "KOREA": 1904280,
        "china": 1933540,
        "span": 1711230,
        "cs": 6679760,
        "cs_mean": 2786810,
        "wkrpt": 1599081,
        "wkrpt_mean": 984100
      },
      "m2p": {
        "course": 15214500,
        "course_gp": 4715399,
        "KOREA": 2009721,
        "china": 2461849,
        "span": 1938220,
        "cs": 6164030,
        "cs_mean": 3005220,
        "wkrpt": 2089330,
        "wkrpt_mean": 4801711
      }
    },
    {
      "raw": "# STEFANOS: Disable plotting\n# plt.figure(figsize=(15,10))\n# sns.barplot(x=\"course_rating_int\", y=wkrpt_mean.index, data=wkrpt_mean)\n# plt.xlabel(\"Course Rating Mean\", fontsize = 20)\n# plt.ylabel(\"WKRPT Course\", fontsize = 20)\n# plt.show()",
      "total-ns": 444230,
      "vars": {},
      "p2m": {
        "course": 9992420,
        "course_gp": 4535200,
        "KOREA": 1858760,
        "china": 2769830,
        "span": 2933769,
        "cs": 11669330,
        "cs_mean": 4409870,
        "wkrpt": 2908510,
        "wkrpt_mean": 2343999
      },
      "m2p": {
        "course": 11030890,
        "course_gp": 4657740,
        "KOREA": 2062880,
        "china": 1830130,
        "span": 3022791,
        "cs": 12386560,
        "cs_mean": 5717570,
        "wkrpt": 3444200,
        "wkrpt_mean": 2992410
      }
    },
    {
      "raw": "course.loc[\"PD\", \"course_rating_mean\"].value_counts()",
      "total-ns": 92324858,
      "vars": {},
      "p2m": {
        "course": 13104150,
        "course_gp": 5723840,
        "KOREA": 2910041,
        "china": 2796320,
        "span": 3019100,
        "cs": 11363570,
        "cs_mean": 4544049,
        "wkrpt": 2991690,
        "wkrpt_mean": 2321210
      },
      "m2p": {
        "course": 17916130,
        "course_gp": 5869381,
        "KOREA": 2544230,
        "china": 2431680,
        "span": 2599450,
        "cs": 10314630,
        "cs_mean": 5607760,
        "wkrpt": 2650350,
        "wkrpt_mean": 2165670
      }
    },
    {
      "raw": "pd = course.loc[\"PD\", :]\npd",
      "total-ns": 2602700,
      "vars": {},
      "p2m": {
        "pd": 6593951,
        "course": 16081140,
        "course_gp": 6578869,
        "KOREA": 2367480,
        "china": 3811220,
        "span": 3416820,
        "cs": 9733460,
        "cs_mean": 4490899,
        "wkrpt": 2574200,
        "wkrpt_mean": 3812130
      },
      "m2p": {
        "pd": 10199049,
        "course": 15873349,
        "course_gp": 7418410,
        "KOREA": 2445551,
        "china": 3286430,
        "span": 3525990,
        "cs": 11040120,
        "cs_mean": 4521730,
        "wkrpt": 3297240,
        "wkrpt_mean": 2335360
      }
    },
    {
      "raw": "pd_mean = pd.groupby(\"course_code\").mean().sort_values(\"course_rating_int\", ascending=False)\npd_mean",
      "total-ns": 1648164232,
      "vars": {},
      "p2m": {
        "pd": 6939870,
        "course": 10373510,
        "course_gp": 4293370,
        "KOREA": 1671690,
        "china": 1802470,
        "span": 1847330,
        "cs": 7323270,
        "cs_mean": 2561221,
        "wkrpt": 1687030,
        "wkrpt_mean": 1267810,
        "pd_mean": 1037330
      },
      "m2p": {
        "pd": 11232179,
        "course": 10045489,
        "course_gp": 4164369,
        "KOREA": 1913070,
        "china": 2190150,
        "span": 1822590,
        "cs": 6275740,
        "cs_mean": 2751110,
        "wkrpt": 1807360,
        "wkrpt_mean": 1743140,
        "pd_mean": 5476120
      }
    },
    {
      "raw": "# STEFANOS: Disable plotting\n# plt.figure(figsize=(15,10))\n# sns.barplot(x=\"course_rating_int\", y=pd_mean.index, data=pd_mean)\n# plt.xlabel(\"Course Rating Mean\", fontsize = 20)\n# plt.ylabel(\"PD Course\", fontsize = 20)\n# plt.show()",
      "total-ns": 472410,
      "vars": {},
      "p2m": {
        "pd": 6000110,
        "course": 10400890,
        "course_gp": 3933090,
        "KOREA": 1862031,
        "china": 1652240,
        "span": 1566610,
        "cs": 6964630,
        "cs_mean": 2637650,
        "wkrpt": 1497110,
        "wkrpt_mean": 1420300,
        "pd_mean": 1328609
      },
      "m2p": {
        "pd": 4847260,
        "course": 10230629,
        "course_gp": 3914679,
        "KOREA": 2112470,
        "china": 2142160,
        "span": 2047510,
        "cs": 6655420,
        "cs_mean": 2911720,
        "wkrpt": 2110399,
        "wkrpt_mean": 1928370,
        "pd_mean": 1836590
      }
    }
  ]
}