{
  "cells": [
    {
      "raw": "\nimport os\nos.environ[\"MODIN_ENGINE\"] = \"ray\"\nimport ray\nos.environ['MODIN_CPUS'] = \"4\"\nray.init(num_cpus=4, runtime_env={'env_vars': {'__MODIN_AUTOIMPORT_PANDAS__': '1'}})\nimport modin.pandas as pd\nimport numpy as np",
      "total-ns": 2887584444,
      "vars": {},
      "p2m": {},
      "m2p": {}
    },
    {
      "raw": "df = pd.read_csv('../input/annex1.csv')\ndf.head()",
      "total-ns": 5746512211,
      "vars": {},
      "p2m": {
        "df": 6895889
      },
      "m2p": {
        "df": 20848830
      }
    },
    {
      "raw": "df1 = pd.read_csv('../input/annex2.csv')\ndf1.head()",
      "total-ns": 1168948023,
      "vars": {},
      "p2m": {
        "df": 5985740,
        "df1": 307915483
      },
      "m2p": {
        "df": 4968810,
        "df1": 709084354
      }
    },
    {
      "raw": "# Join the both DataFrames\n\nmerge = pd.merge(df, df1, on ='Item Code')\nmerge.head()",
      "total-ns": 2487754094,
      "vars": {},
      "p2m": {
        "df": 6607420,
        "df1": 319446192,
        "merge": 411245131
      },
      "m2p": {
        "df": 8236670,
        "df1": 268972704,
        "merge": 1156998614
      }
    },
    {
      "raw": "merge.info()",
      "total-ns": 788669872,
      "vars": {},
      "p2m": {
        "df": 6746820,
        "df1": 303167043,
        "merge": 412392840
      },
      "m2p": {
        "df": 6210400,
        "df1": 218683895,
        "merge": 352477283
      }
    },
    {
      "raw": "# Rename Columns\nmerge = merge.rename(columns={'Quantity Sold (kilo)':'Quantity Sold', 'Unit Selling Price (RMB/kg)':'Unit Selling Price','Discount (Yes/No)':'Discount'})",
      "total-ns": 4733470,
      "vars": {},
      "p2m": {
        "df": 8177629,
        "df1": 279665744,
        "merge": 330650722
      },
      "m2p": {
        "df": 6183170,
        "df1": 274305224,
        "merge": 1028700807
      }
    },
    {
      "raw": "#Change datatype of date column.\n\nmerge['Date'] = pd.to_datetime(merge['Date'])",
      "total-ns": 14434790,
      "vars": {},
      "p2m": {
        "df": 11328689,
        "df1": 346920522,
        "merge": 317815642
      },
      "m2p": {
        "df": 5252440,
        "df1": 315432043,
        "merge": 977261688
      }
    },
    {
      "raw": "merge.isnull().sum()",
      "total-ns": 24512709,
      "vars": {},
      "p2m": {
        "df": 11666309,
        "df1": 410125911,
        "merge": 279226444
      },
      "m2p": {
        "df": 6743850,
        "df1": 318812662,
        "merge": 354916812
      }
    },
    {
      "raw": "Category_count = merge['Category Name'].value_counts()\nCategory_count",
      "total-ns": 291289984,
      "vars": {},
      "p2m": {
        "df": 7154230,
        "df1": 244812905,
        "merge": 293108063,
        "Category_count": 2293750
      },
      "m2p": {
        "df": 8143690,
        "df1": 215444985,
        "merge": 265291243,
        "Category_count": 6366940
      }
    },
    {
      "raw": "top_10_products = merge['Item Name'].value_counts()[:10]\ntop_10_products",
      "total-ns": 316707112,
      "vars": {},
      "p2m": {
        "df": 8572409,
        "df1": 324954613,
        "merge": 372804391,
        "Category_count": 2833180,
        "top_10_products": 2501410
      },
      "m2p": {
        "df": 5090670,
        "df1": 231856515,
        "merge": 328348653,
        "Category_count": 8830340,
        "top_10_products": 6922490
      }
    },
    {
      "raw": "# Creating sales column\n\nmerge['Sales'] = merge['Unit Selling Price'] * merge['Quantity Sold']",
      "total-ns": 18287569,
      "vars": {},
      "p2m": {
        "df": 12722100,
        "df1": 442621440,
        "merge": 326437472,
        "Category_count": 1822201,
        "top_10_products": 1503280
      },
      "m2p": {
        "df": 7172320,
        "df1": 354400132,
        "merge": 316979923,
        "Category_count": 7212821,
        "top_10_products": 4969999
      }
    },
    {
      "raw": "Item_sales = merge.groupby('Item Name',as_index=False)['Sales'].sum().sort_values(by='Sales',ascending=False).head(10)\nItem_sales",
      "total-ns": 3038037781,
      "vars": {},
      "p2m": {
        "df": 8195959,
        "df1": 277887114,
        "merge": 322112473,
        "Category_count": 1939600,
        "top_10_products": 1936960,
        "Item_sales": 1352710
      },
      "m2p": {
        "df": 7221060,
        "df1": 247192634,
        "merge": 269801514,
        "Category_count": 6767809,
        "top_10_products": 5372930,
        "Item_sales": 6598390
      }
    },
    {
      "raw": "#Add year column in dataframe\nmerge['Year'] = merge['Date'].dt.year",
      "total-ns": 8974760,
      "vars": {},
      "p2m": {
        "df": 6176830,
        "df1": 292707283,
        "merge": 344504872,
        "Category_count": 2034730,
        "top_10_products": 1647709,
        "Item_sales": 1933220
      },
      "m2p": {
        "df": 7960829,
        "df1": 283032294,
        "merge": 302866694,
        "Category_count": 6830160,
        "top_10_products": 5367120,
        "Item_sales": 1843950
      }
    },
    {
      "raw": "Year_wise_sales=merge.groupby('Year')['Sales'].sum()\nYear_wise_sales",
      "total-ns": 1929999427,
      "vars": {},
      "p2m": {
        "df": 6426420,
        "df1": 244283445,
        "merge": 360334152,
        "Category_count": 2075830,
        "top_10_products": 1848200,
        "Item_sales": 1842000,
        "Year_wise_sales": 1922540
      },
      "m2p": {
        "df": 5212780,
        "df1": 210576905,
        "merge": 270574383,
        "Category_count": 7857130,
        "top_10_products": 4976710,
        "Item_sales": 1911040,
        "Year_wise_sales": 1073340
      }
    },
    {
      "raw": "Sale_Or_Return = merge['Sale or Return'].value_counts()\nSale_Or_Return = pd.DataFrame(Sale_Or_Return)\nSale_Or_Return",
      "total-ns": 402734141,
      "vars": {},
      "p2m": {
        "df": 9386679,
        "df1": 245229524,
        "merge": 326036463,
        "Category_count": 1734770,
        "top_10_products": 1769840,
        "Item_sales": 1708790,
        "Year_wise_sales": 1867300,
        "Sale_Or_Return": 1204780
      },
      "m2p": {
        "df": 12467241,
        "df1": 241231815,
        "merge": 273419264,
        "Category_count": 6513430,
        "top_10_products": 5197869,
        "Item_sales": 1954270,
        "Year_wise_sales": 5432250,
        "Sale_Or_Return": 4110830
      }
    },
    {
      "raw": "Discount = merge['Discount'].value_counts()\nDiscount = pd.DataFrame(Discount)\nDiscount",
      "total-ns": 334113292,
      "vars": {},
      "p2m": {
        "df": 8327260,
        "df1": 241918975,
        "merge": 310822143,
        "Category_count": 2089230,
        "top_10_products": 1806490,
        "Item_sales": 1986230,
        "Year_wise_sales": 1657820,
        "Sale_Or_Return": 1428330,
        "Discount": 1664020
      },
      "m2p": {
        "df": 9344380,
        "df1": 209742965,
        "merge": 273278004,
        "Category_count": 7508701,
        "top_10_products": 5616219,
        "Item_sales": 2129570,
        "Year_wise_sales": 5773600,
        "Sale_Or_Return": 1856560,
        "Discount": 5467690
      }
    },
    {
      "raw": "",
      "total-ns": 310380,
      "vars": {},
      "p2m": {
        "df": 7549260,
        "df1": 244297735,
        "merge": 311938463,
        "Category_count": 1886950,
        "top_10_products": 2278030,
        "Item_sales": 1874850,
        "Year_wise_sales": 1592890,
        "Sale_Or_Return": 1268150,
        "Discount": 1178320
      },
      "m2p": {
        "df": 5579410,
        "df1": 203173736,
        "merge": 270214463,
        "Category_count": 7217420,
        "top_10_products": 4653120,
        "Item_sales": 1714430,
        "Year_wise_sales": 6083709,
        "Sale_Or_Return": 1479581,
        "Discount": 1696280
      }
    }
  ]
}