{
  "cells": [
    {
      "raw": "# This Python 3 environment comes with many helpful analytics libraries installed\n# It is defined by the kaggle/python Docker image: https://github.com/kaggle/docker-python\n# For example, here's several helpful packages to load\n\nimport numpy as np # linear algebra\nimport os\n\nimport os\nos.environ[\"MODIN_ENGINE\"] = \"ray\"\nimport ray\nos.environ['MODIN_CPUS'] = \"4\"\nray.init(num_cpus=4, runtime_env={'env_vars': {'__MODIN_AUTOIMPORT_PANDAS__': '1'}})\nimport modin.pandas as pd\nimport seaborn as sns  # data visualization\nimport matplotlib.pyplot as plt\n\n\n# Input data files are available in the read-only \"../input/\" directory\n# For example, running this (by clicking run or pressing Shift+Enter) will list all files under the input directory\n\nimport os\nfor dirname, _, filenames in os.walk('../input'):\n    for filename in filenames:\n        print(os.path.join(dirname, filename))\n\n# You can write up to 20GB to the current directory (/kaggle/working/) that gets preserved as output when you create a version using \"Save & Run All\" \n# You can also write temporary files to /kaggle/temp/, but they won't be saved outside of the current session",
      "total-ns": 5283465453,
      "vars": {},
      "p2m": {},
      "m2p": {}
    },
    {
      "raw": "vlgr_df = pd.read_csv(\"../input/animal-crossing-new-horizons-nookplaza-dataset/villagers.csv\")\npopul_df = pd.read_csv(\"../input/acnh-villager-popularity/acnh_villager_data.csv\")",
      "total-ns": 4900094222,
      "vars": {},
      "p2m": {
        "vlgr_df": 6110399,
        "popul_df": 5930630
      },
      "m2p": {
        "vlgr_df": 19580309,
        "popul_df": 18865470
      }
    },
    {
      "raw": "vlgr_df.info()",
      "total-ns": 118942451,
      "vars": {},
      "p2m": {
        "vlgr_df": 6588560,
        "popul_df": 6143410
      },
      "m2p": {
        "vlgr_df": 5702810,
        "popul_df": 5341450
      }
    },
    {
      "raw": "vlgr_df.head()",
      "total-ns": 1055810,
      "vars": {},
      "p2m": {
        "vlgr_df": 5704640,
        "popul_df": 5524430
      },
      "m2p": {
        "vlgr_df": 6075500,
        "popul_df": 5629710
      }
    },
    {
      "raw": "popul_df.head()",
      "total-ns": 1404950,
      "vars": {},
      "p2m": {
        "vlgr_df": 6342351,
        "popul_df": 6532180
      },
      "m2p": {
        "vlgr_df": 5323390,
        "popul_df": 5457471
      }
    },
    {
      "raw": "vlgr_df.info()",
      "total-ns": 101116221,
      "vars": {},
      "p2m": {
        "vlgr_df": 6756910,
        "popul_df": 6937210
      },
      "m2p": {
        "vlgr_df": 6457140,
        "popul_df": 5439140
      }
    },
    {
      "raw": "popul_df.info()",
      "total-ns": 100974001,
      "vars": {},
      "p2m": {
        "vlgr_df": 6424600,
        "popul_df": 6605830
      },
      "m2p": {
        "vlgr_df": 4916710,
        "popul_df": 5622830
      }
    },
    {
      "raw": "# There are some missing/non-matching names \nvlgr_df[\"Name\"].isin(popul_df['name']).sum()",
      "total-ns": 4924755069,
      "vars": {},
      "p2m": {
        "vlgr_df": 8459199,
        "popul_df": 6847740
      },
      "m2p": {
        "vlgr_df": 7578981,
        "popul_df": 4984381
      }
    },
    {
      "raw": "# vlgr_df does not have these names...\nmismatch_names = popul_df[\"name\"][popul_df[\"name\"].isin(vlgr_df[\"Name\"]) == False]\nmismatch_names",
      "total-ns": 242587872,
      "vars": {},
      "p2m": {
        "vlgr_df": 6344600,
        "popul_df": 5541009,
        "mismatch_names": 1778210
      },
      "m2p": {
        "vlgr_df": 5503300,
        "popul_df": 4891790,
        "mismatch_names": 25407931
      }
    },
    {
      "raw": "# %%time\n# Data set is small enough to pick out the same names\n# Correcting names in popul_df to match vlgr_df\npopul_df['name'] = popul_df['name'].replace(['OHare'],\"O\\'Hare\")\npopul_df['name'] = popul_df['name'].replace(['Buck(Brows)'],\"Buck\")\npopul_df['name'] = popul_df['name'].replace(['Renee'],\"Ren\u00e9e\")\npopul_df['name'] = popul_df['name'].replace(['WartJr'],\"Wart Jr.\")\npopul_df['name'] = popul_df['name'].replace(['Crackle(Spork)'],\"Spork\")",
      "total-ns": 61014510,
      "vars": {},
      "p2m": {
        "vlgr_df": 7361830,
        "popul_df": 5982450,
        "mismatch_names": 2703819
      },
      "m2p": {
        "vlgr_df": 12913800,
        "popul_df": 63011631,
        "mismatch_names": 6070009
      }
    },
    {
      "raw": "# Checking if All names match\nvlgr_df[\"Name\"].isin(popul_df['name']).sum()",
      "total-ns": 121652160,
      "vars": {},
      "p2m": {
        "vlgr_df": 6072360,
        "popul_df": 5747400,
        "mismatch_names": 2287730
      },
      "m2p": {
        "vlgr_df": 5530750,
        "popul_df": 5549670,
        "mismatch_names": 6070120
      }
    },
    {
      "raw": "# drop villagers that are in popul_df but not in vlgr_df\npopul_df = popul_df.drop(popul_df[popul_df[\"name\"].isin(vlgr_df[\"Name\"]) == False].index)",
      "total-ns": 240849771,
      "vars": {},
      "p2m": {
        "vlgr_df": 6494630,
        "popul_df": 7431520,
        "mismatch_names": 2101730
      },
      "m2p": {
        "vlgr_df": 6267129,
        "popul_df": 23632250,
        "mismatch_names": 6333040
      }
    },
    {
      "raw": "# Now that both df have same length, we can set index as names and combine the 2 dfs\npopul_df.set_index('name', drop=True, inplace=True)\nvlgr_df.set_index('Name', drop=True, inplace=True)",
      "total-ns": 50774140,
      "vars": {},
      "p2m": {
        "vlgr_df": 5710969,
        "popul_df": 5616240,
        "mismatch_names": 1935860
      },
      "m2p": {
        "vlgr_df": 27876681,
        "popul_df": 23670021,
        "mismatch_names": 5736231
      }
    },
    {
      "raw": "combined_df = popul_df.merge(vlgr_df, left_index=True, right_index=True)",
      "total-ns": 7010830,
      "vars": {},
      "p2m": {
        "vlgr_df": 6522910,
        "popul_df": 5192530,
        "mismatch_names": 2022700,
        "combined_df": 6648770
      },
      "m2p": {
        "vlgr_df": 8824290,
        "popul_df": 5844920,
        "mismatch_names": 5924090,
        "combined_df": 35173010
      }
    },
    {
      "raw": "# drop irrelevent columns\ncombined_df.drop(columns=['Furniture List', 'Filename', 'Unique Entry ID', \"Wallpaper\", \"Flooring\", \"Birthday\", \"Favorite Song\"], inplace=True)",
      "total-ns": 2669410,
      "vars": {},
      "p2m": {
        "vlgr_df": 6807480,
        "popul_df": 6010690,
        "mismatch_names": 2208000,
        "combined_df": 6267400
      },
      "m2p": {
        "vlgr_df": 6236680,
        "popul_df": 6123711,
        "mismatch_names": 6121839,
        "combined_df": 22184501
      }
    },
    {
      "raw": "combined_df.sort_values(['tier', 'rank'], inplace=True)\ncombined_df['overall_ranking'] = np.arange(1, len(combined_df)+1)\ncombined_df.insert(2, 'overall_ranking', combined_df.pop('overall_ranking'))",
      "total-ns": 101225060,
      "vars": {},
      "p2m": {
        "vlgr_df": 6041230,
        "popul_df": 5344710,
        "mismatch_names": 1768470,
        "combined_df": 5630040
      },
      "m2p": {
        "vlgr_df": 5960610,
        "popul_df": 5261310,
        "mismatch_names": 5910700,
        "combined_df": 72175081
      }
    },
    {
      "raw": "overall_mean = combined_df.overall_ranking.mean()\nprint(f'The overall_mean is {overall_mean}, this would serve as a baseline for to compare against popularity performance of our features.')",
      "total-ns": 124427480,
      "vars": {},
      "p2m": {
        "vlgr_df": 6602500,
        "popul_df": 5381059,
        "mismatch_names": 1900150,
        "combined_df": 7779000
      },
      "m2p": {
        "vlgr_df": 7887560,
        "popul_df": 5692499,
        "mismatch_names": 6168990,
        "combined_df": 6620390
      }
    },
    {
      "raw": "combined_df.columns",
      "total-ns": 766130,
      "vars": {},
      "p2m": {
        "vlgr_df": 6319960,
        "popul_df": 5845730,
        "mismatch_names": 2143440,
        "combined_df": 6405620
      },
      "m2p": {
        "vlgr_df": 5593640,
        "popul_df": 5251710,
        "mismatch_names": 6307690,
        "combined_df": 6060380
      }
    },
    {
      "raw": "combined_df['Gender'].value_counts()",
      "total-ns": 83433150,
      "vars": {},
      "p2m": {
        "vlgr_df": 5686070,
        "popul_df": 5470440,
        "mismatch_names": 1651969,
        "combined_df": 6462150
      },
      "m2p": {
        "vlgr_df": 9360700,
        "popul_df": 5089571,
        "mismatch_names": 5687820,
        "combined_df": 5905301
      }
    },
    {
      "raw": "## -- STEFANOS: Disable plotting\n# combined_df.groupby('tier').Gender.value_counts().plot.barh()\n## -- STEFANOS-DISABLE-FOR-MODIN: Actually, it seems we can't even run the last part with Modin, so\n## we only leave the groupby.\n# combined_df.groupby('tier').Gender.value_counts()\ncombined_df.groupby('tier')",
      "total-ns": 1896970,
      "vars": {},
      "p2m": {
        "vlgr_df": 5449470,
        "popul_df": 5339950,
        "mismatch_names": 2382600,
        "combined_df": 6441880
      },
      "m2p": {
        "vlgr_df": 5974480,
        "popul_df": 5134400,
        "mismatch_names": 7215800,
        "combined_df": 6879960
      }
    },
    {
      "raw": "## -- STEFANOS: Disable plotting\n# plt.figure(figsize=(5, 5))\n# plt.axhline(overall_mean, color='r')\n# sns.boxplot(x=\"Gender\", y='overall_ranking', data=combined_df)",
      "total-ns": 295940,
      "vars": {},
      "p2m": {
        "vlgr_df": 5888730,
        "popul_df": 4907690,
        "mismatch_names": 1797910,
        "combined_df": 6449520
      },
      "m2p": {
        "vlgr_df": 5938360,
        "popul_df": 5332579,
        "mismatch_names": 5903940,
        "combined_df": 5530360
      }
    },
    {
      "raw": "pd.pivot_table(combined_df, index = 'tier', values = 'Catchphrase', columns=\"Gender\", aggfunc='count')",
      "total-ns": 98443900,
      "vars": {},
      "p2m": {
        "vlgr_df": 6417280,
        "popul_df": 6146520,
        "mismatch_names": 1965900,
        "combined_df": 7146541
      },
      "m2p": {
        "vlgr_df": 5679040,
        "popul_df": 5527500,
        "mismatch_names": 5444860,
        "combined_df": 5653730
      }
    },
    {
      "raw": "# creating value counts dataframe for each species type\nspecies_ranking = combined_df.groupby('Species').mean()['overall_ranking'].to_frame().reset_index().sort_values('overall_ranking')\nspecies_ranking",
      "total-ns": 114937151,
      "vars": {},
      "p2m": {
        "vlgr_df": 5906640,
        "popul_df": 5731169,
        "mismatch_names": 1619371,
        "combined_df": 6485750,
        "species_ranking": 2765980
      },
      "m2p": {
        "vlgr_df": 11122460,
        "popul_df": 4656910,
        "mismatch_names": 6170520,
        "combined_df": 8027960,
        "species_ranking": 9090890
      }
    },
    {
      "raw": "## -- STEFANOS: Disable plotting\n# plt.figure(figsize=(30,5))\n# sns.set(font_scale=1.4)\n# plt.xticks(rotation=45)\n# plt.axhline(overall_mean, color='r')\n# sns.scatterplot(x='Species', y=\"overall_ranking\", data=species_ranking,label='mean overall-ranking', s=300)",
      "total-ns": 451860,
      "vars": {},
      "p2m": {
        "vlgr_df": 5974110,
        "popul_df": 5312060,
        "mismatch_names": 1984040,
        "combined_df": 6885550,
        "species_ranking": 3307030
      },
      "m2p": {
        "vlgr_df": 5904100,
        "popul_df": 5478930,
        "mismatch_names": 7350410,
        "combined_df": 6142390,
        "species_ranking": 3472870
      }
    },
    {
      "raw": "## -- STEFANOS: Disable plotting\n# plt.figure(figsize=(30, 10))\n# plt.axhline(overall_mean, color='r')\n# sns.scatterplot(x=\"Species\", y='overall_ranking', hue='tier', s=100, data=combined_df)",
      "total-ns": 494680,
      "vars": {},
      "p2m": {
        "vlgr_df": 6163201,
        "popul_df": 6049799,
        "mismatch_names": 2104989,
        "combined_df": 8796809,
        "species_ranking": 3696131
      },
      "m2p": {
        "vlgr_df": 5460440,
        "popul_df": 6532370,
        "mismatch_names": 6220570,
        "combined_df": 5757520,
        "species_ranking": 3881770
      }
    },
    {
      "raw": "combined_df.Personality.value_counts()",
      "total-ns": 88187320,
      "vars": {},
      "p2m": {
        "vlgr_df": 6449290,
        "popul_df": 5795720,
        "mismatch_names": 1793940,
        "combined_df": 7072960,
        "species_ranking": 3464480
      },
      "m2p": {
        "vlgr_df": 8958340,
        "popul_df": 5413170,
        "mismatch_names": 7027180,
        "combined_df": 6223270,
        "species_ranking": 3269880
      }
    },
    {
      "raw": "# creating value counts dataframe for each personality type\npersonality_ranking = combined_df.groupby('Personality').mean()['overall_ranking'].to_frame().reset_index().sort_values('overall_ranking')",
      "total-ns": 97127711,
      "vars": {},
      "p2m": {
        "vlgr_df": 5983619,
        "popul_df": 5662670,
        "mismatch_names": 2149280,
        "combined_df": 7828390,
        "species_ranking": 3414540,
        "personality_ranking": 1804020
      },
      "m2p": {
        "vlgr_df": 11101009,
        "popul_df": 5019161,
        "mismatch_names": 6248140,
        "combined_df": 6004910,
        "species_ranking": 3575730,
        "personality_ranking": 6165000
      }
    },
    {
      "raw": "## -- STEFANOS: Disable plotting\n# plt.figure(figsize=(20,5))\n# sns.set(font_scale=1.4)\n# plt.xticks(rotation=45)\n# plt.axhline(overall_mean, color='r')\n# sns.scatterplot(x='Personality', y=\"overall_ranking\", data=personality_ranking,label='mean personality ranking', s=300)",
      "total-ns": 537210,
      "vars": {},
      "p2m": {
        "vlgr_df": 6294080,
        "popul_df": 5806980,
        "mismatch_names": 2054470,
        "combined_df": 8080180,
        "species_ranking": 3278820,
        "personality_ranking": 1724940
      },
      "m2p": {
        "vlgr_df": 5857240,
        "popul_df": 5665110,
        "mismatch_names": 6143000,
        "combined_df": 7024270,
        "species_ranking": 3472130,
        "personality_ranking": 2174060
      }
    },
    {
      "raw": "## -- STEFANOS: Disable plotting\n# plt.figure(figsize=(10, 10))\n# plt.axhline(overall_mean, color='r')\n# sns.boxplot(x=\"Personality\", y='overall_ranking', data=combined_df)",
      "total-ns": 429830,
      "vars": {},
      "p2m": {
        "vlgr_df": 5833750,
        "popul_df": 6948839,
        "mismatch_names": 1770101,
        "combined_df": 9679440,
        "species_ranking": 3372290,
        "personality_ranking": 1863120
      },
      "m2p": {
        "vlgr_df": 5040300,
        "popul_df": 6528260,
        "mismatch_names": 5917380,
        "combined_df": 7444329,
        "species_ranking": 3964710,
        "personality_ranking": 2228339
      }
    },
    {
      "raw": "pd.pivot_table(combined_df, index = 'tier', values = 'Catchphrase', columns=\"Personality\", aggfunc='count')",
      "total-ns": 90889611,
      "vars": {},
      "p2m": {
        "vlgr_df": 6072190,
        "popul_df": 5212641,
        "mismatch_names": 1595070,
        "combined_df": 6081511,
        "species_ranking": 3005521,
        "personality_ranking": 1910269
      },
      "m2p": {
        "vlgr_df": 5223960,
        "popul_df": 5112199,
        "mismatch_names": 5559399,
        "combined_df": 5649390,
        "species_ranking": 3059670,
        "personality_ranking": 1993600
      }
    },
    {
      "raw": "# generating value counts dataframe for each style type\nstyle_ranking1 = combined_df.groupby('Style 1').mean()['overall_ranking'].to_frame().reset_index().sort_values('overall_ranking')\nstyle_ranking2 = combined_df.groupby('Style 2').mean()['overall_ranking'].to_frame().reset_index().sort_values('overall_ranking')",
      "total-ns": 225587793,
      "vars": {},
      "p2m": {
        "vlgr_df": 7368411,
        "popul_df": 5048810,
        "mismatch_names": 4431710,
        "combined_df": 8441700,
        "species_ranking": 3589770,
        "personality_ranking": 2444140,
        "style_ranking1": 1738620,
        "style_ranking2": 1688250
      },
      "m2p": {
        "vlgr_df": 8251421,
        "popul_df": 5431000,
        "mismatch_names": 11130131,
        "combined_df": 6312060,
        "species_ranking": 4128459,
        "personality_ranking": 1725010,
        "style_ranking1": 8097250,
        "style_ranking2": 5691040
      }
    },
    {
      "raw": "# combining the 2 style columns and finding a mean\nstyle_ranking = style_ranking1.copy()\nstyle_series = (style_ranking1['overall_ranking'] + style_ranking2['overall_ranking'])/2\nstyle_ranking[\"overall_ranking\"] = style_series",
      "total-ns": 50419510,
      "vars": {},
      "p2m": {
        "vlgr_df": 6852250,
        "popul_df": 5371540,
        "mismatch_names": 2258749,
        "combined_df": 6466821,
        "species_ranking": 2907880,
        "personality_ranking": 1573739,
        "style_ranking1": 1545310,
        "style_ranking2": 2014670,
        "style_ranking": 1845510,
        "style_series": 1903050
      },
      "m2p": {
        "vlgr_df": 6050080,
        "popul_df": 5266150,
        "mismatch_names": 16446321,
        "combined_df": 7778180,
        "species_ranking": 3488650,
        "personality_ranking": 3031749,
        "style_ranking1": 1354481,
        "style_ranking2": 1491010,
        "style_ranking": 12895980,
        "style_series": 1563060
      }
    },
    {
      "raw": "style_ranking",
      "total-ns": 516010,
      "vars": {},
      "p2m": {
        "vlgr_df": 7793560,
        "popul_df": 6297900,
        "mismatch_names": 2343410,
        "combined_df": 7360920,
        "species_ranking": 2772170,
        "personality_ranking": 1668120,
        "style_ranking1": 1555180,
        "style_ranking2": 1436060,
        "style_ranking": 1342510,
        "style_series": 3392110
      },
      "m2p": {
        "vlgr_df": 5957490,
        "popul_df": 6062580,
        "mismatch_names": 12167160,
        "combined_df": 5819960,
        "species_ranking": 3216740,
        "personality_ranking": 1394190,
        "style_ranking1": 1917860,
        "style_ranking2": 1572820,
        "style_ranking": 1350130,
        "style_series": 12093450
      }
    },
    {
      "raw": "## -- STEFANOS: Disable plotting\n# plt.figure(figsize=(20,5))\n# sns.set(font_scale=1.4)\n# plt.xticks(rotation=45)\n# plt.axhline(overall_mean, color='r')\n# sns.scatterplot(x='Style 1', y=\"overall_ranking\", data=style_ranking, s=300)",
      "total-ns": 365771,
      "vars": {},
      "p2m": {
        "vlgr_df": 5478780,
        "popul_df": 7197571,
        "mismatch_names": 2332220,
        "combined_df": 10439799,
        "species_ranking": 8926050,
        "personality_ranking": 3139140,
        "style_ranking1": 1594020,
        "style_ranking2": 3901810,
        "style_ranking": 2505700,
        "style_series": 2282190
      },
      "m2p": {
        "vlgr_df": 5062900,
        "popul_df": 4735350,
        "mismatch_names": 9136220,
        "combined_df": 6006429,
        "species_ranking": 4171661,
        "personality_ranking": 1683400,
        "style_ranking1": 2819950,
        "style_ranking2": 1354400,
        "style_ranking": 1524330,
        "style_series": 15230360
      }
    },
    {
      "raw": "## -- STEFANOS: Disable plotting\n# plt.figure(figsize=(7, 7))\n# plt.axhline(overall_mean, color='r')\n# sns.boxplot(x=\"Style 1\", y='overall_ranking', data=combined_df)\n# plt.title('Style 1')\n# plt.figure(figsize=(7, 7))\n# plt.axhline(overall_mean, color='r')\n# sns.boxplot(x=\"Style 2\", y='overall_ranking', data=combined_df)\n# plt.title('Style 2')",
      "total-ns": 347500,
      "vars": {},
      "p2m": {
        "vlgr_df": 5861440,
        "popul_df": 4830580,
        "mismatch_names": 2302330,
        "combined_df": 11258280,
        "species_ranking": 4981210,
        "personality_ranking": 1952770,
        "style_ranking1": 2001880,
        "style_ranking2": 1896189,
        "style_ranking": 1792250,
        "style_series": 2648290
      },
      "m2p": {
        "vlgr_df": 6233860,
        "popul_df": 6014090,
        "mismatch_names": 10687940,
        "combined_df": 6538900,
        "species_ranking": 3089920,
        "personality_ranking": 1458800,
        "style_ranking1": 1325370,
        "style_ranking2": 1406080,
        "style_ranking": 2160720,
        "style_series": 12111640
      }
    },
    {
      "raw": "pd.pivot_table(combined_df, index = 'tier', values = 'Catchphrase', columns=\"Style 1\", aggfunc='count')",
      "total-ns": 125376381,
      "vars": {},
      "p2m": {
        "vlgr_df": 6477910,
        "popul_df": 5606411,
        "mismatch_names": 2332540,
        "combined_df": 8443130,
        "species_ranking": 4088290,
        "personality_ranking": 2185990,
        "style_ranking1": 2578270,
        "style_ranking2": 2455420,
        "style_ranking": 2527930,
        "style_series": 2923440
      },
      "m2p": {
        "vlgr_df": 7989690,
        "popul_df": 7729740,
        "mismatch_names": 6665369,
        "combined_df": 8793131,
        "species_ranking": 4325020,
        "personality_ranking": 2638650,
        "style_ranking1": 1732150,
        "style_ranking2": 1695439,
        "style_ranking": 1585290,
        "style_series": 8535210
      }
    },
    {
      "raw": "pd.pivot_table(combined_df, index = 'tier', values = 'Catchphrase', columns=\"Style 2\", aggfunc='count')",
      "total-ns": 98656420,
      "vars": {},
      "p2m": {
        "vlgr_df": 9184370,
        "popul_df": 7182751,
        "mismatch_names": 3581260,
        "combined_df": 8340830,
        "species_ranking": 4417450,
        "personality_ranking": 2503400,
        "style_ranking1": 2305550,
        "style_ranking2": 2058240,
        "style_ranking": 2228720,
        "style_series": 2273070
      },
      "m2p": {
        "vlgr_df": 7042600,
        "popul_df": 6472560,
        "mismatch_names": 8950721,
        "combined_df": 8335710,
        "species_ranking": 4172820,
        "personality_ranking": 2301580,
        "style_ranking1": 2184880,
        "style_ranking2": 2252650,
        "style_ranking": 2473020,
        "style_series": 6470640
      }
    }
  ]
}