{
  "cells": [
    {
      "raw": "# This Python 3 environment comes with many helpful analytics libraries installed\n# It is defined by the kaggle/python Docker image: https://github.com/kaggle/docker-python\n# For example, here's several helpful packages to load\n\nimport numpy as np # linear algebra\n\nimport os\nos.environ[\"MODIN_ENGINE\"] = \"ray\"\nimport ray\nos.environ['MODIN_CPUS'] = \"4\"\nray.init(num_cpus=4, runtime_env={'env_vars': {'__MODIN_AUTOIMPORT_PANDAS__': '1'}})\nimport modin.pandas as pd\n\n# Input data files are available in the read-only \"../input/\" directory\n# For example, running this (by clicking run or pressing Shift+Enter) will list all files under the input directory\n\nimport os\nfor dirname, _, filenames in os.walk('../input'):\n    for filename in filenames:\n        file_  = os.path.join(dirname, filename)\n\n# You can write up to 20GB to the current directory (/kaggle/working/) that gets preserved as output when you create a version using \"Save & Run All\" \n# You can also write temporary files to /kaggle/temp/, but they won't be saved outside of the current session",
      "total-ns": 4545171286,
      "vars": {},
      "p2m": {},
      "m2p": {}
    },
    {
      "raw": "df = pd.read_csv(file_)\n\ndf.head(5)",
      "total-ns": 7929834514,
      "vars": {},
      "p2m": {
        "df": 7029510
      },
      "m2p": {
        "df": 25496190
      }
    },
    {
      "raw": "df.info()",
      "total-ns": 201540583,
      "vars": {},
      "p2m": {
        "df": 9957680
      },
      "m2p": {
        "df": 12303210
      }
    },
    {
      "raw": "df.duplicated().sum()",
      "total-ns": 202762783,
      "vars": {},
      "p2m": {
        "df": 8870660
      },
      "m2p": {
        "df": 9178230
      }
    },
    {
      "raw": "df.isnull().sum()",
      "total-ns": 31065240,
      "vars": {},
      "p2m": {
        "df": 8991280
      },
      "m2p": {
        "df": 11395830
      }
    },
    {
      "raw": "df.describe(include = 'all')",
      "total-ns": 20737380,
      "vars": {},
      "p2m": {
        "df": 8077420
      },
      "m2p": {
        "df": 11447360
      }
    },
    {
      "raw": "df = df.drop(['wage_span'] , axis = 1)",
      "total-ns": 2952210,
      "vars": {},
      "p2m": {
        "df": 9223100
      },
      "m2p": {
        "df": 201507173
      }
    },
    {
      "raw": "df.sort_values('continent_name')",
      "total-ns": 51171241,
      "vars": {},
      "p2m": {
        "df": 10380940
      },
      "m2p": {
        "df": 6334890
      }
    },
    {
      "raw": "sorted_order = (\n    df.groupby('continent_name' , as_index = False)\n    .agg({'median_salary':'mean'})\n    .sort_values('median_salary' , ascending = True)\n)['continent_name'].values",
      "total-ns": 122538482,
      "vars": {},
      "p2m": {
        "df": 6111520
      },
      "m2p": {
        "df": 5645030
      }
    },
    {
      "raw": "tp5_highestslry_contry_conti = (\n    df.sort_values('highest_salary' , ascending = False).groupby('continent_name')\n    .head(5)\n    .sort_values(['continent_name','highest_salary'] , ascending = [True, False])\n)\n\ncont_order = (\n    df.groupby('continent_name')\n    .agg({'highest_salary':\"max\"})\n    .sort_values('highest_salary' , ascending = False)\n    .index\n).tolist()",
      "total-ns": 259769364,
      "vars": {},
      "p2m": {
        "df": 7218510,
        "tp5_highestslry_contry_conti": 4791410
      },
      "m2p": {
        "df": 7083600,
        "tp5_highestslry_contry_conti": 15139070
      }
    },
    {
      "raw": "cont_order = (\n    df.groupby('continent_name')\n    .agg({'lowest_salary':\"min\"})\n    .sort_values('lowest_salary' , ascending = False)\n    .index\n).tolist()\n\ntp5_lwstslry_contry_conti = (\n    df.sort_values('lowest_salary' , ascending = True).groupby('continent_name')\n    .head(5)\n    .sort_values(['continent_name','lowest_salary'] , ascending = [True, True])\n)",
      "total-ns": 230393634,
      "vars": {},
      "p2m": {
        "df": 10563820,
        "tp5_highestslry_contry_conti": 4839060,
        "tp5_lwstslry_contry_conti": 4016430
      },
      "m2p": {
        "df": 7486069,
        "tp5_highestslry_contry_conti": 3929440,
        "tp5_lwstslry_contry_conti": 12202550
      }
    }
  ]
}