{
  "cells": [
    {
      "raw": "# Import the necessary libraries\n\nimport os\nos.environ[\"MODIN_ENGINE\"] = \"ray\"\nimport ray\nos.environ['MODIN_CPUS'] = \"4\"\nray.init(num_cpus=4, runtime_env={'env_vars': {'__MODIN_AUTOIMPORT_PANDAS__': '1'}})\nimport modin.pandas as pd\nimport numpy as np\nfrom datetime import datetime\n#import zipfile\n#import kaggle",
      "total-ns": 4230233311,
      "vars": {},
      "p2m": {},
      "m2p": {}
    },
    {
      "raw": "# Uncomment the import to extract the file from Kaggle with your key\n#!kaggle datasets download -d rashikrahmanpritom/data-science-job-posting-on-glassdoor",
      "total-ns": 434020,
      "vars": {},
      "p2m": {},
      "m2p": {}
    },
    {
      "raw": "# Extract the files from the ZIP file\n#zip_name = 'data-science-job-posting-on-glassdoor.zip'\n#with zipfile.ZipFile(zip_name,'r') as file:\n#    file.extractall()",
      "total-ns": 304760,
      "vars": {},
      "p2m": {},
      "m2p": {}
    },
    {
      "raw": "# Read the .csv file as a pandas dataframe\njob_data = pd.read_csv(\"../input/Uncleaned_DS_jobs.csv\")",
      "total-ns": 6495303314,
      "vars": {},
      "p2m": {
        "job_data": 17527911
      },
      "m2p": {
        "job_data": 61885611
      }
    },
    {
      "raw": "job_data.info()",
      "total-ns": 185151053,
      "vars": {},
      "p2m": {
        "job_data": 20225420
      },
      "m2p": {
        "job_data": 14200980
      }
    },
    {
      "raw": "# Explore the data\njob_data.info()",
      "total-ns": 168863092,
      "vars": {},
      "p2m": {
        "job_data": 15845480
      },
      "m2p": {
        "job_data": 15070951
      }
    },
    {
      "raw": "job_data.shape",
      "total-ns": 719679,
      "vars": {},
      "p2m": {
        "job_data": 18410771
      },
      "m2p": {
        "job_data": 12710070
      }
    },
    {
      "raw": "# Check the information structure\njob_data.head()",
      "total-ns": 1652179,
      "vars": {},
      "p2m": {
        "job_data": 16075180
      },
      "m2p": {
        "job_data": 15251111
      }
    },
    {
      "raw": "# Drop the index column\njob_data.drop('index',axis=1,inplace=True)",
      "total-ns": 2755170,
      "vars": {},
      "p2m": {
        "job_data": 16758740
      },
      "m2p": {
        "job_data": 98667161
      }
    },
    {
      "raw": "# Check for duplicates\njob_data[job_data.duplicated()].shape\njob_data[job_data.duplicated()]",
      "total-ns": 612401909,
      "vars": {},
      "p2m": {
        "job_data": 28322821
      },
      "m2p": {
        "job_data": 13696830
      }
    },
    {
      "raw": "# Drop duplicates\njob_data.drop_duplicates(inplace=True)",
      "total-ns": 349161145,
      "vars": {},
      "p2m": {
        "job_data": 14464250
      },
      "m2p": {
        "job_data": 57322351
      }
    },
    {
      "raw": "# Check the shape again\njob_data.shape",
      "total-ns": 528420,
      "vars": {},
      "p2m": {
        "job_data": 14174391
      },
      "m2p": {
        "job_data": 13035970
      }
    },
    {
      "raw": "# Set appropiate column names in the form of lowercase words separated by '_'\njob_data.rename(columns= lambda header: header.lower().replace(\" \",\"_\"), inplace= True)",
      "total-ns": 3276120,
      "vars": {},
      "p2m": {
        "job_data": 18269331
      },
      "m2p": {
        "job_data": 51721470
      }
    },
    {
      "raw": "# Inspect the Job title column\njob_data[\"job_title\"][:150]",
      "total-ns": 3207189,
      "vars": {},
      "p2m": {
        "job_data": 19497300
      },
      "m2p": {
        "job_data": 13781181
      }
    },
    {
      "raw": "# Make the replacement\njob_data[\"job_title\"]=job_data.loc[:,\"job_title\"].str.replace(\"(Sr.)\",\"sr.\")",
      "total-ns": 32976010,
      "vars": {},
      "p2m": {
        "job_data": 22112970
      },
      "m2p": {
        "job_data": 284553384
      }
    },
    {
      "raw": "# Delete the rest of the instances using a regex\njob_data[\"job_title\"]=job_data.loc[:,\"job_title\"].str.extract('([^()]+)')",
      "total-ns": 79677071,
      "vars": {},
      "p2m": {
        "job_data": 15049830
      },
      "m2p": {
        "job_data": 43108841
      }
    },
    {
      "raw": "#Replace the special characters with an empty value by defining a regex pattern\njob_data['job_title'] = job_data['job_title'].str.replace(r'[^a-zA-Z0-9-,/\\s]','',regex=True)",
      "total-ns": 21471500,
      "vars": {},
      "p2m": {
        "job_data": 14512780
      },
      "m2p": {
        "job_data": 123116872
      }
    },
    {
      "raw": "#Inspect the salary estimate column\njob_data['salary_estimate'][100:200]",
      "total-ns": 2882541,
      "vars": {},
      "p2m": {
        "job_data": 14421171
      },
      "m2p": {
        "job_data": 13681150
      }
    },
    {
      "raw": "# Define a function to extract the salary limits\ndef extract_values(text):\n    extracted_integer = ''\n    modified_string = ''\n    \n    for i in range(len(text)):\n        if i+1 < len(text):\n            if text[i].isdigit():\n                extracted_integer += text[i]\n                if not text[i+1].isdigit():\n                    break\n        if i == len(text) - 1 and text[i].isdigit():\n            extracted_integer += text[i]\n    \n    if extracted_integer:\n        modified_string = text[:text.find(extracted_integer)] + text[text.find(extracted_integer) + len(extracted_integer):]\n        extracted_integer = int(extracted_integer)\n    \n    return extracted_integer, modified_string",
      "total-ns": 2242110,
      "vars": {},
      "p2m": {
        "job_data": 14786700
      },
      "m2p": {
        "job_data": 15393110
      }
    },
    {
      "raw": "#Obtain the minimum salary in the range\njob_data['min_salary_K$'], job_data['salary_estimate'] = zip(*job_data['salary_estimate'].apply(extract_values))",
      "total-ns": 90195561,
      "vars": {},
      "p2m": {
        "job_data": 23935121
      },
      "m2p": {
        "job_data": 53705500
      }
    },
    {
      "raw": "#Obtain the maximum salary in the range\njob_data['max_salary_K$'], job_data['salary_estimate'] = zip(*job_data['salary_estimate'].apply(extract_values))",
      "total-ns": 115513551,
      "vars": {},
      "p2m": {
        "job_data": 19753030
      },
      "m2p": {
        "job_data": 51424731
      }
    },
    {
      "raw": "#Drop the old salary range column\njob_data.drop('salary_estimate', axis=1, inplace=True)",
      "total-ns": 3248240,
      "vars": {},
      "p2m": {
        "job_data": 20657659
      },
      "m2p": {
        "job_data": 68658301
      }
    },
    {
      "raw": "#Let's obtain the average of these ranges\njob_data['avg_salary_estimate'] = (np.round((job_data['min_salary_K$'] + job_data['max_salary_K$'])/2,decimals=0)).astype(int)\njob_data.head()",
      "total-ns": 777837841,
      "vars": {},
      "p2m": {
        "job_data": 40554831
      },
      "m2p": {
        "job_data": 434914336
      }
    },
    {
      "raw": "#Inspect the job description column\njob_data['job_description'][:150]",
      "total-ns": 3164760,
      "vars": {},
      "p2m": {
        "job_data": 16596010
      },
      "m2p": {
        "job_data": 21676640
      }
    },
    {
      "raw": "job_data.loc[:,\"job_description\"]\njob_data.loc[job_data.loc[:,\"job_description\"]==\"-1\"]",
      "total-ns": 412027066,
      "vars": {},
      "p2m": {
        "job_data": 25636590
      },
      "m2p": {
        "job_data": 21001361
      }
    },
    {
      "raw": "#Inspect the rating column\njob_data['rating'][:150]",
      "total-ns": 3308910,
      "vars": {},
      "p2m": {
        "job_data": 13956741
      },
      "m2p": {
        "job_data": 24087350
      }
    },
    {
      "raw": "job_data['rating'].unique()",
      "total-ns": 98329601,
      "vars": {},
      "p2m": {
        "job_data": 16487500
      },
      "m2p": {
        "job_data": 13211010
      }
    },
    {
      "raw": "# Replace rating mising values with NaN across the entire column\njob_data['rating'].replace(-1.0,np.nan,inplace=True)",
      "total-ns": 19881880,
      "vars": {},
      "p2m": {
        "job_data": 15395480
      },
      "m2p": {
        "job_data": 215080813
      }
    },
    {
      "raw": "job_data['rating'].unique()",
      "total-ns": 123821232,
      "vars": {},
      "p2m": {
        "job_data": 10213940
      },
      "m2p": {
        "job_data": 13152540
      }
    },
    {
      "raw": "# Inspect the company name column\njob_data['company_name'][:10]",
      "total-ns": 2946710,
      "vars": {},
      "p2m": {
        "job_data": 28290871
      },
      "m2p": {
        "job_data": 6824151
      }
    },
    {
      "raw": "job_data['company_name'] = job_data.loc[:,'company_name'].str.replace(r\"\\n\\d+(\\.\\d+)?\",'',regex=True)\njob_data.loc[:,\"company_name\"][:10]",
      "total-ns": 25145480,
      "vars": {},
      "p2m": {
        "job_data": 21323570
      },
      "m2p": {
        "job_data": 260669534
      }
    },
    {
      "raw": "# Inspect the location column\njob_data['location'][:10]",
      "total-ns": 3393570,
      "vars": {},
      "p2m": {
        "job_data": 18049780
      },
      "m2p": {
        "job_data": 14108660
      }
    },
    {
      "raw": "# Check the counts of each unique location state\njob_data.loc[:,\"location\"].apply(lambda x: x.split(\",\")[-1]).value_counts()",
      "total-ns": 340065935,
      "vars": {},
      "p2m": {
        "job_data": 16061610
      },
      "m2p": {
        "job_data": 15072781
      }
    },
    {
      "raw": "# Create the state column\njob_data['location_state'] = job_data['location'].apply(lambda x: x.split(',')[-1].strip())",
      "total-ns": 37495651,
      "vars": {},
      "p2m": {
        "job_data": 14772370
      },
      "m2p": {
        "job_data": 55542391
      }
    },
    {
      "raw": "# Replace the inconsistencies with their correct state abbreviation\ndef clean_location(jobs):\n    return (\n        jobs.loc[:, \"location_state\"]\n        .replace(\"California\",\"CA\")\n        .replace(\"Texas\",\"TX\")\n        .replace(\"Utah\",\"UT\")\n        .replace(\"New Jersey\",\"NJ\")\n        .replace(\"Remote\",\"n/a\")\n        .replace(\"United States\",\"n/a\")\n    )\n\njob_data = job_data.assign(\n    location_state = clean_location\n)",
      "total-ns": 26324951,
      "vars": {},
      "p2m": {
        "job_data": 13040311
      },
      "m2p": {
        "job_data": 159787072
      }
    },
    {
      "raw": "job_data[\"location_state\"].value_counts()",
      "total-ns": 144805472,
      "vars": {},
      "p2m": {
        "job_data": 21933250
      },
      "m2p": {
        "job_data": 13487261
      }
    },
    {
      "raw": "# Check if the location of the job and the HQ are in the place\njob_data['same_state'] = (job_data['location'] == job_data['headquarters']).astype(int)",
      "total-ns": 151299852,
      "vars": {},
      "p2m": {
        "job_data": 20367491
      },
      "m2p": {
        "job_data": 40862771
      }
    },
    {
      "raw": "job_data.head()",
      "total-ns": 1724790,
      "vars": {},
      "p2m": {
        "job_data": 14109960
      },
      "m2p": {
        "job_data": 14037940
      }
    },
    {
      "raw": "# Inspect the headquarters column\njob_data['headquarters'].value_counts()",
      "total-ns": 195103983,
      "vars": {},
      "p2m": {
        "job_data": 21421401
      },
      "m2p": {
        "job_data": 16178191
      }
    },
    {
      "raw": "job_data['headquarters'] = job_data['headquarters'].apply(lambda x: x.replace('-1','n/a'))\njob_data[\"headquarters\"].value_counts()",
      "total-ns": 207867453,
      "vars": {},
      "p2m": {
        "job_data": 16999830
      },
      "m2p": {
        "job_data": 110453151
      }
    },
    {
      "raw": "# Inspect the size column\nprint(job_data['size'][:100])\njob_data['size'].unique()",
      "total-ns": 73799890,
      "vars": {},
      "p2m": {
        "job_data": 13522540
      },
      "m2p": {
        "job_data": 14353240
      }
    },
    {
      "raw": "# Handle the missing values correctly\ndef size_cleaning(jobs):\n    return (\n        jobs.loc[:, \"size\"]\n        .replace(\"-1\",\"n/a\")\n        .replace(\"Unknown\",\"n/a\")\n    )\n\njob_data = job_data.assign(\n    size = size_cleaning\n)",
      "total-ns": 17349470,
      "vars": {},
      "p2m": {
        "job_data": 14815780
      },
      "m2p": {
        "job_data": 127137441
      }
    },
    {
      "raw": "job_data['size'].unique()",
      "total-ns": 63763461,
      "vars": {},
      "p2m": {
        "job_data": 18522371
      },
      "m2p": {
        "job_data": 20098230
      }
    },
    {
      "raw": "# Inspect the founded column\njob_data['founded'][:100]",
      "total-ns": 3357520,
      "vars": {},
      "p2m": {
        "job_data": 22543539
      },
      "m2p": {
        "job_data": 14722700
      }
    },
    {
      "raw": "#Clean the missing values\njob_data['founded'].replace(-1,np.nan,inplace=True)\njob_data['founded'].unique()",
      "total-ns": 94225182,
      "vars": {},
      "p2m": {
        "job_data": 17878961
      },
      "m2p": {
        "job_data": 92289251
      }
    },
    {
      "raw": "# obtain the years the company has been in the market and drop the founed column\ncurrent_year = datetime.now().year\njob_data['years_in_market'] = current_year - job_data['founded']\njob_data.drop('founded',axis=1,inplace=True)\njob_data.head()",
      "total-ns": 19436790,
      "vars": {},
      "p2m": {
        "job_data": 17619230
      },
      "m2p": {
        "job_data": 81187661
      }
    },
    {
      "raw": "# Inspect the Type of ownership column\njob_data['type_of_ownership'][:100]",
      "total-ns": 2879310,
      "vars": {},
      "p2m": {
        "job_data": 19081600
      },
      "m2p": {
        "job_data": 12277290
      }
    },
    {
      "raw": "job_data['type_of_ownership'].unique()",
      "total-ns": 60741031,
      "vars": {},
      "p2m": {
        "job_data": 18641500
      },
      "m2p": {
        "job_data": 10901440
      }
    },
    {
      "raw": "def ownership(jobs):\n    return (\n        jobs.loc[:, \"type_of_ownership\"]\n        .replace(\"Nonprofit Organization\",\"Nonprofit\")\n        .replace(\"-1\",\"n/a\")\n        .replace(\"Unknown\",\"n/a\")\n        .replace(\"Company - Public\",\"Public\")\n        .replace(\"Company - Private\",\"Private\")\n        .replace(\"Other Organization\",\"Other\")   \n    )\n\njob_data = job_data.assign(\n    type_of_ownership = ownership\n)",
      "total-ns": 28703540,
      "vars": {},
      "p2m": {
        "job_data": 13252730
      },
      "m2p": {
        "job_data": 232103994
      }
    },
    {
      "raw": "job_data['type_of_ownership'].unique()",
      "total-ns": 69700051,
      "vars": {},
      "p2m": {
        "job_data": 16827130
      },
      "m2p": {
        "job_data": 13892710
      }
    },
    {
      "raw": "# Inspect the industry column\njob_data['industry'].value_counts()",
      "total-ns": 163043382,
      "vars": {},
      "p2m": {
        "job_data": 14601871
      },
      "m2p": {
        "job_data": 20521060
      }
    },
    {
      "raw": "job_data[\"industry\"] = job_data[\"industry\"].apply(lambda x: x.replace(\"-1\",\"n/a\"))\njob_data['industry'].unique()",
      "total-ns": 123168952,
      "vars": {},
      "p2m": {
        "job_data": 19041351
      },
      "m2p": {
        "job_data": 170686542
      }
    },
    {
      "raw": "# Inspect the sector column\njob_data['sector'].value_counts()",
      "total-ns": 161878622,
      "vars": {},
      "p2m": {
        "job_data": 22770671
      },
      "m2p": {
        "job_data": 14275100
      }
    },
    {
      "raw": "job_data['sector'] = job_data['sector'].apply(lambda x: x.replace(\"-1\",\"n/a\"))\njob_data['sector'].unique()",
      "total-ns": 95523361,
      "vars": {},
      "p2m": {
        "job_data": 13408741
      },
      "m2p": {
        "job_data": 111414362
      }
    },
    {
      "raw": "# Inspect the revenue column\njob_data['revenue'].value_counts()",
      "total-ns": 103523161,
      "vars": {},
      "p2m": {
        "job_data": 14493231
      },
      "m2p": {
        "job_data": 12541400
      }
    },
    {
      "raw": "def revenue_cleanup(jobs):\n    return (\n        jobs.loc[:, \"revenue\"]\n        .replace(\"-1\",\"n/a\")\n        .replace(\"Unknown / Non-Applicable\",\"n/a\")\n    )\n\njob_data = job_data.assign(\n    revenue = revenue_cleanup\n)",
      "total-ns": 17498770,
      "vars": {},
      "p2m": {
        "job_data": 13596860
      },
      "m2p": {
        "job_data": 115229522
      }
    },
    {
      "raw": "job_data['revenue']=job_data.loc[:,'revenue'].str.extract('([^()]+)')\njob_data['revenue'].value_counts()",
      "total-ns": 306970454,
      "vars": {},
      "p2m": {
        "job_data": 28124741
      },
      "m2p": {
        "job_data": 20494240
      }
    },
    {
      "raw": "# Finally inspect the competitors column\njob_data['competitors'].value_counts()\n",
      "total-ns": 189532802,
      "vars": {},
      "p2m": {
        "job_data": 15716450
      },
      "m2p": {
        "job_data": 20411870
      }
    },
    {
      "raw": "np.round((488/659)*100,decimals=2)",
      "total-ns": 793640,
      "vars": {},
      "p2m": {
        "job_data": 13384541
      },
      "m2p": {
        "job_data": 9978900
      }
    },
    {
      "raw": "#The percentage is too high so we drop this column\njob_data.drop('competitors',axis=1,inplace=True)",
      "total-ns": 4311899,
      "vars": {},
      "p2m": {
        "job_data": 17465691
      },
      "m2p": {
        "job_data": 56993590
      }
    },
    {
      "raw": "job_data.head()",
      "total-ns": 1633110,
      "vars": {},
      "p2m": {
        "job_data": 18120280
      },
      "m2p": {
        "job_data": 14297970
      }
    },
    {
      "raw": "# Check if we have any '-1' as missing values\njob_data[job_data.eq('-1').any(axis = 1)]",
      "total-ns": 111563192,
      "vars": {},
      "p2m": {
        "job_data": 21517210
      },
      "m2p": {
        "job_data": 12380570
      }
    },
    {
      "raw": "# Check if we have a numerical missing value in any column \njob_data[job_data.eq(-1).any(axis = 1)]",
      "total-ns": 101947832,
      "vars": {},
      "p2m": {
        "job_data": 20858890
      },
      "m2p": {
        "job_data": 19722170
      }
    },
    {
      "raw": "# Define a simplification function\n\ndef role_defining(title): \n    if any(keyword in title.lower() for keyword in ['data scientist', 'data science']):\n        return 'Data Scientist'\n    elif any(keyword in title.lower() for keyword in ['data analyst', 'analyst']):\n        return 'Data Analyst'\n    elif 'data engineer' in title.lower():\n        return 'Data Engineer'\n    elif any(keyword in title.lower() for keyword in ['machine learning', 'ai']):\n        return 'Machine Learning Engineer'\n    else:\n        return 'Other'",
      "total-ns": 1580090,
      "vars": {},
      "p2m": {
        "job_data": 19083940
      },
      "m2p": {
        "job_data": 12413781
      }
    },
    {
      "raw": "# Apply the function to the new column\njob_data['job_role']= job_data['job_title'].apply(role_defining)\njob_data['job_role'].value_counts()",
      "total-ns": 160422492,
      "vars": {},
      "p2m": {
        "job_data": 20665090
      },
      "m2p": {
        "job_data": 38684101
      }
    },
    {
      "raw": "def seniority_defining(title,description):\n    if any(keyword in title.lower() for keyword in ['jr.','jr','junior']) or any(keyword in description.lower() for keyword in ['jr.','jr','junior']):\n        return 'Jr'\n    elif any(keyword in title.lower() for keyword in ['sr.','sr','vp','senior']) or any(keyword in description.lower() for keyword in ['sr.','sr','vp','senior']):\n        return 'Sr'\n    else:\n        return 'Mid-Level'\n    \n\njob_data['job_seniority'] = job_data.apply(lambda row: seniority_defining(row['job_title'], row['job_description']), axis=1)\njob_data['job_seniority'].value_counts()",
      "total-ns": 251155413,
      "vars": {},
      "p2m": {
        "job_data": 16553340
      },
      "m2p": {
        "job_data": 32636981
      }
    },
    {
      "raw": "job_data.head()",
      "total-ns": 1419130,
      "vars": {},
      "p2m": {
        "job_data": 18272311
      },
      "m2p": {
        "job_data": 10835540
      }
    },
    {
      "raw": "# Create dummy columns for each of the skill considered.\njob_data['excel'] = job_data.apply(lambda x: 1 if 'excel' in x.job_description.lower() else 0, axis=1)\njob_data['sql'] = job_data.apply(lambda x: 1 if 'sql' in x.job_description.lower() else 0, axis=1)\njob_data['python'] = job_data.apply(lambda x: 1 if 'python' in x.job_description.lower() else 0, axis=1)\njob_data['power_bi'] = job_data.apply(lambda x: 1 if 'power bi' in x.job_description.lower() else 0, axis=1)\njob_data['tableau'] = job_data.apply(lambda x: 1 if 'tableau' in x.job_description.lower() else 0, axis=1)\njob_data['scikit'] = job_data.apply(lambda x: 1 if 'scikit' in x.job_description.lower() else 0, axis=1)\njob_data['spark'] = job_data.apply(lambda x: 1 if 'spark' in x.job_description.lower() else 0, axis=1)",
      "total-ns": 3096755004,
      "vars": {},
      "p2m": {
        "job_data": 23152251
      },
      "m2p": {
        "job_data": 67734361
      }
    },
    {
      "raw": "print(job_data['excel'].value_counts())\nprint(job_data['sql'].value_counts())\nprint(job_data['python'].value_counts())\nprint(job_data['power_bi'].value_counts())\nprint(job_data['tableau'].value_counts())\nprint(job_data['scikit'].value_counts())\nprint(job_data['spark'].value_counts())",
      "total-ns": 1877265367,
      "vars": {},
      "p2m": {
        "job_data": 18398690
      },
      "m2p": {
        "job_data": 11862770
      }
    },
    {
      "raw": "job_data.head()",
      "total-ns": 1595960,
      "vars": {},
      "p2m": {
        "job_data": 15079190
      },
      "m2p": {
        "job_data": 17815131
      }
    },
    {
      "raw": "# job_data.to_csv('Cleaned_Job_Data.csv',index= False)\n# job_data.to_excel('Cleaned_Job_Data.xlsx',index=False)",
      "total-ns": 332009,
      "vars": {},
      "p2m": {
        "job_data": 15662160
      },
      "m2p": {
        "job_data": 13902591
      }
    },
    {
      "raw": "# Include the necessary packages fro analysisi and visualization\nimport matplotlib.pyplot as plt\nimport seaborn as sns\n%matplotlib inline",
      "total-ns": 2190126362,
      "vars": {},
      "p2m": {
        "job_data": 13790620
      },
      "m2p": {
        "job_data": 19507500
      }
    },
    {
      "raw": "# Obtain the basic statistics of the data frame\njob_data.describe()",
      "total-ns": 38144540,
      "vars": {},
      "p2m": {
        "job_data": 14677820
      },
      "m2p": {
        "job_data": 12077640
      }
    },
    {
      "raw": "#Obtain the relationships between columns\n# sns.pairplot(job_data)",
      "total-ns": 354010,
      "vars": {},
      "p2m": {
        "job_data": 15791681
      },
      "m2p": {
        "job_data": 10750020
      }
    },
    {
      "raw": "industry_salary = [\n    round(job_data.loc[job_data[\"industry\"]==\"Biotech & Pharmaceuticals\",\"avg_salary_estimate\"].mean(), 2),\n    round(job_data.loc[job_data[\"industry\"]==\"IT Services\",\"avg_salary_estimate\"].mean(), 2),\n    round(job_data.loc[job_data[\"industry\"]==\"Computer Hardware & Software\",\"avg_salary_estimate\"].mean(), 2),\n    round(job_data.loc[job_data[\"industry\"]==\"Aerospace & Defense\",\"avg_salary_estimate\"].mean(), 2),\n    round(job_data.loc[job_data[\"industry\"]==\"Enterprise Software & Network Solutions\",\"avg_salary_estimate\"].mean(), 2)\n]\n\ntop_paying_industries = [\n    \"Biotech & Pharmaceuticals\",\n    \"IT Services\",\n    \"Computer Hardware & Software\",\n    \"Aerospace & Defense\",\n    \"Enterprise Software & Network Solutions\"\n]\n\n# plt.bar(top_paying_industries, industry_salary)\n# plt.ylim(110, 140)\n# plt.xlabel(\"Job Industry\")\n# plt.ylabel(\"Average Salary\")\n\n# # Rotate the x-axis labels by 70 degrees\n# plt.xticks(rotation=70)\n\n# plt.show()",
      "total-ns": 895153192,
      "vars": {},
      "p2m": {
        "job_data": 16753180
      },
      "m2p": {
        "job_data": 19331311
      }
    },
    {
      "raw": "# Let's start by analyzing the average salary for job postings\n# sns.boxplot(x=job_data['avg_salary_estimate'])",
      "total-ns": 334560,
      "vars": {},
      "p2m": {
        "job_data": 15399971
      },
      "m2p": {
        "job_data": 13538750
      }
    },
    {
      "raw": "# We can define a new data frame to fit in better inside the avg. salary range\ndf = job_data[(job_data.avg_salary_estimate > 50) & (job_data.avg_salary_estimate < 200)] ",
      "total-ns": 629482269,
      "vars": {},
      "p2m": {
        "job_data": 16035610,
        "df": 17170770
      },
      "m2p": {
        "job_data": 28157930,
        "df": 80513741
      }
    },
    {
      "raw": "df.shape",
      "total-ns": 614859,
      "vars": {},
      "p2m": {
        "job_data": 17613660,
        "df": 15038391
      },
      "m2p": {
        "job_data": 18709050,
        "df": 15543760
      }
    },
    {
      "raw": "# Make a comparison between the years the company has been in the market and the avg. salary.\n# sns.lmplot(x='years_in_market',y='avg_salary_estimate',data=df)\n",
      "total-ns": 355709,
      "vars": {},
      "p2m": {
        "job_data": 16160790,
        "df": 15043011
      },
      "m2p": {
        "job_data": 17049770,
        "df": 17126630
      }
    },
    {
      "raw": "# Generate a heatmap based on the numerical columns of the dataframe\n# fig, ax = plt.subplots(figsize=(10,10)) \nmatrix = np.triu(df.select_dtypes(include=[np.number]).corr())\n# sns.heatmap(df.select_dtypes(include=[np.number]).corr(),annot=True, fmt='.1g', vmin=-1, vmax=1, center= 0,  ax=ax)",
      "total-ns": 207577004,
      "vars": {},
      "p2m": {
        "job_data": 18032530,
        "df": 39315631
      },
      "m2p": {
        "job_data": 18912560,
        "df": 16703080
      }
    },
    {
      "raw": "# # Check the sector values\n# fig, ax = plt.subplots(figsize=(10,10)) \n# chart = sns.barplot(x=df.sector.value_counts().index, y=df.sector.value_counts())\n# _= chart.set_xticklabels(chart.get_xticklabels(), rotation=75)",
      "total-ns": 427510,
      "vars": {},
      "p2m": {
        "job_data": 42641521,
        "df": 27049960
      },
      "m2p": {
        "job_data": 15953620,
        "df": 29303900
      }
    },
    {
      "raw": "# Set a simpler name\ndf.rename(columns={'avg_salary_estimate':'avg_salary'}, inplace= True)",
      "total-ns": 4963730,
      "vars": {},
      "p2m": {
        "job_data": 47665930,
        "df": 23164561
      },
      "m2p": {
        "job_data": 28406231,
        "df": 600641489
      }
    },
    {
      "raw": "# Obtain the avg. salary for each type of role\npd.pivot_table(df,index='job_role', values='avg_salary')",
      "total-ns": 644204040,
      "vars": {},
      "p2m": {
        "job_data": 28544461,
        "df": 29580840
      },
      "m2p": {
        "job_data": 19150320,
        "df": 34760110
      }
    },
    {
      "raw": "# Obtain the avg. salary based on the seniority of the roles\npd.pivot_table(df, index=['job_role','job_seniority'], values='avg_salary').sort_values('avg_salary', ascending =False)",
      "total-ns": 362347315,
      "vars": {},
      "p2m": {
        "job_data": 14079160,
        "df": 14840041
      },
      "m2p": {
        "job_data": 13822580,
        "df": 12807650
      }
    },
    {
      "raw": "df.head()",
      "total-ns": 1308530,
      "vars": {},
      "p2m": {
        "job_data": 19986720,
        "df": 14117920
      },
      "m2p": {
        "job_data": 16310210,
        "df": 15399150
      }
    },
    {
      "raw": "\n# Define a custom aggregation function to get the percentage of descriptions that include certain skill.\ndef ones_percentage(x):\n    return round((sum(1 for value in x if value == 1)/len(x))*100,2)\n\n# Create the pivot table with the custom aggregation function\npivot_table = pd.pivot_table(df, index='job_role', values=['excel', 'sql', 'python', 'power_bi', 'tableau', 'scikit', 'spark'], aggfunc=ones_percentage)\n\nprint(pivot_table)",
      "total-ns": 295496054,
      "vars": {},
      "p2m": {
        "job_data": 20247190,
        "df": 11831791,
        "pivot_table": 1756820
      },
      "m2p": {
        "job_data": 15138080,
        "df": 10973111,
        "pivot_table": 1415911
      }
    }
  ]
}