{
  "cells": [
    {
      "raw": "import os\n\nimport os\nos.environ[\"MODIN_ENGINE\"] = \"ray\"\nimport ray\nos.environ['MODIN_CPUS'] = \"4\"\nray.init(num_cpus=4, runtime_env={'env_vars': {'__MODIN_AUTOIMPORT_PANDAS__': '1'}})\nimport modin.pandas as pd\nimport numpy as np \ndf1=pd.read_csv('../input/tmdb-movie-metadata/tmdb_5000_credits.csv')\ndf2=pd.read_csv('../input/tmdb-movie-metadata/tmdb_5000_movies.csv')",
      "total-ns": 14022338041,
      "vars": {},
      "p2m": {
        "df1": 147217233,
        "df2": 44190831
      },
      "m2p": {
        "df1": 242964024,
        "df2": 104531321
      }
    },
    {
      "raw": "df1.columns = ['id','tittle','cast','crew']\ndf2= df2.merge(df1,on='id')",
      "total-ns": 778927485,
      "vars": {},
      "p2m": {
        "df1": 65007462,
        "df2": 183699673
      },
      "m2p": {
        "df1": 26865910,
        "df2": 261066555
      }
    },
    {
      "raw": "df2.info()",
      "total-ns": 229401784,
      "vars": {},
      "p2m": {
        "df1": 69746001,
        "df2": 99250951
      },
      "m2p": {
        "df1": 28706661,
        "df2": 42869551
      }
    },
    {
      "raw": "df2.head(5)",
      "total-ns": 2147281,
      "vars": {},
      "p2m": {
        "df1": 34320831,
        "df2": 56186840
      },
      "m2p": {
        "df1": 24270720,
        "df2": 36354140
      }
    },
    {
      "raw": "C= df2['vote_average'].mean()\nC",
      "total-ns": 193260674,
      "vars": {},
      "p2m": {
        "df1": 90779122,
        "df2": 172921433
      },
      "m2p": {
        "df1": 26451151,
        "df2": 38586020
      }
    },
    {
      "raw": "m= df2['vote_count'].quantile(0.9)\nm",
      "total-ns": 75554892,
      "vars": {},
      "p2m": {
        "df1": 74176002,
        "df2": 46280321
      },
      "m2p": {
        "df1": 24529410,
        "df2": 36423670
      }
    },
    {
      "raw": "q_movies = df2.copy().loc[df2['vote_count'] >= m]\nq_movies.shape",
      "total-ns": 142381672,
      "vars": {},
      "p2m": {
        "df1": 29693000,
        "df2": 44779751,
        "q_movies": 18305731
      },
      "m2p": {
        "df1": 26100841,
        "df2": 33440491,
        "q_movies": 15136070
      }
    },
    {
      "raw": "def weighted_rating(x, m=m, C=C):\n    v = x['vote_count']\n    R = x['vote_average']\n    # Calculation based on the IMDB formula\n    return (v/(v+m) * R) + (m/(m+v) * C)",
      "total-ns": 1160700,
      "vars": {},
      "p2m": {
        "df1": 26138090,
        "df2": 45987511,
        "q_movies": 18024031
      },
      "m2p": {
        "df1": 20095570,
        "df2": 34632680,
        "q_movies": 15909110
      }
    },
    {
      "raw": "# Define a new feature 'score' and calculate its value with `weighted_rating()`\nq_movies['score'] = q_movies.apply(weighted_rating, axis=1)",
      "total-ns": 71208632,
      "vars": {},
      "p2m": {
        "df1": 127419133,
        "df2": 165808404,
        "q_movies": 19974921
      },
      "m2p": {
        "df1": 19534660,
        "df2": 36366390,
        "q_movies": 39053060
      }
    },
    {
      "raw": "#Sort movies based on score calculated above\nq_movies = q_movies.sort_values('score', ascending=False)\n\n#Print the top 15 movies\nq_movies[['title', 'vote_count', 'vote_average', 'score']].head(10)",
      "total-ns": 214211274,
      "vars": {},
      "p2m": {
        "df1": 30571560,
        "df2": 50058911,
        "q_movies": 21753800
      },
      "m2p": {
        "df1": 21844320,
        "df2": 35375050,
        "q_movies": 74211082
      }
    },
    {
      "raw": "pop= df2.sort_values('popularity', ascending=False)\nimport matplotlib.pyplot as plt\n# STEFANOS: Disable plotting\n# plt.figure(figsize=(12,4))\n\n# plt.barh(pop['title'].head(6),pop['popularity'].head(6), align='center',\n#         color='skyblue')\n# plt.gca().invert_yaxis()\n# plt.xlabel(\"Popularity\")\n# plt.title(\"Popular Movies\")\n",
      "total-ns": 1269338404,
      "vars": {},
      "p2m": {
        "df1": 26565681,
        "df2": 58237661,
        "q_movies": 24695251,
        "pop": 49391312
      },
      "m2p": {
        "df1": 21090170,
        "df2": 48695281,
        "q_movies": 14235220,
        "pop": 176570194
      }
    },
    {
      "raw": "df2['overview'].head(5)",
      "total-ns": 3471549,
      "vars": {},
      "p2m": {
        "df1": 27825080,
        "df2": 79599552,
        "q_movies": 21546230,
        "pop": 184931563
      },
      "m2p": {
        "df1": 22670651,
        "df2": 38848780,
        "q_movies": 15625490,
        "pop": 37495831
      }
    },
    {
      "raw": "#Import TfIdfVectorizer from scikit-learn\n# STEFANOS: Remove unneeded modules.\n# from sklearn.feature_extraction.text import TfidfVectorizer\n\n#Define a TF-IDF Vectorizer Object. Remove all english stop words such as 'the', 'a'\n# STEFANOS: non-Pandas. The code that uses it is disabled.\n# tfidf = TfidfVectorizer(stop_words='english')\n\n#Replace NaN with an empty string\ndf2['overview'] = df2['overview'].fillna('')\n\n# STEFANOS: non-Pandas. The code that uses it is disabled.\n# #Construct the required TF-IDF matrix by fitting and transforming the data\n# tfidf_matrix = tfidf.fit_transform(df2['overview'])\n\n# #Output the shape of tfidf_matrix\n# tfidf_matrix.shape",
      "total-ns": 18572731,
      "vars": {},
      "p2m": {
        "df1": 129473983,
        "df2": 50179351,
        "q_movies": 21754110,
        "pop": 66081981
      },
      "m2p": {
        "df1": 25655280,
        "df2": 352081656,
        "q_movies": 17603540,
        "pop": 40301821
      }
    },
    {
      "raw": "# STEFANOS: This takes an inordinate amount of memory and it's not Pandas.\n# Because we're not using get_recommendations(), we're fine\n\n# # Import linear_kernel\n# from sklearn.metrics.pairwise import linear_kernel\n\n# # Compute the cosine similarity matrix\n# cosine_sim = linear_kernel(tfidf_matrix, tfidf_matrix)",
      "total-ns": 507520,
      "vars": {},
      "p2m": {
        "df1": 35207031,
        "df2": 53101781,
        "q_movies": 21068060,
        "pop": 55913331
      },
      "m2p": {
        "df1": 25960100,
        "df2": 36518890,
        "q_movies": 16187420,
        "pop": 38479981
      }
    },
    {
      "raw": "#Construct a reverse map of indices and movie titles\n# STEFANOS: Don't drop duplicates.\n# indices = pd.Series(df2.index, index=df2['title']).drop_duplicates()",
      "total-ns": 547300,
      "vars": {},
      "p2m": {
        "df1": 87334291,
        "df2": 178028183,
        "q_movies": 30273200,
        "pop": 49828241
      },
      "m2p": {
        "df1": 25482321,
        "df2": 37382701,
        "q_movies": 17138381,
        "pop": 40183851
      }
    },
    {
      "raw": "# Function that takes in movie title as input and outputs most similar movies\n\n# STEFANOS: get_recommendations() fails to run sometimes and it's not Pandas\n# def get_recommendations(title, cosine_sim=cosine_sim):\n#     # Get the index of the movie that matches the title\n#     idx = indices[title]\n\n#     # Get the pairwsie similarity scores of all movies with that movie\n#     sim_scores = list(enumerate(cosine_sim[idx]))\n\n#     # Sort the movies based on the similarity scores\n#     # STEFANOS: This doesn't run\n# #     sim_scores = sorted(sim_scores, key=lambda x: x[1], reverse=True)\n#     sim_scores = sorted(sim_scores, key=lambda x: x[1].any(), reverse=True)\n\n#     # Get the scores of the 10 most similar movies\n#     sim_scores = sim_scores[1:11]\n\n#     # Get the movie indices\n#     movie_indices = [i[0] for i in sim_scores]\n\n#     # Return the top 10 most similar movies\n#     return df2['title'].iloc[movie_indices]",
      "total-ns": 611040,
      "vars": {},
      "p2m": {
        "df1": 28942840,
        "df2": 50658101,
        "q_movies": 23448540,
        "pop": 47879881
      },
      "m2p": {
        "df1": 26361451,
        "df2": 40330641,
        "q_movies": 18683231,
        "pop": 36169331
      }
    },
    {
      "raw": "# STEFANOS: get_recommendations() fails to run sometimes and it's not Pandas\n# get_recommendations('The Dark Knight Rises')",
      "total-ns": 603180,
      "vars": {},
      "p2m": {
        "df1": 26029431,
        "df2": 48163781,
        "q_movies": 18796031,
        "pop": 48589802
      },
      "m2p": {
        "df1": 20508360,
        "df2": 33791040,
        "q_movies": 13482560,
        "pop": 40479460
      }
    },
    {
      "raw": "# STEFANOS: get_recommendations() fails to run sometimes and it's not Pandas\n# get_recommendations('The Avengers')",
      "total-ns": 488941,
      "vars": {},
      "p2m": {
        "df1": 106864352,
        "df2": 144339863,
        "q_movies": 47706831,
        "pop": 50194301
      },
      "m2p": {
        "df1": 19954661,
        "df2": 33964011,
        "q_movies": 12831651,
        "pop": 33217201
      }
    },
    {
      "raw": "# Parse the stringified features into their corresponding python objects\nfrom ast import literal_eval\n\nfeatures = ['cast', 'crew', 'keywords', 'genres']\nfor feature in features:\n    df2[feature] = df2[feature].apply(literal_eval)",
      "total-ns": 6513092571,
      "vars": {},
      "p2m": {
        "df1": 35204061,
        "df2": 1424453796,
        "q_movies": 17195170,
        "pop": 49121260
      },
      "m2p": {
        "df1": 21590320,
        "df2": 3975580524,
        "q_movies": 16625141,
        "pop": 35315800
      }
    },
    {
      "raw": "# Get the director's name from the crew feature. If director is not listed, return NaN\ndef get_director(x):\n    for i in x:\n        if i['job'] == 'Director':\n            return i['name']\n    return np.nan",
      "total-ns": 1059110,
      "vars": {},
      "p2m": {
        "df1": 26474800,
        "df2": 1410955286,
        "q_movies": 22607620,
        "pop": 56398441
      },
      "m2p": {
        "df1": 23384650,
        "df2": 731752854,
        "q_movies": 20296101,
        "pop": 40499501
      }
    },
    {
      "raw": "# Returns the list top 3 elements or entire list; whichever is more.\ndef get_list(x):\n    if isinstance(x, list):\n        names = [i['name'] for i in x]\n        #Check if more than 3 elements exist. If yes, return only first three. If no, return entire list.\n        if len(names) > 3:\n            names = names[:3]\n        return names\n\n    #Return empty list in case of missing/malformed data\n    return []",
      "total-ns": 1514760,
      "vars": {},
      "p2m": {
        "df1": 31703521,
        "df2": 1365447955,
        "q_movies": 22469851,
        "pop": 58854471
      },
      "m2p": {
        "df1": 25993371,
        "df2": 577167881,
        "q_movies": 14862370,
        "pop": 42732240
      }
    },
    {
      "raw": "# Define new director, cast, genres and keywords features that are in a suitable form.\ndf2['director'] = df2['crew'].apply(get_director)\n\nfeatures = ['cast', 'keywords', 'genres']\nfor feature in features:\n    df2[feature] = df2[feature].apply(get_list)",
      "total-ns": 3006652805,
      "vars": {},
      "p2m": {
        "df1": 34215711,
        "df2": 649568662,
        "q_movies": 22814850,
        "pop": 59615351
      },
      "m2p": {
        "df1": 33159861,
        "df2": 4497140993,
        "q_movies": 18922301,
        "pop": 38820091
      }
    },
    {
      "raw": "# Print the new features of the first 3 films\ndf2[['title', 'cast', 'director', 'keywords', 'genres']].head(3)",
      "total-ns": 29135501,
      "vars": {},
      "p2m": {
        "df1": 25689200,
        "df2": 636600472,
        "q_movies": 16044381,
        "pop": 54223221
      },
      "m2p": {
        "df1": 19104130,
        "df2": 369398386,
        "q_movies": 18526310,
        "pop": 30148940
      }
    },
    {
      "raw": "# Function to convert all strings to lower case and strip names of spaces\ndef clean_data(x):\n    if isinstance(x, list):\n        return [str.lower(i.replace(\" \", \"\")) for i in x]\n    else:\n        #Check if director exists. If not, return empty string\n        if isinstance(x, str):\n            return str.lower(x.replace(\" \", \"\"))\n        else:\n            return ''",
      "total-ns": 1375369,
      "vars": {},
      "p2m": {
        "df1": 28530551,
        "df2": 675188653,
        "q_movies": 16652390,
        "pop": 55305211
      },
      "m2p": {
        "df1": 19286971,
        "df2": 270751095,
        "q_movies": 12260480,
        "pop": 34774191
      }
    },
    {
      "raw": "# Apply clean_data function to your features.\nfeatures = ['cast', 'keywords', 'director', 'genres']\n\nfor feature in features:\n    df2[feature] = df2[feature].apply(clean_data)",
      "total-ns": 1633377140,
      "vars": {},
      "p2m": {
        "df1": 32157230,
        "df2": 708459634,
        "q_movies": 16324630,
        "pop": 54629021
      },
      "m2p": {
        "df1": 27543900,
        "df2": 3033447056,
        "q_movies": 17185950,
        "pop": 36891401
      }
    },
    {
      "raw": "def create_soup(x):\n    return ' '.join(x['keywords']) + ' ' + ' '.join(x['cast']) + ' ' + x['director'] + ' ' + ' '.join(x['genres'])\ndf2['soup'] = df2.apply(create_soup, axis=1)",
      "total-ns": 464523339,
      "vars": {},
      "p2m": {
        "df1": 31010670,
        "df2": 698118442,
        "q_movies": 23508181,
        "pop": 60477511
      },
      "m2p": {
        "df1": 25437191,
        "df2": 442707369,
        "q_movies": 18814720,
        "pop": 42958280
      }
    }
  ]
}