{
  "cells": [
    {
      "raw": "import numpy as np # linear algebra\n\nimport os\nos.environ[\"MODIN_ENGINE\"] = \"ray\"\nimport ray\nos.environ['MODIN_CPUS'] = \"4\"\nray.init(num_cpus=4, runtime_env={'env_vars': {'__MODIN_AUTOIMPORT_PANDAS__': '1'}})\nimport modin.pandas as pd\nimport os\nfor dirname, _, filenames in os.walk('../input'):\n    for filename in filenames:\n        print(os.path.join(dirname, filename))\n",
      "total-ns": 3702632708,
      "vars": {},
      "p2m": {},
      "m2p": {}
    },
    {
      "raw": "df=pd.read_csv(\"../input/Airline Dataset Updated.csv\", parse_dates=[\"Departure Date\"])",
      "total-ns": 6084199235,
      "vars": {},
      "p2m": {
        "df": 118239931
      },
      "m2p": {
        "df": 278537440
      }
    },
    {
      "raw": "df.info()",
      "total-ns": 324655496,
      "vars": {},
      "p2m": {
        "df": 122495182
      },
      "m2p": {
        "df": 94074163
      }
    },
    {
      "raw": "df.head(11)",
      "total-ns": 1406970,
      "vars": {},
      "p2m": {
        "df": 119539601
      },
      "m2p": {
        "df": 90527533
      }
    },
    {
      "raw": "df.info() ",
      "total-ns": 300030478,
      "vars": {},
      "p2m": {
        "df": 127260520
      },
      "m2p": {
        "df": 89612833
      }
    },
    {
      "raw": "df.nunique()",
      "total-ns": 4818969,
      "vars": {},
      "p2m": {
        "df": 179247927
      },
      "m2p": {
        "df": 137333310
      }
    },
    {
      "raw": "df.isnull().sum().sum() #Checking if Null value is present",
      "total-ns": 343034605,
      "vars": {},
      "p2m": {
        "df": 139807690
      },
      "m2p": {
        "df": 94335073
      }
    },
    {
      "raw": "df['Gender']=df['Gender'].astype('category')\ndf['Gender'].unique()",
      "total-ns": 147209589,
      "vars": {},
      "p2m": {
        "df": 123299341
      },
      "m2p": {
        "df": 385001332
      }
    },
    {
      "raw": "df['Age']=df['Age'].astype(int)",
      "total-ns": 18200279,
      "vars": {},
      "p2m": {
        "df": 128641250
      },
      "m2p": {
        "df": 454484277
      }
    },
    {
      "raw": "columns = [key for key, value in df.nunique().to_dict().items() if value < 10]",
      "total-ns": 211743855,
      "vars": {},
      "p2m": {
        "df": 120673321
      },
      "m2p": {
        "df": 94086913
      }
    },
    {
      "raw": "count_1 = df['Gender'].value_counts()\ncount_1",
      "total-ns": 146247670,
      "vars": {},
      "p2m": {
        "df": 127744351,
        "count_1": 2099390
      },
      "m2p": {
        "df": 100983563,
        "count_1": 7188150
      }
    },
    {
      "raw": "count_2 = df['Country Name'].value_counts()",
      "total-ns": 181481737,
      "vars": {},
      "p2m": {
        "df": 134693361,
        "count_1": 2137439,
        "count_2": 7019729
      },
      "m2p": {
        "df": 106291292,
        "count_1": 8500309,
        "count_2": 15062159
      }
    },
    {
      "raw": "df_c= pd.DataFrame(count_2).reset_index().rename(columns={\"index\": \"value\", 0: \"count\"})",
      "total-ns": 14418009,
      "vars": {},
      "p2m": {
        "df": 124999871,
        "count_1": 2024270,
        "count_2": 5173420,
        "df_c": 5357119
      },
      "m2p": {
        "df": 104473902,
        "count_1": 7408890,
        "count_2": 19579238,
        "df_c": 14605279
      }
    },
    {
      "raw": "con=df.loc[:,['Country Name','Continents']]\ncon=con.drop_duplicates()\n#new_df=pd.merge_ordered(df_c,con, fill_method= 'ffill', on= 'Country Name')",
      "total-ns": 2531729316,
      "vars": {},
      "p2m": {
        "df": 118427321,
        "count_1": 2148589,
        "count_2": 5349990,
        "df_c": 5894380,
        "con": 5148820
      },
      "m2p": {
        "df": 111398192,
        "count_1": 7174880,
        "count_2": 18783869,
        "df_c": 5243089,
        "con": 13005559
      }
    },
    {
      "raw": "nationality = pd.DataFrame(df['Nationality'].value_counts()).reset_index()",
      "total-ns": 189337836,
      "vars": {},
      "p2m": {
        "df": 130258161,
        "count_1": 2609790,
        "count_2": 5990519,
        "df_c": 7803420,
        "con": 5496679,
        "nationality": 5473170
      },
      "m2p": {
        "df": 101295822,
        "count_1": 10693039,
        "count_2": 21270769,
        "df_c": 6229269,
        "con": 7025780,
        "nationality": 15586329
      }
    },
    {
      "raw": "nationality = nationality.head(20)",
      "total-ns": 1335261,
      "vars": {},
      "p2m": {
        "df": 134692030,
        "count_1": 2103310,
        "count_2": 8305970,
        "df_c": 6531490,
        "con": 5655660,
        "nationality": 1415980
      },
      "m2p": {
        "df": 103847722,
        "count_1": 7617949,
        "count_2": 17512659,
        "df_c": 5693320,
        "con": 5884790,
        "nationality": 5727070
      }
    },
    {
      "raw": "nationality.sort_values(by='Nationality', ascending=False, inplace=True)",
      "total-ns": 12940149,
      "vars": {},
      "p2m": {
        "df": 125804440,
        "count_1": 1921550,
        "count_2": 5200200,
        "df_c": 6074679,
        "con": 5479809,
        "nationality": 1704880
      },
      "m2p": {
        "df": 103628653,
        "count_1": 7793690,
        "count_2": 17919258,
        "df_c": 5254720,
        "con": 5760280,
        "nationality": 5285000
      }
    },
    {
      "raw": "fl_stat = pd.DataFrame(df['Flight Status'].value_counts()).reset_index()",
      "total-ns": 158697248,
      "vars": {},
      "p2m": {
        "df": 129730440,
        "count_1": 2113400,
        "count_2": 5298460,
        "df_c": 6266560,
        "con": 5933819,
        "nationality": 1855980,
        "fl_stat": 1649340
      },
      "m2p": {
        "df": 102041993,
        "count_1": 7666730,
        "count_2": 18921008,
        "df_c": 5056870,
        "con": 5597220,
        "nationality": 2379070,
        "fl_stat": 5009759
      }
    },
    {
      "raw": "",
      "total-ns": 388589,
      "vars": {},
      "p2m": {
        "df": 124833111,
        "count_1": 2319719,
        "count_2": 5651620,
        "df_c": 6561859,
        "con": 5960919,
        "nationality": 2176031,
        "fl_stat": 2055520
      },
      "m2p": {
        "df": 99756313,
        "count_1": 8491690,
        "count_2": 21671058,
        "df_c": 5357369,
        "con": 5570200,
        "nationality": 2614119,
        "fl_stat": 1687709
      }
    }
  ]
}