{
  "cells": [
    {
      "raw": "# This Python 3 environment comes with many helpful analytics libraries installed\n# It is defined by the kaggle/python Docker image: https://github.com/kaggle/docker-python\n# For example, here's several helpful packages to load\n\nimport numpy as np # linear algebra\n\nimport os\nos.environ[\"MODIN_ENGINE\"] = \"ray\"\nimport ray\nos.environ['MODIN_CPUS'] = \"4\"\nray.init(num_cpus=4, runtime_env={'env_vars': {'__MODIN_AUTOIMPORT_PANDAS__': '1'}})\nimport modin.pandas as pd\nimport seaborn as sns \nimport matplotlib.pyplot as plt\n\n# Input data files are available in the read-only \"../input/\" directory\n# For example, running this (by clicking run or pressing Shift+Enter) will list all files under the input directory\n\nimport os\nfor dirname, _, filenames in os.walk('/kaggle/input'):\n    for filename in filenames:\n        print(os.path.join(dirname, filename))\n\n# You can write up to 20GB to the current directory (/kaggle/working/) that gets preserved as output when you create a version using \"Save & Run All\" \n# You can also write temporary files to /kaggle/temp/, but they won't be saved outside of the current session",
      "total-ns": 5063282199,
      "vars": {},
      "p2m": {},
      "m2p": {}
    },
    {
      "raw": "data = pd.read_csv(\"../input/Billionaires Statistics Dataset.csv\", index_col=\"rank\")",
      "total-ns": 4687445929,
      "vars": {},
      "p2m": {
        "data": 19546809
      },
      "m2p": {
        "data": 13530559
      }
    },
    {
      "raw": "data.info()",
      "total-ns": 253360951,
      "vars": {},
      "p2m": {
        "data": 17922049
      },
      "m2p": {
        "data": 15310899
      }
    },
    {
      "raw": "data.head(5)",
      "total-ns": 1165970,
      "vars": {},
      "p2m": {
        "data": 17918589
      },
      "m2p": {
        "data": 13849339
      }
    },
    {
      "raw": "data.describe()",
      "total-ns": 28997858,
      "vars": {},
      "p2m": {
        "data": 21376668
      },
      "m2p": {
        "data": 16695549
      }
    },
    {
      "raw": "country_names =data[\"country\"].value_counts() #List of how many billionaires there are in the country",
      "total-ns": 206665585,
      "vars": {},
      "p2m": {
        "data": 19121738,
        "country_names": 4704620
      },
      "m2p": {
        "data": 19214999,
        "country_names": 13838268
      }
    },
    {
      "raw": "country_names ",
      "total-ns": 510130,
      "vars": {},
      "p2m": {
        "data": 16665139,
        "country_names": 4553310
      },
      "m2p": {
        "data": 13020739,
        "country_names": 15701068
      }
    },
    {
      "raw": "data_100 = data.loc[:100,[\"finalWorth\",\"category\",\"country\"]]\n",
      "total-ns": 2053500,
      "vars": {},
      "p2m": {
        "data": 17314889,
        "country_names": 4475479,
        "data_100": 7105069
      },
      "m2p": {
        "data": 14735939,
        "country_names": 14541889,
        "data_100": 32582978
      }
    },
    {
      "raw": "data_100_category = data_100[\"category\"].value_counts()",
      "total-ns": 91743084,
      "vars": {},
      "p2m": {
        "data": 16386959,
        "country_names": 4764080,
        "data_100": 6513159,
        "data_100_category": 1973929
      },
      "m2p": {
        "data": 16310959,
        "country_names": 14671198,
        "data_100": 6121730,
        "data_100_category": 5325360
      }
    },
    {
      "raw": "data_usa = data[data[\"country\"]== \"United States\"] #We focus on billionaires based in United States\n",
      "total-ns": 20000858,
      "vars": {},
      "p2m": {
        "data": 30030317,
        "country_names": 3390590,
        "data_100": 5967409,
        "data_100_category": 1773310,
        "data_usa": 13341589
      },
      "m2p": {
        "data": 20312059,
        "country_names": 44491656,
        "data_100": 5755249,
        "data_100_category": 5957849,
        "data_usa": 19607309
      }
    },
    {
      "raw": "data_usa_category = data_usa[\"category\"].value_counts()\ndata_usa_category",
      "total-ns": 85550354,
      "vars": {},
      "p2m": {
        "data": 17396769,
        "country_names": 3750470,
        "data_100": 5658039,
        "data_100_category": 1828989,
        "data_usa": 13952829,
        "data_usa_category": 1989990
      },
      "m2p": {
        "data": 18182118,
        "country_names": 14447769,
        "data_100": 5665960,
        "data_100_category": 6015580,
        "data_usa": 11139140,
        "data_usa_category": 5485309
      }
    },
    {
      "raw": "data_usa_city = data_usa[\"city\"].value_counts()\nprint(data_usa_city)\ndata_usa_city.info()",
      "total-ns": 164836409,
      "vars": {},
      "p2m": {
        "data": 15994029,
        "country_names": 4237140,
        "data_100": 6288409,
        "data_100_category": 2179680,
        "data_usa": 15947409,
        "data_usa_category": 1754920,
        "data_usa_city": 5518329
      },
      "m2p": {
        "data": 16300669,
        "country_names": 15475630,
        "data_100": 6430170,
        "data_100_category": 6121780,
        "data_usa": 12109939,
        "data_usa_category": 5958519,
        "data_usa_city": 19597499
      }
    },
    {
      "raw": "data.head(5)",
      "total-ns": 1033760,
      "vars": {},
      "p2m": {
        "data": 18556799,
        "country_names": 5445629,
        "data_100": 6580940,
        "data_100_category": 1914430,
        "data_usa": 14475949,
        "data_usa_category": 2057039,
        "data_usa_city": 5547850
      },
      "m2p": {
        "data": 14651228,
        "country_names": 14257319,
        "data_100": 6807300,
        "data_100_category": 5861730,
        "data_usa": 11013709,
        "data_usa_category": 6339910,
        "data_usa_city": 21870019
      }
    },
    {
      "raw": "category_list = list(data.category.unique())\ncategory_list",
      "total-ns": 40259556,
      "vars": {},
      "p2m": {
        "data": 15833169,
        "country_names": 4022090,
        "data_100": 6248309,
        "data_100_category": 1872940,
        "data_usa": 13499798,
        "data_usa_category": 1691360,
        "data_usa_city": 5945469
      },
      "m2p": {
        "data": 13268539,
        "country_names": 15686419,
        "data_100": 5300280,
        "data_100_category": 5386529,
        "data_usa": 12623570,
        "data_usa_category": 5490369,
        "data_usa_city": 18580639
      }
    },
    {
      "raw": "data.finalWorth = data.finalWorth.astype(float)\nworth_average = []\nfor i in category_list:\n    x = data[data['category']==i]\n    worth_ratio = sum(x.finalWorth)/len(x)\n    worth_average.append(worth_ratio)\ndata2 = pd.DataFrame({'category_list': category_list,'worth_average':worth_average})\nnew_index = (data2['worth_average'].sort_values(ascending=False)).index.values\nnew_data = data2.reindex(new_index)",
      "total-ns": 5006923905,
      "vars": {},
      "p2m": {
        "data": 23773129,
        "country_names": 5119500,
        "data_100": 6741239,
        "data_100_category": 2547609,
        "data_usa": 16662798,
        "data_usa_category": 2207770,
        "data_usa_city": 6084359,
        "x": 7974799,
        "data2": 1884690,
        "new_data": 2084250
      },
      "m2p": {
        "data": 82208553,
        "country_names": 17060908,
        "data_100": 6135669,
        "data_100_category": 5930070,
        "data_usa": 12751939,
        "data_usa_category": 6136190,
        "data_usa_city": 25136088,
        "x": 12150419,
        "data2": 2116640,
        "new_data": 6815979
      }
    },
    {
      "raw": "data3 =data.dropna(axis=\"index\",how=\"any\",inplace=False) # \u0131 created new df because so many nan values was exist",
      "total-ns": 8226540,
      "vars": {},
      "p2m": {
        "data": 22935758,
        "country_names": 3820310,
        "data_100": 7205549,
        "data_100_category": 2950130,
        "data_usa": 14861379,
        "data_usa_category": 2557489,
        "data_usa_city": 6241869,
        "x": 7322630,
        "data2": 1976070,
        "new_data": 1967500,
        "data3": 12645319
      },
      "m2p": {
        "data": 19950198,
        "country_names": 37243898,
        "data_100": 4756980,
        "data_100_category": 6551680,
        "data_usa": 19068698,
        "data_usa_category": 6364890,
        "data_usa_city": 24913879,
        "x": 6015030,
        "data2": 2092371,
        "new_data": 2278810,
        "data3": 133258290
      }
    },
    {
      "raw": "data3.head() ",
      "total-ns": 1191920,
      "vars": {},
      "p2m": {
        "data": 16302569,
        "country_names": 4850299,
        "data_100": 6095429,
        "data_100_category": 2217680,
        "data_usa": 14838959,
        "data_usa_category": 2190770,
        "data_usa_city": 5987219,
        "x": 7770920,
        "data2": 3719349,
        "new_data": 2209991,
        "data3": 15290549
      },
      "m2p": {
        "data": 14966099,
        "country_names": 17377209,
        "data_100": 5716940,
        "data_100_category": 7334520,
        "data_usa": 14226518,
        "data_usa_category": 6011789,
        "data_usa_city": 19332499,
        "x": 7151139,
        "data2": 2119490,
        "new_data": 2468670,
        "data3": 14796339
      }
    },
    {
      "raw": "data3.info() #in the new df we have 238 rows for each column",
      "total-ns": 155823548,
      "vars": {},
      "p2m": {
        "data": 18346808,
        "country_names": 5019740,
        "data_100": 6249370,
        "data_100_category": 1793970,
        "data_usa": 16179089,
        "data_usa_category": 1722140,
        "data_usa_city": 5455300,
        "x": 7369869,
        "data2": 1848440,
        "new_data": 1840800,
        "data3": 13601600
      },
      "m2p": {
        "data": 14579429,
        "country_names": 16634679,
        "data_100": 6036169,
        "data_100_category": 6316759,
        "data_usa": 10965849,
        "data_usa_category": 5916400,
        "data_usa_city": 18602119,
        "x": 6604849,
        "data2": 2260670,
        "new_data": 2308380,
        "data3": 11090099
      }
    },
    {
      "raw": "data3.country.unique()  # and 238 billionaires in usa, others deleted.",
      "total-ns": 46870516,
      "vars": {},
      "p2m": {
        "data": 19176488,
        "country_names": 4899220,
        "data_100": 6931360,
        "data_100_category": 2180760,
        "data_usa": 15035318,
        "data_usa_category": 2353980,
        "data_usa_city": 4698880,
        "x": 6952219,
        "data2": 1740940,
        "new_data": 1515129,
        "data3": 13212079
      },
      "m2p": {
        "data": 13870410,
        "country_names": 16916658,
        "data_100": 6025250,
        "data_100_category": 6404819,
        "data_usa": 11499640,
        "data_usa_category": 6771130,
        "data_usa_city": 20512648,
        "x": 5953400,
        "data2": 1928620,
        "new_data": 2122770,
        "data3": 10812819
      }
    }
  ]
}