{
  "cells": [
    {
      "raw": "# This Python 3 environment comes with many helpful analytics libraries installed\n# It is defined by the kaggle/python Docker image: https://github.com/kaggle/docker-python\n# For example, here's several helpful packages to load\n\nimport numpy as np # linear algebra\n\nimport os\nos.environ[\"MODIN_ENGINE\"] = \"ray\"\nimport ray\nos.environ['MODIN_CPUS'] = \"4\"\nray.init(num_cpus=4, runtime_env={'env_vars': {'__MODIN_AUTOIMPORT_PANDAS__': '1'}})\nimport modin.pandas as pd\n# Input data files are available in the read-only \"../input/\" directory\n# For example, running this (by clicking run or pressing Shift+Enter) will list all files under the input directory\n\nimport os\nfor dirname, _, filenames in os.walk('../input'):\n    for filename in filenames:\n        print(os.path.join(dirname, filename))\n        \n        \n# You can write up to 5GB to the current directory (/kaggle/working/) that gets preserved as output when you create a version using \"Save & Run All\" \n# You can also write temporary files to /kaggle/temp/, but they won't be saved outside of the current session",
      "total-ns": 2828822422,
      "vars": {},
      "p2m": {},
      "m2p": {}
    },
    {
      "raw": "training = pd.read_csv('../input/train.csv')\ntest = pd.read_csv('../input/test.csv')",
      "total-ns": 5759252820,
      "vars": {},
      "p2m": {
        "training": 7175309,
        "test": 7222180
      },
      "m2p": {
        "training": 20956189,
        "test": 16899219
      }
    },
    {
      "raw": "test.info()",
      "total-ns": 102176164,
      "vars": {},
      "p2m": {
        "training": 7910150,
        "test": 7383459
      },
      "m2p": {
        "training": 8755878,
        "test": 5718190
      }
    },
    {
      "raw": "training['train_test'] = 1\ntest['train_test'] = 0\ntest['Survived'] = np.NaN\nall_data = pd.concat([training,test])\n\nall_data.columns",
      "total-ns": 67181065,
      "vars": {},
      "p2m": {
        "training": 7822199,
        "test": 6681509,
        "all_data": 10702510
      },
      "m2p": {
        "training": 6875970,
        "test": 4998680,
        "all_data": 28272038
      }
    },
    {
      "raw": "# Understand nature of the data .info() .describe()\n# Histograms and boxplots \n# Value counts \n# Missing data \n# Correlation between the metrics \n# Explore interesting themes \n    # Wealthy survive? \n    # By location \n    # Age scatterplot with ticket price \n    # Young and wealthy Variable? \n    # Total spent? \n# Feature engineering \n# preprocess data together or use a transformer? \n    # use label for train and test   \n# Scaling?\n\n# Model Baseline \n# Model comparison with CV ",
      "total-ns": 365239,
      "vars": {},
      "p2m": {
        "training": 7658909,
        "test": 7646959,
        "all_data": 8950959
      },
      "m2p": {
        "training": 7447730,
        "test": 6539600,
        "all_data": 8464410
      }
    },
    {
      "raw": "#quick look at our data types & null counts \ntraining.info()",
      "total-ns": 102843073,
      "vars": {},
      "p2m": {
        "training": 7770770,
        "test": 7888740,
        "all_data": 10276159
      },
      "m2p": {
        "training": 6489859,
        "test": 7387879,
        "all_data": 7962390
      }
    },
    {
      "raw": "# to better understand the numeric data, we want to use the .describe() method. This gives us an understanding of the central tendencies of the data \ntraining.describe()",
      "total-ns": 16831149,
      "vars": {},
      "p2m": {
        "training": 9470819,
        "test": 9403769,
        "all_data": 10951470
      },
      "m2p": {
        "training": 8335679,
        "test": 9674219,
        "all_data": 9324750
      }
    },
    {
      "raw": "#quick way to separate numeric columns\ntraining.describe().columns",
      "total-ns": 17047400,
      "vars": {},
      "p2m": {
        "training": 8825850,
        "test": 9646198,
        "all_data": 10514100
      },
      "m2p": {
        "training": 8177618,
        "test": 8130920,
        "all_data": 10245910
      }
    },
    {
      "raw": "# look at numeric and categorical values separately \ndf_num = training[['Age','SibSp','Parch','Fare']]\ndf_cat = training[['Survived','Pclass','Sex','Ticket','Cabin','Embarked']]",
      "total-ns": 4645050,
      "vars": {},
      "p2m": {
        "training": 7259190,
        "test": 7609780,
        "all_data": 8692880,
        "df_num": 6746539,
        "df_cat": 5510379
      },
      "m2p": {
        "training": 6305689,
        "test": 6302680,
        "all_data": 7646499,
        "df_num": 53850706,
        "df_cat": 23130239
      }
    },
    {
      "raw": "",
      "total-ns": 284920,
      "vars": {},
      "p2m": {
        "training": 7148459,
        "test": 9958759,
        "all_data": 11868969,
        "df_num": 6084549,
        "df_cat": 6197989
      },
      "m2p": {
        "training": 8136230,
        "test": 6770469,
        "all_data": 11487699,
        "df_num": 6257300,
        "df_cat": 5397900
      }
    },
    {
      "raw": "",
      "total-ns": 184700,
      "vars": {},
      "p2m": {
        "training": 8151210,
        "test": 7709119,
        "all_data": 8249329,
        "df_num": 5890199,
        "df_cat": 5848690
      },
      "m2p": {
        "training": 6605270,
        "test": 6419149,
        "all_data": 7714510,
        "df_num": 5049169,
        "df_cat": 5272490
      }
    },
    {
      "raw": "",
      "total-ns": 375550,
      "vars": {},
      "p2m": {
        "training": 7003299,
        "test": 8337240,
        "all_data": 8450889,
        "df_num": 6218269,
        "df_cat": 7944989
      },
      "m2p": {
        "training": 5965009,
        "test": 8255360,
        "all_data": 8076949,
        "df_num": 5747230,
        "df_cat": 5075169
      }
    },
    {
      "raw": "\n    ",
      "total-ns": 207340,
      "vars": {},
      "p2m": {
        "training": 9150539,
        "test": 7232079,
        "all_data": 7614329,
        "df_num": 5368449,
        "df_cat": 5981049
      },
      "m2p": {
        "training": 6214500,
        "test": 6152139,
        "all_data": 6749590,
        "df_num": 5379050,
        "df_cat": 5570190
      }
    },
    {
      "raw": "# Comparing survival and each of these categorical variables \nprint(pd.pivot_table(training, index = 'Survived', columns = 'Pclass', values = 'Ticket' ,aggfunc ='count'))\nprint()\nprint(pd.pivot_table(training, index = 'Survived', columns = 'Sex', values = 'Ticket' ,aggfunc ='count'))\nprint()\nprint(pd.pivot_table(training, index = 'Survived', columns = 'Embarked', values = 'Ticket' ,aggfunc ='count'))",
      "total-ns": 360559023,
      "vars": {},
      "p2m": {
        "training": 7685319,
        "test": 7214279,
        "all_data": 9232030,
        "df_num": 6377290,
        "df_cat": 7274499
      },
      "m2p": {
        "training": 6346810,
        "test": 7008630,
        "all_data": 9089570,
        "df_num": 7721949,
        "df_cat": 9206869
      }
    },
    {
      "raw": "df_cat.Cabin\ntraining['cabin_multiple'] = training.Cabin.apply(lambda x: 0 if pd.isna(x) else len(x.split(' ')))\n# after looking at this, we may want to look at cabin by letter or by number. Let's create some categories for this \n# letters \n# multiple letters \ntraining['cabin_multiple'].value_counts()",
      "total-ns": 126378431,
      "vars": {},
      "p2m": {
        "training": 8410970,
        "test": 8014799,
        "all_data": 8556080,
        "df_num": 7270239,
        "df_cat": 6094449
      },
      "m2p": {
        "training": 25651788,
        "test": 7293389,
        "all_data": 8088270,
        "df_num": 7780679,
        "df_cat": 5881100
      }
    },
    {
      "raw": "pd.pivot_table(training, index = 'Survived', columns = 'cabin_multiple', values = 'Ticket' ,aggfunc ='count')",
      "total-ns": 58282015,
      "vars": {},
      "p2m": {
        "training": 7482409,
        "test": 7199209,
        "all_data": 9379380,
        "df_num": 6522729,
        "df_cat": 6643270
      },
      "m2p": {
        "training": 7414109,
        "test": 6670790,
        "all_data": 6997069,
        "df_num": 6022170,
        "df_cat": 5776579
      }
    },
    {
      "raw": "#creates categories based on the cabin letter (n stands for null)\n#in this case we will treat null values like it's own category\n\ntraining['cabin_adv'] = training.Cabin.apply(lambda x: str(x)[0])\n",
      "total-ns": 18943788,
      "vars": {},
      "p2m": {
        "training": 8195010,
        "test": 7257140,
        "all_data": 8245969,
        "df_num": 8429520,
        "df_cat": 7624740
      },
      "m2p": {
        "training": 33744837,
        "test": 6064690,
        "all_data": 7095879,
        "df_num": 6000830,
        "df_cat": 7386839
      }
    },
    {
      "raw": "#comparing surivial rate by cabin\nprint(training.cabin_adv.value_counts())\npd.pivot_table(training,index='Survived',columns='cabin_adv', values = 'Name', aggfunc='count')",
      "total-ns": 154724249,
      "vars": {},
      "p2m": {
        "training": 8349999,
        "test": 7946149,
        "all_data": 7944690,
        "df_num": 7631049,
        "df_cat": 6912480
      },
      "m2p": {
        "training": 6568720,
        "test": 7594060,
        "all_data": 7180599,
        "df_num": 5568830,
        "df_cat": 6062689
      }
    },
    {
      "raw": "#understand ticket values better \n#numeric vs non numeric \ntraining['numeric_ticket'] = training.Ticket.apply(lambda x: 1 if x.isnumeric() else 0)\ntraining['ticket_letters'] = training.Ticket.apply(lambda x: ''.join(x.split(' ')[:-1]).replace('.','').replace('/','').lower() if len(x.split(' ')[:-1]) >0 else 0)\n",
      "total-ns": 51016906,
      "vars": {},
      "p2m": {
        "training": 10602239,
        "test": 7667879,
        "all_data": 8304780,
        "df_num": 7182639,
        "df_cat": 6570580
      },
      "m2p": {
        "training": 45074247,
        "test": 6566970,
        "all_data": 7453839,
        "df_num": 5380710,
        "df_cat": 8160589
      }
    },
    {
      "raw": "training['numeric_ticket'].value_counts()",
      "total-ns": 87555514,
      "vars": {},
      "p2m": {
        "training": 8398269,
        "test": 7311959,
        "all_data": 7885439,
        "df_num": 5935820,
        "df_cat": 6412189
      },
      "m2p": {
        "training": 14425599,
        "test": 7111530,
        "all_data": 8518420,
        "df_num": 5375590,
        "df_cat": 5763540
      }
    },
    {
      "raw": "#lets us view all rows in dataframe through scrolling. This is for convenience \ntraining['ticket_letters'].value_counts()\n",
      "total-ns": 87184274,
      "vars": {},
      "p2m": {
        "training": 8453839,
        "test": 8166769,
        "all_data": 10379968,
        "df_num": 6840060,
        "df_cat": 6839110
      },
      "m2p": {
        "training": 11686529,
        "test": 6720069,
        "all_data": 8779679,
        "df_num": 6389920,
        "df_cat": 6143359
      }
    },
    {
      "raw": "#difference in numeric vs non-numeric tickets in survival rate \npd.pivot_table(training,index='Survived',columns='numeric_ticket', values = 'Ticket', aggfunc='count')",
      "total-ns": 64884295,
      "vars": {},
      "p2m": {
        "training": 8735140,
        "test": 9133330,
        "all_data": 8164200,
        "df_num": 7722980,
        "df_cat": 7221149
      },
      "m2p": {
        "training": 7593210,
        "test": 6709499,
        "all_data": 7545139,
        "df_num": 5588629,
        "df_cat": 9648390
      }
    },
    {
      "raw": "#survival rate across different tyicket types \npd.pivot_table(training,index='Survived',columns='ticket_letters', values = 'Ticket', aggfunc='count')",
      "total-ns": 64448536,
      "vars": {},
      "p2m": {
        "training": 8552060,
        "test": 7216379,
        "all_data": 9957939,
        "df_num": 6121359,
        "df_cat": 6452640
      },
      "m2p": {
        "training": 6572639,
        "test": 6173849,
        "all_data": 7258080,
        "df_num": 6745360,
        "df_cat": 5782150
      }
    },
    {
      "raw": "#feature engineering on person's title \ntraining.Name.head(50)\ntraining['name_title'] = training.Name.apply(lambda x: x.split(',')[1].split('.')[0].strip())\n#mr., ms., master. etc",
      "total-ns": 22229258,
      "vars": {},
      "p2m": {
        "training": 8481170,
        "test": 7316189,
        "all_data": 11015379,
        "df_num": 8320550,
        "df_cat": 5985229
      },
      "m2p": {
        "training": 32232717,
        "test": 5685501,
        "all_data": 7178640,
        "df_num": 5933310,
        "df_cat": 5811619
      }
    },
    {
      "raw": "training['name_title'].value_counts()",
      "total-ns": 85287034,
      "vars": {},
      "p2m": {
        "training": 8816269,
        "test": 7700759,
        "all_data": 10297719,
        "df_num": 7206419,
        "df_cat": 6275360
      },
      "m2p": {
        "training": 9864420,
        "test": 6767200,
        "all_data": 7400930,
        "df_num": 6855419,
        "df_cat": 5715269
      }
    },
    {
      "raw": "#create all categorical variables that we did above for both training and test sets \nall_data['cabin_multiple'] = all_data.Cabin.apply(lambda x: 0 if pd.isna(x) else len(x.split(' ')))\nall_data['cabin_adv'] = all_data.Cabin.apply(lambda x: str(x)[0])\nall_data['numeric_ticket'] = all_data.Ticket.apply(lambda x: 1 if x.isnumeric() else 0)\nall_data['ticket_letters'] = all_data.Ticket.apply(lambda x: ''.join(x.split(' ')[:-1]).replace('.','').replace('/','').lower() if len(x.split(' ')[:-1]) >0 else 0)\nall_data['name_title'] = all_data.Name.apply(lambda x: x.split(',')[1].split('.')[0].strip())\n\n#impute nulls for continuous data \n#all_data.Age = all_data.Age.fillna(training.Age.mean())\nall_data.Age = all_data.Age.fillna(training.Age.median())\n#all_data.Fare = all_data.Fare.fillna(training.Fare.mean())\nall_data.Fare = all_data.Fare.fillna(training.Fare.median())\n\n#drop null 'embarked' rows. Only 2 instances of this in training and 0 in test \nall_data.dropna(subset=['Embarked'],inplace = True)\n\n#tried log norm of sibsp (not used)\nall_data['norm_sibsp'] = np.log(all_data.SibSp+1)\n# all_data['norm_sibsp'].hist()\n\n# log norm of fare (used)\nall_data['norm_fare'] = np.log(all_data.Fare+1)\n# all_data['norm_fare'].hist()\n\n# converted fare to category for pd.get_dummies()\nall_data.Pclass = all_data.Pclass.astype(str)\n\n#created dummy variables from categories (also can use OneHotEncoder)\nall_dummies = pd.get_dummies(all_data[['Pclass','Sex','Age','SibSp','Parch','norm_fare','Embarked','cabin_adv','cabin_multiple','numeric_ticket','name_title','train_test']])\n\n#Split to train test again\nX_train = all_dummies[all_dummies.train_test == 1].drop(['train_test'], axis =1)\nX_test = all_dummies[all_dummies.train_test == 0].drop(['train_test'], axis =1)\n\n\ny_train = all_data[all_data.train_test==1].Survived\ny_train.shape",
      "total-ns": 1283178017,
      "vars": {},
      "p2m": {
        "training": 8779780,
        "test": 8101699,
        "all_data": 9619409,
        "df_num": 8092259,
        "df_cat": 6536170,
        "all_dummies": 12187879,
        "X_train": 11940799,
        "X_test": 12014979,
        "y_train": 5909569
      },
      "m2p": {
        "training": 8155600,
        "test": 6872420,
        "all_data": 233050623,
        "df_num": 6045689,
        "df_cat": 5315560,
        "all_dummies": 35148418,
        "X_train": 48342387,
        "X_test": 47698706,
        "y_train": 19913749
      }
    },
    {
      "raw": "# Scale data \nfrom sklearn.preprocessing import StandardScaler\nscale = StandardScaler()\nall_dummies_scaled = all_dummies.copy()\nall_dummies_scaled[['Age','SibSp','Parch','norm_fare']]= scale.fit_transform(all_dummies_scaled[['Age','SibSp','Parch','norm_fare']])\nall_dummies_scaled\n\nX_train_scaled = all_dummies_scaled[all_dummies_scaled.train_test == 1].drop(['train_test'], axis =1)\nX_test_scaled = all_dummies_scaled[all_dummies_scaled.train_test == 0].drop(['train_test'], axis =1)\n\ny_train = all_data[all_data.train_test==1].Survived\n",
      "total-ns": 701196419,
      "vars": {},
      "p2m": {
        "training": 10003019,
        "test": 7550569,
        "all_data": 8979680,
        "df_num": 8081890,
        "df_cat": 6891560,
        "all_dummies": 11740959,
        "X_train": 11963128,
        "X_test": 12280999,
        "y_train": 6030369,
        "all_dummies_scaled": 12451210,
        "X_train_scaled": 11579919,
        "X_test_scaled": 10628329
      },
      "m2p": {
        "training": 7659400,
        "test": 6607720,
        "all_data": 9689789,
        "df_num": 5448549,
        "df_cat": 6064710,
        "all_dummies": 8693609,
        "X_train": 10044820,
        "X_test": 9045750,
        "y_train": 20884839,
        "all_dummies_scaled": 34322947,
        "X_train_scaled": 52707196,
        "X_test_scaled": 46967336
      }
    },
    {
      "raw": "",
      "total-ns": 245590,
      "vars": {},
      "p2m": {
        "training": 8467109,
        "test": 7508809,
        "all_data": 9673899,
        "df_num": 6192999,
        "df_cat": 6371400,
        "all_dummies": 11675209,
        "X_train": 14783679,
        "X_test": 14777319,
        "y_train": 5741679,
        "all_dummies_scaled": 13184729,
        "X_train_scaled": 12113219,
        "X_test_scaled": 13425589
      },
      "m2p": {
        "training": 8392399,
        "test": 6693850,
        "all_data": 8593710,
        "df_num": 5679400,
        "df_cat": 5640890,
        "all_dummies": 10561310,
        "X_train": 10350359,
        "X_test": 10235709,
        "y_train": 20821789,
        "all_dummies_scaled": 10020620,
        "X_train_scaled": 9694899,
        "X_test_scaled": 10361539
      }
    },
    {
      "raw": "",
      "total-ns": 295660,
      "vars": {},
      "p2m": {
        "training": 10105809,
        "test": 8327380,
        "all_data": 10445859,
        "df_num": 6840970,
        "df_cat": 6716959,
        "all_dummies": 12172509,
        "X_train": 11537119,
        "X_test": 11850580,
        "y_train": 5915620,
        "all_dummies_scaled": 12998269,
        "X_train_scaled": 11181339,
        "X_test_scaled": 11212339
      },
      "m2p": {
        "training": 7950520,
        "test": 7581369,
        "all_data": 9447089,
        "df_num": 5859510,
        "df_cat": 5844849,
        "all_dummies": 9977710,
        "X_train": 9877619,
        "X_test": 9128859,
        "y_train": 22393168,
        "all_dummies_scaled": 9486539,
        "X_train_scaled": 9154929,
        "X_test_scaled": 10103090
      }
    },
    {
      "raw": "",
      "total-ns": 217160,
      "vars": {},
      "p2m": {
        "training": 8616570,
        "test": 8560200,
        "all_data": 9799899,
        "df_num": 6741919,
        "df_cat": 6235459,
        "all_dummies": 12470578,
        "X_train": 11746909,
        "X_test": 13923179,
        "y_train": 5411099,
        "all_dummies_scaled": 12434870,
        "X_train_scaled": 11427269,
        "X_test_scaled": 11400358
      },
      "m2p": {
        "training": 7707529,
        "test": 7135279,
        "all_data": 8758589,
        "df_num": 6032030,
        "df_cat": 5746900,
        "all_dummies": 12343730,
        "X_train": 9839789,
        "X_test": 9846409,
        "y_train": 21648289,
        "all_dummies_scaled": 10505289,
        "X_train_scaled": 9607659,
        "X_test_scaled": 10299189
      }
    },
    {
      "raw": "",
      "total-ns": 193680,
      "vars": {},
      "p2m": {
        "training": 9267479,
        "test": 7833419,
        "all_data": 9332279,
        "df_num": 5957360,
        "df_cat": 6112579,
        "all_dummies": 11716409,
        "X_train": 10956189,
        "X_test": 10927199,
        "y_train": 5021380,
        "all_dummies_scaled": 11806689,
        "X_train_scaled": 10817319,
        "X_test_scaled": 11525999
      },
      "m2p": {
        "training": 8863570,
        "test": 6373138,
        "all_data": 10609310,
        "df_num": 5285340,
        "df_cat": 4900180,
        "all_dummies": 9516319,
        "X_train": 9363849,
        "X_test": 8668030,
        "y_train": 18724008,
        "all_dummies_scaled": 8917689,
        "X_train_scaled": 9431610,
        "X_test_scaled": 10017899
      }
    },
    {
      "raw": "",
      "total-ns": 245130,
      "vars": {},
      "p2m": {
        "training": 8277879,
        "test": 6941809,
        "all_data": 9072589,
        "df_num": 5498129,
        "df_cat": 5625839,
        "all_dummies": 11276239,
        "X_train": 12420289,
        "X_test": 11009770,
        "y_train": 4997320,
        "all_dummies_scaled": 11692689,
        "X_train_scaled": 11725499,
        "X_test_scaled": 10958010
      },
      "m2p": {
        "training": 7638980,
        "test": 6197480,
        "all_data": 8624489,
        "df_num": 4692860,
        "df_cat": 5014200,
        "all_dummies": 9757340,
        "X_train": 9900069,
        "X_test": 10097399,
        "y_train": 18366308,
        "all_dummies_scaled": 10152190,
        "X_train_scaled": 9038280,
        "X_test_scaled": 10401129
      }
    },
    {
      "raw": "",
      "total-ns": 497939,
      "vars": {},
      "p2m": {
        "training": 8091139,
        "test": 7408469,
        "all_data": 12181369,
        "df_num": 6349970,
        "df_cat": 6314880,
        "all_dummies": 11103679,
        "X_train": 12081870,
        "X_test": 10895449,
        "y_train": 5628309,
        "all_dummies_scaled": 15079819,
        "X_train_scaled": 11795979,
        "X_test_scaled": 12512029
      },
      "m2p": {
        "training": 7055729,
        "test": 6766000,
        "all_data": 8670069,
        "df_num": 5900460,
        "df_cat": 5506559,
        "all_dummies": 10390829,
        "X_train": 11221770,
        "X_test": 9212919,
        "y_train": 18496129,
        "all_dummies_scaled": 9889540,
        "X_train_scaled": 11231199,
        "X_test_scaled": 11652579
      }
    },
    {
      "raw": "",
      "total-ns": 195030,
      "vars": {},
      "p2m": {
        "training": 8648140,
        "test": 8738059,
        "all_data": 10138059,
        "df_num": 6067829,
        "df_cat": 5846850,
        "all_dummies": 11755519,
        "X_train": 12099729,
        "X_test": 12111939,
        "y_train": 5306560,
        "all_dummies_scaled": 12032659,
        "X_train_scaled": 11763820,
        "X_test_scaled": 11490769
      },
      "m2p": {
        "training": 8273149,
        "test": 7903979,
        "all_data": 8674959,
        "df_num": 5376579,
        "df_cat": 5678119,
        "all_dummies": 9636438,
        "X_train": 10976609,
        "X_test": 11206810,
        "y_train": 19798838,
        "all_dummies_scaled": 8856699,
        "X_train_scaled": 9625009,
        "X_test_scaled": 10032509
      }
    },
    {
      "raw": "",
      "total-ns": 193960,
      "vars": {},
      "p2m": {
        "training": 10167138,
        "test": 8032080,
        "all_data": 9794869,
        "df_num": 6203229,
        "df_cat": 6384299,
        "all_dummies": 12699690,
        "X_train": 14453579,
        "X_test": 15677489,
        "y_train": 5841200,
        "all_dummies_scaled": 15635989,
        "X_train_scaled": 11564949,
        "X_test_scaled": 11285680
      },
      "m2p": {
        "training": 8337239,
        "test": 9208749,
        "all_data": 8978980,
        "df_num": 5613610,
        "df_cat": 5430490,
        "all_dummies": 11042230,
        "X_train": 10018459,
        "X_test": 11929909,
        "y_train": 21972938,
        "all_dummies_scaled": 12959159,
        "X_train_scaled": 10124259,
        "X_test_scaled": 9484810
      }
    },
    {
      "raw": "",
      "total-ns": 204221,
      "vars": {},
      "p2m": {
        "training": 10853259,
        "test": 7516529,
        "all_data": 9787789,
        "df_num": 6532460,
        "df_cat": 6355429,
        "all_dummies": 11421540,
        "X_train": 11033689,
        "X_test": 11673319,
        "y_train": 5577950,
        "all_dummies_scaled": 11952119,
        "X_train_scaled": 11075119,
        "X_test_scaled": 11252439
      },
      "m2p": {
        "training": 6784169,
        "test": 6338819,
        "all_data": 9389400,
        "df_num": 5674499,
        "df_cat": 5334790,
        "all_dummies": 10021449,
        "X_train": 10319199,
        "X_test": 10562900,
        "y_train": 19057549,
        "all_dummies_scaled": 9696219,
        "X_train_scaled": 10063579,
        "X_test_scaled": 9242399
      }
    },
    {
      "raw": "",
      "total-ns": 287470,
      "vars": {},
      "p2m": {
        "training": 9433110,
        "test": 7293490,
        "all_data": 10119579,
        "df_num": 7821319,
        "df_cat": 6207639,
        "all_dummies": 12155069,
        "X_train": 12004179,
        "X_test": 12465770,
        "y_train": 5261379,
        "all_dummies_scaled": 11893389,
        "X_train_scaled": 11626170,
        "X_test_scaled": 10967319
      },
      "m2p": {
        "training": 7085959,
        "test": 6300099,
        "all_data": 8880309,
        "df_num": 9282800,
        "df_cat": 5944300,
        "all_dummies": 10582190,
        "X_train": 10002949,
        "X_test": 10398759,
        "y_train": 20083669,
        "all_dummies_scaled": 8287970,
        "X_train_scaled": 9724629,
        "X_test_scaled": 9487929
      }
    },
    {
      "raw": "",
      "total-ns": 273140,
      "vars": {},
      "p2m": {
        "training": 8259660,
        "test": 7445470,
        "all_data": 10207159,
        "df_num": 6445410,
        "df_cat": 6100400,
        "all_dummies": 11432219,
        "X_train": 11555940,
        "X_test": 14516080,
        "y_train": 6118420,
        "all_dummies_scaled": 11628879,
        "X_train_scaled": 11946999,
        "X_test_scaled": 12008820
      },
      "m2p": {
        "training": 7621190,
        "test": 6242740,
        "all_data": 8723189,
        "df_num": 5590940,
        "df_cat": 5789989,
        "all_dummies": 11341289,
        "X_train": 10169609,
        "X_test": 10343769,
        "y_train": 21182668,
        "all_dummies_scaled": 10369389,
        "X_train_scaled": 10224929,
        "X_test_scaled": 10116610
      }
    },
    {
      "raw": "",
      "total-ns": 191520,
      "vars": {},
      "p2m": {
        "training": 8669210,
        "test": 9351129,
        "all_data": 10541079,
        "df_num": 6583670,
        "df_cat": 6767850,
        "all_dummies": 12340759,
        "X_train": 11609978,
        "X_test": 12517309,
        "y_train": 6440169,
        "all_dummies_scaled": 11671270,
        "X_train_scaled": 11362430,
        "X_test_scaled": 12151909
      },
      "m2p": {
        "training": 7653759,
        "test": 7989919,
        "all_data": 11005470,
        "df_num": 6161729,
        "df_cat": 6170610,
        "all_dummies": 13618119,
        "X_train": 9402470,
        "X_test": 9627320,
        "y_train": 18905299,
        "all_dummies_scaled": 8989259,
        "X_train_scaled": 9507679,
        "X_test_scaled": 10387569
      }
    },
    {
      "raw": "",
      "total-ns": 184880,
      "vars": {},
      "p2m": {
        "training": 9104749,
        "test": 6895480,
        "all_data": 9800740,
        "df_num": 5923810,
        "df_cat": 5230629,
        "all_dummies": 11969810,
        "X_train": 11210349,
        "X_test": 12238269,
        "y_train": 5326360,
        "all_dummies_scaled": 11274629,
        "X_train_scaled": 11063669,
        "X_test_scaled": 11923969
      },
      "m2p": {
        "training": 7935970,
        "test": 7106689,
        "all_data": 8835730,
        "df_num": 5511259,
        "df_cat": 5045820,
        "all_dummies": 9711699,
        "X_train": 9861519,
        "X_test": 9281099,
        "y_train": 19740809,
        "all_dummies_scaled": 9389689,
        "X_train_scaled": 8819069,
        "X_test_scaled": 9751990
      }
    },
    {
      "raw": "",
      "total-ns": 183350,
      "vars": {},
      "p2m": {
        "training": 9088750,
        "test": 7295180,
        "all_data": 9305590,
        "df_num": 5939200,
        "df_cat": 5806590,
        "all_dummies": 11679849,
        "X_train": 11607838,
        "X_test": 11129989,
        "y_train": 5350180,
        "all_dummies_scaled": 11378280,
        "X_train_scaled": 11488428,
        "X_test_scaled": 12371009
      },
      "m2p": {
        "training": 6961910,
        "test": 6093119,
        "all_data": 9271989,
        "df_num": 5349519,
        "df_cat": 5648569,
        "all_dummies": 9326309,
        "X_train": 9575950,
        "X_test": 9394189,
        "y_train": 19370818,
        "all_dummies_scaled": 9599750,
        "X_train_scaled": 8822160,
        "X_test_scaled": 10568830
      }
    },
    {
      "raw": "",
      "total-ns": 192190,
      "vars": {},
      "p2m": {
        "training": 8741290,
        "test": 7952129,
        "all_data": 9923949,
        "df_num": 6510499,
        "df_cat": 6884540,
        "all_dummies": 11906260,
        "X_train": 12597349,
        "X_test": 11587999,
        "y_train": 5859800,
        "all_dummies_scaled": 11798559,
        "X_train_scaled": 11220249,
        "X_test_scaled": 11519499
      },
      "m2p": {
        "training": 8162369,
        "test": 6690839,
        "all_data": 9123790,
        "df_num": 5797400,
        "df_cat": 5651580,
        "all_dummies": 10209868,
        "X_train": 10478540,
        "X_test": 9335149,
        "y_train": 18620439,
        "all_dummies_scaled": 9622309,
        "X_train_scaled": 9440430,
        "X_test_scaled": 9729990
      }
    },
    {
      "raw": "",
      "total-ns": 201960,
      "vars": {},
      "p2m": {
        "training": 9270940,
        "test": 7641819,
        "all_data": 10769229,
        "df_num": 6922640,
        "df_cat": 6382980,
        "all_dummies": 11877719,
        "X_train": 12808839,
        "X_test": 14089008,
        "y_train": 5863579,
        "all_dummies_scaled": 11758319,
        "X_train_scaled": 11452579,
        "X_test_scaled": 12361519
      },
      "m2p": {
        "training": 7898879,
        "test": 7094090,
        "all_data": 9102889,
        "df_num": 6149129,
        "df_cat": 5350230,
        "all_dummies": 9234079,
        "X_train": 10855859,
        "X_test": 10153620,
        "y_train": 18598459,
        "all_dummies_scaled": 10862830,
        "X_train_scaled": 9335269,
        "X_test_scaled": 9340389
      }
    },
    {
      "raw": "",
      "total-ns": 236970,
      "vars": {},
      "p2m": {
        "training": 9446210,
        "test": 8015989,
        "all_data": 9361949,
        "df_num": 6177139,
        "df_cat": 6353680,
        "all_dummies": 11549519,
        "X_train": 11511320,
        "X_test": 13855349,
        "y_train": 5420900,
        "all_dummies_scaled": 11606949,
        "X_train_scaled": 10988010,
        "X_test_scaled": 10826579
      },
      "m2p": {
        "training": 7328230,
        "test": 7388989,
        "all_data": 8048119,
        "df_num": 5329160,
        "df_cat": 5325629,
        "all_dummies": 9818339,
        "X_train": 9668389,
        "X_test": 11423800,
        "y_train": 20031148,
        "all_dummies_scaled": 9701489,
        "X_train_scaled": 10076299,
        "X_test_scaled": 9155949
      }
    },
    {
      "raw": "",
      "total-ns": 287140,
      "vars": {},
      "p2m": {
        "training": 8204399,
        "test": 7028760,
        "all_data": 9378489,
        "df_num": 6017100,
        "df_cat": 6875709,
        "all_dummies": 11864970,
        "X_train": 11617590,
        "X_test": 13253259,
        "y_train": 5359429,
        "all_dummies_scaled": 14245738,
        "X_train_scaled": 11646599,
        "X_test_scaled": 10727610
      },
      "m2p": {
        "training": 7600420,
        "test": 6546379,
        "all_data": 8800280,
        "df_num": 5429429,
        "df_cat": 5501670,
        "all_dummies": 9543059,
        "X_train": 9151238,
        "X_test": 10973329,
        "y_train": 20828668,
        "all_dummies_scaled": 9595550,
        "X_train_scaled": 10164350,
        "X_test_scaled": 9123029
      }
    },
    {
      "raw": "",
      "total-ns": 232330,
      "vars": {},
      "p2m": {
        "training": 8573489,
        "test": 7426980,
        "all_data": 9868509,
        "df_num": 6297470,
        "df_cat": 6181690,
        "all_dummies": 12083259,
        "X_train": 12059690,
        "X_test": 11842779,
        "y_train": 5824580,
        "all_dummies_scaled": 12430529,
        "X_train_scaled": 12312869,
        "X_test_scaled": 11673440
      },
      "m2p": {
        "training": 7443960,
        "test": 6782299,
        "all_data": 8486700,
        "df_num": 6210489,
        "df_cat": 5905510,
        "all_dummies": 12394909,
        "X_train": 9897839,
        "X_test": 9798659,
        "y_train": 20012629,
        "all_dummies_scaled": 10111820,
        "X_train_scaled": 10144799,
        "X_test_scaled": 10319529
      }
    },
    {
      "raw": "",
      "total-ns": 192761,
      "vars": {},
      "p2m": {
        "training": 9342409,
        "test": 7667929,
        "all_data": 10705840,
        "df_num": 6471479,
        "df_cat": 6699450,
        "all_dummies": 11785249,
        "X_train": 12143469,
        "X_test": 11961459,
        "y_train": 6014199,
        "all_dummies_scaled": 13247900,
        "X_train_scaled": 11746509,
        "X_test_scaled": 11702979
      },
      "m2p": {
        "training": 8045798,
        "test": 6872180,
        "all_data": 9049289,
        "df_num": 5670199,
        "df_cat": 5769140,
        "all_dummies": 10405009,
        "X_train": 9484880,
        "X_test": 9537739,
        "y_train": 20621529,
        "all_dummies_scaled": 11010609,
        "X_train_scaled": 9275960,
        "X_test_scaled": 9869570
      }
    },
    {
      "raw": "#Because the total feature space is so large, I used a randomized search to narrow down the paramters for the model. I took the best model from this and did a more granular search \n\"\"\"\nrf = RandomForestClassifier(random_state = 1)\nparam_grid =  {'n_estimators': [100,500,1000], \n                                  'bootstrap': [True,False],\n                                  'max_depth': [3,5,10,20,50,75,100,None],\n                                  'max_features': ['auto','sqrt'],\n                                  'min_samples_leaf': [1,2,4,10],\n                                  'min_samples_split': [2,5,10]}\n                                  \nclf_rf_rnd = RandomizedSearchCV(rf, param_distributions = param_grid, n_iter = 100, cv = 5, verbose = True, n_jobs = -1)\nbest_clf_rf_rnd = clf_rf_rnd.fit(X_train_scaled,y_train)\nclf_performance(best_clf_rf_rnd,'Random Forest')\"\"\"",
      "total-ns": 657270,
      "vars": {},
      "p2m": {
        "training": 9524879,
        "test": 7453270,
        "all_data": 9997120,
        "df_num": 7416169,
        "df_cat": 7746040,
        "all_dummies": 12918259,
        "X_train": 12096149,
        "X_test": 11703179,
        "y_train": 5758400,
        "all_dummies_scaled": 12453769,
        "X_train_scaled": 13020709,
        "X_test_scaled": 11358010
      },
      "m2p": {
        "training": 7190460,
        "test": 6807149,
        "all_data": 9223859,
        "df_num": 5794769,
        "df_cat": 5858870,
        "all_dummies": 10175079,
        "X_train": 10307929,
        "X_test": 9513030,
        "y_train": 20909349,
        "all_dummies_scaled": 10037499,
        "X_train_scaled": 10057149,
        "X_test_scaled": 9608179
      }
    },
    {
      "raw": "",
      "total-ns": 281790,
      "vars": {},
      "p2m": {
        "training": 8833849,
        "test": 7856229,
        "all_data": 9712449,
        "df_num": 6346920,
        "df_cat": 6566899,
        "all_dummies": 11297669,
        "X_train": 12902639,
        "X_test": 11941510,
        "y_train": 5375360,
        "all_dummies_scaled": 12940319,
        "X_train_scaled": 11496289,
        "X_test_scaled": 11082289
      },
      "m2p": {
        "training": 7100509,
        "test": 6581879,
        "all_data": 8986870,
        "df_num": 5651050,
        "df_cat": 5666030,
        "all_dummies": 11168250,
        "X_train": 8625089,
        "X_test": 10307910,
        "y_train": 18364218,
        "all_dummies_scaled": 9501629,
        "X_train_scaled": 9831830,
        "X_test_scaled": 8687789
      }
    },
    {
      "raw": "",
      "total-ns": 659960,
      "vars": {},
      "p2m": {
        "training": 8666889,
        "test": 8039249,
        "all_data": 12950309,
        "df_num": 6324320,
        "df_cat": 6421509,
        "all_dummies": 11458599,
        "X_train": 11638700,
        "X_test": 15487719,
        "y_train": 4814330,
        "all_dummies_scaled": 11915749,
        "X_train_scaled": 11895449,
        "X_test_scaled": 12787359
      },
      "m2p": {
        "training": 8403740,
        "test": 6616800,
        "all_data": 7797209,
        "df_num": 6200400,
        "df_cat": 5472219,
        "all_dummies": 9848369,
        "X_train": 9500789,
        "X_test": 10326678,
        "y_train": 20184368,
        "all_dummies_scaled": 8468390,
        "X_train_scaled": 9084250,
        "X_test_scaled": 10113589
      }
    },
    {
      "raw": "\"\"\"xgb = XGBClassifier(random_state = 1)\n\nparam_grid = {\n    'n_estimators': [20, 50, 100, 250, 500,1000],\n    'colsample_bytree': [0.2, 0.5, 0.7, 0.8, 1],\n    'max_depth': [2, 5, 10, 15, 20, 25, None],\n    'reg_alpha': [0, 0.5, 1],\n    'reg_lambda': [1, 1.5, 2],\n    'subsample': [0.5,0.6,0.7, 0.8, 0.9],\n    'learning_rate':[.01,0.1,0.2,0.3,0.5, 0.7, 0.9],\n    'gamma':[0,.01,.1,1,10,100],\n    'min_child_weight':[0,.01,0.1,1,10,100],\n    'sampling_method': ['uniform', 'gradient_based']\n}\n\n#clf_xgb = GridSearchCV(xgb, param_grid = param_grid, cv = 5, verbose = True, n_jobs = -1)\n#best_clf_xgb = clf_xgb.fit(X_train_scaled,y_train)\n#clf_performance(best_clf_xgb,'XGB')\nclf_xgb_rnd = RandomizedSearchCV(xgb, param_distributions = param_grid, n_iter = 1000, cv = 5, verbose = True, n_jobs = -1)\nbest_clf_xgb_rnd = clf_xgb_rnd.fit(X_train_scaled,y_train)\nclf_performance(best_clf_xgb_rnd,'XGB')\"\"\"",
      "total-ns": 562180,
      "vars": {},
      "p2m": {
        "training": 11163760,
        "test": 7140109,
        "all_data": 10081699,
        "df_num": 6292549,
        "df_cat": 6235140,
        "all_dummies": 11355079,
        "X_train": 11311778,
        "X_test": 11276639,
        "y_train": 5392539,
        "all_dummies_scaled": 11315058,
        "X_train_scaled": 12715089,
        "X_test_scaled": 13643869
      },
      "m2p": {
        "training": 9418259,
        "test": 6022679,
        "all_data": 7350030,
        "df_num": 5802310,
        "df_cat": 5554720,
        "all_dummies": 9231650,
        "X_train": 9688520,
        "X_test": 10020019,
        "y_train": 19126938,
        "all_dummies_scaled": 10088110,
        "X_train_scaled": 12290549,
        "X_test_scaled": 9556369
      }
    },
    {
      "raw": "",
      "total-ns": 271350,
      "vars": {},
      "p2m": {
        "training": 8984780,
        "test": 7591748,
        "all_data": 9951289,
        "df_num": 6268000,
        "df_cat": 6115810,
        "all_dummies": 11374779,
        "X_train": 12294739,
        "X_test": 12167999,
        "y_train": 5991970,
        "all_dummies_scaled": 12198739,
        "X_train_scaled": 11459489,
        "X_test_scaled": 11236879
      },
      "m2p": {
        "training": 8712550,
        "test": 7164409,
        "all_data": 8617559,
        "df_num": 5380199,
        "df_cat": 6010169,
        "all_dummies": 10222409,
        "X_train": 9847600,
        "X_test": 11131770,
        "y_train": 20190898,
        "all_dummies_scaled": 10175270,
        "X_train_scaled": 8671900,
        "X_test_scaled": 10393509
      }
    },
    {
      "raw": "",
      "total-ns": 204570,
      "vars": {},
      "p2m": {
        "training": 8456630,
        "test": 7078689,
        "all_data": 8989930,
        "df_num": 6180140,
        "df_cat": 6227610,
        "all_dummies": 11336469,
        "X_train": 11373319,
        "X_test": 11753449,
        "y_train": 4764350,
        "all_dummies_scaled": 11898179,
        "X_train_scaled": 10888788,
        "X_test_scaled": 12451749
      },
      "m2p": {
        "training": 7492230,
        "test": 6351470,
        "all_data": 8754689,
        "df_num": 5382869,
        "df_cat": 5601320,
        "all_dummies": 9949429,
        "X_train": 9962960,
        "X_test": 9320479,
        "y_train": 16875809,
        "all_dummies_scaled": 8975799,
        "X_train_scaled": 9226430,
        "X_test_scaled": 10693870
      }
    },
    {
      "raw": "\n",
      "total-ns": 244470,
      "vars": {},
      "p2m": {
        "training": 8909640,
        "test": 8080178,
        "all_data": 9391560,
        "df_num": 6485779,
        "df_cat": 6194360,
        "all_dummies": 11721419,
        "X_train": 11488098,
        "X_test": 11971039,
        "y_train": 5505780,
        "all_dummies_scaled": 12119280,
        "X_train_scaled": 13033370,
        "X_test_scaled": 13373299
      },
      "m2p": {
        "training": 8099679,
        "test": 6671719,
        "all_data": 9843020,
        "df_num": 5213230,
        "df_cat": 5608180,
        "all_dummies": 9974889,
        "X_train": 9447939,
        "X_test": 9309130,
        "y_train": 22049308,
        "all_dummies_scaled": 9772409,
        "X_train_scaled": 10934699,
        "X_test_scaled": 12620439
      }
    },
    {
      "raw": "",
      "total-ns": 384590,
      "vars": {},
      "p2m": {
        "training": 11553949,
        "test": 7349940,
        "all_data": 9965020,
        "df_num": 6090600,
        "df_cat": 6048800,
        "all_dummies": 11775749,
        "X_train": 12216050,
        "X_test": 11859879,
        "y_train": 5499289,
        "all_dummies_scaled": 12201248,
        "X_train_scaled": 11396089,
        "X_test_scaled": 15772459
      },
      "m2p": {
        "training": 8421930,
        "test": 6529620,
        "all_data": 9873860,
        "df_num": 5302860,
        "df_cat": 5511670,
        "all_dummies": 9474379,
        "X_train": 10432428,
        "X_test": 9760489,
        "y_train": 20166959,
        "all_dummies_scaled": 9412689,
        "X_train_scaled": 9622390,
        "X_test_scaled": 9704950
      }
    },
    {
      "raw": "",
      "total-ns": 198809,
      "vars": {},
      "p2m": {
        "training": 9005569,
        "test": 7477739,
        "all_data": 14006420,
        "df_num": 6374940,
        "df_cat": 6342530,
        "all_dummies": 12185899,
        "X_train": 12771599,
        "X_test": 11802739,
        "y_train": 5453509,
        "all_dummies_scaled": 12440149,
        "X_train_scaled": 12407720,
        "X_test_scaled": 12643199
      },
      "m2p": {
        "training": 8336310,
        "test": 6945990,
        "all_data": 9088139,
        "df_num": 6002709,
        "df_cat": 5329230,
        "all_dummies": 11504089,
        "X_train": 9643370,
        "X_test": 10002279,
        "y_train": 20332699,
        "all_dummies_scaled": 10117949,
        "X_train_scaled": 10427589,
        "X_test_scaled": 10435869
      }
    },
    {
      "raw": "",
      "total-ns": 269120,
      "vars": {},
      "p2m": {
        "training": 9004720,
        "test": 7637779,
        "all_data": 9880249,
        "df_num": 6677030,
        "df_cat": 6321310,
        "all_dummies": 11320769,
        "X_train": 12471809,
        "X_test": 11480178,
        "y_train": 5618099,
        "all_dummies_scaled": 11649029,
        "X_train_scaled": 11495640,
        "X_test_scaled": 11595338
      },
      "m2p": {
        "training": 7989099,
        "test": 6442929,
        "all_data": 9282579,
        "df_num": 5991119,
        "df_cat": 6158990,
        "all_dummies": 9301649,
        "X_train": 10279169,
        "X_test": 10622790,
        "y_train": 19041768,
        "all_dummies_scaled": 8896509,
        "X_train_scaled": 9487139,
        "X_test_scaled": 9356220
      }
    },
    {
      "raw": "",
      "total-ns": 234480,
      "vars": {},
      "p2m": {
        "training": 9466359,
        "test": 7683130,
        "all_data": 9721368,
        "df_num": 6102520,
        "df_cat": 6745960,
        "all_dummies": 11807799,
        "X_train": 11125340,
        "X_test": 12067009,
        "y_train": 5042919,
        "all_dummies_scaled": 11526839,
        "X_train_scaled": 11485259,
        "X_test_scaled": 14746439
      },
      "m2p": {
        "training": 7647660,
        "test": 6678399,
        "all_data": 8981279,
        "df_num": 5469700,
        "df_cat": 5180979,
        "all_dummies": 10815739,
        "X_train": 9187009,
        "X_test": 9491789,
        "y_train": 19186869,
        "all_dummies_scaled": 9069860,
        "X_train_scaled": 9358099,
        "X_test_scaled": 9385060
      }
    },
    {
      "raw": "",
      "total-ns": 273241,
      "vars": {},
      "p2m": {
        "training": 8583299,
        "test": 7930470,
        "all_data": 9909439,
        "df_num": 9676339,
        "df_cat": 6924020,
        "all_dummies": 11722109,
        "X_train": 11666800,
        "X_test": 11161039,
        "y_train": 5460720,
        "all_dummies_scaled": 12360489,
        "X_train_scaled": 11347440,
        "X_test_scaled": 10749289
      },
      "m2p": {
        "training": 7548899,
        "test": 6730799,
        "all_data": 9068649,
        "df_num": 5596080,
        "df_cat": 5796220,
        "all_dummies": 10633809,
        "X_train": 9945688,
        "X_test": 9693639,
        "y_train": 19282679,
        "all_dummies_scaled": 9629450,
        "X_train_scaled": 9194899,
        "X_test_scaled": 8429780
      }
    },
    {
      "raw": "",
      "total-ns": 197810,
      "vars": {},
      "p2m": {
        "training": 8282249,
        "test": 7269500,
        "all_data": 10103539,
        "df_num": 6532549,
        "df_cat": 6572859,
        "all_dummies": 11994619,
        "X_train": 12046239,
        "X_test": 11770149,
        "y_train": 6043259,
        "all_dummies_scaled": 11857279,
        "X_train_scaled": 14190489,
        "X_test_scaled": 12037959
      },
      "m2p": {
        "training": 7953969,
        "test": 6008089,
        "all_data": 8291349,
        "df_num": 5778200,
        "df_cat": 5656640,
        "all_dummies": 10072969,
        "X_train": 9837019,
        "X_test": 9875930,
        "y_train": 24181338,
        "all_dummies_scaled": 10705439,
        "X_train_scaled": 10499209,
        "X_test_scaled": 11802679
      }
    }
  ]
}