{
  "cells": [
    {
      "raw": "import numpy as np\nimport os\n\nimport os\nos.environ[\"MODIN_ENGINE\"] = \"ray\"\nimport ray\nos.environ['MODIN_CPUS'] = \"4\"\nray.init(num_cpus=4, runtime_env={'env_vars': {'__MODIN_AUTOIMPORT_PANDAS__': '1'}})\nimport modin.pandas as pd\n",
      "total-ns": 5088002819,
      "vars": {},
      "p2m": {},
      "m2p": {}
    },
    {
      "raw": "train_df = pd.read_csv('../input/feedback-prize-english-language-learning/train.csv')\ntest_df = pd.read_csv('../input/feedback-prize-english-language-learning/test.csv')",
      "total-ns": 10740167777,
      "vars": {},
      "p2m": {
        "train_df": 36995721,
        "test_df": 2049950
      },
      "m2p": {
        "train_df": 152162023,
        "test_df": 16083451
      }
    },
    {
      "raw": "test_df.info()",
      "total-ns": 224066984,
      "vars": {},
      "p2m": {
        "train_df": 42116841,
        "test_df": 2635190
      },
      "m2p": {
        "train_df": 19829450,
        "test_df": 4211910
      }
    },
    {
      "raw": "train_df.head()",
      "total-ns": 1504460,
      "vars": {},
      "p2m": {
        "train_df": 38493460,
        "test_df": 2750900
      },
      "m2p": {
        "train_df": 18296671,
        "test_df": 4097720
      }
    },
    {
      "raw": "test_df.head()",
      "total-ns": 915360,
      "vars": {},
      "p2m": {
        "train_df": 34480631,
        "test_df": 3209550
      },
      "m2p": {
        "train_df": 14730870,
        "test_df": 6521830
      }
    },
    {
      "raw": "len(train_df), len(test_df)",
      "total-ns": 757500,
      "vars": {},
      "p2m": {
        "train_df": 85745361,
        "test_df": 3435070
      },
      "m2p": {
        "train_df": 18947531,
        "test_df": 10323460
      }
    },
    {
      "raw": "LABEL_COLUMNS = ['cohesion', 'syntax', 'vocabulary', 'phraseology', 'grammar', 'conventions']",
      "total-ns": 697810,
      "vars": {},
      "p2m": {
        "train_df": 29148301,
        "test_df": 2857020
      },
      "m2p": {
        "train_df": 34887841,
        "test_df": 4317201
      }
    },
    {
      "raw": "## ORIGINAL:\n# texts = train_df.sample(frac=1, random_state=420).head(4)\n## TO RUN WITH KOALAS\ntexts = train_df.sample(frac=1.0, random_state=420).head(4)",
      "total-ns": 19123950,
      "vars": {},
      "p2m": {
        "train_df": 37586441,
        "test_df": 3495320,
        "texts": 4101450
      },
      "m2p": {
        "train_df": 19529600,
        "test_df": 5494040,
        "texts": 194017313
      }
    },
    {
      "raw": "train_df['total_score'] = train_df[LABEL_COLUMNS].sum(axis=1)\nlowest_df = train_df.sort_values('total_score').head(4)",
      "total-ns": 458619298,
      "vars": {},
      "p2m": {
        "train_df": 34924640,
        "test_df": 3709910,
        "texts": 4044400,
        "lowest_df": 3180780
      },
      "m2p": {
        "train_df": 65504031,
        "test_df": 3654551,
        "texts": 4142979,
        "lowest_df": 34644450
      }
    },
    {
      "raw": "train_df['total_score'] = train_df[LABEL_COLUMNS].sum(axis=1)\nhighest_df = train_df.sort_values('total_score', ascending=False).head(4)",
      "total-ns": 334400166,
      "vars": {},
      "p2m": {
        "train_df": 32341791,
        "test_df": 2015820,
        "texts": 2325080,
        "lowest_df": 3362550,
        "highest_df": 3997090
      },
      "m2p": {
        "train_df": 164943193,
        "test_df": 2140710,
        "texts": 2244160,
        "lowest_df": 1884990,
        "highest_df": 41917031
      }
    },
    {
      "raw": "train_df['word_count'] = train_df.full_text.apply(lambda x: len(x.split()))",
      "total-ns": 29805140,
      "vars": {},
      "p2m": {
        "train_df": 17141461,
        "test_df": 2311411,
        "texts": 4297229,
        "lowest_df": 3329949,
        "highest_df": 3096709
      },
      "m2p": {
        "train_df": 204614214,
        "test_df": 3992230,
        "texts": 3268760,
        "lowest_df": 4928679,
        "highest_df": 4112579
      }
    },
    {
      "raw": "train_df['word_count'].mean()",
      "total-ns": 79101772,
      "vars": {},
      "p2m": {
        "train_df": 21456559,
        "test_df": 3123610,
        "texts": 1989040,
        "lowest_df": 2960730,
        "highest_df": 2028310
      },
      "m2p": {
        "train_df": 10528611,
        "test_df": 4167020,
        "texts": 3917470,
        "lowest_df": 4178290,
        "highest_df": 3681780
      }
    },
    {
      "raw": "train_df['word_count'].max()",
      "total-ns": 94324352,
      "vars": {},
      "p2m": {
        "train_df": 17451940,
        "test_df": 2469080,
        "texts": 3167849,
        "lowest_df": 3188540,
        "highest_df": 3463090
      },
      "m2p": {
        "train_df": 13136890,
        "test_df": 3555600,
        "texts": 2505681,
        "lowest_df": 2755350,
        "highest_df": 2818551
      }
    }
  ]
}