{
  "cells": [
    {
      "raw": "import numpy as np # linear algebra\n\nimport os\nos.environ[\"MODIN_ENGINE\"] = \"ray\"\nimport ray\nos.environ['MODIN_CPUS'] = \"4\"\nray.init(num_cpus=4, runtime_env={'env_vars': {'__MODIN_AUTOIMPORT_PANDAS__': '1'}})\nimport modin.pandas as pd\nfrom sklearn.metrics import mean_absolute_error\nfrom sklearn.preprocessing import LabelEncoder\n\nimport pylab as pl\nimport os\nprint(os.listdir(\"../input\"))\n",
      "total-ns": 5544080647,
      "vars": {},
      "p2m": {},
      "m2p": {}
    },
    {
      "raw": "#Cargamos el data set mediante Python y Pandas mediante read_csv\n#Tener en cuenta indicadar el separador como recomendacion con delimiter se recomienda\n#En caso tengamos un campo donde se guarden los ID unico podemos caolocar elnumero de columna en index_col para usarlo de indexacion\ndata = pd.read_csv(\"../input/avocado.csv\",delimiter=\",\",index_col=0)\n\n#Visualizamos el volumen de filas y columnas de nuestros datos\ndata.shape",
      "total-ns": 5292465753,
      "vars": {},
      "p2m": {
        "data": 15612270
      },
      "m2p": {
        "data": 18485640
      }
    },
    {
      "raw": "data.info()",
      "total-ns": 176057193,
      "vars": {},
      "p2m": {
        "data": 13283730
      },
      "m2p": {
        "data": 14952661
      }
    },
    {
      "raw": "#Podemos mediante el comando info identificar los tipos de campos 123\ndata.info()",
      "total-ns": 146598792,
      "vars": {},
      "p2m": {
        "data": 16856610
      },
      "m2p": {
        "data": 12269719
      }
    },
    {
      "raw": "#Vamos a ver un peque\u00f1o resumen de los datos\ndata.head(5)",
      "total-ns": 1574490,
      "vars": {},
      "p2m": {
        "data": 15959450
      },
      "m2p": {
        "data": 13449590
      }
    },
    {
      "raw": "#Vamos a validar que se cumple ambos formulas\n#Todo aquel registro que no cumpla con la regla pasara a ser una inconsistencia la cual descartaremos.\ndataIncorrecta = data[((data['4046'] + data['4225'] + data['4770'] + data['Total Bags']) != data['Total Volume'] ) | ((data['Small Bags'] + data['Large Bags'] + data['XLarge Bags']) != data['Total Bags'] )]\ndataCorrecta =  data[((data['4046'] + data['4225'] + data['4770'] + data['Total Bags']) == data['Total Volume'] ) & ((data['Small Bags'] + data['Large Bags'] + data['XLarge Bags']) == data['Total Bags'] )]\n\ndataIncorrecta.reset_index(inplace = True)\ndataCorrecta.reset_index(inplace = True)\n\nprint(\"Data Total\",data.shape)\nprint(\"Data Incorrecta\",dataIncorrecta.shape)\nprint(\"Data Correcta\",dataCorrecta.shape)",
      "total-ns": 1436478515,
      "vars": {},
      "p2m": {
        "data": 14385790,
        "dataIncorrecta": 14325500,
        "dataCorrecta": 17223470
      },
      "m2p": {
        "data": 17377539,
        "dataIncorrecta": 106429862,
        "dataCorrecta": 70001631
      }
    },
    {
      "raw": "#Analizamos valores perdidos en caso de que existan\ndataCorrecta.isnull().sum()",
      "total-ns": 39439260,
      "vars": {},
      "p2m": {
        "data": 11148721,
        "dataIncorrecta": 13467050,
        "dataCorrecta": 17089060
      },
      "m2p": {
        "data": 8605031,
        "dataIncorrecta": 16959490,
        "dataCorrecta": 12550631
      }
    },
    {
      "raw": "",
      "total-ns": 214710,
      "vars": {},
      "p2m": {
        "data": 13258430,
        "dataIncorrecta": 16309510,
        "dataCorrecta": 12683840
      },
      "m2p": {
        "data": 17911950,
        "dataIncorrecta": 12669161,
        "dataCorrecta": 16579690
      }
    },
    {
      "raw": "",
      "total-ns": 206370,
      "vars": {},
      "p2m": {
        "data": 14438140,
        "dataIncorrecta": 10620450,
        "dataCorrecta": 12038861
      },
      "m2p": {
        "data": 11976870,
        "dataIncorrecta": 12232570,
        "dataCorrecta": 9557030
      }
    },
    {
      "raw": "dataCorrecta =dataCorrecta[(dataCorrecta['Small Bags']<300000.0) & (dataCorrecta['Large Bags']<150000.0) & (dataCorrecta['XLarge Bags']<10000.0)]\ndataCorrecta.shape",
      "total-ns": 1304265733,
      "vars": {},
      "p2m": {
        "data": 15373790,
        "dataIncorrecta": 13765740,
        "dataCorrecta": 9984650
      },
      "m2p": {
        "data": 12090621,
        "dataIncorrecta": 14632420,
        "dataCorrecta": 12719971
      }
    },
    {
      "raw": "",
      "total-ns": 225300,
      "vars": {},
      "p2m": {
        "data": 13488530,
        "dataIncorrecta": 13954440,
        "dataCorrecta": 14134040
      },
      "m2p": {
        "data": 12817131,
        "dataIncorrecta": 12854100,
        "dataCorrecta": 13157530
      }
    },
    {
      "raw": "",
      "total-ns": 225150,
      "vars": {},
      "p2m": {
        "data": 15592791,
        "dataIncorrecta": 14099790,
        "dataCorrecta": 15724991
      },
      "m2p": {
        "data": 14089301,
        "dataIncorrecta": 11969960,
        "dataCorrecta": 15879741
      }
    },
    {
      "raw": "",
      "total-ns": 238780,
      "vars": {},
      "p2m": {
        "data": 16231580,
        "dataIncorrecta": 15398520,
        "dataCorrecta": 15751920
      },
      "m2p": {
        "data": 14856680,
        "dataIncorrecta": 13625950,
        "dataCorrecta": 12327150
      }
    },
    {
      "raw": "conventional = dataCorrecta[dataCorrecta.type==\"conventional\"]\norganic = dataCorrecta[dataCorrecta.type==\"organic\"]\n\ngroupBy1_price = conventional.groupby('Date').mean(numeric_only=True)\n\ngroupBy2_price = organic.groupby('Date').mean(numeric_only=True)\n",
      "total-ns": 1089501439,
      "vars": {},
      "p2m": {
        "data": 27101010,
        "dataIncorrecta": 17942301,
        "dataCorrecta": 12539240,
        "conventional": 10334140,
        "organic": 12045700,
        "groupBy1_price": 6463000,
        "groupBy2_price": 10278640
      },
      "m2p": {
        "data": 11459771,
        "dataIncorrecta": 13183510,
        "dataCorrecta": 13120060,
        "conventional": 9919340,
        "organic": 13131020,
        "groupBy1_price": 4720500,
        "groupBy2_price": 5099530
      }
    },
    {
      "raw": "#dataCorrecta['Date2']=pd.to_datetime(dataCorrecta['Date'], format=\"%Y/%m/%d\")\ndataCorrecta['Date'] =dataCorrecta['Date'].astype('datetime64[ns]')\n\n",
      "total-ns": 19762960,
      "vars": {},
      "p2m": {
        "data": 14854120,
        "dataIncorrecta": 10396030,
        "dataCorrecta": 12336680,
        "conventional": 14373251,
        "organic": 9965061,
        "groupBy1_price": 9710950,
        "groupBy2_price": 7555331
      },
      "m2p": {
        "data": 12838590,
        "dataIncorrecta": 10227980,
        "dataCorrecta": 210336094,
        "conventional": 9813740,
        "organic": 9697020,
        "groupBy1_price": 7043831,
        "groupBy2_price": 7279591
      }
    },
    {
      "raw": "#Tenemos que analizar los datos categoricos no numericos, para transformarlos en numericos, o ver si son utiles\ndataCorrecta['type'].value_counts()",
      "total-ns": 224363784,
      "vars": {},
      "p2m": {
        "data": 16007100,
        "dataIncorrecta": 12952691,
        "dataCorrecta": 11846850,
        "conventional": 12332211,
        "organic": 10647130,
        "groupBy1_price": 8292920,
        "groupBy2_price": 7831761
      },
      "m2p": {
        "data": 13696030,
        "dataIncorrecta": 15498190,
        "dataCorrecta": 14039830,
        "conventional": 12578830,
        "organic": 12818860,
        "groupBy1_price": 11752680,
        "groupBy2_price": 8538340
      }
    },
    {
      "raw": "dataCorrecta.head()",
      "total-ns": 1595190,
      "vars": {},
      "p2m": {
        "data": 14218150,
        "dataIncorrecta": 14470570,
        "dataCorrecta": 14948210,
        "conventional": 11778410,
        "organic": 11923520,
        "groupBy1_price": 10882090,
        "groupBy2_price": 9006511
      },
      "m2p": {
        "data": 14123590,
        "dataIncorrecta": 11600320,
        "dataCorrecta": 12594471,
        "conventional": 10763880,
        "organic": 12127461,
        "groupBy1_price": 10038790,
        "groupBy2_price": 10886590
      }
    },
    {
      "raw": "dataCorrecta['year'].value_counts()",
      "total-ns": 134063182,
      "vars": {},
      "p2m": {
        "data": 13844400,
        "dataIncorrecta": 13560160,
        "dataCorrecta": 12985480,
        "conventional": 12383471,
        "organic": 12248010,
        "groupBy1_price": 7870411,
        "groupBy2_price": 7258160
      },
      "m2p": {
        "data": 19559240,
        "dataIncorrecta": 12385921,
        "dataCorrecta": 12951620,
        "conventional": 11164900,
        "organic": 11381300,
        "groupBy1_price": 7592241,
        "groupBy2_price": 6614800
      }
    },
    {
      "raw": "dataCorrecta['region'].value_counts()",
      "total-ns": 170693103,
      "vars": {},
      "p2m": {
        "data": 16414330,
        "dataIncorrecta": 13516400,
        "dataCorrecta": 12219730,
        "conventional": 9802810,
        "organic": 10485610,
        "groupBy1_price": 8096300,
        "groupBy2_price": 7867740
      },
      "m2p": {
        "data": 16871730,
        "dataIncorrecta": 10442991,
        "dataCorrecta": 9421940,
        "conventional": 8200270,
        "organic": 9204011,
        "groupBy1_price": 7651890,
        "groupBy2_price": 7716020
      }
    },
    {
      "raw": "",
      "total-ns": 231810,
      "vars": {},
      "p2m": {
        "data": 13789020,
        "dataIncorrecta": 11123130,
        "dataCorrecta": 12028171,
        "conventional": 10145300,
        "organic": 10779030,
        "groupBy1_price": 7782420,
        "groupBy2_price": 10700480
      },
      "m2p": {
        "data": 11825651,
        "dataIncorrecta": 9013380,
        "dataCorrecta": 10083330,
        "conventional": 8967840,
        "organic": 9075930,
        "groupBy1_price": 7729380,
        "groupBy2_price": 5691521
      }
    },
    {
      "raw": "#Analizamos el comportamiento de los procesio por region de las paltas organicos\nmask = dataCorrecta['type']=='organic'\n",
      "total-ns": 12395310,
      "vars": {},
      "p2m": {
        "data": 18170250,
        "dataIncorrecta": 9654400,
        "dataCorrecta": 12321500,
        "conventional": 12043271,
        "organic": 13239080,
        "groupBy1_price": 10758821,
        "groupBy2_price": 9430770,
        "mask": 10098200
      },
      "m2p": {
        "data": 10790950,
        "dataIncorrecta": 10082571,
        "dataCorrecta": 8628340,
        "conventional": 18676690,
        "organic": 15137260,
        "groupBy1_price": 12510640,
        "groupBy2_price": 13804110,
        "mask": 4865670
      }
    },
    {
      "raw": "#Analizamos el comportamiento de los procesio por region de las paltas convencionales\nmask = dataCorrecta['type']=='conventional'\n",
      "total-ns": 23265530,
      "vars": {},
      "p2m": {
        "data": 17373400,
        "dataIncorrecta": 11363770,
        "dataCorrecta": 10810360,
        "conventional": 10228220,
        "organic": 10566641,
        "groupBy1_price": 7999030,
        "groupBy2_price": 6715870,
        "mask": 10629100
      },
      "m2p": {
        "data": 21411570,
        "dataIncorrecta": 14764991,
        "dataCorrecta": 9514960,
        "conventional": 10417640,
        "organic": 10081801,
        "groupBy1_price": 8119740,
        "groupBy2_price": 8589350,
        "mask": 3888910
      }
    },
    {
      "raw": "label = LabelEncoder()\ndicts = {}\n\nlabel.fit(dataCorrecta.type.drop_duplicates()) \ndicts['type'] = list(label.classes_)\ndataCorrecta.type = label.transform(dataCorrecta.type) ",
      "total-ns": 250808814,
      "vars": {},
      "p2m": {
        "data": 12962311,
        "dataIncorrecta": 10808740,
        "dataCorrecta": 9701150,
        "conventional": 9412020,
        "organic": 9503930,
        "groupBy1_price": 7069830,
        "groupBy2_price": 7804290,
        "mask": 6919370
      },
      "m2p": {
        "data": 10062480,
        "dataIncorrecta": 9808810,
        "dataCorrecta": 118052902,
        "conventional": 11762970,
        "organic": 9431670,
        "groupBy1_price": 7300580,
        "groupBy2_price": 8861240,
        "mask": 32618061
      }
    },
    {
      "raw": "dataCorrecta['type'].value_counts()",
      "total-ns": 126686222,
      "vars": {},
      "p2m": {
        "data": 12951000,
        "dataIncorrecta": 9802010,
        "dataCorrecta": 10491540,
        "conventional": 9531301,
        "organic": 10041741,
        "groupBy1_price": 6990340,
        "groupBy2_price": 9492401,
        "mask": 5531140
      },
      "m2p": {
        "data": 15908520,
        "dataIncorrecta": 6772210,
        "dataCorrecta": 8252490,
        "conventional": 7392090,
        "organic": 8739780,
        "groupBy1_price": 7706540,
        "groupBy2_price": 5919561,
        "mask": 42865661
      }
    },
    {
      "raw": "#Realizamos una tabla de correlacion, para conocer el nivel de relacion entre los campos y entre nuestro target\ncols = ['AveragePrice','Total Volume','4046','4225','4770','Total Bags','Small Bags','Large Bags','XLarge Bags','year','type']\ncorr = dataCorrecta[cols].corr('spearman') \n",
      "total-ns": 87787421,
      "vars": {},
      "p2m": {
        "data": 12022560,
        "dataIncorrecta": 8613171,
        "dataCorrecta": 9420400,
        "conventional": 7511590,
        "organic": 12937001,
        "groupBy1_price": 6883710,
        "groupBy2_price": 6659020,
        "mask": 6494160,
        "corr": 1915040
      },
      "m2p": {
        "data": 9037730,
        "dataIncorrecta": 9396930,
        "dataCorrecta": 8817250,
        "conventional": 7156200,
        "organic": 10635030,
        "groupBy1_price": 6542531,
        "groupBy2_price": 6159690,
        "mask": 40802971,
        "corr": 2006220
      }
    },
    {
      "raw": "#Creamos las variables ficticias para region\nregion_dummi =pd.get_dummies(dataCorrecta['region'], prefix='reg')\nregion_dummi.head()",
      "total-ns": 75781981,
      "vars": {},
      "p2m": {
        "data": 14490061,
        "dataIncorrecta": 12169760,
        "dataCorrecta": 13138841,
        "conventional": 11459940,
        "organic": 11956360,
        "groupBy1_price": 8954670,
        "groupBy2_price": 8562250,
        "mask": 9272510,
        "corr": 2580170,
        "region_dummi": 18630310
      },
      "m2p": {
        "data": 12758531,
        "dataIncorrecta": 11646860,
        "dataCorrecta": 13314990,
        "conventional": 10892370,
        "organic": 11896990,
        "groupBy1_price": 9945350,
        "groupBy2_price": 9207690,
        "mask": 26726691,
        "corr": 3690990,
        "region_dummi": 19359190
      }
    },
    {
      "raw": "#Agregamos los datos fictios a la data original\ndata_nueva = pd.concat([dataCorrecta, region_dummi], axis=1)\ndata_nueva.head() ",
      "total-ns": 3130660,
      "vars": {},
      "p2m": {
        "data": 17491160,
        "dataIncorrecta": 13080611,
        "dataCorrecta": 12366490,
        "conventional": 12086800,
        "organic": 12970800,
        "groupBy1_price": 8845380,
        "groupBy2_price": 6135390,
        "mask": 8377220,
        "corr": 2475420,
        "region_dummi": 14571081,
        "data_nueva": 18292800
      },
      "m2p": {
        "data": 16510841,
        "dataIncorrecta": 13425500,
        "dataCorrecta": 12624761,
        "conventional": 11772590,
        "organic": 10284281,
        "groupBy1_price": 9530510,
        "groupBy2_price": 8775530,
        "mask": 33324330,
        "corr": 2736990,
        "region_dummi": 12959291,
        "data_nueva": 24009300
      }
    },
    {
      "raw": "#eliminamos las columna region\ndata_nueva = data_nueva.drop(labels=['region'], axis=1)\ndata_nueva = data_nueva.drop(labels=['index'], axis=1)",
      "total-ns": 9449541,
      "vars": {},
      "p2m": {
        "data": 13137720,
        "dataIncorrecta": 10532141,
        "dataCorrecta": 11230730,
        "conventional": 14899560,
        "organic": 12525340,
        "groupBy1_price": 9028190,
        "groupBy2_price": 9966869,
        "mask": 7742890,
        "corr": 2116700,
        "region_dummi": 13747991,
        "data_nueva": 26383830
      },
      "m2p": {
        "data": 14258150,
        "dataIncorrecta": 11685780,
        "dataCorrecta": 12169560,
        "conventional": 10425760,
        "organic": 12551441,
        "groupBy1_price": 7662430,
        "groupBy2_price": 7944990,
        "mask": 28470341,
        "corr": 2624830,
        "region_dummi": 17091410,
        "data_nueva": 70294141
      }
    },
    {
      "raw": "#corr = data_nueva.corr('spearman') \n#plt.figure(figsize = ( 35 , 20 )) \n#sns.heatmap(corr,annot=True,fmt='.2f',cmap=\"YlGnBu\");",
      "total-ns": 370031,
      "vars": {},
      "p2m": {
        "data": 12259001,
        "dataIncorrecta": 10520600,
        "dataCorrecta": 9913601,
        "conventional": 7195840,
        "organic": 8893660,
        "groupBy1_price": 7071230,
        "groupBy2_price": 7322921,
        "mask": 6730620,
        "corr": 1829230,
        "region_dummi": 13380761,
        "data_nueva": 20219140
      },
      "m2p": {
        "data": 10726251,
        "dataIncorrecta": 9326970,
        "dataCorrecta": 8292090,
        "conventional": 7954050,
        "organic": 8709370,
        "groupBy1_price": 7022220,
        "groupBy2_price": 6298710,
        "mask": 34517830,
        "corr": 2430650,
        "region_dummi": 9521070,
        "data_nueva": 16893240
      }
    },
    {
      "raw": "data_train = pd.DataFrame(index=data_nueva.index)\ntarger_train = pd.DataFrame(index=data_nueva.index)\ndata_train = data_nueva\ntarger_train = data_nueva['AveragePrice']",
      "total-ns": 5146350,
      "vars": {},
      "p2m": {
        "data": 12916220,
        "dataIncorrecta": 10460550,
        "dataCorrecta": 11024881,
        "conventional": 10294660,
        "organic": 10401160,
        "groupBy1_price": 8243111,
        "groupBy2_price": 7756010,
        "mask": 7440571,
        "corr": 2170570,
        "region_dummi": 14487880,
        "data_nueva": 22362620,
        "data_train": 22935431,
        "targer_train": 8415210
      },
      "m2p": {
        "data": 9625101,
        "dataIncorrecta": 12682600,
        "dataCorrecta": 10967140,
        "conventional": 12595960,
        "organic": 10653320,
        "groupBy1_price": 7451080,
        "groupBy2_price": 7321180,
        "mask": 35870380,
        "corr": 2294230,
        "region_dummi": 12582310,
        "data_nueva": 17943881,
        "data_train": 17466160,
        "targer_train": 33146251
      }
    },
    {
      "raw": "data_train['monthy'] = data_train['Date'].astype('datetime64[ns]').apply(lambda ts: ts.month)",
      "total-ns": 75311961,
      "vars": {},
      "p2m": {
        "data": 13971250,
        "dataIncorrecta": 14259450,
        "dataCorrecta": 10047129,
        "conventional": 10789480,
        "organic": 12081260,
        "groupBy1_price": 8197570,
        "groupBy2_price": 8209510,
        "mask": 9077081,
        "corr": 2822920,
        "region_dummi": 17148531,
        "data_nueva": 18059150,
        "data_train": 25931730,
        "targer_train": 8826660
      },
      "m2p": {
        "data": 12087790,
        "dataIncorrecta": 8161150,
        "dataCorrecta": 7808109,
        "conventional": 8718900,
        "organic": 8375790,
        "groupBy1_price": 7599080,
        "groupBy2_price": 7721390,
        "mask": 29271050,
        "corr": 3891920,
        "region_dummi": 22491770,
        "data_nueva": 30810200,
        "data_train": 187398504,
        "targer_train": 33295051
      }
    },
    {
      "raw": "dummi_month =pd.get_dummies(data_train['monthy'], prefix='month')\ndata_train = pd.concat([data_train, dummi_month], axis=1)",
      "total-ns": 48252731,
      "vars": {},
      "p2m": {
        "data": 12824170,
        "dataIncorrecta": 11995361,
        "dataCorrecta": 14194740,
        "conventional": 10654270,
        "organic": 10484621,
        "groupBy1_price": 8209140,
        "groupBy2_price": 8362670,
        "mask": 7157080,
        "corr": 2113130,
        "region_dummi": 13221131,
        "data_nueva": 21086050,
        "data_train": 25060940,
        "targer_train": 10417670,
        "dummi_month": 8970950
      },
      "m2p": {
        "data": 12834790,
        "dataIncorrecta": 11735730,
        "dataCorrecta": 13006071,
        "conventional": 10511170,
        "organic": 11141230,
        "groupBy1_price": 9018590,
        "groupBy2_price": 8316881,
        "mask": 23559820,
        "corr": 2375150,
        "region_dummi": 12075480,
        "data_nueva": 17254600,
        "data_train": 22755130,
        "targer_train": 31739971,
        "dummi_month": 8200180
      }
    },
    {
      "raw": "data_train = data_train.drop(['monthy'],axis=1)\n#data_train = data_train.drop(['Date'],axis=1)",
      "total-ns": 5400990,
      "vars": {},
      "p2m": {
        "data": 13079880,
        "dataIncorrecta": 11371590,
        "dataCorrecta": 12951960,
        "conventional": 10240211,
        "organic": 11002160,
        "groupBy1_price": 8928861,
        "groupBy2_price": 7613660,
        "mask": 8941141,
        "corr": 2510230,
        "region_dummi": 18336851,
        "data_nueva": 29658190,
        "data_train": 25256931,
        "targer_train": 6847600,
        "dummi_month": 8422851
      },
      "m2p": {
        "data": 11300100,
        "dataIncorrecta": 9292391,
        "dataCorrecta": 10331020,
        "conventional": 10085541,
        "organic": 10297430,
        "groupBy1_price": 8002470,
        "groupBy2_price": 8614489,
        "mask": 31180880,
        "corr": 3390670,
        "region_dummi": 22525261,
        "data_nueva": 30740371,
        "data_train": 51527911,
        "targer_train": 30734391,
        "dummi_month": 7984870
      }
    },
    {
      "raw": "data_train.head(5)",
      "total-ns": 1727180,
      "vars": {},
      "p2m": {
        "data": 11979010,
        "dataIncorrecta": 9906110,
        "dataCorrecta": 13226921,
        "conventional": 8524150,
        "organic": 10214780,
        "groupBy1_price": 8608550,
        "groupBy2_price": 7562900,
        "mask": 9130270,
        "corr": 2402940,
        "region_dummi": 15216980,
        "data_nueva": 21705371,
        "data_train": 25845530,
        "targer_train": 8203760,
        "dummi_month": 8526900
      },
      "m2p": {
        "data": 9891250,
        "dataIncorrecta": 8597240,
        "dataCorrecta": 10360820,
        "conventional": 7964990,
        "organic": 7599240,
        "groupBy1_price": 8347480,
        "groupBy2_price": 7542671,
        "mask": 29040070,
        "corr": 2432610,
        "region_dummi": 10363601,
        "data_nueva": 18354850,
        "data_train": 18690340,
        "targer_train": 30597521,
        "dummi_month": 6905360
      }
    },
    {
      "raw": "data_train['year'].value_counts()",
      "total-ns": 150629003,
      "vars": {},
      "p2m": {
        "data": 20175361,
        "dataIncorrecta": 14793750,
        "dataCorrecta": 15652600,
        "conventional": 11387890,
        "organic": 10498690,
        "groupBy1_price": 6218000,
        "groupBy2_price": 6054890,
        "mask": 5940430,
        "corr": 3496021,
        "region_dummi": 14894740,
        "data_nueva": 27599200,
        "data_train": 25373600,
        "targer_train": 8449960,
        "dummi_month": 9130680
      },
      "m2p": {
        "data": 13139790,
        "dataIncorrecta": 13396420,
        "dataCorrecta": 13905551,
        "conventional": 14156520,
        "organic": 12091601,
        "groupBy1_price": 6330571,
        "groupBy2_price": 7467330,
        "mask": 32687511,
        "corr": 2678289,
        "region_dummi": 16519810,
        "data_nueva": 27825471,
        "data_train": 25846111,
        "targer_train": 30032991,
        "dummi_month": 10983660
      }
    },
    {
      "raw": "region_dummi_fecha =pd.get_dummies(data_train['year'], prefix='year')",
      "total-ns": 46648801,
      "vars": {},
      "p2m": {
        "data": 11808120,
        "dataIncorrecta": 10031890,
        "dataCorrecta": 11716590,
        "conventional": 11479480,
        "organic": 11831020,
        "groupBy1_price": 9530120,
        "groupBy2_price": 8705330,
        "mask": 9325860,
        "corr": 3060980,
        "region_dummi": 15365660,
        "data_nueva": 34727691,
        "data_train": 24997410,
        "targer_train": 10258820,
        "dummi_month": 11588130,
        "region_dummi_fecha": 10789810
      },
      "m2p": {
        "data": 10105270,
        "dataIncorrecta": 10032341,
        "dataCorrecta": 10799270,
        "conventional": 13002110,
        "organic": 11821890,
        "groupBy1_price": 9551840,
        "groupBy2_price": 9539360,
        "mask": 33208450,
        "corr": 3677270,
        "region_dummi": 21536411,
        "data_nueva": 28636660,
        "data_train": 25880391,
        "targer_train": 34626140,
        "dummi_month": 14467940,
        "region_dummi_fecha": 15352800
      }
    },
    {
      "raw": "data_train = pd.concat([data_train, region_dummi_fecha], axis=1)",
      "total-ns": 2438660,
      "vars": {},
      "p2m": {
        "data": 18056270,
        "dataIncorrecta": 14678430,
        "dataCorrecta": 14097620,
        "conventional": 12694180,
        "organic": 14636931,
        "groupBy1_price": 5858340,
        "groupBy2_price": 10408491,
        "mask": 7311820,
        "corr": 1974331,
        "region_dummi": 13531701,
        "data_nueva": 21005851,
        "data_train": 23702661,
        "targer_train": 8620650,
        "dummi_month": 10319651,
        "region_dummi_fecha": 8351280
      },
      "m2p": {
        "data": 20027081,
        "dataIncorrecta": 16928030,
        "dataCorrecta": 17439151,
        "conventional": 16404930,
        "organic": 18776821,
        "groupBy1_price": 14639380,
        "groupBy2_price": 12122800,
        "mask": 34323000,
        "corr": 2394990,
        "region_dummi": 12275901,
        "data_nueva": 31840900,
        "data_train": 21893450,
        "targer_train": 33628101,
        "dummi_month": 8071880,
        "region_dummi_fecha": 9657180
      }
    },
    {
      "raw": "data_train.head(5)",
      "total-ns": 1619080,
      "vars": {},
      "p2m": {
        "data": 13769080,
        "dataIncorrecta": 11882581,
        "dataCorrecta": 11096600,
        "conventional": 10007450,
        "organic": 10937401,
        "groupBy1_price": 8498970,
        "groupBy2_price": 8078140,
        "mask": 8792890,
        "corr": 2630760,
        "region_dummi": 16676311,
        "data_nueva": 25859381,
        "data_train": 25651680,
        "targer_train": 7693151,
        "dummi_month": 8996811,
        "region_dummi_fecha": 7580771
      },
      "m2p": {
        "data": 11939650,
        "dataIncorrecta": 9967140,
        "dataCorrecta": 9881770,
        "conventional": 8852040,
        "organic": 11888311,
        "groupBy1_price": 9625030,
        "groupBy2_price": 8472520,
        "mask": 35451701,
        "corr": 3681620,
        "region_dummi": 17048580,
        "data_nueva": 27719560,
        "data_train": 18848160,
        "targer_train": 32907381,
        "dummi_month": 9007250,
        "region_dummi_fecha": 6894200
      }
    },
    {
      "raw": "data_train = data_train.drop(['year'],axis=1)\ndata_train = data_train.drop(['Date'], axis=1)\ndata_train = data_train.drop(['AveragePrice'],axis=1)",
      "total-ns": 10716100,
      "vars": {},
      "p2m": {
        "data": 14602801,
        "dataIncorrecta": 11303930,
        "dataCorrecta": 9685720,
        "conventional": 9289630,
        "organic": 14339100,
        "groupBy1_price": 8264050,
        "groupBy2_price": 6892670,
        "mask": 9142620,
        "corr": 2972631,
        "region_dummi": 16371140,
        "data_nueva": 29813951,
        "data_train": 30579140,
        "targer_train": 7636720,
        "dummi_month": 7457910,
        "region_dummi_fecha": 6568790
      },
      "m2p": {
        "data": 15148080,
        "dataIncorrecta": 8943760,
        "dataCorrecta": 10448590,
        "conventional": 7689120,
        "organic": 8469491,
        "groupBy1_price": 7522240,
        "groupBy2_price": 6724980,
        "mask": 33072660,
        "corr": 2813720,
        "region_dummi": 16718560,
        "data_nueva": 27994260,
        "data_train": 70555211,
        "targer_train": 30934321,
        "dummi_month": 6267820,
        "region_dummi_fecha": 5775921
      }
    },
    {
      "raw": "\ndata_train.head(5)",
      "total-ns": 1552390,
      "vars": {},
      "p2m": {
        "data": 12908020,
        "dataIncorrecta": 10849490,
        "dataCorrecta": 11052710,
        "conventional": 9886540,
        "organic": 12092300,
        "groupBy1_price": 11082610,
        "groupBy2_price": 9620970,
        "mask": 7309020,
        "corr": 2178410,
        "region_dummi": 14532360,
        "data_nueva": 22344710,
        "data_train": 19595781,
        "targer_train": 9668801,
        "dummi_month": 8277590,
        "region_dummi_fecha": 7230090
      },
      "m2p": {
        "data": 10456380,
        "dataIncorrecta": 8448561,
        "dataCorrecta": 8886280,
        "conventional": 11266930,
        "organic": 9392810,
        "groupBy1_price": 12284061,
        "groupBy2_price": 10517930,
        "mask": 27328101,
        "corr": 2183710,
        "region_dummi": 10847560,
        "data_nueva": 19881911,
        "data_train": 16552041,
        "targer_train": 34709820,
        "dummi_month": 9780210,
        "region_dummi_fecha": 8331110
      }
    },
    {
      "raw": "targer_train.mean()",
      "total-ns": 51661601,
      "vars": {},
      "p2m": {
        "data": 13438991,
        "dataIncorrecta": 11901670,
        "dataCorrecta": 10907770,
        "conventional": 9236170,
        "organic": 9738570,
        "groupBy1_price": 6745700,
        "groupBy2_price": 8487479,
        "mask": 8483840,
        "corr": 1620559,
        "region_dummi": 14337850,
        "data_nueva": 24898661,
        "data_train": 24733070,
        "targer_train": 6289341,
        "dummi_month": 8227550,
        "region_dummi_fecha": 6769140
      },
      "m2p": {
        "data": 12518941,
        "dataIncorrecta": 9183720,
        "dataCorrecta": 10801590,
        "conventional": 7910820,
        "organic": 8659120,
        "groupBy1_price": 7511800,
        "groupBy2_price": 8927421,
        "mask": 28339261,
        "corr": 2656300,
        "region_dummi": 17943059,
        "data_nueva": 26313270,
        "data_train": 26159011,
        "targer_train": 30532490,
        "dummi_month": 8147841,
        "region_dummi_fecha": 8241800
      }
    },
    {
      "raw": "",
      "total-ns": 312100,
      "vars": {},
      "p2m": {
        "data": 13077620,
        "dataIncorrecta": 13264700,
        "dataCorrecta": 13345760,
        "conventional": 10420220,
        "organic": 14253410,
        "groupBy1_price": 9390371,
        "groupBy2_price": 10090800,
        "mask": 9588191,
        "corr": 4037740,
        "region_dummi": 13625220,
        "data_nueva": 26633220,
        "data_train": 22425351,
        "targer_train": 9060511,
        "dummi_month": 8469640,
        "region_dummi_fecha": 7256060
      },
      "m2p": {
        "data": 13349040,
        "dataIncorrecta": 12814329,
        "dataCorrecta": 14845780,
        "conventional": 11662991,
        "organic": 13813290,
        "groupBy1_price": 11313410,
        "groupBy2_price": 13084750,
        "mask": 35810750,
        "corr": 2809610,
        "region_dummi": 17442370,
        "data_nueva": 14001691,
        "data_train": 23666150,
        "targer_train": 27912620,
        "dummi_month": 8541130,
        "region_dummi_fecha": 8465370
      }
    },
    {
      "raw": "",
      "total-ns": 406210,
      "vars": {},
      "p2m": {
        "data": 13741030,
        "dataIncorrecta": 11186700,
        "dataCorrecta": 12393790,
        "conventional": 9740699,
        "organic": 11130050,
        "groupBy1_price": 7627470,
        "groupBy2_price": 7794621,
        "mask": 7718889,
        "corr": 2643590,
        "region_dummi": 16299351,
        "data_nueva": 27414831,
        "data_train": 27255900,
        "targer_train": 8715480,
        "dummi_month": 8666240,
        "region_dummi_fecha": 7872390
      },
      "m2p": {
        "data": 11626820,
        "dataIncorrecta": 10370320,
        "dataCorrecta": 10274190,
        "conventional": 10138661,
        "organic": 10230070,
        "groupBy1_price": 9291030,
        "groupBy2_price": 8385580,
        "mask": 30678691,
        "corr": 3175360,
        "region_dummi": 15664311,
        "data_nueva": 24511201,
        "data_train": 24297010,
        "targer_train": 28157240,
        "dummi_month": 9168541,
        "region_dummi_fecha": 7100900
      }
    },
    {
      "raw": "data_train.head()",
      "total-ns": 1636700,
      "vars": {},
      "p2m": {
        "data": 14703680,
        "dataIncorrecta": 11661790,
        "dataCorrecta": 11780730,
        "conventional": 9977250,
        "organic": 11764250,
        "groupBy1_price": 8894761,
        "groupBy2_price": 7565781,
        "mask": 9451640,
        "corr": 2581351,
        "region_dummi": 14260500,
        "data_nueva": 28864861,
        "data_train": 28344421,
        "targer_train": 6806560,
        "dummi_month": 10023761,
        "region_dummi_fecha": 6884420
      },
      "m2p": {
        "data": 12193151,
        "dataIncorrecta": 11205511,
        "dataCorrecta": 10050700,
        "conventional": 11047369,
        "organic": 9584430,
        "groupBy1_price": 6971000,
        "groupBy2_price": 7469691,
        "mask": 31154430,
        "corr": 2422210,
        "region_dummi": 11752230,
        "data_nueva": 22029050,
        "data_train": 32299090,
        "targer_train": 29672700,
        "dummi_month": 7823790,
        "region_dummi_fecha": 6582740
      }
    },
    {
      "raw": "",
      "total-ns": 269640,
      "vars": {},
      "p2m": {
        "data": 13678920,
        "dataIncorrecta": 13323540,
        "dataCorrecta": 12094450,
        "conventional": 10904500,
        "organic": 10308420,
        "groupBy1_price": 6251680,
        "groupBy2_price": 8535550,
        "mask": 8836170,
        "corr": 2548400,
        "region_dummi": 14073659,
        "data_nueva": 26639350,
        "data_train": 25791511,
        "targer_train": 6587100,
        "dummi_month": 7956041,
        "region_dummi_fecha": 8779251
      },
      "m2p": {
        "data": 10589740,
        "dataIncorrecta": 9051841,
        "dataCorrecta": 10480150,
        "conventional": 8890010,
        "organic": 8798311,
        "groupBy1_price": 8174710,
        "groupBy2_price": 6224250,
        "mask": 28737151,
        "corr": 2672110,
        "region_dummi": 12983211,
        "data_nueva": 24071421,
        "data_train": 25121570,
        "targer_train": 31372370,
        "dummi_month": 5547120,
        "region_dummi_fecha": 7927109
      }
    },
    {
      "raw": "",
      "total-ns": 240271,
      "vars": {},
      "p2m": {
        "data": 15875260,
        "dataIncorrecta": 11153191,
        "dataCorrecta": 10143040,
        "conventional": 9941490,
        "organic": 9555170,
        "groupBy1_price": 7300441,
        "groupBy2_price": 7127200,
        "mask": 6161430,
        "corr": 1836710,
        "region_dummi": 13490510,
        "data_nueva": 21409890,
        "data_train": 20001011,
        "targer_train": 9120220,
        "dummi_month": 6661060,
        "region_dummi_fecha": 6162699
      },
      "m2p": {
        "data": 14160860,
        "dataIncorrecta": 9850440,
        "dataCorrecta": 9797910,
        "conventional": 8594310,
        "organic": 9392551,
        "groupBy1_price": 6070981,
        "groupBy2_price": 6113470,
        "mask": 28330290,
        "corr": 2360741,
        "region_dummi": 10762370,
        "data_nueva": 17612320,
        "data_train": 15189430,
        "targer_train": 23863031,
        "dummi_month": 12808160,
        "region_dummi_fecha": 5595621
      }
    },
    {
      "raw": "",
      "total-ns": 393659,
      "vars": {},
      "p2m": {
        "data": 12331150,
        "dataIncorrecta": 9674800,
        "dataCorrecta": 10009391,
        "conventional": 9387270,
        "organic": 12413930,
        "groupBy1_price": 9291821,
        "groupBy2_price": 10435980,
        "mask": 7537850,
        "corr": 2907510,
        "region_dummi": 15492730,
        "data_nueva": 20400520,
        "data_train": 19678730,
        "targer_train": 8695200,
        "dummi_month": 10538240,
        "region_dummi_fecha": 8357721
      },
      "m2p": {
        "data": 9729731,
        "dataIncorrecta": 7627930,
        "dataCorrecta": 7982710,
        "conventional": 7405860,
        "organic": 9582360,
        "groupBy1_price": 9476050,
        "groupBy2_price": 9512010,
        "mask": 28716620,
        "corr": 2593240,
        "region_dummi": 15527100,
        "data_nueva": 19838821,
        "data_train": 15653160,
        "targer_train": 26200661,
        "dummi_month": 9696620,
        "region_dummi_fecha": 10085290
      }
    },
    {
      "raw": "",
      "total-ns": 237250,
      "vars": {},
      "p2m": {
        "data": 16623750,
        "dataIncorrecta": 13143511,
        "dataCorrecta": 13993900,
        "conventional": 12153790,
        "organic": 13507270,
        "groupBy1_price": 9160481,
        "groupBy2_price": 8316381,
        "mask": 5703729,
        "corr": 2646730,
        "region_dummi": 13123530,
        "data_nueva": 22120211,
        "data_train": 22283430,
        "targer_train": 7906960,
        "dummi_month": 8040560,
        "region_dummi_fecha": 6828799
      },
      "m2p": {
        "data": 13462131,
        "dataIncorrecta": 12255500,
        "dataCorrecta": 11116570,
        "conventional": 12493050,
        "organic": 11497120,
        "groupBy1_price": 10547150,
        "groupBy2_price": 10592821,
        "mask": 27899950,
        "corr": 3578599,
        "region_dummi": 11351231,
        "data_nueva": 17885870,
        "data_train": 15304210,
        "targer_train": 32370840,
        "dummi_month": 7335570,
        "region_dummi_fecha": 6800561
      }
    },
    {
      "raw": "",
      "total-ns": 226171,
      "vars": {},
      "p2m": {
        "data": 12862040,
        "dataIncorrecta": 9107640,
        "dataCorrecta": 12884231,
        "conventional": 10085740,
        "organic": 8087670,
        "groupBy1_price": 6278029,
        "groupBy2_price": 10643630,
        "mask": 6704320,
        "corr": 2071280,
        "region_dummi": 13992790,
        "data_nueva": 26333070,
        "data_train": 25319881,
        "targer_train": 9646101,
        "dummi_month": 10885950,
        "region_dummi_fecha": 8658580
      },
      "m2p": {
        "data": 11616611,
        "dataIncorrecta": 9426110,
        "dataCorrecta": 9018480,
        "conventional": 12876100,
        "organic": 10988970,
        "groupBy1_price": 5370780,
        "groupBy2_price": 7736720,
        "mask": 23764370,
        "corr": 3179950,
        "region_dummi": 14790830,
        "data_nueva": 31342391,
        "data_train": 33997130,
        "targer_train": 30594310,
        "dummi_month": 13299200,
        "region_dummi_fecha": 9280970
      }
    },
    {
      "raw": "\n",
      "total-ns": 253321,
      "vars": {},
      "p2m": {
        "data": 16292620,
        "dataIncorrecta": 15677311,
        "dataCorrecta": 12554550,
        "conventional": 10448230,
        "organic": 12391031,
        "groupBy1_price": 8369460,
        "groupBy2_price": 10082530,
        "mask": 11041510,
        "corr": 2716830,
        "region_dummi": 12631019,
        "data_nueva": 23110131,
        "data_train": 22922230,
        "targer_train": 6539990,
        "dummi_month": 8115600,
        "region_dummi_fecha": 7401490
      },
      "m2p": {
        "data": 17116851,
        "dataIncorrecta": 10903810,
        "dataCorrecta": 12582610,
        "conventional": 12707580,
        "organic": 10972831,
        "groupBy1_price": 8852270,
        "groupBy2_price": 10268030,
        "mask": 31024791,
        "corr": 4165880,
        "region_dummi": 14058270,
        "data_nueva": 20562410,
        "data_train": 23509501,
        "targer_train": 27200441,
        "dummi_month": 7919990,
        "region_dummi_fecha": 8132050
      }
    },
    {
      "raw": "",
      "total-ns": 230721,
      "vars": {},
      "p2m": {
        "data": 13277560,
        "dataIncorrecta": 11161191,
        "dataCorrecta": 10589190,
        "conventional": 10049790,
        "organic": 12276120,
        "groupBy1_price": 7555860,
        "groupBy2_price": 8155270,
        "mask": 8316170,
        "corr": 2298220,
        "region_dummi": 15660630,
        "data_nueva": 27801170,
        "data_train": 26301700,
        "targer_train": 7885910,
        "dummi_month": 7911420,
        "region_dummi_fecha": 7688300
      },
      "m2p": {
        "data": 13377051,
        "dataIncorrecta": 10528270,
        "dataCorrecta": 10903980,
        "conventional": 10211251,
        "organic": 10254730,
        "groupBy1_price": 9032291,
        "groupBy2_price": 8861231,
        "mask": 31725881,
        "corr": 2789820,
        "region_dummi": 14321220,
        "data_nueva": 26245741,
        "data_train": 25315531,
        "targer_train": 28827791,
        "dummi_month": 5753490,
        "region_dummi_fecha": 6750970
      }
    },
    {
      "raw": "",
      "total-ns": 221490,
      "vars": {},
      "p2m": {
        "data": 12726581,
        "dataIncorrecta": 10498950,
        "dataCorrecta": 10102551,
        "conventional": 10010120,
        "organic": 10369880,
        "groupBy1_price": 9322370,
        "groupBy2_price": 10270310,
        "mask": 11399990,
        "corr": 2677990,
        "region_dummi": 17068070,
        "data_nueva": 30077590,
        "data_train": 25500551,
        "targer_train": 8207330,
        "dummi_month": 7196381,
        "region_dummi_fecha": 11909309
      },
      "m2p": {
        "data": 10540481,
        "dataIncorrecta": 9864550,
        "dataCorrecta": 9695670,
        "conventional": 9489441,
        "organic": 9661310,
        "groupBy1_price": 6764980,
        "groupBy2_price": 13936621,
        "mask": 32140041,
        "corr": 4483300,
        "region_dummi": 18468200,
        "data_nueva": 32096911,
        "data_train": 23291531,
        "targer_train": 28139251,
        "dummi_month": 7489220,
        "region_dummi_fecha": 8856129
      }
    },
    {
      "raw": "",
      "total-ns": 230169,
      "vars": {},
      "p2m": {
        "data": 15432950,
        "dataIncorrecta": 11934601,
        "dataCorrecta": 10989091,
        "conventional": 10146881,
        "organic": 11704861,
        "groupBy1_price": 8590020,
        "groupBy2_price": 9652991,
        "mask": 7285070,
        "corr": 2149400,
        "region_dummi": 16119500,
        "data_nueva": 32748821,
        "data_train": 27808281,
        "targer_train": 10166120,
        "dummi_month": 8860240,
        "region_dummi_fecha": 10327940
      },
      "m2p": {
        "data": 16222491,
        "dataIncorrecta": 12971380,
        "dataCorrecta": 16493180,
        "conventional": 11332200,
        "organic": 12092011,
        "groupBy1_price": 9683630,
        "groupBy2_price": 10304780,
        "mask": 27935961,
        "corr": 2194740,
        "region_dummi": 19014911,
        "data_nueva": 27267450,
        "data_train": 27550750,
        "targer_train": 34856040,
        "dummi_month": 8743041,
        "region_dummi_fecha": 8779240
      }
    }
  ]
}