{
  "cells": [
    {
      "raw": "import os\n\nimport os\nos.environ[\"MODIN_ENGINE\"] = \"ray\"\nimport ray\nos.environ['MODIN_CPUS'] = \"4\"\nray.init(num_cpus=4, runtime_env={'env_vars': {'__MODIN_AUTOIMPORT_PANDAS__': '1'}})\nimport modin.pandas as pd\nimport numpy as np\n\n# visualization\nimport matplotlib.pyplot as plt\nimport seaborn as sns\nimport plotly.express as px\nimport plotly.figure_factory as ff\nimport plotly.graph_objects as go\n\ncolors = ['gold', 'mediumturquoise', 'darkorange', 'lightgreen']\nkaggle_colors = ['#39c5ff', '#ffffff', '#f2f2f2', '#9ca3a4', '#3f484b']\nfont = 'Rubik'",
      "total-ns": 6134762777,
      "vars": {},
      "p2m": {},
      "m2p": {}
    },
    {
      "raw": "df = pd.read_csv('../input/kaggle-survey-2022/kaggle_survey_2022_responses.csv')",
      "total-ns": 6460812043,
      "vars": {},
      "p2m": {
        "df": 649944742
      },
      "m2p": {
        "df": 2096518716
      }
    },
    {
      "raw": "df.info()",
      "total-ns": 747833383,
      "vars": {},
      "p2m": {
        "df": 555657913
      },
      "m2p": {
        "df": 788262925
      }
    },
    {
      "raw": "df",
      "total-ns": 676600,
      "vars": {},
      "p2m": {
        "df": 589325074
      },
      "m2p": {
        "df": 710838358
      }
    },
    {
      "raw": "df = df[1:]",
      "total-ns": 3695390,
      "vars": {},
      "p2m": {
        "df": 579462184
      },
      "m2p": {
        "df": 1072625166
      }
    },
    {
      "raw": "df['Duration (in seconds)'] = df['Duration (in seconds)'].astype('int')",
      "total-ns": 20072281,
      "vars": {},
      "p2m": {
        "df": 561562604
      },
      "m2p": {
        "df": 1211343060
      }
    },
    {
      "raw": "df.loc[df[\"Q3\"] == \"Nonbinary\", \"Q3\"] = \"Others\"\ndf.loc[df[\"Q3\"] == \"Prefer not to say\", \"Q3\"] = \"Others\"\ndf.loc[df[\"Q3\"] == \"Prefer to self-describe\", \"Q3\"] = \"Others\"",
      "total-ns": 460207741,
      "vars": {},
      "p2m": {
        "df": 558990904
      },
      "m2p": {
        "df": 1029749945
      }
    },
    {
      "raw": "gender_count = df.groupby(['Q3']).size().reset_index().rename(columns={0: 'count'})\n\n# STEFANOS: Disable plotting\n# fig=px.bar(data_frame=gender_count, x='Q3', y='count',color='Q3',template='plotly_dark',color_discrete_sequence=['#39c5ff','#F5F5F1'],\n#                  text_auto=True,barmode='stack',\n#           title=\"Gender Countplot\")\n\n# fig.update_traces(textfont_size=20, textangle=0, textposition=\"outside\", cliponaxis=False)\n# fig.update_traces( marker_line_color='#3f484b',\n#                   marker_line_width=3.5)\n\n# fig.update_layout(\n#     title=\"Gender Countplot\",\n#     xaxis_title=\"Genders\",\n#     yaxis_title=\"Count\",\n#     legend_title=\"Genders\",\n#     font=dict(\n#         family=\"Rubik\",\n#         size=18\n#     )\n# )\n\n# fig.show()",
      "total-ns": 290044977,
      "vars": {},
      "p2m": {
        "df": 603729824,
        "gender_count": 1759290
      },
      "m2p": {
        "df": 703579438,
        "gender_count": 7157341
      }
    },
    {
      "raw": "duration_count = df.groupby(['Duration (in seconds)']).size().reset_index().rename(columns={0: 'count'})\nduration_count = duration_count[:1000]\n\n# STEFANOS: Disable plotting\n# fig=px.histogram(data_frame=duration_count, x='Duration (in seconds)', y='count',template='plotly_dark',color_discrete_sequence=['#39c5ff','#F5F5F1'],\n#                  text_auto=True,barmode='stack',\n#           title=\"Duration Histogram\")\n\n# fig.update_traces(textfont_size=20, textangle=0, textposition=\"outside\", cliponaxis=False)\n# fig.update_traces( marker_line_color='#3f484b',\n#                   marker_line_width=3.5)\n\n# fig.update_layout(\n#     title=\"Duration Histogram\",\n#     font=dict(\n#         family=\"Rubik\",\n#         size=14\n#     )\n# )\n\n# fig.show()",
      "total-ns": 276852127,
      "vars": {},
      "p2m": {
        "df": 524409712,
        "gender_count": 2449570,
        "duration_count": 5571840
      },
      "m2p": {
        "df": 716807278,
        "gender_count": 3316270,
        "duration_count": 12647320
      }
    },
    {
      "raw": "age_count = df.groupby(['Q2']).size().reset_index().rename(columns={0: 'count'})\n\n# STEFANOS: Disable plotting\n# fig=px.bar(data_frame=age_count, x='Q2', y='count',color='Q2',template='plotly_dark',color_discrete_sequence=['#39c5ff','#F5F5F1'],\n#                  text_auto=True,barmode='stack',\n#           title=\"Age Countplot\")\n\n# fig.update_traces(textfont_size=20, textangle=0, textposition=\"outside\", cliponaxis=False)\n# fig.update_traces( marker_line_color='#3f484b',\n#                   marker_line_width=3.5)\n\n# fig.update_layout(\n#     title=\"Age Countplot\",\n#     xaxis_title=\"Age Groups\",\n#     yaxis_title=\"Count\",\n#     legend_title=\"Age Groups\",\n#     font=dict(\n#         family=\"Rubik\",\n#         size=12\n#     )\n# )\n\n# fig.show()",
      "total-ns": 265178346,
      "vars": {},
      "p2m": {
        "df": 519922373,
        "gender_count": 2667680,
        "duration_count": 6368030,
        "age_count": 1795460
      },
      "m2p": {
        "df": 706594648,
        "gender_count": 4843959,
        "duration_count": 7304110,
        "age_count": 6943280
      }
    },
    {
      "raw": "country_count = df.groupby(['Q4']).size().reset_index().rename(columns={0: 'count'})\ncountry_count = country_count.sort_values(by=['count'], ascending=False).reset_index(drop=True)\ncountry_count = country_count[:10]\n\n# STEFANOS: Disable plotting\n# fig=px.bar(data_frame=country_count,x='Q4', y='count',color='Q4',template='plotly_dark',color_discrete_sequence=['#39c5ff','#F5F5F1'],\n#                  text_auto=True,barmode='stack',\n#           title=\"Country Countplot\")\n\n# fig.update_traces(textfont_size=20, textangle=0, textposition=\"outside\", cliponaxis=False)\n# fig.update_traces( marker_line_color='#3f484b',\n#                   marker_line_width=3.5)\n\n# fig.update_layout(\n#     title=\"Top 10 Countries Plot\",\n#     xaxis_title=\"Countries\",\n#     yaxis_title=\"Count\",\n#     legend_title=\"Countries\",\n#     font=dict(\n#         family=\"Rubik\",\n#         size=13\n#     )\n# )\n\n# fig.show()",
      "total-ns": 323039308,
      "vars": {},
      "p2m": {
        "df": 527122943,
        "gender_count": 2583660,
        "duration_count": 5741131,
        "age_count": 2034281,
        "country_count": 1980710
      },
      "m2p": {
        "df": 694397827,
        "gender_count": 2922460,
        "duration_count": 5421290,
        "age_count": 2213340,
        "country_count": 10610210
      }
    },
    {
      "raw": "country_df = df.groupby(['Q4']).size().reset_index().rename(columns={0: 'count'})\n\n# STEFANOS: Disable plotting\n# fig = px.choropleth(country_df, locations=\"Q4\", color=\"count\", \n#                     locationmode='country names',\n#                     range_color=[0,5000],\n#                     color_continuous_scale=[(0, \"#ffffff\"), (1, '#39c5ff')],\n#                     template='plotly_dark'\n#                    )\n\n# fig.update_layout(\n#     title=\"World Map\",\n#     font=dict(\n#         family=\"Rubik\",\n#         size=14\n#     )\n# )\n\n# fig.show()",
      "total-ns": 266723906,
      "vars": {},
      "p2m": {
        "df": 533600893,
        "gender_count": 2748600,
        "duration_count": 6789450,
        "age_count": 2683600,
        "country_count": 2066130,
        "country_df": 3856420
      },
      "m2p": {
        "df": 704988637,
        "gender_count": 3774320,
        "duration_count": 5216990,
        "age_count": 2821730,
        "country_count": 2109910,
        "country_df": 11499020
      }
    },
    {
      "raw": "student_count = df.groupby(['Q5']).size().reset_index().rename(columns={0: 'count'})\n\n# STEFANOS: Disable plotting\n# fig = go.Figure(\n#     data=[go.Pie(labels=student_count['Q5'], values=student_count['count'], hole=.4)])\n\n# fig.update_traces(hoverinfo='label+percent', textinfo='value', textfont_size=20,\n#                   marker=dict(colors=colors, line=dict(color='#000000', width=2)))\n\n# fig.update_layout(\n#     title=\"Student Count\",\n#     template='plotly_dark',\n#     font=dict(\n#         family=\"Rubik\",\n#         size=18\n#     )\n# )\n\n# fig.show()",
      "total-ns": 233703786,
      "vars": {},
      "p2m": {
        "df": 534399813,
        "gender_count": 2757110,
        "duration_count": 5307461,
        "age_count": 1880360,
        "country_count": 2229280,
        "country_df": 3788140,
        "student_count": 2790819
      },
      "m2p": {
        "df": 704559126,
        "gender_count": 3290620,
        "duration_count": 5070340,
        "age_count": 2165260,
        "country_count": 2017320,
        "country_df": 3533740,
        "student_count": 7657530
      }
    },
    {
      "raw": "degree_count = df.groupby(['Q8']).size().reset_index().rename(columns={0: 'count'})\ndegree_count.loc[degree_count[\"Q8\"] == \"Some college/university study without earning a bachelor\u2019s degree\", \"Q8\"] = \"College Without Bachelors\"\n\n# STEFANOS: Disable plotting\n# fig = go.Figure(\n#     data=[go.Pie(labels=degree_count['Q8'], values=degree_count['count'], hole=.4)])\n\n# fig.update_traces(hoverinfo='label+percent', textinfo='value', textfont_size=20,\n#                   marker=dict(colors=colors, line=dict(color='#000000', width=2)))\n\n# # fig.update_layout(template='plotly_dark')\n\n# fig.update_layout(\n#     title=\"Educational Background\",\n#     template='plotly_dark',\n#     font=dict(\n#         family=\"Rubik\",\n#         size=14\n#     )\n# )\n\n# fig.show()",
      "total-ns": 264086496,
      "vars": {},
      "p2m": {
        "df": 552470863,
        "gender_count": 2119880,
        "duration_count": 4955371,
        "age_count": 2020550,
        "country_count": 1547790,
        "country_df": 3158880,
        "student_count": 2904610,
        "degree_count": 1936890
      },
      "m2p": {
        "df": 695011617,
        "gender_count": 2624650,
        "duration_count": 5130520,
        "age_count": 1925910,
        "country_count": 2254721,
        "country_df": 3207749,
        "student_count": 1844180,
        "degree_count": 7544470
      }
    },
    {
      "raw": "experience_count = df.groupby(['Q16']).size().reset_index().rename(columns={0: 'count'})\n\n# STEFANOS: Disable plotting\n# fig = go.Figure(\n#     data=[go.Pie(labels=experience_count['Q16'], values=experience_count['count'], hole=.4)])\n\n# fig.update_traces(hoverinfo='label+percent', textinfo='value', textfont_size=20,\n#                   marker=dict(colors=colors, line=dict(color='#000000', width=2)))\n\n# # fig.update_layout(template='plotly_dark')\n\n# fig.update_layout(\n#     title=\"ML Experience\",\n#     template='plotly_dark',\n#     font=dict(\n#         family=\"Rubik\",\n#         size=14\n#     )\n# )\n\n# fig.show()",
      "total-ns": 268154467,
      "vars": {},
      "p2m": {
        "df": 514011382,
        "gender_count": 2337430,
        "duration_count": 5397890,
        "age_count": 3145220,
        "country_count": 1740960,
        "country_df": 3050130,
        "student_count": 1671040,
        "degree_count": 1592920,
        "experience_count": 1938470
      },
      "m2p": {
        "df": 703568347,
        "gender_count": 2875629,
        "duration_count": 4907721,
        "age_count": 2111860,
        "country_count": 1871550,
        "country_df": 3049130,
        "student_count": 1806550,
        "degree_count": 1769350,
        "experience_count": 6888740
      }
    },
    {
      "raw": "annual_income_df = df.groupby(['Q29']).size().reset_index().rename(columns={0: 'count'})\n\n# STEFANOS: Disable plotting\n# fig = go.Figure(\n#     data=[go.Pie(labels=annual_income_df['Q29'], values=annual_income_df['count'], hole=.4)])\n\n# fig.update_traces(hoverinfo='label+percent', textinfo='value', textfont_size=20,\n#                   marker=dict(colors=colors, line=dict(color='#000000', width=2)))\n\n# # fig.update_layout(template='plotly_dark')\n\n# fig.update_layout(\n#     title=\"Yearly Compensation in USD\",\n#     template='plotly_dark',\n#     font=dict(\n#         family=\"Rubik\",\n#         size=14\n#     )\n# )\n\n# fig.show()",
      "total-ns": 282898437,
      "vars": {},
      "p2m": {
        "df": 526143143,
        "gender_count": 4014020,
        "duration_count": 7899610,
        "age_count": 3215960,
        "country_count": 3768170,
        "country_df": 4775750,
        "student_count": 2714790,
        "degree_count": 3113550,
        "experience_count": 2893210,
        "annual_income_df": 2371570
      },
      "m2p": {
        "df": 673316456,
        "gender_count": 3488810,
        "duration_count": 8875270,
        "age_count": 2730860,
        "country_count": 3844060,
        "country_df": 4801139,
        "student_count": 2881460,
        "degree_count": 2619800,
        "experience_count": 2549170,
        "annual_income_df": 7313910
      }
    },
    {
      "raw": "gender_duration_count = df.groupby(['Duration (in seconds)', 'Q3']).size().reset_index().rename(columns={0: 'count'})\ngender_duration_count = gender_duration_count[:3000]\n\n# STEFANOS: Disable plotting\n# hist_colors = ['#39c5ff', '#ffffff', 'orange']\n\n# fig = px.histogram(gender_duration_count, x=\"Duration (in seconds)\", y=\"count\", color='Q3',\n#                    marginal=\"box\", color_discrete_sequence=hist_colors,\n#                    hover_data=gender_duration_count.columns,\n#                   template='plotly_dark')\n\n# fig.update_layout(\n#     title=\"Duration X Gender\",\n#     xaxis_title=\"Duration (in seconds)\",\n#     yaxis_title=\"Count\",\n#     legend_title=\"Gender\",\n#     font=dict(\n#         family=\"Rubik\",\n#         size=16\n#     )\n# )\n\n# fig.show()",
      "total-ns": 336338639,
      "vars": {},
      "p2m": {
        "df": 550637554,
        "gender_count": 3815251,
        "duration_count": 7803610,
        "age_count": 3412870,
        "country_count": 2855341,
        "country_df": 3805130,
        "student_count": 1967970,
        "degree_count": 2206580,
        "experience_count": 2025020,
        "annual_income_df": 1884800,
        "gender_duration_count": 10669130
      },
      "m2p": {
        "df": 732084668,
        "gender_count": 3788301,
        "duration_count": 9601010,
        "age_count": 2762991,
        "country_count": 2727800,
        "country_df": 4123860,
        "student_count": 2047430,
        "degree_count": 2067090,
        "experience_count": 2034570,
        "annual_income_df": 1925030,
        "gender_duration_count": 20967611
      }
    },
    {
      "raw": "country_gender = df.groupby(['Q4', 'Q3']).size().reset_index().rename(columns={0: 'count'})\n\n# STEFANOS: Disable plotting\n# fig = px.treemap(country_gender, values='count', path=['Q4', 'Q3'], template='plotly_dark',\n#                 title=\"Country X Gender TreeMap\")\n# fig.update_traces(textinfo=\"label+percent parent\")\n\n# fig.show()",
      "total-ns": 316717448,
      "vars": {},
      "p2m": {
        "df": 546543363,
        "gender_count": 2852090,
        "duration_count": 8646071,
        "age_count": 2905020,
        "country_count": 3214500,
        "country_df": 5552510,
        "student_count": 4779840,
        "degree_count": 3230300,
        "experience_count": 3141120,
        "annual_income_df": 4240140,
        "gender_duration_count": 13546411,
        "country_gender": 7524030
      },
      "m2p": {
        "df": 703304978,
        "gender_count": 4295030,
        "duration_count": 10472980,
        "age_count": 4118400,
        "country_count": 3303960,
        "country_df": 5765390,
        "student_count": 3615550,
        "degree_count": 3677721,
        "experience_count": 3782700,
        "annual_income_df": 3716950,
        "gender_duration_count": 11405220,
        "country_gender": 26738080
      }
    },
    {
      "raw": "age_duration_df = df[df['Duration (in seconds)']<2000].groupby('Q2')['Duration (in seconds)'].mean().round(1).reset_index()\n\n# STEFANOS: Disable plotting\n# fig=px.bar(data_frame=age_duration_df, x='Q2', y='Duration (in seconds)',\n#            color='Q2',template='plotly_dark',color_discrete_sequence=['#39c5ff','#F5F5F1'],\n#                  text_auto=True,barmode='stack',\n#           title=\"Age Countplot\")\n\n# fig.update_traces(textfont_size=20, textangle=0, textposition=\"outside\", cliponaxis=False)\n# fig.update_traces( marker_line_color='#3f484b',\n#                   marker_line_width=3.5)\n\n# fig.update_layout(\n#     title=\"Duration with Age\",\n#     xaxis_title=\"Age Groups\",\n#     yaxis_title=\"Duration (in seconds)\",\n#     legend_title=\"Age Groups\",\n#     font=dict(\n#         family=\"Rubik\",\n#         size=12\n#     )\n# )\n\n# fig.show()",
      "total-ns": 3859455324,
      "vars": {},
      "p2m": {
        "df": 519127323,
        "gender_count": 3444030,
        "duration_count": 5779750,
        "age_count": 2731350,
        "country_count": 2858870,
        "country_df": 2767090,
        "student_count": 1515020,
        "degree_count": 1384899,
        "experience_count": 1428290,
        "annual_income_df": 1822760,
        "gender_duration_count": 7401220,
        "country_gender": 10680749,
        "age_duration_df": 3248990
      },
      "m2p": {
        "df": 968340633,
        "gender_count": 2671990,
        "duration_count": 5361781,
        "age_count": 1930850,
        "country_count": 1586220,
        "country_df": 3400630,
        "student_count": 1458041,
        "degree_count": 1336971,
        "experience_count": 1469859,
        "annual_income_df": 1336420,
        "gender_duration_count": 5453120,
        "country_gender": 5692681,
        "age_duration_df": 8403751
      }
    },
    {
      "raw": "education_gender = df.groupby(['Q8', 'Q3']).size().reset_index().rename(columns={0: 'count'})\n\n# STEFANOS: Disable plotting\n# fig = px.treemap(education_gender, values='count', path=['Q8', 'Q3'], template='plotly_dark',\n#                 title=\"Education X Gender TreeMap\")\n# fig.update_traces(textinfo=\"label+percent parent\")\n\n# fig.show()",
      "total-ns": 339187288,
      "vars": {},
      "p2m": {
        "df": 574485654,
        "gender_count": 2603531,
        "duration_count": 4683621,
        "age_count": 1601690,
        "country_count": 1661440,
        "country_df": 2764200,
        "student_count": 1464180,
        "degree_count": 1415570,
        "experience_count": 1672190,
        "annual_income_df": 1433200,
        "gender_duration_count": 8405961,
        "country_gender": 5515370,
        "age_duration_df": 3992640,
        "education_gender": 3355900
      },
      "m2p": {
        "df": 706782417,
        "gender_count": 4599720,
        "duration_count": 5529039,
        "age_count": 1840041,
        "country_count": 1760161,
        "country_df": 2724080,
        "student_count": 1690530,
        "degree_count": 1586620,
        "experience_count": 1730970,
        "annual_income_df": 1825480,
        "gender_duration_count": 7427980,
        "country_gender": 5790570,
        "age_duration_df": 1873030,
        "education_gender": 9042770
      }
    },
    {
      "raw": "## Not Including India bcz it acts as an outlier here\ntop_9_countries = ['United States of America','Other', 'Brazil',\n                   'Nigeria', 'Pakistan', 'Japan', 'China', 'Egypt', 'Mexico']\n\ntop_9_countries_df = df[df['Q4'].isin(top_9_countries)]\n# STEFANOS: Disable plotting\n# fig = px.density_heatmap(\n#     top_9_countries_df, x='Q4', y='Q2',\n#     marginal_x='histogram', marginal_y='histogram', histfunc='count'\n# )\n\n# fig.update_yaxes(categoryorder='array', categoryarray= ['18-21','22-24','25-29','30-34', '35-39',\n#                                                         '40-44', '45-49', '50-54', '55-59', '60-69', '70+'])\n\n# fig.update_layout(\n#     title=\"Countires X Age Groups Density Plot\",\n#     xaxis_title=\"Countries\",\n#     yaxis_title=\"Age Groups\",\n#     font=dict(\n#         family=\"Rubik\",\n#         size=14\n#     )\n# )\n\n# fig.show()",
      "total-ns": 34668781,
      "vars": {},
      "p2m": {
        "df": 555741853,
        "gender_count": 1970221,
        "duration_count": 6292861,
        "age_count": 1492230,
        "country_count": 1659620,
        "country_df": 3801170,
        "student_count": 1884670,
        "degree_count": 1586000,
        "experience_count": 1625260,
        "annual_income_df": 2745030,
        "gender_duration_count": 5713250,
        "country_gender": 19408760,
        "age_duration_df": 2018310,
        "education_gender": 1454410,
        "top_9_countries_df": 229630856
      },
      "m2p": {
        "df": 685980767,
        "gender_count": 2738921,
        "duration_count": 4876310,
        "age_count": 1864610,
        "country_count": 1312070,
        "country_df": 2732830,
        "student_count": 3658530,
        "degree_count": 1567210,
        "experience_count": 1734380,
        "annual_income_df": 1381440,
        "gender_duration_count": 6109080,
        "country_gender": 8309100,
        "age_duration_df": 2246830,
        "education_gender": 2013420,
        "top_9_countries_df": 427825820
      }
    },
    {
      "raw": "gender_student = df.groupby(['Q3', 'Q5']).size().reset_index().rename(columns={0: 'count'})\n\n# STEFANOS: Disable plotting\n# fig = px.sunburst(gender_student, values='count', path=['Q3', 'Q5'], template='plotly_dark',\n#                 title=\"Gender X Student Sunburst\")\n# fig.update_traces(textinfo=\"label+percent parent\")\n\n# fig.show()",
      "total-ns": 382385430,
      "vars": {},
      "p2m": {
        "df": 576643573,
        "gender_count": 2231511,
        "duration_count": 5205660,
        "age_count": 1817480,
        "country_count": 1752940,
        "country_df": 3314550,
        "student_count": 2065910,
        "degree_count": 2006740,
        "experience_count": 2463950,
        "annual_income_df": 2027850,
        "gender_duration_count": 7695820,
        "country_gender": 8335001,
        "age_duration_df": 2118480,
        "education_gender": 2198051,
        "top_9_countries_df": 216556536,
        "gender_student": 3539410
      },
      "m2p": {
        "df": 680319227,
        "gender_count": 2550280,
        "duration_count": 4406560,
        "age_count": 1835130,
        "country_count": 1806220,
        "country_df": 2796740,
        "student_count": 1817760,
        "degree_count": 2114970,
        "experience_count": 1990090,
        "annual_income_df": 2305139,
        "gender_duration_count": 6632760,
        "country_gender": 6113310,
        "age_duration_df": 2157640,
        "education_gender": 2521291,
        "top_9_countries_df": 241083987,
        "gender_student": 8935840
      }
    }
  ]
}