{
  "cells": [
    {
      "raw": "# This Python 3 environment comes with many helpful analytics libraries installed\n# It is defined by the kaggle/python Docker image: https://github.com/kaggle/docker-python\n# For example, here's several helpful packages to load\n\nimport numpy as np # linear algebra\n\nimport os\nos.environ[\"MODIN_ENGINE\"] = \"ray\"\nimport ray\nos.environ['MODIN_CPUS'] = \"4\"\nray.init(num_cpus=4, runtime_env={'env_vars': {'__MODIN_AUTOIMPORT_PANDAS__': '1'}})\nimport modin.pandas as pd\n# Input data files are available in the read-only \"../input/\" directory\n# For example, running this (by clicking run or pressing Shift+Enter) will list all files under the input directory\n\nimport os\nfor dirname, _, filenames in os.walk('/kaggle/input'):\n    for filename in filenames:\n        print(os.path.join(dirname, filename))\n\n# You can write up to 20GB to the current directory (/kaggle/working/) that gets preserved as output when you create a version using \"Save & Run All\" \n# You can also write temporary files to /kaggle/temp/, but they won't be saved outside of the current session",
      "total-ns": 2644464287,
      "vars": {},
      "p2m": {},
      "m2p": {}
    },
    {
      "raw": "df = pd.read_csv(\"../input/shopping_trends_updated.csv\")\ndf.head()",
      "total-ns": 5715835634,
      "vars": {},
      "p2m": {
        "df": 8534190
      },
      "m2p": {
        "df": 25427728
      }
    },
    {
      "raw": "df.info()",
      "total-ns": 111090502,
      "vars": {},
      "p2m": {
        "df": 9388890
      },
      "m2p": {
        "df": 8332900
      }
    },
    {
      "raw": "df.shape",
      "total-ns": 522109,
      "vars": {},
      "p2m": {
        "df": 9541299
      },
      "m2p": {
        "df": 7544870
      }
    },
    {
      "raw": "df.columns",
      "total-ns": 471900,
      "vars": {},
      "p2m": {
        "df": 9254059
      },
      "m2p": {
        "df": 7455930
      }
    },
    {
      "raw": "df.info()",
      "total-ns": 100185183,
      "vars": {},
      "p2m": {
        "df": 8937358
      },
      "m2p": {
        "df": 6988609
      }
    },
    {
      "raw": "df.isnull().sum()",
      "total-ns": 17991649,
      "vars": {},
      "p2m": {
        "df": 19403009
      },
      "m2p": {
        "df": 10423078
      }
    },
    {
      "raw": "df.duplicated().sum()",
      "total-ns": 322202747,
      "vars": {},
      "p2m": {
        "df": 9240880
      },
      "m2p": {
        "df": 7330660
      }
    },
    {
      "raw": "df.describe()",
      "total-ns": 13346198,
      "vars": {},
      "p2m": {
        "df": 13698218
      },
      "m2p": {
        "df": 13086910
      }
    },
    {
      "raw": "gender_counts = df['Gender'].value_counts()",
      "total-ns": 87007724,
      "vars": {},
      "p2m": {
        "df": 9059550,
        "gender_counts": 2814600
      },
      "m2p": {
        "df": 11474939,
        "gender_counts": 7376220
      }
    },
    {
      "raw": "category_data = df['Category'].value_counts()",
      "total-ns": 82708844,
      "vars": {},
      "p2m": {
        "df": 9517029,
        "gender_counts": 4329910,
        "category_data": 2158650
      },
      "m2p": {
        "df": 12270109,
        "gender_counts": 5689400,
        "category_data": 6177899
      }
    },
    {
      "raw": "df.columns",
      "total-ns": 464580,
      "vars": {},
      "p2m": {
        "df": 9262530,
        "gender_counts": 1623910,
        "category_data": 1618139
      },
      "m2p": {
        "df": 8122999,
        "gender_counts": 6107099,
        "category_data": 5563270
      }
    },
    {
      "raw": "sold_items = df['Item Purchased'].value_counts().sort_values(ascending = False)\n",
      "total-ns": 98511823,
      "vars": {},
      "p2m": {
        "df": 9357689,
        "gender_counts": 1630710,
        "category_data": 1686440,
        "sold_items": 1786590
      },
      "m2p": {
        "df": 13121099,
        "gender_counts": 5506179,
        "category_data": 4673860,
        "sold_items": 4086180
      }
    },
    {
      "raw": "var = df.groupby(['Item Purchased', 'Gender']).size().reset_index(name='Customer Count')\nsorted_var = var.sort_values(by='Item Purchased', ascending=False)",
      "total-ns": 139108650,
      "vars": {},
      "p2m": {
        "df": 11677529,
        "gender_counts": 2159660,
        "category_data": 2511480,
        "sold_items": 1659550,
        "var": 2671749,
        "sorted_var": 2890200
      },
      "m2p": {
        "df": 14255169,
        "gender_counts": 6329630,
        "category_data": 7028730,
        "sold_items": 5724690,
        "var": 8404779,
        "sorted_var": 8053200
      }
    },
    {
      "raw": "var = df.groupby('Category')['Purchase Amount (USD)'].sum().reset_index().sort_values(by='Purchase Amount (USD)',ascending=False)",
      "total-ns": 2390089886,
      "vars": {},
      "p2m": {
        "df": 11575150,
        "gender_counts": 1915031,
        "category_data": 4176320,
        "sold_items": 2184240,
        "var": 1424410,
        "sorted_var": 3201110
      },
      "m2p": {
        "df": 12135678,
        "gender_counts": 5988200,
        "category_data": 5048420,
        "sold_items": 6297359,
        "var": 4917950,
        "sorted_var": 3403250
      }
    },
    {
      "raw": "var = df.groupby('Location')['Purchase Amount (USD)'].sum().reset_index().sort_values(by='Purchase Amount (USD)',ascending=False).head(10)",
      "total-ns": 1772984211,
      "vars": {},
      "p2m": {
        "df": 9344560,
        "gender_counts": 1766590,
        "category_data": 1919410,
        "sold_items": 2362990,
        "var": 1715540,
        "sorted_var": 4013640
      },
      "m2p": {
        "df": 9176599,
        "gender_counts": 5826419,
        "category_data": 6347919,
        "sold_items": 9055880,
        "var": 6185079,
        "sorted_var": 4836179
      }
    },
    {
      "raw": "size_count = df['Size'].value_counts()",
      "total-ns": 91714904,
      "vars": {},
      "p2m": {
        "df": 11661720,
        "gender_counts": 2038880,
        "category_data": 1707399,
        "sold_items": 2400270,
        "var": 2449810,
        "sorted_var": 3285799,
        "size_count": 1907460
      },
      "m2p": {
        "df": 14619678,
        "gender_counts": 6130589,
        "category_data": 5905440,
        "sold_items": 5040230,
        "var": 2756100,
        "sorted_var": 3281549,
        "size_count": 5030369
      }
    },
    {
      "raw": "color_count = df['Color'].value_counts().head(10)",
      "total-ns": 88506624,
      "vars": {},
      "p2m": {
        "df": 11636859,
        "gender_counts": 1674510,
        "category_data": 1439580,
        "sold_items": 1948910,
        "var": 1577930,
        "sorted_var": 2921619,
        "size_count": 1491410,
        "color_count": 1487981
      },
      "m2p": {
        "df": 7764090,
        "gender_counts": 5929549,
        "category_data": 5370470,
        "sold_items": 5185379,
        "var": 1995640,
        "sorted_var": 3040280,
        "size_count": 5810800,
        "color_count": 5041530
      }
    },
    {
      "raw": "df.columns",
      "total-ns": 760990,
      "vars": {},
      "p2m": {
        "df": 9310959,
        "gender_counts": 1525550,
        "category_data": 1697080,
        "sold_items": 1971380,
        "var": 1923170,
        "sorted_var": 3529660,
        "size_count": 1821250,
        "color_count": 1563530
      },
      "m2p": {
        "df": 7658540,
        "gender_counts": 5567510,
        "category_data": 5183919,
        "sold_items": 5539330,
        "var": 1928660,
        "sorted_var": 3040350,
        "size_count": 6015259,
        "color_count": 5119820
      }
    },
    {
      "raw": "season_data = df['Season'].value_counts()",
      "total-ns": 87729013,
      "vars": {},
      "p2m": {
        "df": 9104940,
        "gender_counts": 1387129,
        "category_data": 1702760,
        "sold_items": 1683530,
        "var": 1507990,
        "sorted_var": 2694610,
        "size_count": 1490540,
        "color_count": 1535940,
        "season_data": 1352940
      },
      "m2p": {
        "df": 12435068,
        "gender_counts": 5358670,
        "category_data": 4646719,
        "sold_items": 4744739,
        "var": 1520640,
        "sorted_var": 3125010,
        "size_count": 5162240,
        "color_count": 4586460,
        "season_data": 4453439
      }
    },
    {
      "raw": "subs_count = df['Subscription Status'].value_counts()",
      "total-ns": 88909314,
      "vars": {},
      "p2m": {
        "df": 9445529,
        "gender_counts": 1601200,
        "category_data": 2673009,
        "sold_items": 1764220,
        "var": 1657610,
        "sorted_var": 3252740,
        "size_count": 1579650,
        "color_count": 1374660,
        "season_data": 1468670,
        "subs_count": 1402800
      },
      "m2p": {
        "df": 12517259,
        "gender_counts": 5336280,
        "category_data": 6089699,
        "sold_items": 6848439,
        "var": 1954060,
        "sorted_var": 3206420,
        "size_count": 5895009,
        "color_count": 5047410,
        "season_data": 4762439,
        "subs_count": 4163270
      }
    },
    {
      "raw": "shipping_count = df['Shipping Type'].value_counts()",
      "total-ns": 90586733,
      "vars": {},
      "p2m": {
        "df": 9009600,
        "gender_counts": 2226010,
        "category_data": 2970620,
        "sold_items": 1886200,
        "var": 1668981,
        "sorted_var": 3195920,
        "size_count": 2235610,
        "color_count": 2005980,
        "season_data": 1606749,
        "subs_count": 1626650,
        "shipping_count": 1826369
      },
      "m2p": {
        "df": 12387100,
        "gender_counts": 5756099,
        "category_data": 6415390,
        "sold_items": 6137659,
        "var": 2066159,
        "sorted_var": 2892129,
        "size_count": 7708150,
        "color_count": 5865089,
        "season_data": 5851440,
        "subs_count": 5597970,
        "shipping_count": 5128810
      }
    },
    {
      "raw": "disc_count = df['Discount Applied'].value_counts()",
      "total-ns": 118584722,
      "vars": {},
      "p2m": {
        "df": 12145608,
        "gender_counts": 3158620,
        "category_data": 2916420,
        "sold_items": 2584290,
        "var": 2318820,
        "sorted_var": 7018159,
        "size_count": 3276050,
        "color_count": 2856601,
        "season_data": 1932430,
        "subs_count": 1849199,
        "shipping_count": 1961270,
        "disc_count": 2011691
      },
      "m2p": {
        "df": 13168280,
        "gender_counts": 11303010,
        "category_data": 7250289,
        "sold_items": 6049649,
        "var": 3233690,
        "sorted_var": 4433830,
        "size_count": 9526079,
        "color_count": 6593179,
        "season_data": 5310429,
        "subs_count": 5455680,
        "shipping_count": 5467920,
        "disc_count": 4545989
      }
    },
    {
      "raw": "df.columns",
      "total-ns": 506850,
      "vars": {},
      "p2m": {
        "df": 11844029,
        "gender_counts": 2267220,
        "category_data": 2045070,
        "sold_items": 1634450,
        "var": 1680260,
        "sorted_var": 2787999,
        "size_count": 2711880,
        "color_count": 3413740,
        "season_data": 3139110,
        "subs_count": 3016630,
        "shipping_count": 3188280,
        "disc_count": 2571089
      },
      "m2p": {
        "df": 8276990,
        "gender_counts": 6348419,
        "category_data": 5934450,
        "sold_items": 6166389,
        "var": 1789980,
        "sorted_var": 3114419,
        "size_count": 7068860,
        "color_count": 6631279,
        "season_data": 5289680,
        "subs_count": 5640850,
        "shipping_count": 6626119,
        "disc_count": 6027719
      }
    },
    {
      "raw": "df['Promo Code Used'].value_counts()",
      "total-ns": 110115202,
      "vars": {},
      "p2m": {
        "df": 9174639,
        "gender_counts": 1679930,
        "category_data": 1489470,
        "sold_items": 1444140,
        "var": 1587790,
        "sorted_var": 3333840,
        "size_count": 1565300,
        "color_count": 1508790,
        "season_data": 1703990,
        "subs_count": 1800470,
        "shipping_count": 1834219,
        "disc_count": 1641570
      },
      "m2p": {
        "df": 10333070,
        "gender_counts": 5555719,
        "category_data": 4709079,
        "sold_items": 5030670,
        "var": 1813009,
        "sorted_var": 2861090,
        "size_count": 5386999,
        "color_count": 5157530,
        "season_data": 4702459,
        "subs_count": 4673439,
        "shipping_count": 4614529,
        "disc_count": 4516440
      }
    }
  ]
}