{
  "cells": [
    {
      "raw": "\nimport os\nos.environ[\"MODIN_ENGINE\"] = \"ray\"\nimport ray\nos.environ['MODIN_CPUS'] = \"4\"\nray.init(num_cpus=4, runtime_env={'env_vars': {'__MODIN_AUTOIMPORT_PANDAS__': '1'}})\nimport modin.pandas as pd\nimport numpy as np\n\npd.plotting.register_matplotlib_converters()\nimport matplotlib.pyplot as plt\n%matplotlib inline\nimport seaborn as sns",
      "total-ns": 4437584857,
      "vars": {},
      "p2m": {},
      "m2p": {}
    },
    {
      "raw": "data =  pd.read_csv('../input/used_cars_Pakistan.csv',index_col=0)\ndata",
      "total-ns": 4622262753,
      "vars": {},
      "p2m": {
        "data": 24300948
      },
      "m2p": {
        "data": 21399569
      }
    },
    {
      "raw": "data.info()",
      "total-ns": 149287749,
      "vars": {},
      "p2m": {
        "data": 22254488
      },
      "m2p": {
        "data": 28477248
      }
    },
    {
      "raw": "data.make.value_counts().head(10)",
      "total-ns": 221502714,
      "vars": {},
      "p2m": {
        "data": 22280868
      },
      "m2p": {
        "data": 22246619
      }
    },
    {
      "raw": "data.model.value_counts().head(10)",
      "total-ns": 142524800,
      "vars": {},
      "p2m": {
        "data": 20289858
      },
      "m2p": {
        "data": 19969209
      }
    },
    {
      "raw": "data.city.value_counts().head(10)",
      "total-ns": 155041719,
      "vars": {},
      "p2m": {
        "data": 19151200
      },
      "m2p": {
        "data": 21438848
      }
    },
    {
      "raw": "data.year.value_counts().head(10)",
      "total-ns": 131788070,
      "vars": {},
      "p2m": {
        "data": 22635778
      },
      "m2p": {
        "data": 21571598
      }
    },
    {
      "raw": "data.Engine_displacement.value_counts().head(5)",
      "total-ns": 148659000,
      "vars": {},
      "p2m": {
        "data": 24306898
      },
      "m2p": {
        "data": 119769212
      }
    },
    {
      "raw": "data.Battery.value_counts().head()",
      "total-ns": 110969952,
      "vars": {},
      "p2m": {
        "data": 21409179
      },
      "m2p": {
        "data": 20672158
      }
    },
    {
      "raw": "100*(len(data)-data.Battery.isnull().sum())/len(data)",
      "total-ns": 61162615,
      "vars": {},
      "p2m": {
        "data": 17460839
      },
      "m2p": {
        "data": 19817829
      }
    },
    {
      "raw": "data.Price_Rs.mean()",
      "total-ns": 46617126,
      "vars": {},
      "p2m": {
        "data": 19295439
      },
      "m2p": {
        "data": 19469229
      }
    },
    {
      "raw": "data.Price_Rs.median()",
      "total-ns": 39349297,
      "vars": {},
      "p2m": {
        "data": 18046898
      },
      "m2p": {
        "data": 21746548
      }
    },
    {
      "raw": "",
      "total-ns": 217610,
      "vars": {},
      "p2m": {
        "data": 17865349
      },
      "m2p": {
        "data": 20808539
      }
    }
  ]
}