{
  "cells": [
    {
      "raw": "import warnings\nwarnings.filterwarnings('ignore')\nimport numpy as np\n\nimport os\nos.environ[\"MODIN_ENGINE\"] = \"ray\"\nimport ray\nos.environ['MODIN_CPUS'] = \"4\"\nray.init(num_cpus=4, runtime_env={'env_vars': {'__MODIN_AUTOIMPORT_PANDAS__': '1'}})\nimport modin.pandas as pd\n",
      "total-ns": 2815131403,
      "vars": {},
      "p2m": {},
      "m2p": {}
    },
    {
      "raw": "df=pd.read_csv(r'../input/churn-bigml-80.csv')",
      "total-ns": 5720082863,
      "vars": {},
      "p2m": {
        "df": 8488489
      },
      "m2p": {
        "df": 24473408
      }
    },
    {
      "raw": "df.info()",
      "total-ns": 118628221,
      "vars": {},
      "p2m": {
        "df": 10348819
      },
      "m2p": {
        "df": 9386340
      }
    },
    {
      "raw": "df.head()",
      "total-ns": 1251529,
      "vars": {},
      "p2m": {
        "df": 8665419
      },
      "m2p": {
        "df": 7408270
      }
    },
    {
      "raw": "df.shape",
      "total-ns": 504350,
      "vars": {},
      "p2m": {
        "df": 8998429
      },
      "m2p": {
        "df": 7293490
      }
    },
    {
      "raw": "df.columns",
      "total-ns": 487030,
      "vars": {},
      "p2m": {
        "df": 8881719
      },
      "m2p": {
        "df": 7278179
      }
    },
    {
      "raw": "df.nunique()",
      "total-ns": 5168260,
      "vars": {},
      "p2m": {
        "df": 11792579
      },
      "m2p": {
        "df": 8049730
      }
    },
    {
      "raw": "df.info()",
      "total-ns": 104048163,
      "vars": {},
      "p2m": {
        "df": 9286719
      },
      "m2p": {
        "df": 7824209
      }
    },
    {
      "raw": "df[\"Churn\"] = df[\"Churn\"].astype(\"int64\")",
      "total-ns": 12967218,
      "vars": {},
      "p2m": {
        "df": 10358919
      },
      "m2p": {
        "df": 148220080
      }
    },
    {
      "raw": "df.info()",
      "total-ns": 104963682,
      "vars": {},
      "p2m": {
        "df": 8986789
      },
      "m2p": {
        "df": 7164070
      }
    },
    {
      "raw": "df.describe().T",
      "total-ns": 31504317,
      "vars": {},
      "p2m": {
        "df": 12923859
      },
      "m2p": {
        "df": 10612709
      }
    },
    {
      "raw": "df.describe(include=[\"object\"]).T",
      "total-ns": 23522328,
      "vars": {},
      "p2m": {
        "df": 12038679
      },
      "m2p": {
        "df": 13264920
      }
    },
    {
      "raw": "df[\"Churn\"].value_counts()",
      "total-ns": 159929609,
      "vars": {},
      "p2m": {
        "df": 14305540
      },
      "m2p": {
        "df": 14954358
      }
    },
    {
      "raw": "df[\"Churn\"].value_counts(normalize=True)",
      "total-ns": 220972953,
      "vars": {},
      "p2m": {
        "df": 12605708
      },
      "m2p": {
        "df": 15389559
      }
    },
    {
      "raw": "df.sort_values(by=\"Total day charge\", ascending=False).head()",
      "total-ns": 106008363,
      "vars": {},
      "p2m": {
        "df": 13036859
      },
      "m2p": {
        "df": 16457829
      }
    },
    {
      "raw": "df.sort_values(by=[\"Total day charge\", 'Total day calls'], ascending=[True, False]).head()",
      "total-ns": 161685678,
      "vars": {},
      "p2m": {
        "df": 13096789
      },
      "m2p": {
        "df": 14805299
      }
    },
    {
      "raw": "df.loc[0:5, \"State\":\"Area code\"]",
      "total-ns": 4300100,
      "vars": {},
      "p2m": {
        "df": 12632959
      },
      "m2p": {
        "df": 13379889
      }
    },
    {
      "raw": "df.iloc[0:5, 0:3]",
      "total-ns": 1551500,
      "vars": {},
      "p2m": {
        "df": 12168109
      },
      "m2p": {
        "df": 15982678
      }
    },
    {
      "raw": "df.groupby(\"Churn\")[\"Total day minutes\"].mean()",
      "total-ns": 136009049,
      "vars": {},
      "p2m": {
        "df": 11345070
      },
      "m2p": {
        "df": 14385748
      }
    },
    {
      "raw": "columns_to_show = [\"Total day minutes\", \"Total eve minutes\", \"Total night minutes\"]\n\ndf.groupby([\"Churn\"])[columns_to_show].agg(['mean', 'std', 'max', 'min'])",
      "total-ns": 54393506,
      "vars": {},
      "p2m": {
        "df": 8156579
      },
      "m2p": {
        "df": 8185979
      }
    },
    {
      "raw": "df.apply(np.max)",
      "total-ns": 58375476,
      "vars": {},
      "p2m": {
        "df": 19432389
      },
      "m2p": {
        "df": 15108259
      }
    },
    {
      "raw": "df[ (df[\"Churn\"] == 0) & (df[\"International plan\"] == \"No\") ][\"Total intl minutes\"].max()",
      "total-ns": 719412888,
      "vars": {},
      "p2m": {
        "df": 15729069
      },
      "m2p": {
        "df": 13167909
      }
    },
    {
      "raw": "pd.crosstab(df[\"Churn\"], df[\"International plan\"])",
      "total-ns": 278597520,
      "vars": {},
      "p2m": {
        "df": 27271938
      },
      "m2p": {
        "df": 14732329
      }
    },
    {
      "raw": "pd.crosstab(df[\"Churn\"], df[\"International plan\"], normalize=True)",
      "total-ns": 206571055,
      "vars": {},
      "p2m": {
        "df": 14847989
      },
      "m2p": {
        "df": 26417128
      }
    },
    {
      "raw": "total_calls = (\n    df[\"Total day calls\"]\n    + df[\"Total eve calls\"]\n    + df[\"Total night calls\"]\n    + df[\"Total intl calls\"]\n)\n\ndf.insert(loc=len(df.columns), column=\"Total calls\", value=total_calls)",
      "total-ns": 71545504,
      "vars": {},
      "p2m": {
        "df": 30180478,
        "total_calls": 20164839
      },
      "m2p": {
        "df": 691188200,
        "total_calls": 7699599
      }
    },
    {
      "raw": "d = {\"No\": 0, \"Yes\": 1}",
      "total-ns": 675050,
      "vars": {},
      "p2m": {
        "df": 22491608,
        "total_calls": 12461939
      },
      "m2p": {
        "df": 26124868,
        "total_calls": 257829482
      }
    },
    {
      "raw": "df[\"International plan\"] = df[\"International plan\"].map(d)",
      "total-ns": 32280018,
      "vars": {},
      "p2m": {
        "df": 15532449,
        "total_calls": 9566370
      },
      "m2p": {
        "df": 693558800,
        "total_calls": 54372746
      }
    },
    {
      "raw": "df = df.replace({\"Voice mail plan\": d})",
      "total-ns": 3397910,
      "vars": {},
      "p2m": {
        "df": 12421110,
        "total_calls": 8388589
      },
      "m2p": {
        "df": 84523454,
        "total_calls": 26297829
      }
    },
    {
      "raw": "df.head()",
      "total-ns": 1120600,
      "vars": {},
      "p2m": {
        "df": 11817299,
        "total_calls": 4195030
      },
      "m2p": {
        "df": 12122169,
        "total_calls": 27428358
      }
    },
    {
      "raw": "df[\"Total charge\"] =df[\"Total day charge\"] + df[\"Total eve charge\"] + df[\"Total night charge\"] + df[\"Total intl charge\"]",
      "total-ns": 55257695,
      "vars": {},
      "p2m": {
        "df": 10553310,
        "total_calls": 9770978
      },
      "m2p": {
        "df": 318111917,
        "total_calls": 30167228
      }
    },
    {
      "raw": "df.head()",
      "total-ns": 1406850,
      "vars": {},
      "p2m": {
        "df": 11982709,
        "total_calls": 9276700
      },
      "m2p": {
        "df": 16657439,
        "total_calls": 53471105
      }
    },
    {
      "raw": "df.drop([\"Total charge\", \"Total day calls\"], axis=1, inplace=True)",
      "total-ns": 3081650,
      "vars": {},
      "p2m": {
        "df": 10907199,
        "total_calls": 8731599
      },
      "m2p": {
        "df": 55882626,
        "total_calls": 29652228
      }
    },
    {
      "raw": "df.head()",
      "total-ns": 1422050,
      "vars": {},
      "p2m": {
        "df": 10917379,
        "total_calls": 10280580
      },
      "m2p": {
        "df": 13549109,
        "total_calls": 50125797
      }
    },
    {
      "raw": "",
      "total-ns": 283950,
      "vars": {},
      "p2m": {
        "df": 14418319,
        "total_calls": 7294280
      },
      "m2p": {
        "df": 15504729,
        "total_calls": 31520258
      }
    },
    {
      "raw": "",
      "total-ns": 205080,
      "vars": {},
      "p2m": {
        "df": 9356499,
        "total_calls": 7445520
      },
      "m2p": {
        "df": 12348009,
        "total_calls": 29016588
      }
    },
    {
      "raw": "",
      "total-ns": 206480,
      "vars": {},
      "p2m": {
        "df": 9988900,
        "total_calls": 4478199
      },
      "m2p": {
        "df": 12124528,
        "total_calls": 29855828
      }
    },
    {
      "raw": "",
      "total-ns": 232401,
      "vars": {},
      "p2m": {
        "df": 13722440,
        "total_calls": 3674730
      },
      "m2p": {
        "df": 6215220,
        "total_calls": 25858878
      }
    }
  ]
}