{
  "cells": [
    {
      "raw": "import os\n\nimport os\nos.environ[\"MODIN_ENGINE\"] = \"ray\"\nimport ray\nos.environ['MODIN_CPUS'] = \"4\"\nray.init(num_cpus=4, runtime_env={'env_vars': {'__MODIN_AUTOIMPORT_PANDAS__': '1'}})\nimport modin.pandas as pd\nimport seaborn as sns \nimport matplotlib.pyplot as plt ",
      "total-ns": 5500062699,
      "vars": {},
      "p2m": {},
      "m2p": {}
    },
    {
      "raw": "data = pd.read_csv('../input/nfl-big-data-bowl-2023/week1.csv')\nscout = pd.read_csv('../input/nfl-big-data-bowl-2023/pffScoutingData.csv')\nplays = pd.read_csv('../input/nfl-big-data-bowl-2023/plays.csv')\nplayers = pd.read_csv('../input/nfl-big-data-bowl-2023/players.csv')\n\n# Let's merge these data into one set \ndata = data.merge(scout, how='left')\ndata.shape",
      "total-ns": 9587703431,
      "vars": {},
      "p2m": {
        "data": 433145789,
        "scout": 43912127,
        "plays": 17203739,
        "players": 5960920
      },
      "m2p": {
        "data": 1301544665,
        "scout": 48481376,
        "plays": 50098236,
        "players": 16575839
      }
    },
    {
      "raw": "data.info()",
      "total-ns": 1067738233,
      "vars": {},
      "p2m": {
        "data": 398255942,
        "scout": 40382437,
        "plays": 16807778,
        "players": 6750850
      },
      "m2p": {
        "data": 439172807,
        "scout": 48468317,
        "plays": 19923369,
        "players": 5832000
      }
    },
    {
      "raw": "# get ball snap indicies \n_idxs = (data\n         .loc[data['event']=='ball_snap', \n              'frameId']\n         .index\n         .values)\n\n# to get 500ms of movement after snap, get 5 rows (each row is 100ms of info)\nx = [(_idxs+x).tolist() for x in range(0,6)]\nidxs = [item for sublist in x for item in sublist] #the output x is a list of lists, so this is just to flatten the list\n\n# filter for snap + 500ms of data only using our selected indicies\n_df = data.loc[idxs]",
      "total-ns": 838803209,
      "vars": {},
      "p2m": {
        "data": 412622230,
        "scout": 35924138,
        "plays": 15848619,
        "players": 7707789,
        "_df": 82700894
      },
      "m2p": {
        "data": 694937340,
        "scout": 42477777,
        "plays": 18229259,
        "players": 5581100,
        "_df": 72964615
      }
    },
    {
      "raw": "gid = 2021090900\npid = 97 \nnid = 25511 \n_df.loc[(_df['gameId']==gid) & (_df['playId']==pid) & (_df['nflId']==nid)]",
      "total-ns": 4969068778,
      "vars": {},
      "p2m": {
        "data": 658255622,
        "scout": 41375517,
        "plays": 23772888,
        "players": 9353199,
        "_df": 88234714
      },
      "m2p": {
        "data": 753128385,
        "scout": 46428447,
        "plays": 33292517,
        "players": 12367429,
        "_df": 79502474
      }
    },
    {
      "raw": "# get line of scrimmage info to compute block/rush depth relative to LOS\n_los = (data\n        .loc[(data['team']=='football') & \n             (data['frameId']==1), \n             ['gameId', 'playId', 'x']]\n        .rename(columns={'x':'los'}))\n\n# merge LOS info back to subsetted data\n_df = _df.merge(_los)",
      "total-ns": 3805593773,
      "vars": {},
      "p2m": {
        "data": 466582996,
        "scout": 51835406,
        "plays": 28187628,
        "players": 9168679,
        "_df": 65902636,
        "_los": 5453590
      },
      "m2p": {
        "data": 479041325,
        "scout": 62930315,
        "plays": 31335418,
        "players": 10548500,
        "_df": 194568865,
        "_los": 3325099
      }
    },
    {
      "raw": "_df.loc[(_df['gameId']==gid) & (_df['playId']==pid) & (_df['nflId']==nid)]",
      "total-ns": 4872195505,
      "vars": {},
      "p2m": {
        "data": 680605761,
        "scout": 81311794,
        "plays": 23366478,
        "players": 9482659,
        "_df": 76502194,
        "_los": 6297769
      },
      "m2p": {
        "data": 543440140,
        "scout": 63007745,
        "plays": 32562458,
        "players": 9737870,
        "_df": 80920694,
        "_los": 6318090
      }
    },
    {
      "raw": "# get difference from LOS for all frames and players \n_df['los_diff'] = _df['x'].sub(_df['los'])\n\n# multiply by -1 for plays going the \"left\" direction \n# this is so pass block is monotonic in the same direction (as well as pass rush)\n_df.loc[_df['playDirection']=='left', 'los_diff'] = _df.loc[_df['playDirection']=='left', 'los_diff'].mul(-1)\n\n# merge onto play info to get possession team (could do this anywhere, i do it here for no real optimal reason)\n_df = plays.loc[:, ['gameId', 'playId', 'possessionTeam']].merge(_df)",
      "total-ns": 2864894282,
      "vars": {},
      "p2m": {
        "data": 392165372,
        "scout": 35993808,
        "plays": 17184749,
        "players": 7185680,
        "_df": 76837575,
        "_los": 6162229
      },
      "m2p": {
        "data": 445891398,
        "scout": 47730086,
        "plays": 20571558,
        "players": 6112569,
        "_df": 187387316,
        "_los": 6265550
      }
    },
    {
      "raw": "_df.loc[(_df['gameId']==gid) & (_df['playId']==pid) & (_df['nflId']==nid)]",
      "total-ns": 2313532211,
      "vars": {},
      "p2m": {
        "data": 395006691,
        "scout": 35400487,
        "plays": 20009348,
        "players": 6689900,
        "_df": 76801284,
        "_los": 5619760
      },
      "m2p": {
        "data": 661721352,
        "scout": 46703797,
        "plays": 138272080,
        "players": 6033170,
        "_df": 72485064,
        "_los": 8255060
      }
    },
    {
      "raw": "# indicate if a player is on the possession team (1), the defensive team (0), or neither aka the football (-1)\n_df['posTeam'] = 0\n_df.loc[_df['possessionTeam']==_df['team'], 'posTeam'] = 1 \n_df.loc[_df['team']=='football', 'posTeam'] = -1\n\n# create initial snap speed dataframe (mean of speed and acceleration per player)\nsnap_speed = (_df\n              .loc[:, ['nflId','s','a']]\n              .groupby('nflId', \n                       as_index=False)\n              .mean())",
      "total-ns": 1290451497,
      "vars": {},
      "p2m": {
        "data": 375850593,
        "scout": 37810468,
        "plays": 17620239,
        "players": 7152130,
        "_df": 91952733,
        "_los": 5773860,
        "snap_speed": 4686870
      },
      "m2p": {
        "data": 455130057,
        "scout": 51638096,
        "plays": 21154467,
        "players": 5971459,
        "_df": 208057356,
        "_los": 5322619,
        "snap_speed": 2860880
      }
    },
    {
      "raw": "snap_speed.head()",
      "total-ns": 1264470,
      "vars": {},
      "p2m": {
        "data": 363156983,
        "scout": 34946217,
        "plays": 15045159,
        "players": 6949550,
        "_df": 79107285,
        "_los": 6039660,
        "snap_speed": 6016169
      },
      "m2p": {
        "data": 450538197,
        "scout": 47298846,
        "plays": 17906239,
        "players": 5694439,
        "_df": 71888464,
        "_los": 7210190,
        "snap_speed": 5240809
      }
    },
    {
      "raw": "# given whether a offense player or defense player, aggregate by maxmimum or minimum LOS difference, respectively. \n# e.g. if o-lineman has more a negative LOS diff, they allow more pass rush penetration \n_off = _df.loc[_df['posTeam']==1, ['gameId', 'playId', 'nflId', 'los_diff']].groupby(['gameId', 'playId', 'nflId'], as_index=False).max()\n_def = _df.loc[_df['posTeam']==0, ['gameId', 'playId', 'nflId', 'los_diff']].groupby(['gameId', 'playId', 'nflId'], as_index=False).min()\nlos_diff = _off.append(_def)\nlos_diff = (los_diff\n            .loc[:, ['nflId', 'los_diff']]\n            .groupby('nflId', \n                     as_index=False)\n            .mean())\n\n# merge LOS diff data back onto snap speed\nsnap_speed = snap_speed.merge(los_diff)\nsnap_speed = snap_speed.rename(columns={'s':'snap_s', 'a':'snap_a', 'los_diff':'snap_los_diff'})\n",
      "total-ns": 810482191,
      "vars": {},
      "p2m": {
        "data": 368959443,
        "scout": 35080927,
        "plays": 15869749,
        "players": 6705720,
        "_df": 74873824,
        "_los": 6415139,
        "snap_speed": 5442119,
        "_off": 6298440,
        "_def": 6542899,
        "los_diff": 5747060
      },
      "m2p": {
        "data": 450242357,
        "scout": 47366337,
        "plays": 18773959,
        "players": 5372849,
        "_df": 68667094,
        "_los": 6419419,
        "snap_speed": 19566769,
        "_off": 6589600,
        "_def": 5896679,
        "los_diff": 2977179
      }
    },
    {
      "raw": "snap_speed.head()",
      "total-ns": 1042050,
      "vars": {},
      "p2m": {
        "data": 373091563,
        "scout": 42875287,
        "plays": 17522458,
        "players": 7238659,
        "_df": 84200184,
        "_los": 6786909,
        "snap_speed": 4453769,
        "_off": 7208450,
        "_def": 6406829,
        "los_diff": 8555270
      },
      "m2p": {
        "data": 454101947,
        "scout": 50478656,
        "plays": 22044818,
        "players": 6900340,
        "_df": 76848034,
        "_los": 5997960,
        "snap_speed": 5890440,
        "_off": 7339400,
        "_def": 6389899,
        "los_diff": 5730490
      }
    },
    {
      "raw": "df_plt = players.loc[:, ['nflId', 'officialPosition', 'displayName']].merge(snap_speed)\n# STEFANOS: Disable plotting\n# sns.scatterplot(data=df_plt.loc[df_plt['officialPosition'].isin(['T','G','C','DT','NT','DE'])], x='snap_s', y='snap_los_diff', hue='officialPosition')\n# plt.axhline(0, ls=':', lw=2, c='k')\n# plt.legend(bbox_to_anchor=(1.02,1), loc=2)\n# sns.despine()\n# plt.show()",
      "total-ns": 75930344,
      "vars": {},
      "p2m": {
        "data": 429081338,
        "scout": 45978706,
        "plays": 18202158,
        "players": 7086020,
        "_df": 76808035,
        "_los": 7786500,
        "snap_speed": 5969019,
        "_off": 6977750,
        "_def": 6636090,
        "los_diff": 6425450,
        "df_plt": 6305900
      },
      "m2p": {
        "data": 525501332,
        "scout": 63557256,
        "plays": 21447429,
        "players": 5487060,
        "_df": 74372964,
        "_los": 7774960,
        "snap_speed": 5790389,
        "_off": 6122810,
        "_def": 5659110,
        "los_diff": 6952339,
        "df_plt": 18412868
      }
    },
    {
      "raw": "df_plt.loc[(df_plt['officialPosition']=='DE') & (df_plt['snap_los_diff']<0)].sort_values('snap_los_diff')",
      "total-ns": 5024720594,
      "vars": {},
      "p2m": {
        "data": 478102215,
        "scout": 36100567,
        "plays": 17623528,
        "players": 7313429,
        "_df": 78306854,
        "_los": 6077750,
        "snap_speed": 5970229,
        "_off": 6815320,
        "_def": 5868340,
        "los_diff": 6164689,
        "df_plt": 6029340
      },
      "m2p": {
        "data": 586606277,
        "scout": 49582077,
        "plays": 21044569,
        "players": 6827710,
        "_df": 74854455,
        "_los": 6525519,
        "snap_speed": 5778380,
        "_off": 5004400,
        "_def": 5588060,
        "los_diff": 4898999,
        "df_plt": 5415919
      }
    }
  ]
}