{
  "cells": [
    {
      "raw": "\nimport os\nos.environ[\"MODIN_ENGINE\"] = \"ray\"\nimport ray\nos.environ['MODIN_CPUS'] = \"4\"\nray.init(num_cpus=4, runtime_env={'env_vars': {'__MODIN_AUTOIMPORT_PANDAS__': '1'}})\nimport modin.pandas as pd\nimport numpy as np\n",
      "total-ns": 3231702499,
      "vars": {},
      "p2m": {},
      "m2p": {}
    },
    {
      "raw": "df = pd.read_csv(\"../input/student_data.csv\")",
      "total-ns": 6766115664,
      "vars": {},
      "p2m": {
        "df": 114244573
      },
      "m2p": {
        "df": 284098038
      }
    },
    {
      "raw": "df.info()",
      "total-ns": 424617691,
      "vars": {},
      "p2m": {
        "df": 135857563
      },
      "m2p": {
        "df": 125751253
      }
    },
    {
      "raw": "df.head()",
      "total-ns": 2586910,
      "vars": {},
      "p2m": {
        "df": 124092813
      },
      "m2p": {
        "df": 101741903
      }
    },
    {
      "raw": "df.columns =['student_id','student_name', 'DOB', 'field_of_study', 'year_of_admission', 'expected_graduation', 'current_sem', 'specialization', 'fees', 'discount']\ndf.describe()",
      "total-ns": 32234361,
      "vars": {},
      "p2m": {
        "df": 120450373
      },
      "m2p": {
        "df": 222044056
      }
    },
    {
      "raw": "#Check for missing values \ndf.isna().any()",
      "total-ns": 15760460,
      "vars": {},
      "p2m": {
        "df": 142280523
      },
      "m2p": {
        "df": 99288003
      }
    },
    {
      "raw": "#Check for duplicated rows\ndf.duplicated().value_counts()",
      "total-ns": 6934668668,
      "vars": {},
      "p2m": {
        "df": 118086573
      },
      "m2p": {
        "df": 102285233
      }
    },
    {
      "raw": "df.info()",
      "total-ns": 289923757,
      "vars": {},
      "p2m": {
        "df": 119226052
      },
      "m2p": {
        "df": 102501943
      }
    },
    {
      "raw": "cross_tab = pd.crosstab(df['field_of_study'], df['specialization'])\ncross_tab",
      "total-ns": 430605850,
      "vars": {},
      "p2m": {
        "df": 116922123,
        "cross_tab": 2631529
      },
      "m2p": {
        "df": 101852043,
        "cross_tab": 3690970
      }
    },
    {
      "raw": "#Distribution of students across different 'field_of_study'\ncounts = df['field_of_study'].value_counts()\n",
      "total-ns": 311107428,
      "vars": {},
      "p2m": {
        "df": 111584173,
        "cross_tab": 2203200,
        "counts": 2666340
      },
      "m2p": {
        "df": 106275803,
        "cross_tab": 2738201,
        "counts": 6936130
      }
    },
    {
      "raw": "#Students enrolled in each specialization\ndf['specialization'].value_counts()",
      "total-ns": 213555665,
      "vars": {},
      "p2m": {
        "df": 121623323,
        "cross_tab": 2231310,
        "counts": 3594200
      },
      "m2p": {
        "df": 119323703,
        "cross_tab": 5616820,
        "counts": 11022500
      }
    },
    {
      "raw": "#Exploring any relationship between the field of study and the average age of the students\ndf['DOB'] = pd.to_datetime(df['DOB'])\ndf['age'] = (pd.to_datetime('today') - df['DOB'])\n\n#Calculate the age based on current date\ncurrent_year = pd.to_datetime('today').year\ndf['age'] = current_year - df['DOB'].dt.year\n\ndf.groupby('field_of_study')['age'].mean()",
      "total-ns": 475921502,
      "vars": {},
      "p2m": {
        "df": 107406802,
        "cross_tab": 2547450,
        "counts": 3543289
      },
      "m2p": {
        "df": 481924432,
        "cross_tab": 3429770,
        "counts": 8075141
      }
    },
    {
      "raw": "#Students admitted each year\nadmission_counts = df['year_of_admission'].value_counts().sort_index()\nprint(admission_counts)",
      "total-ns": 206956855,
      "vars": {},
      "p2m": {
        "df": 124553773,
        "cross_tab": 2453660,
        "counts": 2248370,
        "admission_counts": 2374120
      },
      "m2p": {
        "df": 95416232,
        "cross_tab": 3744570,
        "counts": 8420770,
        "admission_counts": 6590131
      }
    },
    {
      "raw": "#Current semester distribution among the students\nsemester_counts = df['current_sem'].value_counts().sort_index()",
      "total-ns": 204377625,
      "vars": {},
      "p2m": {
        "df": 112891023,
        "cross_tab": 2419160,
        "counts": 3271560,
        "admission_counts": 5012330,
        "semester_counts": 2993540
      },
      "m2p": {
        "df": 103523282,
        "cross_tab": 3240430,
        "counts": 10891020,
        "admission_counts": 9481511,
        "semester_counts": 8785960
      }
    },
    {
      "raw": "#Exploring the correlation between the field of study and the fees paid\nselected_columns = df[['field_of_study','fees']]\n\n#Converting the values in 'field_of_study' to numerical values\nfield_map = {'Chemical Engineering' : 0, 'Civil Engineering' : 1, 'Computer Science' : 2, 'Electrical Engineering' :3, 'Mechanical Engineering' :4}\nselected_columns['field_of_study'] = selected_columns['field_of_study'].map(field_map)\n\ncorr_matrix = selected_columns.corr()",
      "total-ns": 623682615,
      "vars": {},
      "p2m": {
        "df": 114608192,
        "cross_tab": 1586130,
        "counts": 2052760,
        "admission_counts": 2239120,
        "semester_counts": 2770970,
        "selected_columns": 11926521,
        "corr_matrix": 2131080
      },
      "m2p": {
        "df": 103613542,
        "cross_tab": 2649400,
        "counts": 15740040,
        "admission_counts": 11004600,
        "semester_counts": 8497411,
        "selected_columns": 180192654,
        "corr_matrix": 13738060
      }
    },
    {
      "raw": "#Exploring the correlation between fees and the discount on the fees\ncorrelation_matrix = df[['fees','discount']].corr()",
      "total-ns": 190964315,
      "vars": {},
      "p2m": {
        "df": 125281414,
        "cross_tab": 2564380,
        "counts": 2501800,
        "admission_counts": 2639510,
        "semester_counts": 2594210,
        "selected_columns": 14395400,
        "corr_matrix": 2953700,
        "correlation_matrix": 3107660
      },
      "m2p": {
        "df": 116226933,
        "cross_tab": 3509210,
        "counts": 10006671,
        "admission_counts": 7765141,
        "semester_counts": 8930830,
        "selected_columns": 8740641,
        "corr_matrix": 3035020,
        "correlation_matrix": 8514670
      }
    }
  ]
}