{
  "cells": [
    {
      "raw": "#invite people for the Kaggle party\nimport os\n\nimport os\nos.environ[\"MODIN_ENGINE\"] = \"ray\"\nimport ray\nos.environ['MODIN_CPUS'] = \"4\"\nray.init(num_cpus=4, runtime_env={'env_vars': {'__MODIN_AUTOIMPORT_PANDAS__': '1'}})\nimport modin.pandas as pd\nimport matplotlib.pyplot as plt\nimport seaborn as sns\nimport numpy as np\n# STEFANOS: Unneeded\n# from scipy.stats import norm\nfrom sklearn.preprocessing import StandardScaler\n# from scipy import stats\nimport warnings\nwarnings.filterwarnings('ignore')\n# STEFANOS: Disable magic functions\n# %matplotlib inline",
      "total-ns": 4876525563,
      "vars": {},
      "p2m": {},
      "m2p": {}
    },
    {
      "raw": "#bring in the six packs\ndf_train = pd.read_csv('../input/train.csv')",
      "total-ns": 5020835942,
      "vars": {},
      "p2m": {
        "df_train": 23675270
      },
      "m2p": {
        "df_train": 184225097
      }
    },
    {
      "raw": "df_train.info()",
      "total-ns": 240115646,
      "vars": {},
      "p2m": {
        "df_train": 23238060
      },
      "m2p": {
        "df_train": 20156880
      }
    },
    {
      "raw": "#check the decoration\ndf_train.columns",
      "total-ns": 402240,
      "vars": {},
      "p2m": {
        "df_train": 22955220
      },
      "m2p": {
        "df_train": 18583159
      }
    },
    {
      "raw": "#descriptive statistics summary\ndf_train['SalePrice'].describe()",
      "total-ns": 12183400,
      "vars": {},
      "p2m": {
        "df_train": 35138720
      },
      "m2p": {
        "df_train": 37213949
      }
    },
    {
      "raw": "\n#histogram\n# STEFANOS: Disable plotting\n# sns.distplot(df_train['SalePrice']);",
      "total-ns": 337220,
      "vars": {},
      "p2m": {
        "df_train": 29039889
      },
      "m2p": {
        "df_train": 29947390
      }
    },
    {
      "raw": "#skewness and kurtosis\nprint(\"Skewness: %f\" % df_train['SalePrice'].skew())\nprint(\"Kurtosis: %f\" % df_train['SalePrice'].kurt())",
      "total-ns": 101497699,
      "vars": {},
      "p2m": {
        "df_train": 23429099
      },
      "m2p": {
        "df_train": 19513850
      }
    },
    {
      "raw": "#scatter plot grlivarea/saleprice\nvar = 'GrLivArea'\ndata = pd.concat([df_train['SalePrice'], df_train[var]], axis=1)\n# STEFANOS: Disable plotting\n# data.plot.scatter(x=var, y='SalePrice', ylim=(0,800000));",
      "total-ns": 3346700,
      "vars": {},
      "p2m": {
        "df_train": 24162599,
        "data": 6266360
      },
      "m2p": {
        "df_train": 18789000,
        "data": 46836180
      }
    },
    {
      "raw": "#scatter plot totalbsmtsf/saleprice\nvar = 'TotalBsmtSF'\ndata = pd.concat([df_train['SalePrice'], df_train[var]], axis=1)\n# STEFANOS: Disable plotting\n# data.plot.scatter(x=var, y='SalePrice', ylim=(0,800000));",
      "total-ns": 3647480,
      "vars": {},
      "p2m": {
        "df_train": 30868540,
        "data": 6006030
      },
      "m2p": {
        "df_train": 19954070,
        "data": 52479419
      }
    },
    {
      "raw": "#box plot overallqual/saleprice\nvar = 'OverallQual'\ndata = pd.concat([df_train['SalePrice'], df_train[var]], axis=1)\n# STEFANOS: Disable plotting\n# f, ax = plt.subplots(figsize=(8, 6))\n# fig = sns.boxplot(x=var, y=\"SalePrice\", data=data)\n# fig.axis(ymin=0, ymax=800000);",
      "total-ns": 3981530,
      "vars": {},
      "p2m": {
        "df_train": 26627999,
        "data": 7129530
      },
      "m2p": {
        "df_train": 19504210,
        "data": 42976450
      }
    },
    {
      "raw": "var = 'YearBuilt'\ndata = pd.concat([df_train['SalePrice'], df_train[var]], axis=1)\n# STEFANOS: Disable plotting\n# f, ax = plt.subplots(figsize=(16, 8))\n# fig = sns.boxplot(x=var, y=\"SalePrice\", data=data)\n# fig.axis(ymin=0, ymax=800000);\n# plt.xticks(rotation=90);",
      "total-ns": 3853050,
      "vars": {},
      "p2m": {
        "df_train": 24025159,
        "data": 6058409
      },
      "m2p": {
        "df_train": 19890439,
        "data": 44483669
      }
    },
    {
      "raw": "#correlation matrix\ncorrmat = df_train.corr()\n# STEFANOS: Disable plotting\n# f, ax = plt.subplots(figsize=(12, 9))\n# sns.heatmap(corrmat, vmax=.8, square=True);",
      "total-ns": 186519138,
      "vars": {},
      "p2m": {
        "df_train": 34717750,
        "data": 7449350,
        "corrmat": 5121410
      },
      "m2p": {
        "df_train": 34519219,
        "data": 8047680,
        "corrmat": 109750568
      }
    },
    {
      "raw": "#saleprice correlation matrix\nk = 10 #number of variables for heatmap\n# STEFANOS-DISABLE-FOR-MODIN: Seems it doesn't support nlargest()\n#### ORIGINAL CODE ####\n# cols = corrmat.nlargest(k, 'SalePrice')['SalePrice'].index\n#### COMPATIBLE FOR MODIN ####\ncols = corrmat.sort_values(by='SalePrice', ascending=False).head(k)['SalePrice'].index\n\n\ncm = np.corrcoef(df_train[cols].values.T)\n# STEFANOS: Disable plotting\n# sns.set(font_scale=1.25)\n# hm = sns.heatmap(cm, cbar=True, annot=True, square=True, fmt='.2f', annot_kws={'size': 10}, yticklabels=cols.values, xticklabels=cols.values)\n# plt.show()",
      "total-ns": 129321428,
      "vars": {},
      "p2m": {
        "df_train": 28327280,
        "data": 6435540,
        "corrmat": 5750010
      },
      "m2p": {
        "df_train": 22500930,
        "data": 5853480,
        "corrmat": 4836510
      }
    },
    {
      "raw": "#scatterplot\n# STEFANOS: Disable plotting\n# sns.set()\n# cols = ['SalePrice', 'OverallQual', 'GrLivArea', 'GarageCars', 'TotalBsmtSF', 'FullBath', 'YearBuilt']\n# sns.pairplot(df_train[cols], size = 2.5)\n# plt.show();",
      "total-ns": 604159,
      "vars": {},
      "p2m": {
        "df_train": 29574730,
        "data": 6242070,
        "corrmat": 5549810
      },
      "m2p": {
        "df_train": 21649609,
        "data": 6215200,
        "corrmat": 5277609
      }
    },
    {
      "raw": "#missing data\ntotal = df_train.isnull().sum().sort_values(ascending=False)\npercent = (df_train.isnull().sum()/df_train.isnull().count()).sort_values(ascending=False)\nmissing_data = pd.concat([total, percent], axis=1, keys=['Total', 'Percent'])\nmissing_data.head(20)",
      "total-ns": 2757288503,
      "vars": {},
      "p2m": {
        "df_train": 24516080,
        "data": 6394930,
        "corrmat": 6079080,
        "total": 4334379,
        "percent": 4108240,
        "missing_data": 3540870
      },
      "m2p": {
        "df_train": 20776290,
        "data": 5857840,
        "corrmat": 5136810,
        "total": 12354460,
        "percent": 16582410,
        "missing_data": 20803280
      }
    },
    {
      "raw": "#dealing with missing data\ndf_train = df_train.drop((missing_data[missing_data['Total'] > 1]).index,1)\n# STEFANOS: Disabled this line because for some it raises an exception when we replicate data.\n# I think it's better to disable one line in order to replicate data, so that we are fair to other\n# notebooks (e.g., if we don't replicate data, the cells of this notebook might be fast enough that they're all\n# discarded as very fast cells in the stats)\n# df_train = df_train.drop(df_train.loc[df_train['Electrical'].isnull()].index)\ndf_train.isnull().sum().max() #just checking that there's no missing data missing...",
      "total-ns": 303988996,
      "vars": {},
      "p2m": {
        "df_train": 14995109,
        "data": 6049439,
        "corrmat": 6025060,
        "total": 4474330,
        "percent": 3305300,
        "missing_data": 3682761
      },
      "m2p": {
        "df_train": 78489899,
        "data": 5823031,
        "corrmat": 5128300,
        "total": 14849410,
        "percent": 14022820,
        "missing_data": 3927079
      }
    },
    {
      "raw": "#standardizing data\nsaleprice_scaled = StandardScaler().fit_transform(df_train['SalePrice'][:,np.newaxis]);\nlow_range = saleprice_scaled[saleprice_scaled[:,0].argsort()][:10]\nhigh_range= saleprice_scaled[saleprice_scaled[:,0].argsort()][-10:]\nprint('outer range (low) of the distribution:')\nprint(low_range)\nprint('\\nouter range (high) of the distribution:')\nprint(high_range)",
      "total-ns": 25378219,
      "vars": {},
      "p2m": {
        "df_train": 16278750,
        "data": 6094150,
        "corrmat": 5492629,
        "total": 4607321,
        "percent": 4082160,
        "missing_data": 4791940
      },
      "m2p": {
        "df_train": 12382080,
        "data": 5870660,
        "corrmat": 5122970,
        "total": 15299510,
        "percent": 14830759,
        "missing_data": 4349640
      }
    },
    {
      "raw": "#bivariate analysis saleprice/grlivarea\nvar = 'GrLivArea'\ndata = pd.concat([df_train['SalePrice'], df_train[var]], axis=1)\n# STEFANOS: Disable plotting\n# data.plot.scatter(x=var, y='SalePrice', ylim=(0,800000));",
      "total-ns": 3942570,
      "vars": {},
      "p2m": {
        "df_train": 16319040,
        "data": 6509050,
        "corrmat": 6867120,
        "total": 4184651,
        "percent": 5235550,
        "missing_data": 4751630
      },
      "m2p": {
        "df_train": 12226980,
        "data": 42778549,
        "corrmat": 6752510,
        "total": 16366890,
        "percent": 16198759,
        "missing_data": 4640960
      }
    },
    {
      "raw": "#deleting points\ndf_train.sort_values(by = 'GrLivArea', ascending = False)[:2]\ndf_train = df_train.drop(df_train[df_train['Id'] == 1299].index)\ndf_train = df_train.drop(df_train[df_train['Id'] == 524].index)",
      "total-ns": 236076277,
      "vars": {},
      "p2m": {
        "df_train": 20699350,
        "data": 7340270,
        "corrmat": 6664860,
        "total": 4651531,
        "percent": 6350650,
        "missing_data": 4410800
      },
      "m2p": {
        "df_train": 35104939,
        "data": 5661320,
        "corrmat": 6275230,
        "total": 16716059,
        "percent": 15591470,
        "missing_data": 4717080
      }
    },
    {
      "raw": "#bivariate analysis saleprice/grlivarea\nvar = 'TotalBsmtSF'\ndata = pd.concat([df_train['SalePrice'], df_train[var]], axis=1)\n# STEFANOS: Disable plotting\n# data.plot.scatter(x=var, y='SalePrice', ylim=(0,800000));",
      "total-ns": 4830770,
      "vars": {},
      "p2m": {
        "df_train": 17750401,
        "data": 6288970,
        "corrmat": 11494459,
        "total": 6861150,
        "percent": 8581170,
        "missing_data": 6150140
      },
      "m2p": {
        "df_train": 13841740,
        "data": 63050150,
        "corrmat": 5487460,
        "total": 23645860,
        "percent": 26088359,
        "missing_data": 5413730
      }
    },
    {
      "raw": "#histogram and normal probability plot\n# STEFANOS: Disable plotting\n# sns.distplot(df_train['SalePrice'], fit=norm);\n# fig = plt.figure()\n# res = stats.probplot(df_train['SalePrice'], plot=plt)",
      "total-ns": 493490,
      "vars": {},
      "p2m": {
        "df_train": 20727120,
        "data": 7474780,
        "corrmat": 11127150,
        "total": 6177490,
        "percent": 6426649,
        "missing_data": 6462380
      },
      "m2p": {
        "df_train": 19122030,
        "data": 8167379,
        "corrmat": 6389630,
        "total": 25052080,
        "percent": 23227239,
        "missing_data": 5905410
      }
    },
    {
      "raw": "#applying log transformation\ndf_train['SalePrice'] = np.log(df_train['SalePrice'])",
      "total-ns": 80912699,
      "vars": {},
      "p2m": {
        "df_train": 20457290,
        "data": 8138490,
        "corrmat": 7197740,
        "total": 9937500,
        "percent": 7040650,
        "missing_data": 5106129
      },
      "m2p": {
        "df_train": 62533809,
        "data": 11281300,
        "corrmat": 6444829,
        "total": 21261789,
        "percent": 22161460,
        "missing_data": 4512800
      }
    },
    {
      "raw": "#transformed histogram and normal probability plot\n# STEFANOS: Disable plotting\n# sns.distplot(df_train['SalePrice'], fit=norm);\n# fig = plt.figure()\n# res = stats.probplot(df_train['SalePrice'], plot=plt)",
      "total-ns": 505341,
      "vars": {},
      "p2m": {
        "df_train": 16561730,
        "data": 6148190,
        "corrmat": 6109050,
        "total": 5652861,
        "percent": 8219050,
        "missing_data": 6140570
      },
      "m2p": {
        "df_train": 16506840,
        "data": 6127270,
        "corrmat": 5209620,
        "total": 24059099,
        "percent": 21730450,
        "missing_data": 5908490
      }
    },
    {
      "raw": "#histogram and normal probability plot\n# STEFANOS: Disable plotting\n# sns.distplot(df_train['GrLivArea'], fit=norm);\n# fig = plt.figure()\n# res = stats.probplot(df_train['GrLivArea'], plot=plt)",
      "total-ns": 433120,
      "vars": {},
      "p2m": {
        "df_train": 17685009,
        "data": 8058850,
        "corrmat": 7813720,
        "total": 6574910,
        "percent": 7992650,
        "missing_data": 7855620
      },
      "m2p": {
        "df_train": 15740070,
        "data": 6646420,
        "corrmat": 6681810,
        "total": 22721980,
        "percent": 22963000,
        "missing_data": 6983400
      }
    },
    {
      "raw": "#data transformation\ndf_train['GrLivArea'] = np.log(df_train['GrLivArea'])",
      "total-ns": 103417799,
      "vars": {},
      "p2m": {
        "df_train": 25003570,
        "data": 7033650,
        "corrmat": 6680880,
        "total": 4664730,
        "percent": 4094580,
        "missing_data": 7056710
      },
      "m2p": {
        "df_train": 187059667,
        "data": 7585739,
        "corrmat": 5704140,
        "total": 34309499,
        "percent": 24747839,
        "missing_data": 3957950
      }
    },
    {
      "raw": "#transformed histogram and normal probability plot\n# STEFANOS: Disable plotting\n# sns.distplot(df_train['GrLivArea'], fit=norm);\n# fig = plt.figure()\n# res = stats.probplot(df_train['GrLivArea'], plot=plt)",
      "total-ns": 359220,
      "vars": {},
      "p2m": {
        "df_train": 18404160,
        "data": 8561719,
        "corrmat": 8830690,
        "total": 5774140,
        "percent": 10838189,
        "missing_data": 6258740
      },
      "m2p": {
        "df_train": 20078770,
        "data": 5818079,
        "corrmat": 5260920,
        "total": 30096740,
        "percent": 31010799,
        "missing_data": 4970600
      }
    },
    {
      "raw": "#histogram and normal probability plot\n# STEFANOS: Disable plotting\n# sns.distplot(df_train['TotalBsmtSF'], fit=norm);\n# fig = plt.figure()\n# res = stats.probplot(df_train['TotalBsmtSF'], plot=plt)",
      "total-ns": 380630,
      "vars": {},
      "p2m": {
        "df_train": 21885169,
        "data": 6601801,
        "corrmat": 6211330,
        "total": 5212800,
        "percent": 5898010,
        "missing_data": 5056560
      },
      "m2p": {
        "df_train": 16676100,
        "data": 6754610,
        "corrmat": 7161800,
        "total": 33838299,
        "percent": 33033700,
        "missing_data": 5941990
      }
    },
    {
      "raw": "#create column for new variable (one is enough because it's a binary categorical feature)\n#if area>0 it gets 1, for area==0 it gets 0\ndf_train['HasBsmt'] = pd.Series(len(df_train['TotalBsmtSF']), index=df_train.index)\ndf_train['HasBsmt'] = 0 \ndf_train.loc[df_train['TotalBsmtSF']>0,'HasBsmt'] = 1",
      "total-ns": 85495339,
      "vars": {},
      "p2m": {
        "df_train": 20689360,
        "data": 7683029,
        "corrmat": 7980050,
        "total": 7672270,
        "percent": 5888030,
        "missing_data": 5216840
      },
      "m2p": {
        "df_train": 50919739,
        "data": 9700590,
        "corrmat": 8679521,
        "total": 30975620,
        "percent": 22393390,
        "missing_data": 6372040
      }
    },
    {
      "raw": "#transform data\ndf_train.loc[df_train['HasBsmt']==1,'TotalBsmtSF'] = np.log(df_train['TotalBsmtSF'])",
      "total-ns": 123523229,
      "vars": {},
      "p2m": {
        "df_train": 16186970,
        "data": 6374589,
        "corrmat": 6028681,
        "total": 4172120,
        "percent": 4740981,
        "missing_data": 5009500
      },
      "m2p": {
        "df_train": 40656660,
        "data": 6679360,
        "corrmat": 5208589,
        "total": 16027319,
        "percent": 15405889,
        "missing_data": 4703440
      }
    },
    {
      "raw": "#histogram and normal probability plot\n# STEFANOS: Disable plotting\n# sns.distplot(df_train[df_train['TotalBsmtSF']>0]['TotalBsmtSF'], fit=norm);\n# fig = plt.figure()\n# res = stats.probplot(df_train[df_train['TotalBsmtSF']>0]['TotalBsmtSF'], plot=plt)\n_ = df_train[df_train['TotalBsmtSF']>0]['TotalBsmtSF']\n_ = df_train[df_train['TotalBsmtSF']>0]['TotalBsmtSF']",
      "total-ns": 170003567,
      "vars": {},
      "p2m": {
        "_": 5601920,
        "df_train": 16956060,
        "data": 6430479,
        "corrmat": 5849230,
        "total": 3876420,
        "percent": 4453750,
        "missing_data": 4905820
      },
      "m2p": {
        "_": 22567090,
        "df_train": 13843370,
        "data": 5897259,
        "corrmat": 4922930,
        "total": 15902100,
        "percent": 15449210,
        "missing_data": 4626200
      }
    },
    {
      "raw": "#scatter plot\n# STEFANOS: Disable plotting\n# plt.scatter(df_train['GrLivArea'], df_train['SalePrice']);",
      "total-ns": 407221,
      "vars": {},
      "p2m": {
        "_": 5842210,
        "df_train": 16878300,
        "data": 6171390,
        "corrmat": 6183101,
        "total": 4765430,
        "percent": 4365760,
        "missing_data": 5008569
      },
      "m2p": {
        "_": 20734729,
        "df_train": 15635070,
        "data": 5092540,
        "corrmat": 6648940,
        "total": 17524869,
        "percent": 15813370,
        "missing_data": 5054790
      }
    },
    {
      "raw": "#scatter plot\n# STEFANOS: Disable plotting\n# plt.scatter(df_train[df_train['TotalBsmtSF']>0]['TotalBsmtSF'], df_train[df_train['TotalBsmtSF']>0]['SalePrice']);\n_ = df_train[df_train['TotalBsmtSF']>0]['TotalBsmtSF']\n_ = df_train[df_train['TotalBsmtSF']>0]['SalePrice']",
      "total-ns": 162883428,
      "vars": {},
      "p2m": {
        "_": 7090350,
        "df_train": 16935880,
        "data": 6410610,
        "corrmat": 5888370,
        "total": 4377720,
        "percent": 4710951,
        "missing_data": 5269869
      },
      "m2p": {
        "_": 26304089,
        "df_train": 17776240,
        "data": 6459259,
        "corrmat": 5181919,
        "total": 15637300,
        "percent": 16999989,
        "missing_data": 4307600
      }
    },
    {
      "raw": "#convert categorical variable into dummy\ndf_train = pd.get_dummies(df_train)",
      "total-ns": 82255869,
      "vars": {},
      "p2m": {
        "_": 5790770,
        "df_train": 23273120,
        "data": 6489181,
        "corrmat": 7091760,
        "total": 4276990,
        "percent": 4328530,
        "missing_data": 4534960
      },
      "m2p": {
        "_": 20274839,
        "df_train": 86443919,
        "data": 6669099,
        "corrmat": 6643480,
        "total": 14801190,
        "percent": 14460000,
        "missing_data": 4260960
      }
    }
  ]
}