{
  "cells": [
    {
      "raw": "# This Python 3 environment comes with many helpful analytics libraries installed\n# It is defined by the kaggle/python Docker image: https://github.com/kaggle/docker-python\n# For example, here's several helpful packages to load\n\nimport numpy as np # linear algebra\nimport pandas as pd # data processing, CSV file I/O (e.g. pd.read_csv)\n\n# Input data files are available in the read-only \"../input/\" directory\n# For example, running this (by clicking run or pressing Shift+Enter) will list all files under the input directory\n\nimport os\nfor dirname, _, filenames in os.walk('../input'):\n    for filename in filenames:\n        print(os.path.join(dirname, filename))\n\n# You can write up to 20GB to the current directory (/kaggle/working/) that gets preserved as output when you create a version using \"Save & Run All\" \n# You can also write temporary files to /kaggle/temp/, but they won't be saved outside of the current session",
      "total-ns": 5314370,
      "vars": {},
      "p2m": {},
      "m2p": {}
    },
    {
      "raw": "\nimport os\nos.environ[\"MODIN_ENGINE\"] = \"ray\"\nimport ray\nos.environ['MODIN_CPUS'] = \"4\"\nray.init(num_cpus=4, runtime_env={'env_vars': {'__MODIN_AUTOIMPORT_PANDAS__': '1'}})\nimport modin.pandas as pd\ndf = pd.read_csv('../input/Electric_Vehicle_Population_Data.csv')",
      "total-ns": 9686229019,
      "vars": {},
      "p2m": {
        "df": 103259428
      },
      "m2p": {
        "df": 253428396
      }
    },
    {
      "raw": "df.info()",
      "total-ns": 321611696,
      "vars": {},
      "p2m": {
        "df": 102716239
      },
      "m2p": {
        "df": 96761679
      }
    },
    {
      "raw": "# Display the first few rows of the dataset\nprint(df.head())\n\n# Get information about the dataset\nprint(df.info())",
      "total-ns": 354031775,
      "vars": {},
      "p2m": {
        "df": 83791499
      },
      "m2p": {
        "df": 77663619
      }
    },
    {
      "raw": "df['Model Year'].hist()",
      "total-ns": 739388430,
      "vars": {},
      "p2m": {
        "df": 82736469
      },
      "m2p": {
        "df": 89047769
      }
    },
    {
      "raw": "avg_range = df['Electric Range'].mean()\nmedian_price = df['Base MSRP'].median()",
      "total-ns": 225506567,
      "vars": {},
      "p2m": {
        "df": 88182428
      },
      "m2p": {
        "df": 92312289
      }
    },
    {
      "raw": "ev_2020 = df[df['Model Year'] == 2020]",
      "total-ns": 13471270,
      "vars": {},
      "p2m": {
        "df": 136190708,
        "ev_2020": 15012211
      },
      "m2p": {
        "df": 132908908,
        "ev_2020": 51641980
      }
    },
    {
      "raw": "groupby_make = df.groupby('Make')['Electric Range'].mean()",
      "total-ns": 1736750366,
      "vars": {},
      "p2m": {
        "df": 80817368,
        "ev_2020": 14290880,
        "groupby_make": 2912300
      },
      "m2p": {
        "df": 80297009,
        "ev_2020": 11054860,
        "groupby_make": 2016200
      }
    },
    {
      "raw": "# Select only numeric columns from the DataFrame\nnumeric_df = df.select_dtypes(include=['float64', 'int64'])\n",
      "total-ns": 3270669,
      "vars": {},
      "p2m": {
        "df": 79054488,
        "ev_2020": 12912480,
        "groupby_make": 2876030,
        "numeric_df": 13445949
      },
      "m2p": {
        "df": 88317229,
        "ev_2020": 13406950,
        "groupby_make": 10118889,
        "numeric_df": 120808758
      }
    }
  ]
}