{
  "cells": [
    {
      "raw": "\nimport os\nos.environ[\"MODIN_ENGINE\"] = \"ray\"\nimport ray\nos.environ['MODIN_CPUS'] = \"4\"\nray.init(num_cpus=4, runtime_env={'env_vars': {'__MODIN_AUTOIMPORT_PANDAS__': '1'}})\nimport modin.pandas as pd\nimport numpy as np\n\n# pd.set_option('max_columns', 100) # So we can see more columns\n\n# Read in the training data\ntrain = pd.read_csv('../input/train.csv', low_memory=False)",
      "total-ns": 13307838927,
      "vars": {},
      "p2m": {
        "train": 844087879
      },
      "m2p": {
        "train": 1815168915
      }
    },
    {
      "raw": "train.info()",
      "total-ns": 2083428711,
      "vars": {},
      "p2m": {
        "train": 726749020
      },
      "m2p": {
        "train": 747996680
      }
    },
    {
      "raw": "# https://stackoverflow.com/questions/30228069/how-to-display-the-value-of-the-bar-on-each-bar-with-pyplot-barh\ndef label_bars(ax, bars, text_format, **kwargs):\n    \"\"\"\n    Attaches a label on every bar of a regular or horizontal bar chart\n    \"\"\"\n    ys = [bar.get_y() for bar in bars]\n    y_is_constant = all(y == ys[0] for y in ys)  # -> regular bar chart, since all all bars start on the same y level (0)\n\n    if y_is_constant:\n        _label_bar(ax, bars, text_format, **kwargs)\n    else:\n        _label_barh(ax, bars, text_format, **kwargs)\n\n\ndef _label_bar(ax, bars, text_format, **kwargs):\n    \"\"\"\n    Attach a text label to each bar displaying its y value\n    \"\"\"\n    max_y_value = ax.get_ylim()[1]\n    inside_distance = max_y_value * 0.05\n    outside_distance = max_y_value * 0.01\n\n    for bar in bars:\n        text = text_format.format(bar.get_height())\n        text_x = bar.get_x() + bar.get_width() / 2\n\n        is_inside = bar.get_height() >= max_y_value * 0.15\n        if is_inside:\n            color = \"white\"\n            text_y = bar.get_height() - inside_distance\n        else:\n            color = \"black\"\n            text_y = bar.get_height() + outside_distance\n\n        ax.text(text_x, text_y, text, ha='center', va='bottom', color=color, **kwargs)\n\n\ndef _label_barh(ax, bars, text_format, **kwargs):\n    \"\"\"\n    Attach a text label to each bar displaying its y value\n    Note: label always outside. otherwise it's too hard to control as numbers can be very long\n    \"\"\"\n    max_x_value = ax.get_xlim()[1]\n    distance = max_x_value * 0.0025\n\n    for bar in bars:\n        text = text_format.format(bar.get_width())\n\n        text_x = bar.get_width() + distance\n        text_y = bar.get_y() + bar.get_height() / 2\n\n        ax.text(text_x, text_y, text, va='center', **kwargs)",
      "total-ns": 3348030,
      "vars": {},
      "p2m": {
        "train": 744469451
      },
      "m2p": {
        "train": 849441568
      }
    },
    {
      "raw": "train.groupby('PlayId').first()['Yards'] ",
      "total-ns": 1453898661,
      "vars": {},
      "p2m": {
        "train": 748000500
      },
      "m2p": {
        "train": 848203769
      }
    },
    {
      "raw": "# fig, axes = plt.subplots(4, 1, figsize=(15, 8), sharex=True)\n# n = 0\n# for i, d in train.groupby('Down'):\n#     d['Yards'].plot(kind='hist',\n#                     bins=30,\n#                    color=color_pal[n],\n#                    ax=axes[n],\n#                    title=f'Yards Gained on down {i}')\n#     n+=1",
      "total-ns": 557470,
      "vars": {},
      "p2m": {
        "train": 752387920
      },
      "m2p": {
        "train": 846469908
      }
    },
    {
      "raw": "# fig, ax = plt.subplots(figsize=(20, 5))\n# sns.violinplot(x='Distance-to-Gain',\n#                y='Yards',\n#                data=train.rename(columns={'Distance':'Distance-to-Gain'}),\n#                ax=ax)\n# plt.ylim(-10, 20)\n# plt.title('Yards vs Distance-to-Gain')\n# plt.show()",
      "total-ns": 548890,
      "vars": {},
      "p2m": {
        "train": 750685910
      },
      "m2p": {
        "train": 857843658
      }
    },
    {
      "raw": "print('Unique game data provided: {}'.format(train['GameId'].nunique()))\nprint('Unique play data provided: {}'.format(train['PlayId'].nunique()))",
      "total-ns": 653341461,
      "vars": {},
      "p2m": {
        "train": 678818221
      },
      "m2p": {
        "train": 788705719
      }
    },
    {
      "raw": "train.groupby('GameId')['PlayId'] \\\n    .nunique()",
      "total-ns": 451276684,
      "vars": {},
      "p2m": {
        "train": 741279360
      },
      "m2p": {
        "train": 821088239
      }
    },
    {
      "raw": "# fig, (ax1, ax2) = plt.subplots(1, 2, figsize=(15, 5))\n# sns.boxplot(data=train.groupby('PlayId').first()[['Distance','Down']],\n#             x='Down', y='Distance', ax=ax1)\n# ax1.set_title('Distance-to-Gain by Down')\n# sns.boxplot(data=train.groupby('PlayId').first()[['Yards','Down']],\n#             x='Down', y='Yards', ax=ax2)\n# ax2.set_title('Yards Gained by Down')\n# plt.show()",
      "total-ns": 398250,
      "vars": {},
      "p2m": {
        "train": 745994390
      },
      "m2p": {
        "train": 748890170
      }
    },
    {
      "raw": "train['Distance']",
      "total-ns": 2851570,
      "vars": {},
      "p2m": {
        "train": 678425021
      },
      "m2p": {
        "train": 791059149
      }
    },
    {
      "raw": "# fig, (ax1, ax2, ax3) = plt.subplots(1, 3, figsize=(16, 4))\n# train['S'].plot(kind='hist', ax=ax1,\n#                 title='Distribution of Speed',\n#                 bins=20,\n#                 color=color_pal[0])\n# train['A'].plot(kind='hist',\n#                 ax=ax2,\n#                 title='Distribution of Acceleration',\n#                 bins=20,\n#                 color=color_pal[1])\n# train['Dis'].plot(kind='hist',\n#                   ax=ax3,\n#                   title='Distribution of Distance',\n#                   bins=20,\n#                   color=color_pal[2])\n# plt.show()",
      "total-ns": 448970,
      "vars": {},
      "p2m": {
        "train": 666071831
      },
      "m2p": {
        "train": 760404069
      }
    },
    {
      "raw": "\ntrain.query(\"NflIdRusher == NflId\")['S'] \ntrain.query(\"NflIdRusher == NflId\")['A'] \ntrain.query(\"NflIdRusher == NflId\")['Dis'] ",
      "total-ns": 2035233223,
      "vars": {},
      "p2m": {
        "train": 786869558
      },
      "m2p": {
        "train": 810954679
      }
    },
    {
      "raw": "",
      "total-ns": 381910,
      "vars": {},
      "p2m": {
        "train": 694375561
      },
      "m2p": {
        "train": 768169949
      }
    },
    {
      "raw": "train.groupby('PlayId') \\\n    .first() \\\n    .groupby('OffensePersonnel') \\\n    .count()['GameId'] \\\n    .sort_values(ascending=False) \\\n    .head(15) \\\n    .sort_values() \ntrain.groupby('PlayId') \\\n    .first() \\\n    .groupby('DefensePersonnel') \\\n    .count()['GameId'] \\\n    .sort_values(ascending=False) \\\n    .head(15) \\\n    .sort_values()",
      "total-ns": 3358150833,
      "vars": {},
      "p2m": {
        "train": 663058461
      },
      "m2p": {
        "train": 760917009
      }
    },
    {
      "raw": "top_10_defenses = train.groupby('DefensePersonnel')['GameId'] \\\n    .count() \\\n    .sort_values(ascending=False).index[:10] \\\n    .tolist()",
      "total-ns": 2075728662,
      "vars": {},
      "p2m": {
        "train": 687686551
      },
      "m2p": {
        "train": 848360238
      }
    },
    {
      "raw": "train_play = train.groupby('PlayId').first()\ntrain_top10_def = train_play.loc[train_play['DefensePersonnel'].isin(top_10_defenses)]",
      "total-ns": 1688151657,
      "vars": {},
      "p2m": {
        "train": 767333180,
        "train_play": 78762609,
        "train_top10_def": 61932509
      },
      "m2p": {
        "train": 753620890,
        "train_play": 70090759,
        "train_top10_def": 51546309
      }
    },
    {
      "raw": "# fig, ax = plt.subplots(figsize=(15, 5))\n# ax.set_ylim(-10, 60)\n# ax.set_title('Yards vs Quarter')\n# sns.boxenplot(x='Quarter',\n#             y='Yards',\n#             data=train.sample(5000),\n#             ax=ax)\n# plt.show()",
      "total-ns": 392321,
      "vars": {},
      "p2m": {
        "train": 678044710,
        "train_play": 52063880,
        "train_top10_def": 48599290
      },
      "m2p": {
        "train": 746127450,
        "train_play": 56413149,
        "train_top10_def": 37903070
      }
    },
    {
      "raw": "# fig, ax = plt.subplots(figsize=(15, 5))\n# ax.set_ylim(-10, 60)\n# sns.boxenplot(x='DefendersInTheBox',\n#                y='Yards',\n#                data=train.query('DefendersInTheBox > 2'),\n#                ax=ax)\n# plt.title('Yards vs Defenders in the Box')\n# plt.show()",
      "total-ns": 329570,
      "vars": {},
      "p2m": {
        "train": 774251650,
        "train_play": 65940740,
        "train_top10_def": 65967380
      },
      "m2p": {
        "train": 815881779,
        "train_play": 74308228,
        "train_top10_def": 46403119
      }
    },
    {
      "raw": "# fig, axes = plt.subplots(3, 2, constrained_layout=True, figsize=(15 , 10))\n# #fig.tight_layout()\n# ax_idx = 0\n# ax_idx2 = 0\n# for i in range(4, 10):\n#     this_ax = axes[ax_idx2][ax_idx]\n#     #print(ax_idx, ax_idx2)\n#     sns.distplot(train.query('DefendersInTheBox == @i')['Yards'],\n#                 ax=this_ax,\n#                 color=color_pal[ax_idx2])\n#     this_ax.set_title(f'{i} Defenders in the box')\n#     this_ax.set_xlim(-10, 20)\n#     ax_idx += 1\n#     if ax_idx == 2:\n#         ax_idx = 0\n#         ax_idx2 += 1\n# plt.show()",
      "total-ns": 602739,
      "vars": {},
      "p2m": {
        "train": 765385150,
        "train_play": 62078509,
        "train_top10_def": 56759050
      },
      "m2p": {
        "train": 872774178,
        "train_play": 67181309,
        "train_top10_def": 42813330
      }
    },
    {
      "raw": "train.query(\"NflIdRusher == NflId\") \\\n    .groupby('DisplayName')['Yards'] \\\n    .agg(['count','mean']) \\\n    .query('count > 100') \\\n    .sort_values('mean', ascending=True) \\\n    .tail(10)['mean'] \ntrain.query(\"NflIdRusher == NflId\") \\\n    .groupby('DisplayName')['Yards'] \\\n    .agg(['count','mean']) \\\n    .query('count > 100') \\\n    .sort_values('mean', ascending=True) \\\n    .head(10)['mean']",
      "total-ns": 1641520947,
      "vars": {},
      "p2m": {
        "train": 683787070,
        "train_play": 63923339,
        "train_top10_def": 54392860
      },
      "m2p": {
        "train": 765621200,
        "train_play": 63507240,
        "train_top10_def": 40093729
      }
    },
    {
      "raw": "# Create the DL-LB combos\ntrain['DL_LB'] = train['DefensePersonnel'] \\\n    .str[:10] \\\n    .str.replace(' DL, ','-') \\\n    .str.replace(' LB','') # Clean up and convert to DL-LB combo\ntop_5_dl_lb_combos = train.groupby('DL_LB').count()['GameId'] \\\n    .sort_values() \\\n    .tail(10).index.tolist()\nax = train.loc[train['DL_LB'].isin(top_5_dl_lb_combos)] \\\n    .groupby('DL_LB')",
      "total-ns": 6305834413,
      "vars": {},
      "p2m": {
        "train": 940288307,
        "train_play": 56639319,
        "train_top10_def": 55640489
      },
      "m2p": {
        "train": 1129949445,
        "train_play": 57355529,
        "train_top10_def": 43083719
      }
    },
    {
      "raw": "def create_football_field(linenumbers=True,\n                          endzones=True,\n                          highlight_line=False,\n                          highlight_line_number=50,\n                          highlighted_name='Line of Scrimmage',\n                          fifty_is_los=False,\n                          figsize=(12*2, 6.33*2)):\n    \"\"\"\n    Function that plots the football field for viewing plays.\n    Allows for showing or hiding endzones.\n    \"\"\"\n    # rect = patches.Rectangle((0, 0), 120, 53.3, linewidth=0.1,\n    #                          edgecolor='r', facecolor='darkgreen', zorder=0)\n\n    # fig, ax = plt.subplots(1, figsize=figsize)\n    # ax.add_patch(rect)\n\n    # plt.plot([10, 10, 10, 20, 20, 30, 30, 40, 40, 50, 50, 60, 60, 70, 70, 80,\n    #           80, 90, 90, 100, 100, 110, 110, 120, 0, 0, 120, 120],\n    #          [0, 0, 53.3, 53.3, 0, 0, 53.3, 53.3, 0, 0, 53.3, 53.3, 0, 0, 53.3,\n    #           53.3, 0, 0, 53.3, 53.3, 0, 0, 53.3, 53.3, 53.3, 0, 0, 53.3],\n    #          color='white')\n    # if fifty_is_los:\n    #     plt.plot([60, 60], [0, 53.3], color='gold')\n    #     plt.text(62, 50, '<- Player Yardline at Snap', color='gold')\n    # # Endzones\n    # if endzones:\n    #     ez1 = patches.Rectangle((0, 0), 10, 53.3,\n    #                             linewidth=0.1,\n    #                             edgecolor='r',\n    #                             facecolor='blue',\n    #                             alpha=0.2,\n    #                             zorder=0)\n    #     ez2 = patches.Rectangle((110, 0), 120, 53.3,\n    #                             linewidth=0.1,\n    #                             edgecolor='r',\n    #                             facecolor='blue',\n    #                             alpha=0.2,\n    #                             zorder=0)\n    #     ax.add_patch(ez1)\n    #     ax.add_patch(ez2)\n    # plt.xlim(0, 120)\n    # plt.ylim(-5, 58.3)\n    # plt.axis('off')\n    if linenumbers:\n        for x in range(20, 110, 10):\n            numb = x\n            if x > 50:\n                numb = 120 - x\n            # plt.text(x, 5, str(numb - 10),\n            #          horizontalalignment='center',\n            #          fontsize=20,  # fontname='Arial',\n            #          color='white')\n            # plt.text(x - 0.95, 53.3 - 5, str(numb - 10),\n            #          horizontalalignment='center',\n            #          fontsize=20,  # fontname='Arial',\n            #          color='white', rotation=180)\n    if endzones:\n        hash_range = range(11, 110)\n    else:\n        hash_range = range(1, 120)\n\n    # for x in hash_range:\n    #     ax.plot([x, x], [0.4, 0.7], color='white')\n    #     ax.plot([x, x], [53.0, 52.5], color='white')\n    #     ax.plot([x, x], [22.91, 23.57], color='white')\n    #     ax.plot([x, x], [29.73, 30.39], color='white')\n\n    # if highlight_line:\n    #     hl = highlight_line_number + 10\n    #     plt.plot([hl, hl], [0, 53.3], color='yellow')\n    #     plt.text(hl + 2, 50, '<- {}'.format(highlighted_name),\n    #              color='yellow')\n    # return fig, ax\n\nimport math\ndef get_dx_dy(angle, dist):\n    cartesianAngleRadians = (450-angle)*math.pi/180.0\n    dx = dist * math.cos(cartesianAngleRadians)\n    dy = dist * math.sin(cartesianAngleRadians)\n    return dx, dy",
      "total-ns": 1955400,
      "vars": {},
      "p2m": {
        "train": 1051706096,
        "train_play": 63306949,
        "train_top10_def": 62164980
      },
      "m2p": {
        "train": 944461827,
        "train_play": 69256479,
        "train_top10_def": 53790189
      }
    },
    {
      "raw": "play_id = train.query(\"DL_LB == '3-4'\")['PlayId'].reset_index(drop=True)[500]\ntrain.query(\"PlayId == @play_id and Team == 'away'\") \ntrain.query(\"PlayId == @play_id and Team == 'home'\") \ntrain.query(\"PlayId == @play_id and NflIdRusher == NflId\") \nrusher_row = train.query(\"PlayId == @play_id and NflIdRusher == NflId\")\nyards_covered = rusher_row[\"Yards\"].values[0]\n\nx = rusher_row[\"X\"].values[0]\ny = rusher_row[\"Y\"].values[0]\nrusher_dir = rusher_row[\"Dir\"].values[0]\nrusher_speed = rusher_row[\"S\"].values[0]\ndx, dy = get_dx_dy(rusher_dir, rusher_speed)\nyards_gained = train.query(\"PlayId == @play_id\")['Yards'].tolist()[0]",
      "total-ns": 4011859626,
      "vars": {},
      "p2m": {
        "train": 840591029,
        "train_play": 71666639,
        "train_top10_def": 66052168,
        "rusher_row": 5113720
      },
      "m2p": {
        "train": 811846410,
        "train_play": 73847359,
        "train_top10_def": 51471429,
        "rusher_row": 22310670
      }
    },
    {
      "raw": "play_id = train.query(\"DL_LB == '4-3'\")['PlayId'].reset_index(drop=True)[500]\ntrain.query(\"PlayId == @play_id and Team == 'away'\") \ntrain.query(\"PlayId == @play_id and Team == 'home'\")\ntrain.query(\"PlayId == @play_id and NflIdRusher == NflId\")\nrusher_row = train.query(\"PlayId == @play_id and NflIdRusher == NflId\")\nyards_covered = rusher_row[\"Yards\"].values[0]\n\nx = rusher_row[\"X\"].values[0]\ny = rusher_row[\"Y\"].values[0]\nrusher_dir = rusher_row[\"Dir\"].values[0]\nrusher_speed = rusher_row[\"S\"].values[0]\ndx, dy = get_dx_dy(rusher_dir, rusher_speed)\nyards_gained = train.query(\"PlayId == @play_id\")['Yards'].tolist()[0]",
      "total-ns": 4221140123,
      "vars": {},
      "p2m": {
        "train": 770285329,
        "train_play": 57659140,
        "train_top10_def": 54443919,
        "rusher_row": 4873641
      },
      "m2p": {
        "train": 813285749,
        "train_play": 62995279,
        "train_top10_def": 41717230,
        "rusher_row": 18195919
      }
    },
    {
      "raw": "play_id = train.query(\"DL_LB == '4-2'\")['PlayId'].reset_index(drop=True)[500]\ntrain.query(\"PlayId == @play_id and Team == 'away'\")\ntrain.query(\"PlayId == @play_id and Team == 'home'\") \ntrain.query(\"PlayId == @play_id and NflIdRusher == NflId\")\nrusher_row = train.query(\"PlayId == @play_id and NflIdRusher == NflId\")\nyards_covered = rusher_row[\"Yards\"].values[0]\n\nx = rusher_row[\"X\"].values[0]\ny = rusher_row[\"Y\"].values[0]\nrusher_dir = rusher_row[\"Dir\"].values[0]\nrusher_speed = rusher_row[\"S\"].values[0]\ndx, dy = get_dx_dy(rusher_dir, rusher_speed)\nyards_gained = train.query(\"PlayId == @play_id\")['Yards'].tolist()[0]",
      "total-ns": 4100507764,
      "vars": {},
      "p2m": {
        "train": 823258699,
        "train_play": 52538619,
        "train_top10_def": 49694500,
        "rusher_row": 3899480
      },
      "m2p": {
        "train": 937514467,
        "train_play": 142719298,
        "train_top10_def": 35555309,
        "rusher_row": 16848459
      }
    },
    {
      "raw": "train['SnapHandoffSeconds'] = (pd.to_datetime(train['TimeHandoff']) - \\\n                               pd.to_datetime(train['TimeSnap'])).dt.total_seconds()\n\n(train.groupby('SnapHandoffSeconds').count() / 22 )['GameId']",
      "total-ns": 5144896409,
      "vars": {},
      "p2m": {
        "train": 933723867,
        "train_play": 71395339,
        "train_top10_def": 71340339,
        "rusher_row": 5143919
      },
      "m2p": {
        "train": 975586587,
        "train_play": 74667439,
        "train_top10_def": 53989229,
        "rusher_row": 5219410
      }
    },
    {
      "raw": "train.groupby('SnapHandoffSeconds')['Yards'].mean()",
      "total-ns": 3210971696,
      "vars": {},
      "p2m": {
        "train": 1141105485,
        "train_play": 57222949,
        "train_top10_def": 50892819,
        "rusher_row": 4424880
      },
      "m2p": {
        "train": 932676398,
        "train_play": 62885179,
        "train_top10_def": 37054830,
        "rusher_row": 3670260
      }
    },
    {
      "raw": "",
      "total-ns": 196380,
      "vars": {},
      "p2m": {
        "train": 805929740,
        "train_play": 64350519,
        "train_top10_def": 63794139,
        "rusher_row": 5242010
      },
      "m2p": {
        "train": 821995498,
        "train_play": 59694239,
        "train_top10_def": 52228779,
        "rusher_row": 5288029
      }
    },
    {
      "raw": "",
      "total-ns": 386700,
      "vars": {},
      "p2m": {
        "train": 895950838,
        "train_play": 68011409,
        "train_top10_def": 66459919,
        "rusher_row": 5894539
      },
      "m2p": {
        "train": 963848057,
        "train_play": 71458439,
        "train_top10_def": 50554159,
        "rusher_row": 4925770
      }
    }
  ]
}