{
  "cells": [
    {
      "raw": "#Import required libraries\n\nimport os\nos.environ[\"MODIN_ENGINE\"] = \"ray\"\nimport ray\nos.environ['MODIN_CPUS'] = \"4\"\nray.init(num_cpus=4, runtime_env={'env_vars': {'__MODIN_AUTOIMPORT_PANDAS__': '1'}})\nimport modin.pandas as pd\nimport numpy as np",
      "total-ns": 3605940032,
      "vars": {},
      "p2m": {},
      "m2p": {}
    },
    {
      "raw": "#load bitcoin data\nbtc_master = pd.read_csv('../input/gemini_BTCUSD_2020_1min.csv')\n\n#load ethereum data\neth_master = pd.read_csv('../input/gemini_ETHUSD_2020_1min.csv')\n\n#load litecoin data\nltc_master = pd.read_csv('../input/gemini_LTCUSD_2020_1min.csv')",
      "total-ns": 8259412388,
      "vars": {},
      "p2m": {
        "btc_master": 164268077,
        "eth_master": 128606068,
        "ltc_master": 177210077
      },
      "m2p": {
        "btc_master": 370853275,
        "eth_master": 321669035,
        "ltc_master": 327659846
      }
    },
    {
      "raw": "ltc_master.info()",
      "total-ns": 347324365,
      "vars": {},
      "p2m": {
        "btc_master": 157044757,
        "eth_master": 158283499,
        "ltc_master": 171315537
      },
      "m2p": {
        "btc_master": 154776108,
        "eth_master": 136087287,
        "ltc_master": 147671068
      }
    },
    {
      "raw": "#Check the data dimensions for bitcoin\nbtc_master.head()",
      "total-ns": 1747030,
      "vars": {},
      "p2m": {
        "btc_master": 158136728,
        "eth_master": 150659568,
        "ltc_master": 159878198
      },
      "m2p": {
        "btc_master": 139116988,
        "eth_master": 140958948,
        "ltc_master": 142943148
      }
    },
    {
      "raw": "btc_master.info()",
      "total-ns": 313375876,
      "vars": {},
      "p2m": {
        "btc_master": 147386919,
        "eth_master": 124980108,
        "ltc_master": 134962388
      },
      "m2p": {
        "btc_master": 142742818,
        "eth_master": 120816228,
        "ltc_master": 102213099
      }
    },
    {
      "raw": "#Check the data dimensions for ethereum\neth_master.shape",
      "total-ns": 513300,
      "vars": {},
      "p2m": {
        "btc_master": 121102918,
        "eth_master": 114472609,
        "ltc_master": 143589749
      },
      "m2p": {
        "btc_master": 104829569,
        "eth_master": 99888528,
        "ltc_master": 103514889
      }
    },
    {
      "raw": "eth_master.info()",
      "total-ns": 340340715,
      "vars": {},
      "p2m": {
        "btc_master": 153061748,
        "eth_master": 150996298,
        "ltc_master": 120230678
      },
      "m2p": {
        "btc_master": 137589648,
        "eth_master": 137090808,
        "ltc_master": 110388009
      }
    },
    {
      "raw": "#Check the data dimensions for litecoin\nltc_master.shape",
      "total-ns": 493580,
      "vars": {},
      "p2m": {
        "btc_master": 127711959,
        "eth_master": 115516109,
        "ltc_master": 125472038
      },
      "m2p": {
        "btc_master": 97768678,
        "eth_master": 98925628,
        "ltc_master": 98164728
      }
    },
    {
      "raw": "ltc_master.info()",
      "total-ns": 278610426,
      "vars": {},
      "p2m": {
        "btc_master": 140830028,
        "eth_master": 118729809,
        "ltc_master": 116435438
      },
      "m2p": {
        "btc_master": 108847889,
        "eth_master": 101507689,
        "ltc_master": 98413988
      }
    },
    {
      "raw": "#Convert the object type Date column to datetime type\nbtc_master['Date'] = pd.to_datetime(btc_master['Date'], format='%m/%d/%Y %H:%M')\neth_master['Date'] = pd.to_datetime(eth_master['Date'], format='%m/%d/%Y %H:%M')\nltc_master['Date'] = pd.to_datetime(ltc_master['Date'], format='%m/%d/%Y %H:%M')",
      "total-ns": 29885010,
      "vars": {},
      "p2m": {
        "btc_master": 81478259,
        "eth_master": 46894589,
        "ltc_master": 56822010
      },
      "m2p": {
        "btc_master": 4007256786,
        "eth_master": 423254204,
        "ltc_master": 273911537
      }
    },
    {
      "raw": "#drop from bitcoin\nbtc_master.drop(['Unix Timestamp','Symbol','Open', 'High','Low'], axis = 1, inplace = True)\n#drop from ethereum \neth_master.drop(['Unix Timestamp','Symbol','Open', 'High','Low'], axis = 1, inplace = True)\n#drop from litecoin\nltc_master.drop(['Unix Timestamp','Symbol','Open', 'High','Low'], axis = 1, inplace = True)\n\nltc_master.columns",
      "total-ns": 5707790,
      "vars": {},
      "p2m": {
        "btc_master": 21436859,
        "eth_master": 21373780,
        "ltc_master": 22430649
      },
      "m2p": {
        "btc_master": 74139899,
        "eth_master": 70413719,
        "ltc_master": 74366869
      }
    },
    {
      "raw": "#get all the records in bitcoin dataset but not in ethereum dataset\nbtc_master[~(btc_master['Date'].isin(eth_master[\"Date\"]))]",
      "total-ns": 12945801943,
      "vars": {},
      "p2m": {
        "btc_master": 14723979,
        "eth_master": 10648400,
        "ltc_master": 11542110
      },
      "m2p": {
        "btc_master": 16210721,
        "eth_master": 9446060,
        "ltc_master": 9989990
      }
    },
    {
      "raw": "#get all the records in ethereum dataset but not in bitcoin dataset\neth_master[~(eth_master['Date'].isin(btc_master[\"Date\"]))]",
      "total-ns": 13072979861,
      "vars": {},
      "p2m": {
        "btc_master": 17233260,
        "eth_master": 11081089,
        "ltc_master": 11646030
      },
      "m2p": {
        "btc_master": 13666040,
        "eth_master": 10068459,
        "ltc_master": 9261630
      }
    },
    {
      "raw": "#get all the records in litecoin dataset but not in bitcoin dataset\nltc_master[~(ltc_master['Date'].isin(btc_master[\"Date\"]))].count()",
      "total-ns": 12683264767,
      "vars": {},
      "p2m": {
        "btc_master": 11502260,
        "eth_master": 13669640,
        "ltc_master": 19179169
      },
      "m2p": {
        "btc_master": 16168560,
        "eth_master": 9665710,
        "ltc_master": 9969910
      }
    },
    {
      "raw": "#get all the records in litecoin dataset but not in ethereum dataset\nltc_master[~(ltc_master['Date'].isin(eth_master[\"Date\"]))].count()",
      "total-ns": 13610693505,
      "vars": {},
      "p2m": {
        "btc_master": 11581800,
        "eth_master": 13289520,
        "ltc_master": 20584529
      },
      "m2p": {
        "btc_master": 15175130,
        "eth_master": 8410460,
        "ltc_master": 8501990
      }
    },
    {
      "raw": "#Loose the time information\nbtc_master['Date'] = btc_master['Date'].dt.date\n\n#Aggregate by date\nbtc_grouped = pd.pivot_table(btc_master, values=['Close', 'Volume'], index=['Date'],\n                    aggfunc={'Close': np.mean,\n                             'Volume': np.sum})\n\nbtc_grouped.head()",
      "total-ns": 2777299762,
      "vars": {},
      "p2m": {
        "btc_master": 1429815601,
        "eth_master": 14278590,
        "ltc_master": 25589449,
        "btc_grouped": 7321990
      },
      "m2p": {
        "btc_master": 1921173695,
        "eth_master": 14123140,
        "ltc_master": 12338970,
        "btc_grouped": 4359420
      }
    },
    {
      "raw": "btc_grouped.shape",
      "total-ns": 881160,
      "vars": {},
      "p2m": {
        "btc_master": 1397998011,
        "eth_master": 10896310,
        "ltc_master": 12804770,
        "btc_grouped": 6416119
      },
      "m2p": {
        "btc_master": 139611178,
        "eth_master": 10812880,
        "ltc_master": 8812499,
        "btc_grouped": 5783031
      }
    },
    {
      "raw": "#Loose the time information\neth_master['Date'] = eth_master['Date'].dt.date\n\n#Aggregate by date\neth_grouped = pd.pivot_table(eth_master, values=['Close', 'Volume'], index=['Date'],\n                    aggfunc={'Close': np.mean,\n                             'Volume': np.sum})\neth_grouped.head()",
      "total-ns": 2677976154,
      "vars": {},
      "p2m": {
        "btc_master": 1573646468,
        "eth_master": 1381213341,
        "ltc_master": 13072240,
        "btc_grouped": 6594240,
        "eth_grouped": 5610599
      },
      "m2p": {
        "btc_master": 122205728,
        "eth_master": 1650407917,
        "ltc_master": 10208870,
        "btc_grouped": 6902850,
        "eth_grouped": 3069790
      }
    },
    {
      "raw": "eth_grouped.shape",
      "total-ns": 698011,
      "vars": {},
      "p2m": {
        "btc_master": 1336107722,
        "eth_master": 1305555802,
        "ltc_master": 13312710,
        "btc_grouped": 5984430,
        "eth_grouped": 5862341
      },
      "m2p": {
        "btc_master": 120874329,
        "eth_master": 113650568,
        "ltc_master": 9114710,
        "btc_grouped": 5011450,
        "eth_grouped": 5119380
      }
    },
    {
      "raw": "#Loose the time information\nltc_master['Date'] = ltc_master['Date'].dt.date\n\n#Aggregate by date\nltc_grouped = pd.pivot_table(ltc_master, values=['Close', 'Volume'], index=['Date'],\n                    aggfunc={'Close': np.mean,\n                             'Volume': np.sum})\nltc_grouped.head()",
      "total-ns": 2681165853,
      "vars": {},
      "p2m": {
        "btc_master": 1307864413,
        "eth_master": 1342976531,
        "ltc_master": 1354728232,
        "btc_grouped": 6201500,
        "eth_grouped": 5981439,
        "ltc_grouped": 6775280
      },
      "m2p": {
        "btc_master": 123002568,
        "eth_master": 115330958,
        "ltc_master": 1556788699,
        "btc_grouped": 6683600,
        "eth_grouped": 5430000,
        "ltc_grouped": 2960800
      }
    },
    {
      "raw": "ltc_grouped.shape",
      "total-ns": 603970,
      "vars": {},
      "p2m": {
        "btc_master": 1502050119,
        "eth_master": 1541892459,
        "ltc_master": 1307398143,
        "btc_grouped": 9104120,
        "eth_grouped": 6660309,
        "ltc_grouped": 6594910
      },
      "m2p": {
        "btc_master": 113386379,
        "eth_master": 144506609,
        "ltc_master": 113326089,
        "btc_grouped": 7390480,
        "eth_grouped": 5673050,
        "ltc_grouped": 5718600
      }
    },
    {
      "raw": "btc = btc_grouped['Close'].max()\neth = eth_grouped['Close'].max()\nltc = ltc_grouped['Close'].max()\n\n#What is the highest closing value of Bitcoin and when\nprint(\"Highest average value of BTC \", btc,\"was recorded on \",btc_grouped[btc_grouped['Close'] == btc].index.values[0])\n\n#What is the highest closing value of Ethereum and when\nprint(\"Highest average value of ETH \", eth,\"was recorded on \",eth_grouped[eth_grouped['Close'] == eth].index.values[0])\n\n#What is the highest closing value of Litecoin and when\nprint(\"Highest average value of LTC \", ltc,\"was recorded on \",ltc_grouped[ltc_grouped['Close'] == ltc].index.values[0])\n",
      "total-ns": 294096646,
      "vars": {},
      "p2m": {
        "btc_master": 1371513201,
        "eth_master": 1431296801,
        "ltc_master": 1419061651,
        "btc_grouped": 6774010,
        "eth_grouped": 6398030,
        "ltc_grouped": 6206140
      },
      "m2p": {
        "btc_master": 112726878,
        "eth_master": 117514768,
        "ltc_master": 122769578,
        "btc_grouped": 8160580,
        "eth_grouped": 5503551,
        "ltc_grouped": 6141080
      }
    },
    {
      "raw": "btc = btc_grouped['Volume'].max()\neth = eth_grouped['Volume'].max()\nltc = ltc_grouped['Volume'].max()\n\n\n#What is the highest closing volume of Bitcoin and when\nprint(\"Highest volume of BTC \", btc,\"was recorded on \",\n      btc_grouped[btc_grouped['Volume'] == btc].index.values[0])\n\n#What is the highest closing volume of Ethereum and when\nprint(\"Highest volume of ETH \", eth,\"was recorded on \",\n     eth_grouped[eth_grouped['Volume'] == eth].index.values[0])\n\n#What is the highest closing volume of Litecoin and when\nprint(\"Highest volume of LTC \", ltc,\"was recorded on \",\n     ltc_grouped[ltc_grouped['Volume'] == ltc].index.values[0])",
      "total-ns": 304181536,
      "vars": {},
      "p2m": {
        "btc_master": 1310608092,
        "eth_master": 1314787842,
        "ltc_master": 1337053801,
        "btc_grouped": 6118230,
        "eth_grouped": 5827810,
        "ltc_grouped": 6215950
      },
      "m2p": {
        "btc_master": 122627408,
        "eth_master": 118741738,
        "ltc_master": 120378638,
        "btc_grouped": 5787980,
        "eth_grouped": 5077560,
        "ltc_grouped": 5779540
      }
    },
    {
      "raw": "btc = btc_grouped[btc_grouped['Volume'] == btc_grouped['Volume'].max()]['Close'].values[0]\neth = eth_grouped[eth_grouped['Volume'] == eth_grouped['Volume'].max()]['Close'].values[0]\nltc = ltc_grouped[ltc_grouped['Volume'] == ltc_grouped['Volume'].max()]['Close'].values[0]\n\n#What is the closing value of Bitcoin and when the highest volume was transacted \nprint(\"Highest volume of BTC was\", btc_grouped['Volume'].max(),\"and mean closing value on that day was\",btc)\n\n#What is the highest closing volume of Ethereum and when\nprint(\"Highest volume of ETH \", eth_grouped['Volume'].max(),\"and mean closing value on that day was \",eth)\n\n#What is the highest closing volume of Litecoin and when\nprint(\"Highest volume of LTC \", ltc_grouped['Volume'].max(),\"and mean closing value on that day was \",ltc)\n",
      "total-ns": 442444973,
      "vars": {},
      "p2m": {
        "btc_master": 1359331021,
        "eth_master": 1391302731,
        "ltc_master": 1598486548,
        "btc_grouped": 7382790,
        "eth_grouped": 6419670,
        "ltc_grouped": 7215570
      },
      "m2p": {
        "btc_master": 117753539,
        "eth_master": 115603399,
        "ltc_master": 116357548,
        "btc_grouped": 9168700,
        "eth_grouped": 5965590,
        "ltc_grouped": 6039380
      }
    },
    {
      "raw": "#What is the closing value of Bitcoin and when the highest volume was transacted \nprint(\"Lowest average closing value of BTC \", btc_grouped['Close'].min())\n\n#What is the closing value of Bitcoin and when the highest volume was transacted \nprint(\"Lowest average closing value of ETH \", eth_grouped['Close'].min())\n\n#What is the closing value of Bitcoin and when the highest volume was transacted \nprint(\"Lowest average closing value of LTC \", ltc_grouped['Close'].min())",
      "total-ns": 157218708,
      "vars": {},
      "p2m": {
        "btc_master": 1630487567,
        "eth_master": 1541089310,
        "ltc_master": 1460234121,
        "btc_grouped": 10596100,
        "eth_grouped": 7949470,
        "ltc_grouped": 7994320
      },
      "m2p": {
        "btc_master": 153365418,
        "eth_master": 116693819,
        "ltc_master": 138080187,
        "btc_grouped": 8323499,
        "eth_grouped": 7227140,
        "ltc_grouped": 7872140
      }
    },
    {
      "raw": "#Merge bitcoin and ethereum data\nbtc_eth = pd.merge(btc_grouped, eth_grouped, suffixes=('_btc', '_eth'), left_index=True, right_index=True)\nbtc_eth.head()",
      "total-ns": 6685550,
      "vars": {},
      "p2m": {
        "btc_master": 1590561228,
        "eth_master": 1323610551,
        "ltc_master": 1394368891,
        "btc_grouped": 7656240,
        "eth_grouped": 6446399,
        "ltc_grouped": 6003100,
        "btc_eth": 6595860
      },
      "m2p": {
        "btc_master": 152679698,
        "eth_master": 120380889,
        "ltc_master": 116781538,
        "btc_grouped": 6891449,
        "eth_grouped": 7129710,
        "ltc_grouped": 5507340,
        "btc_eth": 39845470
      }
    },
    {
      "raw": "#Merge litecoin with other two\nbtc_eth_ltc = pd.merge(btc_eth, ltc_grouped, left_index=True, right_index=True)\nbtc_eth_ltc.rename(columns={\"Close\": \"Close_ltc\", \"Volume\": \"Volume_ltc\"}, inplace=True)\nbtc_eth_ltc.head()",
      "total-ns": 5996740,
      "vars": {},
      "p2m": {
        "btc_master": 1594619298,
        "eth_master": 1499037469,
        "ltc_master": 1540901808,
        "btc_grouped": 5835129,
        "eth_grouped": 5574129,
        "ltc_grouped": 5680890,
        "btc_eth": 6110990,
        "btc_eth_ltc": 6762181
      },
      "m2p": {
        "btc_master": 142321139,
        "eth_master": 144401788,
        "ltc_master": 116295708,
        "btc_grouped": 5196910,
        "eth_grouped": 4891621,
        "ltc_grouped": 5231400,
        "btc_eth": 5407970,
        "btc_eth_ltc": 43361599
      }
    },
    {
      "raw": "#Corelation between the currencies\nbtc_eth_ltc.corr()",
      "total-ns": 49230439,
      "vars": {},
      "p2m": {
        "btc_master": 1304623282,
        "eth_master": 1318417612,
        "ltc_master": 1888636464,
        "btc_grouped": 9047280,
        "eth_grouped": 9628530,
        "ltc_grouped": 8436170,
        "btc_eth": 10646270,
        "btc_eth_ltc": 10000610
      },
      "m2p": {
        "btc_master": 128795169,
        "eth_master": 115993919,
        "ltc_master": 113139068,
        "btc_grouped": 10221440,
        "eth_grouped": 8860759,
        "ltc_grouped": 8452660,
        "btc_eth": 8748950,
        "btc_eth_ltc": 9825370
      }
    }
  ]
}