{
  "cells": [
    {
      "raw": "\nimport matplotlib.pyplot as plt\nimport seaborn as sns\nimport os\n\nimport os\nos.environ[\"MODIN_ENGINE\"] = \"ray\"\nimport ray\nos.environ['MODIN_CPUS'] = \"4\"\nray.init(num_cpus=4, runtime_env={'env_vars': {'__MODIN_AUTOIMPORT_PANDAS__': '1'}})\nimport modin.pandas as pd\n",
      "total-ns": 3726402717,
      "vars": {},
      "p2m": {},
      "m2p": {}
    },
    {
      "raw": "data=pd.read_csv(\"../input/superstore/SampleSuperstore.csv\")",
      "total-ns": 5884747079,
      "vars": {},
      "p2m": {
        "data": 10208010
      },
      "m2p": {
        "data": 42183199
      }
    },
    {
      "raw": "data.info()",
      "total-ns": 113889969,
      "vars": {},
      "p2m": {
        "data": 10247520
      },
      "m2p": {
        "data": 8112080
      }
    },
    {
      "raw": "data.head()",
      "total-ns": 1014680,
      "vars": {},
      "p2m": {
        "data": 10366320
      },
      "m2p": {
        "data": 7992930
      }
    },
    {
      "raw": "data.info()",
      "total-ns": 100279389,
      "vars": {},
      "p2m": {
        "data": 10803419
      },
      "m2p": {
        "data": 8885151
      }
    },
    {
      "raw": "data.duplicated().sum()",
      "total-ns": 383908835,
      "vars": {},
      "p2m": {
        "data": 10674530
      },
      "m2p": {
        "data": 7566710
      }
    },
    {
      "raw": "data.drop_duplicates(inplace= True)",
      "total-ns": 425553794,
      "vars": {},
      "p2m": {
        "data": 9666349
      },
      "m2p": {
        "data": 40297590
      }
    },
    {
      "raw": "data.info()",
      "total-ns": 94116059,
      "vars": {},
      "p2m": {
        "data": 12677200
      },
      "m2p": {
        "data": 10217090
      }
    },
    {
      "raw": "data.drop([\"Postal Code\"], axis=1,inplace= True)",
      "total-ns": 2532150,
      "vars": {},
      "p2m": {
        "data": 8955980
      },
      "m2p": {
        "data": 66362719
      }
    },
    {
      "raw": "data.info()",
      "total-ns": 94668738,
      "vars": {},
      "p2m": {
        "data": 10267470
      },
      "m2p": {
        "data": 8731080
      }
    },
    {
      "raw": "data.corr()",
      "total-ns": 134045718,
      "vars": {},
      "p2m": {
        "data": 17194209
      },
      "m2p": {
        "data": 20342260
      }
    },
    {
      "raw": "# sns.heatmap(data.corr(), annot=True)\n_ = data.corr()",
      "total-ns": 56352779,
      "vars": {},
      "p2m": {
        "_": 1598830,
        "data": 10287450
      },
      "m2p": {
        "_": 36548869,
        "data": 8307189
      }
    },
    {
      "raw": "data[\"Ship Mode\"].value_counts()",
      "total-ns": 91229809,
      "vars": {},
      "p2m": {
        "_": 3367470,
        "data": 10798110
      },
      "m2p": {
        "_": 2825450,
        "data": 9756140
      }
    },
    {
      "raw": "# STEFANOS: Disable plotting\n# sns.countplot(x= data['Ship Mode'])",
      "total-ns": 528410,
      "vars": {},
      "p2m": {
        "_": 1740710,
        "data": 10276110
      },
      "m2p": {
        "_": 2222840,
        "data": 8494769
      }
    },
    {
      "raw": "data[\"Segment\"].value_counts()",
      "total-ns": 92163988,
      "vars": {},
      "p2m": {
        "_": 1689730,
        "data": 12557559
      },
      "m2p": {
        "_": 2403030,
        "data": 11356870
      }
    },
    {
      "raw": "# STEFANOS: Disable plotting\n# sns.countplot(x= data['Segment'])",
      "total-ns": 287410,
      "vars": {},
      "p2m": {
        "_": 1837919,
        "data": 11728789
      },
      "m2p": {
        "_": 2068049,
        "data": 9175240
      }
    },
    {
      "raw": "data[\"Category\"].value_counts()",
      "total-ns": 89543879,
      "vars": {},
      "p2m": {
        "_": 2161340,
        "data": 9879210
      },
      "m2p": {
        "_": 2869840,
        "data": 10541640
      }
    },
    {
      "raw": "# STEFANOS: Disable plotting\n# sns.countplot(x= data['Category'])",
      "total-ns": 284090,
      "vars": {},
      "p2m": {
        "_": 1684970,
        "data": 9481930
      },
      "m2p": {
        "_": 2188150,
        "data": 8664469
      }
    },
    {
      "raw": "data[\"Sub-Category\"].value_counts()\n",
      "total-ns": 85451748,
      "vars": {},
      "p2m": {
        "_": 1834490,
        "data": 9502430
      },
      "m2p": {
        "_": 1734801,
        "data": 10435740
      }
    },
    {
      "raw": "# STEFANOS: Disable plotting\n# plt.figure(figsize=(15,15))\n# plt.pie(data[\"Sub-Category\"].value_counts(), labels= data[\"Sub-Category\"].value_counts().index, autopct =\"%2f\")\n# plt.show()",
      "total-ns": 340950,
      "vars": {},
      "p2m": {
        "_": 2478701,
        "data": 11259930
      },
      "m2p": {
        "_": 3029580,
        "data": 9154160
      }
    },
    {
      "raw": "st_profit=data.groupby([\"State\"])[\"Profit\"].sum().nlargest(20)",
      "total-ns": 2394578218,
      "vars": {},
      "p2m": {
        "_": 1633700,
        "data": 15203949,
        "st_profit": 2294690
      },
      "m2p": {
        "_": 1906559,
        "data": 12618480,
        "st_profit": 8033799
      }
    },
    {
      "raw": "st_profit",
      "total-ns": 500750,
      "vars": {},
      "p2m": {
        "_": 1898090,
        "data": 9014370,
        "st_profit": 2014340
      },
      "m2p": {
        "_": 1899270,
        "data": 8668960,
        "st_profit": 6138630
      }
    },
    {
      "raw": "# STEFANOS: Disable plotting\n# plt.figure(figsize=(15,8))\n# st_profit.plot.bar()",
      "total-ns": 259160,
      "vars": {},
      "p2m": {
        "_": 1811590,
        "data": 9242549,
        "st_profit": 1668909
      },
      "m2p": {
        "_": 1779700,
        "data": 10211710,
        "st_profit": 5407869
      }
    },
    {
      "raw": "# STEFANOS: Disable plotting\n# sns.lineplot(data=data, x=\"Discount\", y= \"Profit\")",
      "total-ns": 332840,
      "vars": {},
      "p2m": {
        "_": 1292949,
        "data": 10869099,
        "st_profit": 2170670
      },
      "m2p": {
        "_": 1383850,
        "data": 7441700,
        "st_profit": 5869350
      }
    },
    {
      "raw": "# STEFANOS: Disable plotting\n# data.plot(kind=\"scatter\",x=\"Sales\",y=\"Profit\", c=\"Discount\", colormap=\"Set1\",figsize=(10,10))",
      "total-ns": 311430,
      "vars": {},
      "p2m": {
        "_": 1754490,
        "data": 10465610,
        "st_profit": 2040231
      },
      "m2p": {
        "_": 1924050,
        "data": 8901600,
        "st_profit": 7199040
      }
    },
    {
      "raw": "data1= data.groupby(\"State\")[[\"Sales\",\"Profit\"]].sum().sort_values(by=\"Sales\", ascending=False)\n# STEFANOS: Disable plotting\n# data1[:].plot.bar(color = [\"Green\",\"Red\"], figsize=(20,12))\n# plt.title(\"Profit-Loss and Sales across States\")\n# plt.show()",
      "total-ns": 2006312262,
      "vars": {},
      "p2m": {
        "_": 2458280,
        "data": 10224200,
        "st_profit": 1928361,
        "data1": 2366580
      },
      "m2p": {
        "_": 2861351,
        "data": 16118120,
        "st_profit": 6295430,
        "data1": 8350809
      }
    },
    {
      "raw": "\ndata1= data.groupby(\"Region\")[[\"Sales\",\"Profit\"]].sum().sort_values(by=\"Sales\", ascending=False)\n# STEFANOS: Disable plotting\n# data1[:].plot.bar(color = [\"Blue\",\"Red\"], figsize=(10,7))\n# plt.title(\"Profit-Loss and Sales across Region\")\n# plt.show()\n",
      "total-ns": 1684730567,
      "vars": {},
      "p2m": {
        "_": 4537491,
        "data": 12011130,
        "st_profit": 1826730,
        "data1": 1163160
      },
      "m2p": {
        "_": 3736139,
        "data": 9207370,
        "st_profit": 6133050,
        "data1": 4445580
      }
    }
  ]
}