{
  "cells": [
    {
      "raw": "\nimport matplotlib.pyplot as plt\nimport os\n\nimport os\nos.environ[\"MODIN_ENGINE\"] = \"ray\"\nimport ray\nos.environ['MODIN_CPUS'] = \"4\"\nray.init(num_cpus=4, runtime_env={'env_vars': {'__MODIN_AUTOIMPORT_PANDAS__': '1'}})\nimport modin.pandas as pd\n",
      "total-ns": 3243987636,
      "vars": {},
      "p2m": {},
      "m2p": {}
    },
    {
      "raw": "data=pd.read_csv(\"../input/superstore/SampleSuperstore.csv\")",
      "total-ns": 6196282575,
      "vars": {},
      "p2m": {
        "data": 10796930
      },
      "m2p": {
        "data": 39130509
      }
    },
    {
      "raw": "data.info()",
      "total-ns": 186962178,
      "vars": {},
      "p2m": {
        "data": 11040389
      },
      "m2p": {
        "data": 8410840
      }
    },
    {
      "raw": "data.head()",
      "total-ns": 1131960,
      "vars": {},
      "p2m": {
        "data": 10801250
      },
      "m2p": {
        "data": 8369120
      }
    },
    {
      "raw": "data.info()",
      "total-ns": 94538529,
      "vars": {},
      "p2m": {
        "data": 10471190
      },
      "m2p": {
        "data": 8444210
      }
    },
    {
      "raw": "data.duplicated().sum()",
      "total-ns": 380231754,
      "vars": {},
      "p2m": {
        "data": 12432239
      },
      "m2p": {
        "data": 8693411
      }
    },
    {
      "raw": "# STEFANOS: Disable this. It undos the data replication.\n# data.drop_duplicates(inplace= True)",
      "total-ns": 297050,
      "vars": {},
      "p2m": {
        "data": 11475800
      },
      "m2p": {
        "data": 10211130
      }
    },
    {
      "raw": "data.info()",
      "total-ns": 103605348,
      "vars": {},
      "p2m": {
        "data": 10129590
      },
      "m2p": {
        "data": 8198990
      }
    },
    {
      "raw": "data.drop([\"Postal Code\"], axis=1,inplace= True)",
      "total-ns": 2270200,
      "vars": {},
      "p2m": {
        "data": 9669130
      },
      "m2p": {
        "data": 64334429
      }
    },
    {
      "raw": "data.info()",
      "total-ns": 96845199,
      "vars": {},
      "p2m": {
        "data": 11195280
      },
      "m2p": {
        "data": 10484069
      }
    },
    {
      "raw": "data.corr()",
      "total-ns": 132213849,
      "vars": {},
      "p2m": {
        "data": 13708890
      },
      "m2p": {
        "data": 15160370
      }
    },
    {
      "raw": "# STEFANOS: Disable plotting\n# sns.heatmap(data.corr(), annot=True)",
      "total-ns": 356060,
      "vars": {},
      "p2m": {
        "data": 13860860
      },
      "m2p": {
        "data": 13527120
      }
    },
    {
      "raw": "data[\"Ship Mode\"].value_counts()",
      "total-ns": 89231759,
      "vars": {},
      "p2m": {
        "data": 11386810
      },
      "m2p": {
        "data": 11721109
      }
    },
    {
      "raw": "# STEFANOS: Disable plotting\n# sns.countplot(x= data['Ship Mode'])",
      "total-ns": 283040,
      "vars": {},
      "p2m": {
        "data": 10205360
      },
      "m2p": {
        "data": 8334940
      }
    },
    {
      "raw": "data[\"Segment\"].value_counts()",
      "total-ns": 90708059,
      "vars": {},
      "p2m": {
        "data": 14280880
      },
      "m2p": {
        "data": 15766619
      }
    },
    {
      "raw": "# STEFANOS: Disable plotting\n# sns.countplot(x= data['Segment'])",
      "total-ns": 277750,
      "vars": {},
      "p2m": {
        "data": 10707960
      },
      "m2p": {
        "data": 9249040
      }
    },
    {
      "raw": "data[\"Category\"].value_counts()",
      "total-ns": 87645889,
      "vars": {},
      "p2m": {
        "data": 12706290
      },
      "m2p": {
        "data": 16126000
      }
    },
    {
      "raw": "# STEFANOS: Disable plotting\n# sns.countplot(x= data['Category'])",
      "total-ns": 303090,
      "vars": {},
      "p2m": {
        "data": 10522490
      },
      "m2p": {
        "data": 9776039
      }
    },
    {
      "raw": "data[\"Sub-Category\"].value_counts()\n",
      "total-ns": 93333209,
      "vars": {},
      "p2m": {
        "data": 10094209
      },
      "m2p": {
        "data": 14800520
      }
    },
    {
      "raw": "# STEFANOS: Disable plotting\n# plt.figure(figsize=(15,15))\n# plt.pie(data[\"Sub-Category\"].value_counts(), labels= data[\"Sub-Category\"].value_counts().index, autopct =\"%2f\")\n# plt.show()",
      "total-ns": 296801,
      "vars": {},
      "p2m": {
        "data": 10208010
      },
      "m2p": {
        "data": 8717271
      }
    },
    {
      "raw": "st_profit=data.groupby([\"State\"])[\"Profit\"].sum().nlargest(20)",
      "total-ns": 78804278,
      "vars": {},
      "p2m": {
        "data": 9086820,
        "st_profit": 1882500
      },
      "m2p": {
        "data": 8104780,
        "st_profit": 5773910
      }
    },
    {
      "raw": "st_profit",
      "total-ns": 419360,
      "vars": {},
      "p2m": {
        "data": 9726930,
        "st_profit": 2343230
      },
      "m2p": {
        "data": 8197150,
        "st_profit": 6547579
      }
    },
    {
      "raw": "# STEFANOS: Disable plotting\n# plt.figure(figsize=(15,8))\n# st_profit.plot.bar()",
      "total-ns": 366430,
      "vars": {},
      "p2m": {
        "data": 9395239,
        "st_profit": 1786530
      },
      "m2p": {
        "data": 7922610,
        "st_profit": 5999410
      }
    },
    {
      "raw": "# STEFANOS: Disable plotting\n# sns.lineplot(data=data, x=\"Discount\", y= \"Profit\")",
      "total-ns": 318860,
      "vars": {},
      "p2m": {
        "data": 12311240,
        "st_profit": 2292650
      },
      "m2p": {
        "data": 9039190,
        "st_profit": 7132900
      }
    },
    {
      "raw": "# STEFANOS: Disable plotting\n# data.plot(kind=\"scatter\",x=\"Sales\",y=\"Profit\", c=\"Discount\", colormap=\"Set1\",figsize=(10,10))",
      "total-ns": 281290,
      "vars": {},
      "p2m": {
        "data": 10959889,
        "st_profit": 2151480
      },
      "m2p": {
        "data": 9197639,
        "st_profit": 6547390
      }
    },
    {
      "raw": "# %%time\ndata1= data.groupby(\"State\")[[\"Sales\",\"Profit\"]].sum().sort_values(by=\"Sales\", ascending=False)\n# STEFANOS: Disable plotting\n# data1[:].plot.bar(color = [\"Green\",\"Red\"], figsize=(20,12))\n# plt.title(\"Profit-Loss and Sales across States\")\n# plt.show()",
      "total-ns": 1790772726,
      "vars": {},
      "p2m": {
        "data": 13674990,
        "st_profit": 3815260,
        "data1": 2634550
      },
      "m2p": {
        "data": 18708260,
        "st_profit": 8913519,
        "data1": 15935230
      }
    },
    {
      "raw": "data1= data.groupby(\"Region\")[[\"Sales\",\"Profit\"]].sum().sort_values(by=\"Sales\", ascending=False)\n# STEFANOS: Disable plotting\n# data1[:].plot.bar(color = [\"Blue\",\"Red\"], figsize=(10,7))\n# plt.title(\"Profit-Loss and Sales across Region\")\n# plt.show()",
      "total-ns": 99588049,
      "vars": {},
      "p2m": {
        "data": 10467560,
        "st_profit": 1729420,
        "data1": 1181780
      },
      "m2p": {
        "data": 12259660,
        "st_profit": 5800289,
        "data1": 4828600
      }
    }
  ]
}