{
  "cells": [
    {
      "raw": "# This Python 3 environment comes with many helpful analytics libraries installed\n# It is defined by the kaggle/python Docker image: https://github.com/kaggle/docker-python\n# For example, here's several helpful packages to load\n\nimport numpy as np # linear algebra\nimport os\n\nimport os\nos.environ[\"MODIN_ENGINE\"] = \"ray\"\nimport ray\nos.environ['MODIN_CPUS'] = \"4\"\nray.init(num_cpus=4, runtime_env={'env_vars': {'__MODIN_AUTOIMPORT_PANDAS__': '1'}})\nimport modin.pandas as pd\nimport matplotlib.pyplot as plt\nimport seaborn as sns\nsns.set()\n\n# Input data files are available in the read-only \"../input/\" directory\n# For example, running this (by clicking run or pressing Shift+Enter) will list all files under the input directory\n\nimport os\nfor dirname, _, filenames in os.walk('/kaggle/input'):\n    for filename in filenames:\n        print(os.path.join(dirname, filename))\n\n# You can write up to 20GB to the current directory (/kaggle/working/) that gets preserved as output when you create a version using \"Save & Run All\" \n# You can also write temporary files to /kaggle/temp/, but they won't be saved outside of the current session",
      "total-ns": 5798085072,
      "vars": {},
      "p2m": {},
      "m2p": {}
    },
    {
      "raw": "df = pd.read_csv(\"../input/adidas-us-retail-products-dataset/adidas.csv\")",
      "total-ns": 5316204199,
      "vars": {},
      "p2m": {
        "df": 16348761
      },
      "m2p": {
        "df": 57767641
      }
    },
    {
      "raw": "df.info()",
      "total-ns": 171985724,
      "vars": {},
      "p2m": {
        "df": 15460721
      },
      "m2p": {
        "df": 11447900
      }
    },
    {
      "raw": "# First 5 records in the DataFrame\n\ndf.head()",
      "total-ns": 1504730,
      "vars": {},
      "p2m": {
        "df": 15723350
      },
      "m2p": {
        "df": 11033600
      }
    },
    {
      "raw": "# Checking for Null Values in the DataFrame\n\ndf.isna().sum()\n\n# There 16 Null Values for Original_price Column",
      "total-ns": 35227691,
      "vars": {},
      "p2m": {
        "df": 14946651
      },
      "m2p": {
        "df": 13718800
      }
    },
    {
      "raw": "# Shape of the DataFrame\n\ndf.shape",
      "total-ns": 615260,
      "vars": {},
      "p2m": {
        "df": 14812731
      },
      "m2p": {
        "df": 13283540
      }
    },
    {
      "raw": "# Information about the DataFrame\n\ndf.info()",
      "total-ns": 274891616,
      "vars": {},
      "p2m": {
        "df": 16096530
      },
      "m2p": {
        "df": 20024321
      }
    },
    {
      "raw": "# Correlation Between Columns\n\ndf.corr()",
      "total-ns": 102051872,
      "vars": {},
      "p2m": {
        "df": 15044400
      },
      "m2p": {
        "df": 18093910
      }
    },
    {
      "raw": "# Statistical informtion about the DataFrame\n\ndf.describe().T",
      "total-ns": 22628110,
      "vars": {},
      "p2m": {
        "df": 12545861
      },
      "m2p": {
        "df": 10148670
      }
    },
    {
      "raw": "# The Percentage of Missing Values in the 'original_price' Column\n\n100 * (df['original_price'].isna().sum() / len(df))\n\n# As the percntage of Null Records is less than 5%, hence dropping the Null record Rows",
      "total-ns": 105641292,
      "vars": {},
      "p2m": {
        "df": 15001130
      },
      "m2p": {
        "df": 15687910
      }
    },
    {
      "raw": "# Dropping Null Values in the DataFrame\n\ndf.dropna(inplace=True, axis=0)",
      "total-ns": 13543730,
      "vars": {},
      "p2m": {
        "df": 11853841
      },
      "m2p": {
        "df": 57684972
      }
    },
    {
      "raw": "# Checking for Null Values in the DataFrame\n\ndf.isna().sum()",
      "total-ns": 21229111,
      "vars": {},
      "p2m": {
        "df": 10518550
      },
      "m2p": {
        "df": 9215900
      }
    },
    {
      "raw": "# Dropping 'currency' column as all records have 'USD' as currency\n# Dropping 'source' column as all records have 'adidas United States' as value\n# Dropping 'brand', 'country', 'language' columns as all records have same value\n\ndf.drop([ 'brand', 'country', 'language', 'source_website', 'images', 'crawled_at', 'url', 'sku', 'currency','source', 'description'], axis=1, inplace=True)",
      "total-ns": 3158360,
      "vars": {},
      "p2m": {
        "df": 10031070
      },
      "m2p": {
        "df": 81393712
      }
    },
    {
      "raw": "# First 5 records in the DataFrame\n\ndf.head()",
      "total-ns": 1535990,
      "vars": {},
      "p2m": {
        "df": 8862480
      },
      "m2p": {
        "df": 10402249
      }
    },
    {
      "raw": "# Removing '$' from the DataFrame\n\ndf['original_price'] = df['original_price'].str.split('$')\ndf['original_price'] = df['original_price'].str[1]",
      "total-ns": 33826922,
      "vars": {},
      "p2m": {
        "df": 9351380
      },
      "m2p": {
        "df": 105659522
      }
    },
    {
      "raw": "# First 5 records in the DataFrame\n\ndf.head()",
      "total-ns": 1220720,
      "vars": {},
      "p2m": {
        "df": 9977551
      },
      "m2p": {
        "df": 10241141
      }
    },
    {
      "raw": "# Shape of the DataFrame\n\ndf.shape",
      "total-ns": 496400,
      "vars": {},
      "p2m": {
        "df": 9245670
      },
      "m2p": {
        "df": 10747270
      }
    },
    {
      "raw": "# Checking the Data Types for the columns\n\ndf.dtypes",
      "total-ns": 531860,
      "vars": {},
      "p2m": {
        "df": 9123180
      },
      "m2p": {
        "df": 9912561
      }
    },
    {
      "raw": "# Creating 'Category' Column\n\ndf['Category'] = df['breadcrumbs'].str.split(\"/\")\ndf['Category'] = df['Category'].str[0]",
      "total-ns": 35687461,
      "vars": {},
      "p2m": {
        "df": 9518650
      },
      "m2p": {
        "df": 47437721
      }
    },
    {
      "raw": "# Creating 'Product Type' Column\n\ndf['Product_Type'] = df['breadcrumbs'].str.split(\"/\")\ndf['Product_Type'] = df['Product_Type'].str[1]",
      "total-ns": 31945501,
      "vars": {},
      "p2m": {
        "df": 12765030
      },
      "m2p": {
        "df": 72806772
      }
    },
    {
      "raw": "# Droping 'breadcrumbs' Column\n\ndf.drop(['breadcrumbs', 'category'], axis=1, inplace=True)",
      "total-ns": 3691580,
      "vars": {},
      "p2m": {
        "df": 13094341
      },
      "m2p": {
        "df": 46201121
      }
    },
    {
      "raw": "# Changing the DataType of 'original_price' from object to int64\n\ndf['original_price'] = df['original_price'].astype('int64')",
      "total-ns": 29263620,
      "vars": {},
      "p2m": {
        "df": 10107780
      },
      "m2p": {
        "df": 111042793
      }
    },
    {
      "raw": "# Checking the Data Types for the columns\n\ndf.dtypes",
      "total-ns": 657230,
      "vars": {},
      "p2m": {
        "df": 12235540
      },
      "m2p": {
        "df": 12104371
      }
    },
    {
      "raw": "# STEFANOS: Disable plotting\n# sns.heatmap(df.corr(), annot=True, cmap='magma')\n# plt.show();",
      "total-ns": 399120,
      "vars": {},
      "p2m": {
        "df": 11495770
      },
      "m2p": {
        "df": 12976120
      }
    },
    {
      "raw": "# Distribution Plot for selling price\n\n# STEFANOS: Disable plotting\n# sns.displot(df['selling_price'], kde=True);\n\n# The Below Graph is 'Right Skewed' with Majority of Data falling between 10-70.",
      "total-ns": 373230,
      "vars": {},
      "p2m": {
        "df": 10890180
      },
      "m2p": {
        "df": 10813250
      }
    },
    {
      "raw": "# Distribution Plot for origial price\n\n# STEFANOS: Disable plotting\n# sns.displot(df['original_price'], kde=True);\n\n# The Below Graph is 'Right Skewed' with Majority of Data falling between 10-90.",
      "total-ns": 390320,
      "vars": {},
      "p2m": {
        "df": 12230110
      },
      "m2p": {
        "df": 10591660
      }
    },
    {
      "raw": "# Distribution Plot for average rating\n\n# STEFANOS: Disable plotting\n# sns.displot(df['average_rating'], kde=True);\n\n# The Below Graph is 'Left Skewed' with Majority of Data falling between 4.2-5.0.",
      "total-ns": 377070,
      "vars": {},
      "p2m": {
        "df": 10876880
      },
      "m2p": {
        "df": 11111130
      }
    },
    {
      "raw": "# Distribution Plot for reviews count\n\n# STEFANOS: Disable plotting\n# sns.displot(df['reviews_count'], kde=True);\n\n# The Below Graph is 'Right Skewed' with Majority of Data falling below 600.",
      "total-ns": 388900,
      "vars": {},
      "p2m": {
        "df": 10358130
      },
      "m2p": {
        "df": 11535781
      }
    },
    {
      "raw": "# No.of Unique Products in the DataFrame\n\ndf['name'].nunique()",
      "total-ns": 43472021,
      "vars": {},
      "p2m": {
        "df": 11627440
      },
      "m2p": {
        "df": 9915830
      }
    },
    {
      "raw": "# Top 10 - Products sold in the DataFrame\n\ndf['name'].value_counts()[:10]",
      "total-ns": 209864585,
      "vars": {},
      "p2m": {
        "df": 15980300
      },
      "m2p": {
        "df": 10762941
      }
    },
    {
      "raw": "# Top 5 - Products sold in the DataFrame\n\n\n# STEFANOS: Disable plotting\n# plt.figure(figsize=(12,4))\n# df['name'].value_counts()[:5].plot(kind='barh', color={'#864879','#2D4263','#C84B31', '#ECDBBA', '#B3541E'})\n# plt.ylabel(\"Product Name\")\n# plt.xlabel(\"No.of Units Sold\")\n# plt.title(\"Product Name Vs. No.of Units Sold\")\n# plt.show();\ndf['name'].value_counts()[:5]",
      "total-ns": 190185375,
      "vars": {},
      "p2m": {
        "df": 9829530
      },
      "m2p": {
        "df": 14039150
      }
    },
    {
      "raw": "# No.of Unique selling price in the DataFrame\n\ndf['selling_price'].nunique()",
      "total-ns": 34906051,
      "vars": {},
      "p2m": {
        "df": 10144151
      },
      "m2p": {
        "df": 8676120
      }
    },
    {
      "raw": "# Top 15 - Products interms of similar selling price in the DataFrame\n\ndf['selling_price'].value_counts()[:15]",
      "total-ns": 166332194,
      "vars": {},
      "p2m": {
        "df": 10093730
      },
      "m2p": {
        "df": 11150531
      }
    },
    {
      "raw": "# Top 5 - Products interms of similar selling price in the DataFrame\n\n# STEFANOS: Disable plotting\n# plt.figure(figsize=(12,4))\n# df['selling_price'].value_counts()[:5].plot(kind='barh', color={'#864879','#2D4263','#C84B31', '#ECDBBA', '#B3541E'})\n# plt.ylabel(\"Product Selling Price ($USD)\")\n# plt.xlabel(\"No.of Products\")\n# plt.title(\"Product Selling Price ($USD) Vs. No.of Products\")\n# plt.show();\ndf['selling_price'].value_counts()[:5]",
      "total-ns": 157802724,
      "vars": {},
      "p2m": {
        "df": 10792190
      },
      "m2p": {
        "df": 8613460
      }
    },
    {
      "raw": "# Top 15 - Products interms of similar selling price in the DataFrame\n\n# STEFANOS: Disable plotting\n# labels = df['selling_price'].value_counts().head(15).index\n# pie, ax = plt.subplots(figsize=[20,8])\n# plt.pie(x=df['selling_price'].value_counts().head(15).values, autopct=\"%.1f%%\", explode=[0.06]*15, labels=labels, pctdistance=0.5)\n# plt.title(\"Top 15 - Products interms of similar selling price ($USD)\", fontsize=14);",
      "total-ns": 485130,
      "vars": {},
      "p2m": {
        "df": 11288930
      },
      "m2p": {
        "df": 10079301
      }
    },
    {
      "raw": "# Maximum Selling Price\n\nprint(\"The Maximun Selling Price is:\",df['selling_price'].max(),\"USD\")",
      "total-ns": 48331821,
      "vars": {},
      "p2m": {
        "df": 11866249
      },
      "m2p": {
        "df": 11575191
      }
    },
    {
      "raw": "# Minimum Selling Price\n\nprint(\"The Minimum Selling Price is:\",df['selling_price'].min(),\"USD\")",
      "total-ns": 48877661,
      "vars": {},
      "p2m": {
        "df": 13145820
      },
      "m2p": {
        "df": 8593860
      }
    },
    {
      "raw": "# Average Selling Price\n\nprint(\"The Average Selling Price is:\",round(df['selling_price'].mean(),2),\"USD\")",
      "total-ns": 67729672,
      "vars": {},
      "p2m": {
        "df": 9865600
      },
      "m2p": {
        "df": 12833161
      }
    },
    {
      "raw": "# Top 10 - Highest Selling Prices in USD\n\nset(df['selling_price'].sort_values(ascending=False)[:30].values)",
      "total-ns": 101820662,
      "vars": {},
      "p2m": {
        "df": 9750160
      },
      "m2p": {
        "df": 12425461
      }
    },
    {
      "raw": "# Top 10 - Least Selling Prices in USD\n\nset(df['selling_price'].sort_values()[:40].values)",
      "total-ns": 83607302,
      "vars": {},
      "p2m": {
        "df": 10319450
      },
      "m2p": {
        "df": 8677160
      }
    },
    {
      "raw": "# No.of Unique original price in the DataFrame\n\ndf['original_price'].nunique()",
      "total-ns": 44029321,
      "vars": {},
      "p2m": {
        "df": 10102209
      },
      "m2p": {
        "df": 11215021
      }
    },
    {
      "raw": "# Top 15 - Products interms of similar original price in the DataFrame\n\ndf['original_price'].value_counts()[:15]",
      "total-ns": 162350333,
      "vars": {},
      "p2m": {
        "df": 11151290
      },
      "m2p": {
        "df": 12373510
      }
    },
    {
      "raw": "# Top 5 - Products interms of similar origial price in the DataFrame\n\n# STEFANOS: Disable plotting\n# plt.figure(figsize=(12,4))\n# df['original_price'].value_counts()[:5].plot(kind='barh', color={'#864879','#2D4263','#C84B31', '#ECDBBA', '#B3541E'})\n# plt.ylabel(\"Original Product Price ($USD)\")\n# plt.xlabel(\"No.of Products\")\n# plt.title(\"Original Product Price ($USD) Vs. No.of Products\")\n# plt.show();\ndf['original_price'].value_counts()[:5]",
      "total-ns": 146131284,
      "vars": {},
      "p2m": {
        "df": 10828991
      },
      "m2p": {
        "df": 12088471
      }
    },
    {
      "raw": "# Top 15 - Products interms of similar Original price in the DataFrame\n\n# STEFANOS: Disable plotting\n# labels = df['original_price'].value_counts().head(15).index\n# pie, ax = plt.subplots(figsize=[20,8])\n# plt.pie(x=df['original_price'].value_counts().head(15).values, autopct=\"%.1f%%\", explode=[0.06]*15, labels=labels, pctdistance=0.5)\n# plt.title(\"Top 15 - Products interms of similar original price ($USD)\", fontsize=14);",
      "total-ns": 466260,
      "vars": {},
      "p2m": {
        "df": 11073040
      },
      "m2p": {
        "df": 12542481
      }
    },
    {
      "raw": "# Maximum Original Price\n\nprint(\"The Maximun Original Price is:\",df['original_price'].max(),\"USD\")",
      "total-ns": 49041201,
      "vars": {},
      "p2m": {
        "df": 11486650
      },
      "m2p": {
        "df": 7858361
      }
    },
    {
      "raw": "# Minimum Original Price\n\nprint(\"The Minimum Original Price is:\",df['original_price'].min(),\"USD\")",
      "total-ns": 44675181,
      "vars": {},
      "p2m": {
        "df": 10810390
      },
      "m2p": {
        "df": 9110470
      }
    },
    {
      "raw": "# Average Original Price\n\nprint(\"The Average Original Price is:\",round(df['original_price'].mean(),2),\"USD\")",
      "total-ns": 55988502,
      "vars": {},
      "p2m": {
        "df": 13215690
      },
      "m2p": {
        "df": 8708991
      }
    },
    {
      "raw": "# Top 10 - Highest Original Prices in USD\n\nset(df['original_price'].sort_values(ascending=False)[:80].values)",
      "total-ns": 96131443,
      "vars": {},
      "p2m": {
        "df": 12085460
      },
      "m2p": {
        "df": 11961310
      }
    },
    {
      "raw": "# Top 10 - Least Original Prices in USD\n\nset(df['original_price'].sort_values().values[:100])",
      "total-ns": 92039273,
      "vars": {},
      "p2m": {
        "df": 14995260
      },
      "m2p": {
        "df": 10130759
      }
    },
    {
      "raw": "# Calculating Discount\n\ndf['Discount'] = df['original_price'] - df['selling_price']",
      "total-ns": 26125160,
      "vars": {},
      "p2m": {
        "df": 13685830
      },
      "m2p": {
        "df": 65379102
      }
    },
    {
      "raw": "# No.of Unique Discount in the DataFrame\n\ndf['Discount'].nunique()",
      "total-ns": 37245191,
      "vars": {},
      "p2m": {
        "df": 11073541
      },
      "m2p": {
        "df": 10361441
      }
    },
    {
      "raw": "# Top 15 - Highest Discount Amount in the DataFrame\n\nlist(set(df['Discount'].unique()))[-15::]",
      "total-ns": 53226421,
      "vars": {},
      "p2m": {
        "df": 8998611
      },
      "m2p": {
        "df": 10062730
      }
    },
    {
      "raw": "# Top 15 - Least Discount Amount in the DataFrame\n\nlist(set(df['Discount'].unique()))[:15]",
      "total-ns": 70482271,
      "vars": {},
      "p2m": {
        "df": 9936510
      },
      "m2p": {
        "df": 8959191
      }
    },
    {
      "raw": "# Top 15 - Most Given Discount Amount in the DataFrame\n\ndf['Discount'].value_counts()[:15]",
      "total-ns": 148072933,
      "vars": {},
      "p2m": {
        "df": 11385200
      },
      "m2p": {
        "df": 10536531
      }
    },
    {
      "raw": "# Top 5 - Most Given Discount Amount in the DataFrame\n\n# STEFANOS: Disable plotting\n# plt.figure(figsize=(12,4))\n# df['Discount'].value_counts()[:5].plot(kind='barh', color={'#864879','#2D4263','#C84B31', '#ECDBBA', '#B3541E'})\n# plt.ylabel(\"Discount Amount\")\n# plt.xlabel(\"No.of times Particular Disount Amount Given\")\n# plt.title(\"Discount Amount Vs. No.of times Particular Disount Amount Given\")\n# plt.show();\ndf['Discount'].value_counts()[:5]",
      "total-ns": 160109854,
      "vars": {},
      "p2m": {
        "df": 10421080
      },
      "m2p": {
        "df": 14957200
      }
    },
    {
      "raw": "# Top 15 - Most Given Discount Amount in the DataFrame\n\nlabels = df['Discount'].value_counts().head(15).index\n# STEFANOS: Disable plotting\n# pie, ax = plt.subplots(figsize=[20,8])\n# plt.pie(x=df['Discount'].value_counts().head(15).values, autopct=\"%.1f%%\", explode=[0.06]*15, labels=labels, pctdistance=0.5)\n# plt.title(\"Top 15 - Most Given Discount Amount in the DataFrame\", fontsize=14);\n_ = df['Discount'].value_counts().head(15).values",
      "total-ns": 309070468,
      "vars": {},
      "p2m": {
        "df": 10733529
      },
      "m2p": {
        "df": 11815791
      }
    },
    {
      "raw": "# Calculating Discount percentage(%)\n\ndf['Discount(%)'] = round(((df['original_price'] - df['selling_price']) / (df['original_price']))*100,2)",
      "total-ns": 47457061,
      "vars": {},
      "p2m": {
        "df": 10539660
      },
      "m2p": {
        "df": 121911864
      }
    },
    {
      "raw": "# No.of Unique Discount Percentage(%) in the DataFrame\n\ndf['Discount(%)'].nunique()",
      "total-ns": 40469931,
      "vars": {},
      "p2m": {
        "df": 10396640
      },
      "m2p": {
        "df": 8721730
      }
    },
    {
      "raw": "# Top 15 - Highest Discount Percentage(%) in the DataFrame\n\ntop_discount_percnet = list(set(df['Discount(%)'].unique()))\ntop_discount_percnet.sort(reverse=True)\nprint(top_discount_percnet[:15])",
      "total-ns": 59237191,
      "vars": {},
      "p2m": {
        "df": 14609970
      },
      "m2p": {
        "df": 15368600
      }
    },
    {
      "raw": "# Top 15 - Least Discount Percentage(%) in the DataFrame\n\nleast_discount_percnet = list(set(df['Discount(%)'].unique()))\nleast_discount_percnet.sort(reverse=False)\nprint(least_discount_percnet[:15])",
      "total-ns": 66145662,
      "vars": {},
      "p2m": {
        "df": 10760641
      },
      "m2p": {
        "df": 8647030
      }
    },
    {
      "raw": "# Top 15 - Most Given Discount Percentage(%) in the DataFrame\n\ndf['Discount(%)'].value_counts().head(15)",
      "total-ns": 139463983,
      "vars": {},
      "p2m": {
        "df": 13719311
      },
      "m2p": {
        "df": 19701681
      }
    },
    {
      "raw": "# Top 5 - Most Given Discount Percentage in the DataFrame\n\n# STEFANOS: Disable plotting\n# plt.figure(figsize=(12,4))\n# df['Discount(%)'].value_counts().head(5).plot(kind='barh', color={'#864879','#2D4263','#C84B31', '#ECDBBA', '#B3541E'})\n# plt.ylabel(\"Discount Percentage\")\n# plt.xlabel(\"No.of times Particular Disount Percentage Given\")\n# plt.title(\"Discount Percentage Vs. No.of times Particular Disount Percentage Given\")\n# plt.show();\ndf['Discount(%)'].value_counts().head(5)",
      "total-ns": 170187914,
      "vars": {},
      "p2m": {
        "df": 10586319
      },
      "m2p": {
        "df": 10105750
      }
    },
    {
      "raw": "# Top 15 - Most Given Discount Percentage in the DataFrame\n\nlabels = df['Discount(%)'].value_counts().head(15).index\n# STEFANOS: Disable plotting\n# pie, ax = plt.subplots(figsize=[20,15])\n# plt.pie(x=df['Discount(%)'].value_counts().head(15).values, autopct=\"%.1f%%\", explode=[0.06]*15, labels=labels, pctdistance=0.5)\n# plt.title(\"Top 15 - Most Given Discount Percenatage in the DataFrame\", fontsize=14);\n# plt.tight_layout();\n_=df['Discount(%)'].value_counts().head(15).values",
      "total-ns": 306861738,
      "vars": {},
      "p2m": {
        "df": 12094250
      },
      "m2p": {
        "df": 11080200
      }
    },
    {
      "raw": "# Unique colors in the DataFrame\n\ndf['color'].unique()",
      "total-ns": 79520862,
      "vars": {},
      "p2m": {
        "df": 14940200
      },
      "m2p": {
        "df": 9013771
      }
    },
    {
      "raw": "# No.of Unique colors in the DataFrame\n\ndf['color'].nunique()",
      "total-ns": 43702361,
      "vars": {},
      "p2m": {
        "df": 10630911
      },
      "m2p": {
        "df": 10093460
      }
    },
    {
      "raw": "# No.of Products for each Color\n\ndf['color'].value_counts()",
      "total-ns": 130701803,
      "vars": {},
      "p2m": {
        "df": 9887040
      },
      "m2p": {
        "df": 169371484
      }
    },
    {
      "raw": "# No.of Products for each Color\n\nlabels = df['color'].value_counts().index\n# STEFANOS: Disable plotting\n# pie, ax = plt.subplots(figsize=[20,15])\n# plt.pie(x=df['color'].value_counts().values, autopct=\"%.1f%%\", explode=[0.03]*18, labels=labels, pctdistance=0.5)\n# plt.title(\"No.of Products for each Color in the DataFrame\", fontsize=14);\n# plt.tight_layout();\n_ = x=df['color'].value_counts().values",
      "total-ns": 254593107,
      "vars": {},
      "p2m": {
        "df": 11519980
      },
      "m2p": {
        "df": 11430940
      }
    },
    {
      "raw": "# Popular Color in Kids Category\n\ndf.groupby(['Category','color']).size()['Kids']",
      "total-ns": 165342314,
      "vars": {},
      "p2m": {
        "df": 12187260
      },
      "m2p": {
        "df": 10684760
      }
    },
    {
      "raw": "# Popular Color in Womens Category\n\ndf.groupby(['Category','color']).size()['Women']",
      "total-ns": 157004394,
      "vars": {},
      "p2m": {
        "df": 13734160
      },
      "m2p": {
        "df": 12394050
      }
    },
    {
      "raw": "# Popular Color in Mens Category\n\ndf.groupby(['Category','color']).size()['Men']",
      "total-ns": 176220325,
      "vars": {},
      "p2m": {
        "df": 11140271
      },
      "m2p": {
        "df": 14123000
      }
    },
    {
      "raw": "# Unique Availability values in the DataFrame\n\ndf['availability'].unique()",
      "total-ns": 59284571,
      "vars": {},
      "p2m": {
        "df": 10511550
      },
      "m2p": {
        "df": 13442701
      }
    },
    {
      "raw": "# No.of Unique Availability values in the DataFrame\n\ndf['availability'].nunique()",
      "total-ns": 40151941,
      "vars": {},
      "p2m": {
        "df": 11843731
      },
      "m2p": {
        "df": 11368220
      }
    },
    {
      "raw": "# No.of Products according to Avaialability\n\ndf['availability'].value_counts()",
      "total-ns": 135451113,
      "vars": {},
      "p2m": {
        "df": 12145101
      },
      "m2p": {
        "df": 9944351
      }
    },
    {
      "raw": "# Unique Product Type values in the DataFrame\n\ndf['Product_Type'].unique()",
      "total-ns": 63966682,
      "vars": {},
      "p2m": {
        "df": 14159400
      },
      "m2p": {
        "df": 9960931
      }
    },
    {
      "raw": "# No.of Unique Product Type values in the DataFrame\n\ndf['Product_Type'].nunique()",
      "total-ns": 37762440,
      "vars": {},
      "p2m": {
        "df": 10475460
      },
      "m2p": {
        "df": 9894730
      }
    },
    {
      "raw": "# No.of Products according to Product Type\n\ndf['Product_Type'].value_counts()",
      "total-ns": 129527293,
      "vars": {},
      "p2m": {
        "df": 12731081
      },
      "m2p": {
        "df": 12436260
      }
    },
    {
      "raw": "# No.of Products according to Product Type\n\n# STEFANOS: Disable plotting\n# plt.figure(figsize=(12,4))\n# df['Product_Type'].value_counts().plot(kind='barh', color={'#864879','#2D4263','#C84B31'})\n# plt.ylabel(\"Product Type\")\n# plt.xlabel(\"No.of Products Sold According to Particular - Product Type\")\n# plt.title(\"Product Type Vs. No.of Products Sold According to Particular - Product Type\")\n# plt.show();\ndf['Product_Type'].value_counts()",
      "total-ns": 135251843,
      "vars": {},
      "p2m": {
        "df": 11896510
      },
      "m2p": {
        "df": 11420360
      }
    },
    {
      "raw": "# No.of Products according to Product Type\n\nlabels = df['Product_Type'].value_counts().index\n# STEFANOS: Disable plotting\n# pie, ax = plt.subplots(figsize=[10,4])\n# plt.pie(x=df['Product_Type'].value_counts().values, autopct=\"%.1f%%\", explode=[0.05]*3, labels=labels, pctdistance=0.5)\n# plt.title(\"No.of Products according to Product Type in the DataFrame\", fontsize=14);\n# plt.tight_layout();\n_ = df['Product_Type'].value_counts().values",
      "total-ns": 284822057,
      "vars": {},
      "p2m": {
        "df": 12278740
      },
      "m2p": {
        "df": 11037060
      }
    },
    {
      "raw": "df.groupby(['Product_Type', 'Category']).max()['selling_price']",
      "total-ns": 188089265,
      "vars": {},
      "p2m": {
        "df": 11938940
      },
      "m2p": {
        "df": 11611730
      }
    },
    {
      "raw": "df.groupby(['Product_Type', 'Category']).min()['selling_price']",
      "total-ns": 179129095,
      "vars": {},
      "p2m": {
        "df": 12417470
      },
      "m2p": {
        "df": 11348311
      }
    },
    {
      "raw": "df.groupby(['Product_Type', 'Category']).mean()['selling_price']",
      "total-ns": 144114924,
      "vars": {},
      "p2m": {
        "df": 12908260
      },
      "m2p": {
        "df": 10480380
      }
    },
    {
      "raw": "# Unique Category values in the DataFrame\n\ndf['Category'].unique()",
      "total-ns": 56206402,
      "vars": {},
      "p2m": {
        "df": 11559210
      },
      "m2p": {
        "df": 9938970
      }
    },
    {
      "raw": "# No.of Unique Category values in the DataFrame\n\ndf['Category'].nunique()",
      "total-ns": 39596551,
      "vars": {},
      "p2m": {
        "df": 10721771
      },
      "m2p": {
        "df": 9270760
      }
    },
    {
      "raw": "# No.of Products according to Category\n\ndf['Category'].value_counts()",
      "total-ns": 141135933,
      "vars": {},
      "p2m": {
        "df": 13604050
      },
      "m2p": {
        "df": 18852560
      }
    },
    {
      "raw": "# Top-5 Products according to Category\n\n# STEFANOS: Disable plotting\n# plt.figure(figsize=(12,4))\n# df['Category'].value_counts().head(5).plot(kind='barh', color={'#864879','#2D4263','#C84B31', '#ECDBBA', '#B3541E'})\n# plt.ylabel(\"Category\")\n# plt.xlabel(\"No.of Products Sold According to Particular - Category\")\n# plt.title(\"Top 5 - Products Sold according to Category in the DataFrame\")\n# plt.show();\ndf['Category'].value_counts().head(5)",
      "total-ns": 137171943,
      "vars": {},
      "p2m": {
        "df": 11884851
      },
      "m2p": {
        "df": 9328021
      }
    },
    {
      "raw": "# Top-5 Products according to Category\n\nlabels = df['Category'].value_counts().head(5).index\n# STEFANOS: Disable plotting\n# pie, ax = plt.subplots(figsize=[10,4])\n# plt.pie(x=df['Category'].value_counts().head(5).values, autopct=\"%.1f%%\", explode=[0.05]*5, labels=labels, pctdistance=0.5)\n# plt.title(\"Top 5 - Products Sold according to Category in the DataFrame\", fontsize=14);\n# plt.tight_layout();\n_ = df['Category'].value_counts().head(5).values",
      "total-ns": 275174796,
      "vars": {},
      "p2m": {
        "df": 10655660
      },
      "m2p": {
        "df": 8813980
      }
    },
    {
      "raw": "# Unique 'Average Rating'in the DataFrame\n\ndf['average_rating'].unique()",
      "total-ns": 55450641,
      "vars": {},
      "p2m": {
        "df": 13555810
      },
      "m2p": {
        "df": 13972931
      }
    },
    {
      "raw": "# No.of Unique 'Average Rating'in the DataFrame\n\ndf['average_rating'].nunique()",
      "total-ns": 44268291,
      "vars": {},
      "p2m": {
        "df": 12635100
      },
      "m2p": {
        "df": 8901180
      }
    },
    {
      "raw": "# No.of time particular Average Rating Provided\n\ndf['average_rating'].value_counts()",
      "total-ns": 138819924,
      "vars": {},
      "p2m": {
        "df": 12275000
      },
      "m2p": {
        "df": 10191300
      }
    },
    {
      "raw": "# Top 5 - Average Rating Provided\n\n# STEFANOS: Disable plotting\n# plt.figure(figsize=(12,4))\n# df['average_rating'].value_counts().head(5).plot(kind='barh', color={'#864879','#2D4263','#C84B31', '#ECDBBA', '#B3541E'})\n# plt.ylabel(\"Average Rating\")\n# plt.xlabel(\"No.of times particular rating provided\")\n# plt.title(\"Top 5 - Average Rating Provided in the DataFrame\")\n# plt.show();\ndf['average_rating'].value_counts().head(5)",
      "total-ns": 143447364,
      "vars": {},
      "p2m": {
        "df": 13273940
      },
      "m2p": {
        "df": 11288590
      }
    },
    {
      "raw": "# Top 5 - Average Rating Provided\n\nlabels = df['average_rating'].value_counts().head(5).index\n# STEFANOS: Disable plotting\n# pie, ax = plt.subplots(figsize=[10,4])\n# plt.pie(x=df['average_rating'].value_counts().head(5).values, autopct=\"%.1f%%\", explode=[0.05]*5, labels=labels, pctdistance=0.5)\n# plt.title(\"# Top 5 - Average Rating Provided in the DataFrame\", fontsize=14);\n# plt.tight_layout();\n_ = df['average_rating'].value_counts().head(5).values",
      "total-ns": 282776966,
      "vars": {},
      "p2m": {
        "df": 10062830
      },
      "m2p": {
        "df": 9500630
      }
    },
    {
      "raw": "# Maxmimum Average Rating\n\ndf['average_rating'].max()",
      "total-ns": 55990971,
      "vars": {},
      "p2m": {
        "df": 10218120
      },
      "m2p": {
        "df": 10485611
      }
    },
    {
      "raw": "# Minimum Average Rating\n\ndf['average_rating'].min()",
      "total-ns": 56780791,
      "vars": {},
      "p2m": {
        "df": 9310501
      },
      "m2p": {
        "df": 10025900
      }
    },
    {
      "raw": "# Mean Average Rating\n\nround(df['average_rating'].mean(),2)",
      "total-ns": 62837241,
      "vars": {},
      "p2m": {
        "df": 11342220
      },
      "m2p": {
        "df": 13351421
      }
    },
    {
      "raw": "# Maximum Average Rating across 'Product Type' and 'Category'\n\ndf.groupby(['Product_Type', 'Category']).max()['average_rating']",
      "total-ns": 179343074,
      "vars": {},
      "p2m": {
        "df": 12838450
      },
      "m2p": {
        "df": 12242541
      }
    },
    {
      "raw": "# Minimum Average Rating across 'Product Type' and 'Category'\n\ndf.groupby(['Product_Type', 'Category']).min()['average_rating']",
      "total-ns": 189411114,
      "vars": {},
      "p2m": {
        "df": 12879811
      },
      "m2p": {
        "df": 13766981
      }
    },
    {
      "raw": "# No.of Unique 'Reviews Count' in the DataFrame\n\ndf['reviews_count'].nunique()",
      "total-ns": 36556141,
      "vars": {},
      "p2m": {
        "df": 13610471
      },
      "m2p": {
        "df": 10501850
      }
    },
    {
      "raw": "# Top 10 - 'Reviews Count' and no.of particular 'Reviews Count' occurances\n\ndf['reviews_count'].value_counts().head(10)",
      "total-ns": 195517354,
      "vars": {},
      "p2m": {
        "df": 14536631
      },
      "m2p": {
        "df": 10479360
      }
    },
    {
      "raw": "# Top 5 - 'Reviews Count' and no.of particular 'Reviews Count' occurances\n\n# STEFANOS: Disable plotting\n# plt.figure(figsize=(12,4))\n# df['average_rating'].value_counts().head(5).plot(kind='barh', color={'#864879','#2D4263','#C84B31', '#ECDBBA', '#B3541E'})\n# plt.ylabel('Reviews Count')\n# plt.xlabel('no.of particular Reviews Count occurances')\n# plt.title(\"Top 5 - 'Reviews Count' and no.of particular 'Reviews Count' occurances\")\n# plt.show();\ndf['average_rating'].value_counts().head(5)",
      "total-ns": 135393113,
      "vars": {},
      "p2m": {
        "df": 10645061
      },
      "m2p": {
        "df": 8989310
      }
    },
    {
      "raw": "# Maxmimum 'Reviews Count'\n\ndf['reviews_count'].max()",
      "total-ns": 57099671,
      "vars": {},
      "p2m": {
        "df": 10612920
      },
      "m2p": {
        "df": 9299830
      }
    },
    {
      "raw": "# Minimum 'Reviews Count'\n\ndf['reviews_count'].min()",
      "total-ns": 55521992,
      "vars": {},
      "p2m": {
        "df": 11926220
      },
      "m2p": {
        "df": 9850580
      }
    },
    {
      "raw": "# Mean 'Reviews Count'\n\nround(df['reviews_count'].mean(),2)",
      "total-ns": 62698262,
      "vars": {},
      "p2m": {
        "df": 10194150
      },
      "m2p": {
        "df": 8376120
      }
    },
    {
      "raw": "# Maximum 'Reviews Count' across 'Product Type' and 'Category'\n\ndf.groupby(['Product_Type', 'Category']).max()['reviews_count']",
      "total-ns": 163791505,
      "vars": {},
      "p2m": {
        "df": 14297580
      },
      "m2p": {
        "df": 14499400
      }
    },
    {
      "raw": "# Minimum Reviews Count' across 'Product Type' and 'Category'\n\ndf.groupby(['Product_Type', 'Category']).min()['reviews_count']",
      "total-ns": 173835264,
      "vars": {},
      "p2m": {
        "df": 12673620
      },
      "m2p": {
        "df": 12823311
      }
    },
    {
      "raw": "# STEFANOS: Disable plotting\n# sns.scatterplot(data=df, x='average_rating', y='reviews_count')",
      "total-ns": 367530,
      "vars": {},
      "p2m": {
        "df": 10801880
      },
      "m2p": {
        "df": 12022580
      }
    }
  ]
}