{
  "cells": [
    {
      "raw": "import numpy as np\nimport os\n\nimport os\nos.environ[\"MODIN_ENGINE\"] = \"ray\"\nimport ray\nos.environ['MODIN_CPUS'] = \"4\"\nray.init(num_cpus=4, runtime_env={'env_vars': {'__MODIN_AUTOIMPORT_PANDAS__': '1'}})\nimport modin.pandas as pd\nimport seaborn as sns\nimport matplotlib.pyplot as plt",
      "total-ns": 11145444428,
      "vars": {},
      "p2m": {},
      "m2p": {}
    },
    {
      "raw": "passmark = 40",
      "total-ns": 888409,
      "vars": {},
      "p2m": {},
      "m2p": {}
    },
    {
      "raw": "df = pd.read_csv(\"../input/StudentsPerformance.csv\")",
      "total-ns": 11194904617,
      "vars": {},
      "p2m": {
        "df": 14886925
      },
      "m2p": {
        "df": 42197825
      }
    },
    {
      "raw": "df.info()",
      "total-ns": 295514639,
      "vars": {},
      "p2m": {
        "df": 13964977
      },
      "m2p": {
        "df": 17498651
      }
    },
    {
      "raw": "df.head()",
      "total-ns": 3601809,
      "vars": {},
      "p2m": {
        "df": 19766362
      },
      "m2p": {
        "df": 17895530
      }
    },
    {
      "raw": "print (df.shape)",
      "total-ns": 2640704,
      "vars": {},
      "p2m": {
        "df": 12382413
      },
      "m2p": {
        "df": 16791770
      }
    },
    {
      "raw": "df.describe()",
      "total-ns": 23978057,
      "vars": {},
      "p2m": {
        "df": 11531571
      },
      "m2p": {
        "df": 12459420
      }
    },
    {
      "raw": "df.isnull().sum()",
      "total-ns": 37808353,
      "vars": {},
      "p2m": {
        "df": 13035278
      },
      "m2p": {
        "df": 8697650
      }
    },
    {
      "raw": "# STEFANOS: Disable plotting\n# p = sns.countplot(x=\"math score\", data = df, palette=\"muted\")\n# _ = plt.setp(p.get_xticklabels(), rotation=90) ",
      "total-ns": 479150,
      "vars": {},
      "p2m": {
        "df": 12592409
      },
      "m2p": {
        "df": 11708575
      }
    },
    {
      "raw": "df['Math_PassStatus'] = np.where(df['math score']<passmark, 'F', 'P')\ndf.Math_PassStatus.value_counts()",
      "total-ns": 948205915,
      "vars": {},
      "p2m": {
        "df": 40029690
      },
      "m2p": {
        "df": 10767775
      }
    },
    {
      "raw": "# STEFANOS: Disable plotting\n# p = sns.countplot(x='parental level of education', data = df, hue='Math_PassStatus', palette='bright')\n# _ = plt.setp(p.get_xticklabels(), rotation=90) ",
      "total-ns": 568022,
      "vars": {},
      "p2m": {
        "df": 38479572
      },
      "m2p": {
        "df": 27404793
      }
    },
    {
      "raw": "# STEFANOS: Disable plotting\n# sns.countplot(x=\"reading score\", data = df, palette=\"muted\")\n# plt.show()",
      "total-ns": 530213,
      "vars": {},
      "p2m": {
        "df": 41608280
      },
      "m2p": {
        "df": 24144552
      }
    },
    {
      "raw": "df['Reading_PassStatus'] = np.where(df['reading score']<passmark, 'F', 'P')\ndf.Reading_PassStatus.value_counts()",
      "total-ns": 463912606,
      "vars": {},
      "p2m": {
        "df": 49882727
      },
      "m2p": {
        "df": 17862835
      }
    },
    {
      "raw": "# STEFANOS: Disable plotting\n# p = sns.countplot(x='parental level of education', data = df, hue='Reading_PassStatus', palette='bright')\n# _ = plt.setp(p.get_xticklabels(), rotation=90) ",
      "total-ns": 457595,
      "vars": {},
      "p2m": {
        "df": 50687776
      },
      "m2p": {
        "df": 25542479
      }
    },
    {
      "raw": "# STEFANOS: Disable plotting\n# p = sns.countplot(x=\"writing score\", data = df, palette=\"muted\")\n# _ = plt.setp(p.get_xticklabels(), rotation=90) ",
      "total-ns": 453035,
      "vars": {},
      "p2m": {
        "df": 47839168
      },
      "m2p": {
        "df": 24351462
      }
    },
    {
      "raw": "df['Writing_PassStatus'] = np.where(df['writing score']<passmark, 'F', 'P')\ndf.Writing_PassStatus.value_counts()",
      "total-ns": 441365323,
      "vars": {},
      "p2m": {
        "df": 88808527
      },
      "m2p": {
        "df": 18173000
      }
    },
    {
      "raw": "# STEFANOS: Disable plotting\n# p = sns.countplot(x='parental level of education', data = df, hue='Writing_PassStatus', palette='bright')\n# _ = plt.setp(p.get_xticklabels(), rotation=90) ",
      "total-ns": 597682,
      "vars": {},
      "p2m": {
        "df": 76547385
      },
      "m2p": {
        "df": 27581322
      }
    },
    {
      "raw": "df['OverAll_PassStatus'] = df.apply(lambda x : 'F' if x['Math_PassStatus'] == 'F' or \n                                    x['Reading_PassStatus'] == 'F' or x['Writing_PassStatus'] == 'F' else 'P', axis =1)\n\ndf.OverAll_PassStatus.value_counts()",
      "total-ns": 398060884,
      "vars": {},
      "p2m": {
        "df": 72784990
      },
      "m2p": {
        "df": 56603723
      }
    },
    {
      "raw": "# STEFANOS: Disable plotting\n# p = sns.countplot(x='parental level of education', data = df, hue='OverAll_PassStatus', palette='bright')\n# _ = plt.setp(p.get_xticklabels(), rotation=90) ",
      "total-ns": 765642,
      "vars": {},
      "p2m": {
        "df": 70288748
      },
      "m2p": {
        "df": 30241867
      }
    },
    {
      "raw": "df['Total_Marks'] = df['math score']+df['reading score']+df['writing score']\ndf['Percentage'] = df['Total_Marks']/3",
      "total-ns": 60246339,
      "vars": {},
      "p2m": {
        "df": 70420788
      },
      "m2p": {
        "df": 331135542
      }
    },
    {
      "raw": "# STEFANOS: Disable plotting\n# p = sns.countplot(x=\"Percentage\", data = df, palette=\"muted\")\n# _ = plt.setp(p.get_xticklabels(), rotation=0) ",
      "total-ns": 524830,
      "vars": {},
      "p2m": {
        "df": 85295809
      },
      "m2p": {
        "df": 26582124
      }
    },
    {
      "raw": "def GetGrade(Percentage, OverAll_PassStatus):\n    if ( OverAll_PassStatus == 'F'):\n        return 'F'    \n    if ( Percentage >= 80 ):\n        return 'A'\n    if ( Percentage >= 70):\n        return 'B'\n    if ( Percentage >= 60):\n        return 'C'\n    if ( Percentage >= 50):\n        return 'D'\n    if ( Percentage >= 40):\n        return 'E'\n    else: \n        return 'F'\n\ndf['Grade'] = df.apply(lambda x : GetGrade(x['Percentage'], x['OverAll_PassStatus']), axis=1)\n\ndf.Grade.value_counts()",
      "total-ns": 420747165,
      "vars": {},
      "p2m": {
        "df": 75948749
      },
      "m2p": {
        "df": 92017833
      }
    },
    {
      "raw": "# STEFANOS: Disable plotting\n# sns.countplot(x=\"Grade\", data = df, order=['A','B','C','D','E','F'],  palette=\"muted\")\n# plt.show()",
      "total-ns": 612175,
      "vars": {},
      "p2m": {
        "df": 77663383
      },
      "m2p": {
        "df": 32456608
      }
    },
    {
      "raw": "# STEFANOS: Disable plotting\n# p = sns.countplot(x='parental level of education', data = df, hue='Grade', palette='bright')\n# _ = plt.setp(p.get_xticklabels(), rotation=90) ",
      "total-ns": 566889,
      "vars": {},
      "p2m": {
        "df": 74122026
      },
      "m2p": {
        "df": 28030520
      }
    }
  ]
}