{
  "cells": [
    {
      "raw": "import os\nimport numpy as np\n\nimport os\nos.environ[\"MODIN_ENGINE\"] = \"ray\"\nimport ray\nos.environ['MODIN_CPUS'] = \"4\"\nray.init(num_cpus=4, runtime_env={'env_vars': {'__MODIN_AUTOIMPORT_PANDAS__': '1'}})\nimport modin.pandas as pd\n\n# import seaborn as sns\n# import plotly.express as px \n# import matplotlib.pyplot as plt\n%matplotlib inline\n\nfrom sklearn.cluster import KMeans\nfrom sklearn.preprocessing import StandardScaler\nfrom sklearn.pipeline import Pipeline\nfrom sklearn.manifold import TSNE\nfrom sklearn.decomposition import PCA\nfrom sklearn.metrics import euclidean_distances\nfrom scipy.spatial.distance import cdist\n\nimport warnings\nwarnings.filterwarnings(\"ignore\")",
      "total-ns": 4822840141,
      "vars": {},
      "p2m": {},
      "m2p": {}
    },
    {
      "raw": "data = pd.read_csv(\"../input/data.csv\")\ngenre_data = pd.read_csv('../input/data_by_genres.csv')\nyear_data = pd.read_csv('../input/data_by_year.csv')",
      "total-ns": 5857736368,
      "vars": {},
      "p2m": {
        "data": 177754298,
        "genre_data": 6348150,
        "year_data": 5326729
      },
      "m2p": {
        "data": 379466754,
        "genre_data": 18021289,
        "year_data": 13259070
      }
    },
    {
      "raw": "year_data.info()",
      "total-ns": 105279939,
      "vars": {},
      "p2m": {
        "data": 160890718,
        "genre_data": 7072970,
        "year_data": 5629150
      },
      "m2p": {
        "data": 104894888,
        "genre_data": 5502670,
        "year_data": 5408709
      }
    },
    {
      "raw": "print(data.info())",
      "total-ns": 244364636,
      "vars": {},
      "p2m": {
        "data": 130271378,
        "genre_data": 9737969,
        "year_data": 5668969
      },
      "m2p": {
        "data": 113560418,
        "genre_data": 6941210,
        "year_data": 5319351
      }
    },
    {
      "raw": "print(genre_data.info())",
      "total-ns": 101696568,
      "vars": {},
      "p2m": {
        "data": 129004188,
        "genre_data": 6838430,
        "year_data": 6175790
      },
      "m2p": {
        "data": 116323288,
        "genre_data": 7203530,
        "year_data": 5014720
      }
    },
    {
      "raw": "print(year_data.info())",
      "total-ns": 95590028,
      "vars": {},
      "p2m": {
        "data": 120819058,
        "genre_data": 7027370,
        "year_data": 6025620
      },
      "m2p": {
        "data": 105270748,
        "genre_data": 6746790,
        "year_data": 5575890
      }
    },
    {
      "raw": "# from yellowbrick.target import FeatureCorrelation\n\nfeature_names = ['acousticness', 'danceability', 'energy', 'instrumentalness',\n       'liveness', 'loudness', 'speechiness', 'tempo', 'valence','duration_ms','explicit','key','mode','year']\n\nX, y = data[feature_names], data['popularity']\n\n# Create a list of the feature names\nfeatures = np.array(feature_names)\n\n# Instantiate the visualizer\n# visualizer = FeatureCorrelation(labels=features)\n\n# plt.rcParams['figure.figsize']=(20,20)\n# visualizer.fit(X, y)     # Fit the data to the visualizer\n# visualizer.show()",
      "total-ns": 13823400,
      "vars": {},
      "p2m": {
        "data": 171556767,
        "genre_data": 9209090,
        "year_data": 5543500,
        "X": 25950240,
        "y": 8059861
      },
      "m2p": {
        "data": 184251357,
        "genre_data": 6841940,
        "year_data": 5472500,
        "X": 43231639,
        "y": 85021718
      }
    },
    {
      "raw": "def get_decade(year):\n    period_start = int(year/10) * 10\n    decade = '{}s'.format(period_start)\n    return decade\n\ndata['decade'] = data['year'].apply(get_decade)\n\n# sns.set(rc={'figure.figsize':(11 ,6)})\n# sns.countplot(data['decade'])",
      "total-ns": 30430170,
      "vars": {},
      "p2m": {
        "data": 128082768,
        "genre_data": 6725180,
        "year_data": 5689210,
        "X": 13046949,
        "y": 6776690
      },
      "m2p": {
        "data": 414563623,
        "genre_data": 5771130,
        "year_data": 5111930,
        "X": 24517520,
        "y": 22771800
      }
    },
    {
      "raw": "sound_features = ['acousticness', 'danceability', 'energy', 'instrumentalness', 'liveness', 'valence']\n# fig = px.line(year_data, x='year', y=sound_features)\n# fig.show()",
      "total-ns": 467890,
      "vars": {},
      "p2m": {
        "data": 126646468,
        "genre_data": 6956110,
        "year_data": 5270470,
        "X": 29153170,
        "y": 6317261
      },
      "m2p": {
        "data": 170047867,
        "genre_data": 5886370,
        "year_data": 5170610,
        "X": 22491799,
        "y": 26210730
      }
    },
    {
      "raw": "top10_genres = genre_data.nlargest(10, 'popularity')\n\n# fig = px.bar(top10_genres, x='genres', y=['valence', 'energy', 'danceability', 'acousticness'], barmode='group')\n# fig.show()",
      "total-ns": 23020169,
      "vars": {},
      "p2m": {
        "data": 146791568,
        "genre_data": 8242050,
        "year_data": 6038550,
        "X": 13965869,
        "y": 6193140,
        "top10_genres": 1517881
      },
      "m2p": {
        "data": 148841688,
        "genre_data": 7690569,
        "year_data": 5224040,
        "X": 34252130,
        "y": 23839800,
        "top10_genres": 5146100
      }
    },
    {
      "raw": "# from sklearn.cluster import KMeans\n# from sklearn.preprocessing import StandardScaler\n# from sklearn.pipeline import Pipeline\n# \n# cluster_pipeline = Pipeline([('scaler', StandardScaler()), ('kmeans', KMeans(n_clusters=10))])\n# X = genre_data.select_dtypes(np.number)\n# cluster_pipeline.fit(X)\n# genre_data['cluster'] = cluster_pipeline.predict(X)",
      "total-ns": 551221,
      "vars": {},
      "p2m": {
        "data": 176730206,
        "genre_data": 7038349,
        "year_data": 6387930,
        "X": 43601339,
        "y": 6974340,
        "top10_genres": 1783309
      },
      "m2p": {
        "data": 145315768,
        "genre_data": 7413080,
        "year_data": 6168250,
        "X": 19984450,
        "y": 24395980,
        "top10_genres": 2070940
      }
    },
    {
      "raw": "# Visualizing the Clusters with t-SNE\n\n# from sklearn.manifold import TSNE\n\n# tsne_pipeline = Pipeline([('scaler', StandardScaler()), ('tsne', TSNE(n_components=2, verbose=1))])\n# genre_embedding = tsne_pipeline.fit_transform(X)\n# projection = pd.DataFrame(columns=['x', 'y'], data=genre_embedding)\n# projection['genres'] = genre_data['genres']\n# projection['cluster'] = genre_data['cluster']\n\n# fig = px.scatter(\n#     projection, x='x', y='y', color='cluster', hover_data=['x', 'y', 'genres'])\n# fig.show()",
      "total-ns": 595770,
      "vars": {},
      "p2m": {
        "data": 176334407,
        "genre_data": 6548580,
        "year_data": 5701930,
        "X": 13170380,
        "y": 6204890,
        "top10_genres": 1710620
      },
      "m2p": {
        "data": 117396198,
        "genre_data": 6565110,
        "year_data": 5488840,
        "X": 26822260,
        "y": 23187379,
        "top10_genres": 2015970
      }
    },
    {
      "raw": "# song_cluster_pipeline = Pipeline([('scaler', StandardScaler()), \n#                                   ('kmeans', KMeans(n_clusters=20, \n#                                    verbose=False))\n#                                  ], verbose=False)\n# \n# X = data.select_dtypes(np.number)\n# number_cols = list(X.columns)\n# song_cluster_pipeline.fit(X)\n# song_cluster_labels = song_cluster_pipeline.predict(X)\n# data['cluster_label'] = song_cluster_labels",
      "total-ns": 765360,
      "vars": {},
      "p2m": {
        "data": 128922528,
        "genre_data": 6138549,
        "year_data": 5238620,
        "X": 15480730,
        "y": 6031990,
        "top10_genres": 1526320
      },
      "m2p": {
        "data": 110056238,
        "genre_data": 6658920,
        "year_data": 4685201,
        "X": 21766990,
        "y": 26875629,
        "top10_genres": 1923580
      }
    },
    {
      "raw": "# Visualizing the Clusters with PCA\n\n# from sklearn.decomposition import PCA\n\n# pca_pipeline = Pipeline([('scaler', StandardScaler()), ('PCA', PCA(n_components=2))])\n# song_embedding = pca_pipeline.fit_transform(X)\n# projection = pd.DataFrame(columns=['x', 'y'], data=song_embedding)\n# projection['title'] = data['name']\n# projection['cluster'] = data['cluster_label']\n\n# fig = px.scatter(\n#     projection, x='x', y='y', color='cluster', hover_data=['x', 'y', 'title'])\n# fig.show()",
      "total-ns": 575480,
      "vars": {},
      "p2m": {
        "data": 144429538,
        "genre_data": 7317950,
        "year_data": 6094970,
        "X": 13330100,
        "y": 5993000,
        "top10_genres": 1891330
      },
      "m2p": {
        "data": 113262618,
        "genre_data": 6208810,
        "year_data": 5620430,
        "X": 20879399,
        "y": 24570800,
        "top10_genres": 2071989
      }
    },
    {
      "raw": "# !pip install spotipy",
      "total-ns": 645950,
      "vars": {},
      "p2m": {
        "data": 145234128,
        "genre_data": 7187599,
        "year_data": 6233940,
        "X": 14992260,
        "y": 7340060,
        "top10_genres": 1654550
      },
      "m2p": {
        "data": 109212158,
        "genre_data": 6233369,
        "year_data": 5414690,
        "X": 20772810,
        "y": 21985539,
        "top10_genres": 2522890
      }
    },
    {
      "raw": "# import spotipy\n# from spotipy.oauth2 import SpotifyClientCredentials\n# from collections import defaultdict\n\n# sp = spotipy.Spotify(auth_manager=SpotifyClientCredentials(client_id=os.environ[\"SPOTIFY_CLIENT_ID\"],\n#                                                            client_secret=os.environ[\"SPOTIFY_CLIENT_SECRET\"]))\n\n# def find_song(name, year):\n#     song_data = defaultdict()\n#     results = sp.search(q= 'track: {} year: {}'.format(name,year), limit=1)\n#     if results['tracks']['items'] == []:\n#         return None\n\n#     results = results['tracks']['items'][0]\n#     track_id = results['id']\n#     audio_features = sp.audio_features(track_id)[0]\n\n#     song_data['name'] = [name]\n#     song_data['year'] = [year]\n#     song_data['explicit'] = [int(results['explicit'])]\n#     song_data['duration_ms'] = [results['duration_ms']]\n#     song_data['popularity'] = [results['popularity']]\n\n#     for key, value in audio_features.items():\n#         song_data[key] = value\n\n#     return pd.DataFrame(song_data)",
      "total-ns": 619300,
      "vars": {},
      "p2m": {
        "data": 130627937,
        "genre_data": 8716330,
        "year_data": 6732080,
        "X": 13519950,
        "y": 5671570,
        "top10_genres": 1677330
      },
      "m2p": {
        "data": 108582769,
        "genre_data": 6201280,
        "year_data": 6014060,
        "X": 21800430,
        "y": 22718840,
        "top10_genres": 2030530
      }
    },
    {
      "raw": "# from collections import defaultdict\n# from sklearn.metrics import euclidean_distances\n# from scipy.spatial.distance import cdist\n# import difflib\n\n# number_cols = ['valence', 'year', 'acousticness', 'danceability', 'duration_ms', 'energy', 'explicit',\n#  'instrumentalness', 'key', 'liveness', 'loudness', 'mode', 'popularity', 'speechiness', 'tempo']\n\n\n# def get_song_data(song, spotify_data):\n    \n#     try:\n#         song_data = spotify_data[(spotify_data['name'] == song['name']) \n#                                 & (spotify_data['year'] == song['year'])].iloc[0]\n#         return song_data\n    \n#     except IndexError:\n#         return find_song(song['name'], song['year'])\n        \n\n# def get_mean_vector(song_list, spotify_data):\n    \n#     song_vectors = []\n    \n#     for song in song_list:\n#         song_data = get_song_data(song, spotify_data)\n#         if song_data is None:\n#             print('Warning: {} does not exist in Spotify or in database'.format(song['name']))\n#             continue\n#         song_vector = song_data[number_cols].values\n#         song_vectors.append(song_vector)  \n    \n#     song_matrix = np.array(list(song_vectors))\n#     return np.mean(song_matrix, axis=0)\n\n\n# def flatten_dict_list(dict_list):\n    \n#     flattened_dict = defaultdict()\n#     for key in dict_list[0].keys():\n#         flattened_dict[key] = []\n    \n#     for dictionary in dict_list:\n#         for key, value in dictionary.items():\n#             flattened_dict[key].append(value)\n            \n#     return flattened_dict\n\n\n# def recommend_songs( song_list, spotify_data, n_songs=10):\n    \n#     metadata_cols = ['name', 'year', 'artists']\n#     song_dict = flatten_dict_list(song_list)\n    \n#     song_center = get_mean_vector(song_list, spotify_data)\n#     scaler = song_cluster_pipeline.steps[0][1]\n#     scaled_data = scaler.transform(spotify_data[number_cols])\n#     scaled_song_center = scaler.transform(song_center.reshape(1, -1))\n#     distances = cdist(scaled_song_center, scaled_data, 'cosine')\n#     index = list(np.argsort(distances)[:, :n_songs][0])\n    \n#     rec_songs = spotify_data.iloc[index]\n#     rec_songs = rec_songs[~rec_songs['name'].isin(song_dict['name'])]\n#     return rec_songs[metadata_cols].to_dict(orient='records')",
      "total-ns": 870850,
      "vars": {},
      "p2m": {
        "data": 136727618,
        "genre_data": 6704069,
        "year_data": 6037810,
        "X": 13246230,
        "y": 6031339,
        "top10_genres": 2978449
      },
      "m2p": {
        "data": 115310158,
        "genre_data": 5919380,
        "year_data": 5617100,
        "X": 20475169,
        "y": 22884420,
        "top10_genres": 1953670
      }
    },
    {
      "raw": "# recommend_songs([{'name': 'Come As You Are', 'year':1991},\n#                 {'name': 'Smells Like Teen Spirit', 'year': 1991},\n#                 {'name': 'Lithium', 'year': 1992},\n#                 {'name': 'All Apologies', 'year': 1993},\n#                 {'name': 'Stay Away', 'year': 1993}],  data)",
      "total-ns": 832290,
      "vars": {},
      "p2m": {
        "data": 134453167,
        "genre_data": 6178159,
        "year_data": 5727740,
        "X": 12337370,
        "y": 5730540,
        "top10_genres": 2163150
      },
      "m2p": {
        "data": 110120969,
        "genre_data": 5826740,
        "year_data": 4915130,
        "X": 20649110,
        "y": 23254570,
        "top10_genres": 2460650
      }
    },
    {
      "raw": "",
      "total-ns": 377660,
      "vars": {},
      "p2m": {
        "data": 138095157,
        "genre_data": 6556800,
        "year_data": 6316660,
        "X": 13371601,
        "y": 6419540,
        "top10_genres": 1864830
      },
      "m2p": {
        "data": 108357879,
        "genre_data": 6685970,
        "year_data": 5388690,
        "X": 21316010,
        "y": 25383349,
        "top10_genres": 2024590
      }
    }
  ]
}