{
  "cells": [
    {
      "raw": "import numpy as np\n\nimport os\nos.environ[\"MODIN_ENGINE\"] = \"ray\"\nimport ray\nos.environ['MODIN_CPUS'] = \"4\"\nray.init(num_cpus=4, runtime_env={'env_vars': {'__MODIN_AUTOIMPORT_PANDAS__': '1'}})\nimport modin.pandas as pd\nimport seaborn as sns\nsns.set_style('darkgrid')\nimport matplotlib.pyplot as plt\n%matplotlib inline\n\nimport warnings\nwarnings.filterwarnings(\"ignore\", category=FutureWarning)\n\nfrom scipy import stats\nimport pylab",
      "total-ns": 8593414449,
      "vars": {},
      "p2m": {},
      "m2p": {}
    },
    {
      "raw": "df = pd.read_csv('../input/kc_house_data.csv')",
      "total-ns": 9735198828,
      "vars": {},
      "p2m": {
        "df": 26941882
      },
      "m2p": {
        "df": 154654405
      }
    },
    {
      "raw": "df.info()",
      "total-ns": 700124917,
      "vars": {},
      "p2m": {
        "df": 35372358
      },
      "m2p": {
        "df": 36310727
      }
    },
    {
      "raw": "# Dimension of DataFrame\ndf.shape",
      "total-ns": 796051,
      "vars": {},
      "p2m": {
        "df": 28793564
      },
      "m2p": {
        "df": 41111696
      }
    },
    {
      "raw": "# Data Viewing Initial 10 columns\ndf.iloc[:5,1:10]",
      "total-ns": 3076079,
      "vars": {},
      "p2m": {
        "df": 33514019
      },
      "m2p": {
        "df": 29788119
      }
    },
    {
      "raw": "# Data Viewing Rest of the columns\ndf.iloc[:5,10:]",
      "total-ns": 2591401,
      "vars": {},
      "p2m": {
        "df": 40271633
      },
      "m2p": {
        "df": 29863586
      }
    },
    {
      "raw": "# Understanding Data - Total Entries, Number of Columns, Datatype\ndf.info()",
      "total-ns": 576192234,
      "vars": {},
      "p2m": {
        "df": 29132230
      },
      "m2p": {
        "df": 40477812
      }
    },
    {
      "raw": "# Duplicate Rows\ndf.duplicated().sum()",
      "total-ns": 2983124163,
      "vars": {},
      "p2m": {
        "df": 24629078
      },
      "m2p": {
        "df": 41685869
      }
    },
    {
      "raw": "# Checking for Missing vales\ndf.isnull().sum()",
      "total-ns": 39874697,
      "vars": {},
      "p2m": {
        "df": 28429221
      },
      "m2p": {
        "df": 26556690
      }
    },
    {
      "raw": "distinct_counts = []\n\n# Loop through columns\nfor column in df.columns:\n    distinct_count = df[column].nunique()  # Use nunique() to count distinct values\n    first_5_unique_values = df[column].unique()[:5]  \n    last_5_unique_values = df[column].unique()[-5:]  \n    distinct_counts.append({\n        'Column': column, \n        'Distinct_Values_Count': distinct_count, \n        'First_5_Unique_Values': first_5_unique_values,\n        'Last_5_Unique_Values': last_5_unique_values\n    })\n\n# Create a DataFrame from the list of distinct value counts\ndistinct_counts_df = pd.DataFrame(distinct_counts)\n\n# Display the DataFrame with distinct value counts\ndistinct_counts_df.sort_values(by='Distinct_Values_Count', ascending=False,ignore_index=True)",
      "total-ns": 11270040238,
      "vars": {},
      "p2m": {
        "df": 25273142,
        "distinct_counts_df": 4735240
      },
      "m2p": {
        "df": 39183190,
        "distinct_counts_df": 4627501
      }
    },
    {
      "raw": "df.describe()",
      "total-ns": 75412978,
      "vars": {},
      "p2m": {
        "df": 22319257,
        "distinct_counts_df": 5283824
      },
      "m2p": {
        "df": 33797448,
        "distinct_counts_df": 3475588
      }
    },
    {
      "raw": "# Drop Unwanted Column - Id\ndf.drop(['id','date'],axis=1,inplace=True)",
      "total-ns": 5587878,
      "vars": {},
      "p2m": {
        "df": 25673430,
        "distinct_counts_df": 4227087
      },
      "m2p": {
        "df": 234818002,
        "distinct_counts_df": 5487145
      }
    },
    {
      "raw": "# Data Defining for Visualization and Processing\nnumeric_columns = ['sqft_lot','sqft_lot15','sqft_living','sqft_living15','sqft_above','sqft_basement','lat','long','yr_built','yr_renovated']\ncategorical_columns = ['bedrooms','bathrooms','floors','waterfront','view','condition','grade','zipcode']",
      "total-ns": 1265920,
      "vars": {},
      "p2m": {
        "df": 23877223,
        "distinct_counts_df": 5526679
      },
      "m2p": {
        "df": 26568604,
        "distinct_counts_df": 7664487
      }
    },
    {
      "raw": "def num_combined_plot(data, x, y):\n    # fig, axes = plt.subplots(1, 2, figsize=(15, 6))\n\n    # # Plot the histogram with KDE\n    # sns.histplot(data=data, x=x, kde=True, ax=axes[0], color='coral')\n    \n    # # Plot the scatterplot with a correlation line\n    # sns.regplot(data=data, x=x, y=y, ax=axes[1], color='teal', \n    #             scatter_kws={'edgecolor': 'white'}, line_kws={\"color\": \"coral\"})\n\n    # Calculate the correlation coefficient\n    corr_coeff = data[[x, y]].corr().iloc[0, 1]\n\n    # Annotate the correlation coefficient on the scatter plot\n    # axes[1].annotate(f'Correlation : {corr_coeff:.2f}', xy=(0.65, 0.9), xycoords='axes fraction', fontsize=14, color='coral')\n\n    # # Adjust plot aesthetics\n    # sns.despine(bottom=True, left=True)\n    # axes[0].set(xlabel=f'{x}', ylabel='Frequency', title=f'{x} Distribution')\n    # axes[1].set(xlabel=f'{x}', ylabel=f'{y}', title=f'{x} vs {y}')\n    # axes[1].yaxis.set_label_position(\"right\")\n    # axes[1].yaxis.tick_right()\n\n    # plt.show()",
      "total-ns": 3529816,
      "vars": {},
      "p2m": {
        "df": 19968693,
        "distinct_counts_df": 5387946
      },
      "m2p": {
        "df": 31433248,
        "distinct_counts_df": 4809704
      }
    },
    {
      "raw": "# plt.figure(figsize=(12, 8))\n\n# # Create a heatmap\n# sns.heatmap(df[numeric_columns].corr(), annot=True, cmap='Spectral', linewidths=0.5,fmt=\".2f\")\n# plt.title('Correlation Heatmap', fontsize=15)\n# plt.show()",
      "total-ns": 881797,
      "vars": {},
      "p2m": {
        "df": 22359747,
        "distinct_counts_df": 4500705
      },
      "m2p": {
        "df": 24699837,
        "distinct_counts_df": 6063461
      }
    },
    {
      "raw": "num_combined_plot(df,'sqft_lot','price')",
      "total-ns": 635275459,
      "vars": {},
      "p2m": {
        "df": 24419592,
        "distinct_counts_df": 3621726
      },
      "m2p": {
        "df": 27166745,
        "distinct_counts_df": 6070832
      }
    },
    {
      "raw": "num_combined_plot(df,'sqft_lot15','price')",
      "total-ns": 491966388,
      "vars": {},
      "p2m": {
        "df": 23788177,
        "distinct_counts_df": 3432439
      },
      "m2p": {
        "df": 29631945,
        "distinct_counts_df": 3952367
      }
    },
    {
      "raw": "num_combined_plot(df,'sqft_living','price')",
      "total-ns": 646612812,
      "vars": {},
      "p2m": {
        "df": 25464066,
        "distinct_counts_df": 8010205
      },
      "m2p": {
        "df": 35845127,
        "distinct_counts_df": 6841152
      }
    },
    {
      "raw": "num_combined_plot(df,'sqft_living15','price')",
      "total-ns": 519583909,
      "vars": {},
      "p2m": {
        "df": 17546329,
        "distinct_counts_df": 5967079
      },
      "m2p": {
        "df": 32447709,
        "distinct_counts_df": 4323582
      }
    },
    {
      "raw": "num_combined_plot(df,'sqft_above','price')",
      "total-ns": 473656999,
      "vars": {},
      "p2m": {
        "df": 23591136,
        "distinct_counts_df": 9384772
      },
      "m2p": {
        "df": 32036199,
        "distinct_counts_df": 4556353
      }
    },
    {
      "raw": "num_combined_plot(df,'sqft_basement','price')",
      "total-ns": 417401007,
      "vars": {},
      "p2m": {
        "df": 19302419,
        "distinct_counts_df": 5195260
      },
      "m2p": {
        "df": 28147435,
        "distinct_counts_df": 3870163
      }
    },
    {
      "raw": "# plt.figure(figsize=(8,5))\n# sns.histplot(data=df, x='price', kde=True, color='coral')\n# plt.xlabel('Price ($)')\n# plt.ylabel('Frequency') \n# plt.title('Price Distribution')\n# plt.show()",
      "total-ns": 606683,
      "vars": {},
      "p2m": {
        "df": 24948143,
        "distinct_counts_df": 12605164
      },
      "m2p": {
        "df": 20758771,
        "distinct_counts_df": 3165320
      }
    },
    {
      "raw": "# def create_subplot_grid(data, x, y):\n#     # Create subplots\n#     fig, axes = plt.subplots(1, 3, figsize=(15, 5))\n\n#     # Plot the countplot with percentages\n#     sns.countplot(data=data, x=x, ax=axes[0], palette='Set2')\n#     axes[0].set(title=f'{x} Frequency')\n#     axes[0].tick_params(axis='x', rotation=90)\n#     axes[0].set_ylabel('Count (%)')\n    \n#     # Calculate and annotate the percentages\n#     total = len(data)\n#     for p in axes[0].patches:\n#         percentage = '{:.1f}%'.format(100 * p.get_height() / total)\n#         x_ = p.get_x() + p.get_width() / 2\n#         y_ = p.get_height()\n#         axes[0].annotate(percentage, (x_, y_), ha='center', va='bottom')\n\n#     # Plot the boxplot\n#     sns.boxplot(data=data, x=x, y=y, ax=axes[1], palette='Set2')\n#     axes[1].set(title=f'Price vs. {x}')\n#     axes[1].tick_params(axis='x', rotation=90)\n\n#     # Plot the scatterplot with colors based on x\n#     sns.scatterplot(data=data, x=x, y=y, ax=axes[2], hue=x, palette='Set2')\n#     axes[2].set(title=f'{y} vs. {x}')\n#     axes[2].tick_params(axis='x', rotation=90)\n#     axes[2].yaxis.set_label_position(\"right\")\n    \n#     # Add the regression line to the scatterplot\n#     sns.regplot(data=data, x=x, y=y, ax=axes[2], color='coral', scatter=False)\n#     axes[2].get_legend().remove()\n\n#     plt.tight_layout()\n#     plt.show()",
      "total-ns": 985828,
      "vars": {},
      "p2m": {
        "df": 19101249,
        "distinct_counts_df": 4256414
      },
      "m2p": {
        "df": 27562362,
        "distinct_counts_df": 4629815
      }
    },
    {
      "raw": "# create_subplot_grid(df, 'bedrooms', 'price')",
      "total-ns": 738601,
      "vars": {},
      "p2m": {
        "df": 20577918,
        "distinct_counts_df": 4318339
      },
      "m2p": {
        "df": 24549500,
        "distinct_counts_df": 4264553
      }
    },
    {
      "raw": "# create_subplot_grid(df, 'bathrooms', 'price')",
      "total-ns": 688144,
      "vars": {},
      "p2m": {
        "df": 31281145,
        "distinct_counts_df": 14239680
      },
      "m2p": {
        "df": 23418559,
        "distinct_counts_df": 2990758
      }
    },
    {
      "raw": "# create_subplot_grid(df, 'floors', 'price')",
      "total-ns": 674453,
      "vars": {},
      "p2m": {
        "df": 22405846,
        "distinct_counts_df": 4917166
      },
      "m2p": {
        "df": 24732563,
        "distinct_counts_df": 7247446
      }
    },
    {
      "raw": "# create_subplot_grid(df, 'waterfront', 'price')",
      "total-ns": 675257,
      "vars": {},
      "p2m": {
        "df": 22249527,
        "distinct_counts_df": 6247497
      },
      "m2p": {
        "df": 22827596,
        "distinct_counts_df": 3231038
      }
    },
    {
      "raw": "# create_subplot_grid(df, 'view', 'price')",
      "total-ns": 642769,
      "vars": {},
      "p2m": {
        "df": 26035134,
        "distinct_counts_df": 8892640
      },
      "m2p": {
        "df": 26710226,
        "distinct_counts_df": 4389845
      }
    },
    {
      "raw": "# create_subplot_grid(df, 'condition', 'price')",
      "total-ns": 660506,
      "vars": {},
      "p2m": {
        "df": 17680722,
        "distinct_counts_df": 4121992
      },
      "m2p": {
        "df": 24240774,
        "distinct_counts_df": 4245106
      }
    },
    {
      "raw": "# create_subplot_grid(df, 'grade', 'price')",
      "total-ns": 991197,
      "vars": {},
      "p2m": {
        "df": 19349236,
        "distinct_counts_df": 9638562
      },
      "m2p": {
        "df": 26841798,
        "distinct_counts_df": 11945579
      }
    },
    {
      "raw": "# # Create the scatter plot with a color gradient for price\n# plt.figure(figsize=(15, 7))\n# sns.scatterplot(x='lat', y='price', data=df, hue='price', palette='husl')\n# plt.xlabel('Latitude', fontsize=14)\n# plt.ylabel('Price', fontsize=14)\n# plt.title('Latitude vs. Price (Color Gradient)', fontsize=16)\n# plt.show()",
      "total-ns": 624851,
      "vars": {},
      "p2m": {
        "df": 18264943,
        "distinct_counts_df": 9694362
      },
      "m2p": {
        "df": 28670801,
        "distinct_counts_df": 5057736
      }
    },
    {
      "raw": "# # Create the scatter plot with a color gradient for price\n# plt.figure(figsize=(15, 7))\n# sns.scatterplot(x='long', y='price', data=df, hue='price', palette='husl')\n# plt.xlabel('Longitude', fontsize=14)\n# plt.ylabel('Price', fontsize=14)\n# plt.title('Longitude vs. Price (Color Gradient)', fontsize=16)\n# plt.show()",
      "total-ns": 696444,
      "vars": {},
      "p2m": {
        "df": 18788321,
        "distinct_counts_df": 5151189
      },
      "m2p": {
        "df": 22478934,
        "distinct_counts_df": 3449665
      }
    },
    {
      "raw": "# plt.figure(figsize=(15, 5))\n# sns.lineplot(x='yr_built', y='price', data=df, color='teal', lw=5, marker='o', markerfacecolor='red')\n# plt.title('Price depending on yr_built', fontsize=17)\n# plt.xlabel('yr_built', fontsize=14)\n# plt.ylabel('price', fontsize=14)",
      "total-ns": 961087,
      "vars": {},
      "p2m": {
        "df": 17954430,
        "distinct_counts_df": 8436604
      },
      "m2p": {
        "df": 20413560,
        "distinct_counts_df": 4541368
      }
    },
    {
      "raw": "# Count the number of houses that have been renovated (non-zero 'yr_renovated').\nrenovated_count = len(df[df['yr_renovated'] != 0])\n\n# Calculate the total number of houses.\ntotal_houses = len(df)\n\n# Calculate the percentage of houses that have been renovated.\npercentage_renovated = (renovated_count / total_houses) * 100\n\n# Create a pie chart.\nlabels = ['Renovated', 'Not Renovated']\nsizes = [percentage_renovated, 100 - percentage_renovated]\nexplode = (0.1, 0)  \n\n# plt.figure(figsize=(15, 6))\n# plt.subplot(1, 2, 1)\n# plt.pie(sizes, labels=labels, autopct='%1.1f%%', startangle=0, explode=explode, colors=['lightcoral', 'lightgreen'])\n# plt.title('Percentage of Houses Renovated')\n# plt.axis('equal')\n\n# # Create the line plot showing the relationship between price and the year of renovation.\n# plt.subplot(1, 2, 2)\n# sns.lineplot(x='yr_renovated', y='price', data=df[df['yr_renovated'] != 0], color='teal', lw=5, marker='o', markerfacecolor='red')\n# plt.title('Price depending on yr_renovated', fontsize=17)\n# plt.xlabel('yr_renovated', fontsize=14)\n# plt.ylabel('price', fontsize=14)\n\n# plt.tight_layout()\n\n# plt.show()",
      "total-ns": 204226274,
      "vars": {},
      "p2m": {
        "df": 24308057,
        "distinct_counts_df": 8506204
      },
      "m2p": {
        "df": 242789460,
        "distinct_counts_df": 5720818
      }
    },
    {
      "raw": "# plt.figure(figsize=(15, 7))\n# sns.scatterplot(data=df, x='sqft_living', y='price', hue='grade', palette='RdYlGn_r')\n# plt.xlabel('Living Space (sqft)', fontsize=12)\n# plt.ylabel('Price', fontsize=12)\n# plt.title('Scatter Plot of Price vs. Living Space by Grade', fontsize=15)\n# plt.legend(title='Grade', fontsize=14, title_fontsize=14)\n# plt.show()",
      "total-ns": 676567,
      "vars": {},
      "p2m": {
        "df": 23601590,
        "distinct_counts_df": 7461599
      },
      "m2p": {
        "df": 24315115,
        "distinct_counts_df": 4314853
      }
    },
    {
      "raw": "# plt.figure(figsize=(15, 7))\n# sns.scatterplot(data=df, x='sqft_living', y='price', hue='bathrooms', palette='RdYlGn_r')\n# plt.xlabel('Living Space (sqft)', fontsize=12)\n# plt.ylabel('Price', fontsize=12)\n# plt.title('Scatter Plot of Price vs. Living Space by Number of Bathrooms', fontsize=15)\n# plt.legend(title='Bathrooms', fontsize=14, title_fontsize=14)\n# plt.show()",
      "total-ns": 696546,
      "vars": {},
      "p2m": {
        "df": 22957676,
        "distinct_counts_df": 4602338
      },
      "m2p": {
        "df": 30303390,
        "distinct_counts_df": 6235851
      }
    },
    {
      "raw": "# plt.figure(figsize=(15, 7))\n# sns.scatterplot(data=df, x='yr_built', y='price', hue=df['yr_renovated'].apply(lambda x: 'Yes' if x > 0 else 'No'))\n# plt.xlabel('Year Built', fontsize=12)\n# plt.ylabel('Price', fontsize=12)\n# plt.title('Scatter Plot of Price vs. Year Built (Renovated vs. Not Renovated)', fontsize=15)\n# plt.legend(title='Renovated', fontsize=14, title_fontsize=14)\n# plt.show()",
      "total-ns": 633328,
      "vars": {},
      "p2m": {
        "df": 17476298,
        "distinct_counts_df": 5048595
      },
      "m2p": {
        "df": 27261844,
        "distinct_counts_df": 4818791
      }
    },
    {
      "raw": "# Train Test Split\nfrom sklearn.model_selection import train_test_split\nX_train,X_test,y_train,y_test = train_test_split(df.iloc[:,1:19],df.iloc[:,0],test_size=0.3, random_state=0)\n\n# Converting y_train, y_test back to DataFrame\ny_train = pd.DataFrame(y_train)\ny_test = pd.DataFrame(y_test)\n\nX_train.shape,y_train.shape,X_test.shape,y_test.shape",
      "total-ns": 376932766,
      "vars": {},
      "p2m": {
        "df": 20178026,
        "distinct_counts_df": 7640608,
        "X_train": 15788645,
        "X_test": 14627353,
        "y_train": 9900154,
        "y_test": 8594303
      },
      "m2p": {
        "df": 23863066,
        "distinct_counts_df": 4510167,
        "X_train": 455697957,
        "X_test": 22260728,
        "y_train": 5558593,
        "y_test": 5868067
      }
    },
    {
      "raw": "# fig,axes = plt.subplots(5,2,figsize=(15,15))\n\n# def plot_two(feat,i,j):\n#     sns.boxplot(x=X_train[feat],color='yellow', width=0.5, flierprops={'marker': 'o', 'markerfacecolor': 'red', 'markersize': 3.5}, ax=axes[i,j])\n#     axes[i, j].set_title(feat)\n#     axes[i, j].set_xlabel('')\n\n# for i,feat in enumerate(numeric_columns):\n#     j = i%2 #0 or 1\n#     plot_two(feat,i//2,j)\n#     warnings.filterwarnings(\"ignore\", category=UserWarning)\n\n# fig.suptitle('Box Plots for Numerical Variables', fontsize=16)\n# plt.tight_layout()\n# plt.show()",
      "total-ns": 725357,
      "vars": {},
      "p2m": {
        "df": 16054780,
        "distinct_counts_df": 4443110,
        "X_train": 15285750,
        "X_test": 27251315,
        "y_train": 12305487,
        "y_test": 9703461
      },
      "m2p": {
        "df": 26070381,
        "distinct_counts_df": 3485564,
        "X_train": 16933297,
        "X_test": 14567753,
        "y_train": 9946706,
        "y_test": 10991164
      }
    },
    {
      "raw": "# During EDA It was observed Categoric Feature - Bedroom had outlier\nX_train['bedrooms'] = np.where(X_train['bedrooms'] > 11, 11, X_train['bedrooms'])\nX_test['bedrooms'] = np.where(X_test['bedrooms'] > 11, 11, X_test['bedrooms'])",
      "total-ns": 558599371,
      "vars": {},
      "p2m": {
        "df": 17676534,
        "distinct_counts_df": 3962352,
        "X_train": 18933609,
        "X_test": 14432603,
        "y_train": 8946270,
        "y_test": 8736062
      },
      "m2p": {
        "df": 23766881,
        "distinct_counts_df": 4153816,
        "X_train": 437734751,
        "X_test": 17972199,
        "y_train": 12941951,
        "y_test": 8495374
      }
    },
    {
      "raw": "# def log_transformation(data,column):\n#     plt.figure(figsize=(22,6))\n\n#     plt.subplot(141)\n#     sns.histplot(data[column],kde=True,color='red');\n\n#     plt.subplot(142)\n#     stats.probplot(data[column], dist=\"norm\", plot=pylab) ;\n\n#     plt.subplot(143)\n#     sns.histplot(np.log(data[column]),color=\"green\",kde=True);\n\n#     plt.subplot(144)\n#     stats.probplot(np.log(data[column]), dist=\"norm\", plot=pylab) ;\n    \n#     data[column] = np.log(data[column])",
      "total-ns": 693822,
      "vars": {},
      "p2m": {
        "df": 17650621,
        "distinct_counts_df": 3485220,
        "X_train": 12878099,
        "X_test": 11634164,
        "y_train": 6493513,
        "y_test": 9577118
      },
      "m2p": {
        "df": 16323379,
        "distinct_counts_df": 2931917,
        "X_train": 16497256,
        "X_test": 9871269,
        "y_train": 8103571,
        "y_test": 10921777
      }
    },
    {
      "raw": "# log_transformation(X_train,'sqft_living')",
      "total-ns": 1484679,
      "vars": {},
      "p2m": {
        "df": 14958390,
        "distinct_counts_df": 3538074,
        "X_train": 16972451,
        "X_test": 14857810,
        "y_train": 9353006,
        "y_test": 9859080
      },
      "m2p": {
        "df": 18542572,
        "distinct_counts_df": 2760806,
        "X_train": 13719945,
        "X_test": 13608527,
        "y_train": 16271833,
        "y_test": 11821787
      }
    },
    {
      "raw": "# log_transformation(X_train,'sqft_living15')",
      "total-ns": 608148,
      "vars": {},
      "p2m": {
        "df": 24482748,
        "distinct_counts_df": 4650624,
        "X_train": 13679124,
        "X_test": 13366272,
        "y_train": 9288801,
        "y_test": 9051451
      },
      "m2p": {
        "df": 17184840,
        "distinct_counts_df": 5775874,
        "X_train": 15722327,
        "X_test": 13143419,
        "y_train": 10527468,
        "y_test": 10984673
      }
    },
    {
      "raw": "# log_transformation(X_train,'sqft_above')",
      "total-ns": 821638,
      "vars": {},
      "p2m": {
        "df": 22387241,
        "distinct_counts_df": 4397684,
        "X_train": 24123050,
        "X_test": 16232693,
        "y_train": 11087769,
        "y_test": 10905520
      },
      "m2p": {
        "df": 18082755,
        "distinct_counts_df": 4729923,
        "X_train": 20477722,
        "X_test": 16247174,
        "y_train": 11809035,
        "y_test": 13297621
      }
    },
    {
      "raw": "# log_transformation(y_train,'price')",
      "total-ns": 594696,
      "vars": {},
      "p2m": {
        "df": 18737566,
        "distinct_counts_df": 4584088,
        "X_train": 17094069,
        "X_test": 14475634,
        "y_train": 9363802,
        "y_test": 10067203
      },
      "m2p": {
        "df": 27024766,
        "distinct_counts_df": 4118378,
        "X_train": 22281735,
        "X_test": 14201247,
        "y_train": 16394605,
        "y_test": 14151185
      }
    },
    {
      "raw": "# Independent Variable\nX_test['sqft_living'] = np.log(X_test['sqft_living'])\nX_test['sqft_living15'] = np.log(X_test['sqft_living15'])\nX_test['sqft_above'] = np.log(X_test['sqft_above'])\n\n# Dependent Variabel\ny_test['price'] = np.log(y_test['price'])",
      "total-ns": 982568136,
      "vars": {},
      "p2m": {
        "df": 18610927,
        "distinct_counts_df": 5048620,
        "X_train": 20191604,
        "X_test": 16159536,
        "y_train": 8340047,
        "y_test": 6662736
      },
      "m2p": {
        "df": 19353626,
        "distinct_counts_df": 6506173,
        "X_train": 19207670,
        "X_test": 1132311598,
        "y_train": 9664014,
        "y_test": 88205716
      }
    },
    {
      "raw": "# def box_cox_transformation(data,column):\n#     plt.figure(figsize=(22,6))\n\n#     plt.subplot(141)\n#     sns.histplot(data[column],kde=True,color='red');\n\n#     plt.subplot(142)\n#     stats.probplot(data[column], dist=\"norm\", plot=pylab) ;\n    \n#     from sklearn.preprocessing import PowerTransformer \n#     boxcox = PowerTransformer(method='box-cox') \n#     data[column] = boxcox.fit_transform(data[[column]])\n\n#     plt.subplot(143)\n#     sns.histplot(data[column],color=\"green\",kde=True);\n\n#     plt.subplot(144)\n#     stats.probplot(data[column], dist=\"norm\", plot=pylab) ;",
      "total-ns": 636805,
      "vars": {},
      "p2m": {
        "df": 17843733,
        "distinct_counts_df": 6182461,
        "X_train": 19976827,
        "X_test": 14116465,
        "y_train": 7823232,
        "y_test": 9923581
      },
      "m2p": {
        "df": 16361224,
        "distinct_counts_df": 4250533,
        "X_train": 18134964,
        "X_test": 12404625,
        "y_train": 7175612,
        "y_test": 9953739
      }
    },
    {
      "raw": "# box_cox_transformation(X_train,'sqft_lot')",
      "total-ns": 621991,
      "vars": {},
      "p2m": {
        "df": 16472679,
        "distinct_counts_df": 7114319,
        "X_train": 14071005,
        "X_test": 16136452,
        "y_train": 9070451,
        "y_test": 9281747
      },
      "m2p": {
        "df": 25608868,
        "distinct_counts_df": 2719564,
        "X_train": 23207858,
        "X_test": 17118814,
        "y_train": 10821140,
        "y_test": 11339372
      }
    },
    {
      "raw": "# box_cox_transformation(X_train,'sqft_lot15')",
      "total-ns": 563173,
      "vars": {},
      "p2m": {
        "df": 18872359,
        "distinct_counts_df": 4637899,
        "X_train": 19015569,
        "X_test": 17272004,
        "y_train": 11831799,
        "y_test": 12536365
      },
      "m2p": {
        "df": 23718502,
        "distinct_counts_df": 5541137,
        "X_train": 20235399,
        "X_test": 18198322,
        "y_train": 12539221,
        "y_test": 10589325
      }
    },
    {
      "raw": "# from sklearn.preprocessing import PowerTransformer \n# boxcox = PowerTransformer(method='box-cox') \n\n# X_test['sqft_lot'] = boxcox.fit_transform(X_test[['sqft_lot']])\n# X_test['sqft_lot15'] = boxcox.fit_transform(X_test[['sqft_lot15']])",
      "total-ns": 1564870,
      "vars": {},
      "p2m": {
        "df": 20280498,
        "distinct_counts_df": 7657028,
        "X_train": 20608649,
        "X_test": 21509960,
        "y_train": 14596856,
        "y_test": 10931089
      },
      "m2p": {
        "df": 24758472,
        "distinct_counts_df": 3402854,
        "X_train": 24544751,
        "X_test": 18169394,
        "y_train": 12639355,
        "y_test": 12392711
      }
    },
    {
      "raw": "Scaling_Features = ['sqft_basement','lat','long']",
      "total-ns": 875481,
      "vars": {},
      "p2m": {
        "df": 24955127,
        "distinct_counts_df": 5748719,
        "X_train": 14793352,
        "X_test": 22326149,
        "y_train": 13460965,
        "y_test": 13239723
      },
      "m2p": {
        "df": 22550666,
        "distinct_counts_df": 5559345,
        "X_train": 26282178,
        "X_test": 13627698,
        "y_train": 12220399,
        "y_test": 13327924
      }
    },
    {
      "raw": "from sklearn.preprocessing import MinMaxScaler\nscaler = MinMaxScaler()",
      "total-ns": 1393188,
      "vars": {},
      "p2m": {
        "df": 21789989,
        "distinct_counts_df": 4848275,
        "X_train": 19939366,
        "X_test": 21246526,
        "y_train": 10000524,
        "y_test": 9818689
      },
      "m2p": {
        "df": 31447762,
        "distinct_counts_df": 5267547,
        "X_train": 23580270,
        "X_test": 15163489,
        "y_train": 7072999,
        "y_test": 6749350
      }
    },
    {
      "raw": "X_train[Scaling_Features] = scaler.fit_transform(X_train[Scaling_Features]) # fit the scaler to the train set, and then transform it\nX_test[Scaling_Features] = scaler.transform(X_test[Scaling_Features]) # transform the test set",
      "total-ns": 407708184,
      "vars": {},
      "p2m": {
        "df": 27774679,
        "distinct_counts_df": 4428070,
        "X_train": 17733767,
        "X_test": 22456919,
        "y_train": 10703647,
        "y_test": 18262311
      },
      "m2p": {
        "df": 27904055,
        "distinct_counts_df": 4557567,
        "X_train": 239511873,
        "X_test": 227533246,
        "y_train": 19721680,
        "y_test": 13591885
      }
    },
    {
      "raw": "from sklearn.preprocessing import KBinsDiscretizer\n\nest = KBinsDiscretizer(n_bins=6, encode='ordinal', strategy='uniform')\nX_train['yr_built']= est.fit_transform(X_train[['yr_built']])\nX_test['yr_built']= est.fit_transform(X_test[['yr_built']])",
      "total-ns": 664107584,
      "vars": {},
      "p2m": {
        "df": 22062443,
        "distinct_counts_df": 9113689,
        "X_train": 25909460,
        "X_test": 17192387,
        "y_train": 12648235,
        "y_test": 14643717
      },
      "m2p": {
        "df": 27923733,
        "distinct_counts_df": 7209855,
        "X_train": 102965604,
        "X_test": 63239410,
        "y_train": 12461604,
        "y_test": 16386559
      }
    },
    {
      "raw": "def custom_binning(year):\n    if year == 0:\n        return 0\n    elif 1934 <= year <= 1950:\n        return 1\n    elif 1951 <= year <= 1970:\n        return 2\n    elif 1971 <= year <= 1990:\n        return 3\n    elif 1991 <= year <= 2010:\n        return 4\n    else:\n        return 5\n\n# Apply the custom binning function to the yr_renovated column\nX_train['yr_renovated'] = X_train['yr_renovated'].apply(custom_binning)\nX_test['yr_renovated'] = X_test['yr_renovated'].apply(custom_binning)",
      "total-ns": 272577196,
      "vars": {},
      "p2m": {
        "df": 23631231,
        "distinct_counts_df": 5632561,
        "X_train": 12970122,
        "X_test": 14177849,
        "y_train": 8717827,
        "y_test": 9664667
      },
      "m2p": {
        "df": 26406861,
        "distinct_counts_df": 5660544,
        "X_train": 437845957,
        "X_test": 262292585,
        "y_train": 8929159,
        "y_test": 6373156
      }
    },
    {
      "raw": "from sklearn.preprocessing import LabelEncoder\nle = LabelEncoder()\n\nX_train['zipcode'] = le.fit_transform(X_train['zipcode'])\nX_test['zipcode'] = le.fit_transform(X_test['zipcode'])",
      "total-ns": 393895888,
      "vars": {},
      "p2m": {
        "df": 13966831,
        "distinct_counts_df": 3516401,
        "X_train": 17948776,
        "X_test": 15346384,
        "y_train": 10448413,
        "y_test": 11895157
      },
      "m2p": {
        "df": 16841584,
        "distinct_counts_df": 3116466,
        "X_train": 618410206,
        "X_test": 37440204,
        "y_train": 11731370,
        "y_test": 10466166
      }
    },
    {
      "raw": "def evaluate_linear_regression(model, X_train, y_train, X_test, y_test):\n    # Predict on training and testing data\n    train_pred = model.predict(X_train)\n    test_pred = model.predict(X_test)\n    \n    # Calculate R-squared (R2) for training and testing data\n    r2_train = r2_score(y_train, train_pred)\n    r2_test = r2_score(y_test, test_pred)\n    \n    # Calculate RMSE (Root Mean Square Error) for training and testing data\n    rmse_test = np.sqrt(mean_squared_error(y_test, test_pred))\n    \n    # Return the evaluation metrics\n    print(\"R-squared (R2) Train:\", r2_train)\n    print(\"R-squared (R2) Test:\", r2_test)\n    print(\"RMSE Test:\", rmse_test)",
      "total-ns": 3318161,
      "vars": {},
      "p2m": {
        "df": 18597096,
        "distinct_counts_df": 7016548,
        "X_train": 17975128,
        "X_test": 17076944,
        "y_train": 8513150,
        "y_test": 9243509
      },
      "m2p": {
        "df": 32297298,
        "distinct_counts_df": 3741743,
        "X_train": 24332731,
        "X_test": 14577306,
        "y_train": 9733102,
        "y_test": 9964976
      }
    },
    {
      "raw": "# def plot_coefficients(model):\n#     # Get coefficients and corresponding feature names\n#     coefficients = model.coef_.ravel()\n\n#     # Feature names (your provided feature names)\n#     feature_names = X_train.columns\n\n#     # Create a DataFrame to store the coefficients and feature names\n#     coefficients_df = pd.DataFrame({'Feature': feature_names, 'Coefficient': coefficients})\n\n#     # Calculate absolute coefficients and sort by absolute coefficient value\n#     coefficients_df['Absolute_Coefficient'] = coefficients_df['Coefficient'].abs()\n#     coefficients_df = coefficients_df.sort_values(by='Absolute_Coefficient', ascending=False)\n\n#     # Create a bar plot with rank labels\n#     plt.figure(figsize=(10, 6))\n#     sns.barplot(data=coefficients_df, x='Feature', y='Coefficient', palette='Spectral_r')\n#     plt.xlabel('Feature')\n#     plt.ylabel('Coefficient')\n#     plt.title('Ridge Regression Coefficients (Ranked by Absolute Value)')\n#     plt.xticks(rotation=90)  # Rotate x-axis labels for better readability\n\n#     # Add rank labels to the plot\n#     for i, rank in enumerate(range(1, len(coefficients_df) + 1)):\n#         plt.text(i, coefficients_df['Coefficient'].iloc[i], f'{rank}', horizontalalignment='center')\n\n#     plt.tight_layout()\n\n#     # Display the plot\n#     plt.show()",
      "total-ns": 993971,
      "vars": {},
      "p2m": {
        "df": 26782839,
        "distinct_counts_df": 8921368,
        "X_train": 19006613,
        "X_test": 29316010,
        "y_train": 12407848,
        "y_test": 12939999
      },
      "m2p": {
        "df": 21080866,
        "distinct_counts_df": 3335184,
        "X_train": 21501789,
        "X_test": 30644473,
        "y_train": 21139731,
        "y_test": 10104622
      }
    },
    {
      "raw": "# from sklearn.metrics import r2_score,mean_squared_error",
      "total-ns": 635797,
      "vars": {},
      "p2m": {
        "df": 21766040,
        "distinct_counts_df": 7234722,
        "X_train": 26067994,
        "X_test": 19128448,
        "y_train": 12626570,
        "y_test": 12491783
      },
      "m2p": {
        "df": 20975895,
        "distinct_counts_df": 4857633,
        "X_train": 25575877,
        "X_test": 19188973,
        "y_train": 16170218,
        "y_test": 13295365
      }
    },
    {
      "raw": "# from sklearn.linear_model import LinearRegression\n\n# # Perform Linear Regression\n# linear_model = LinearRegression()\n# linear_model.fit(X_train,y_train)",
      "total-ns": 569356,
      "vars": {},
      "p2m": {
        "df": 20882677,
        "distinct_counts_df": 5545491,
        "X_train": 21078720,
        "X_test": 21004054,
        "y_train": 14074099,
        "y_test": 11368427
      },
      "m2p": {
        "df": 14914582,
        "distinct_counts_df": 3382900,
        "X_train": 27822797,
        "X_test": 19548512,
        "y_train": 15126421,
        "y_test": 13910459
      }
    },
    {
      "raw": "# # Evaluate linar Regression\n# train_pred = linear_model.predict(X_train)\n# test_pred = linear_model.predict(X_test)",
      "total-ns": 555108,
      "vars": {},
      "p2m": {
        "df": 25731958,
        "distinct_counts_df": 6240441,
        "X_train": 20551059,
        "X_test": 14151085,
        "y_train": 11380101,
        "y_test": 12050909
      },
      "m2p": {
        "df": 23060874,
        "distinct_counts_df": 4712562,
        "X_train": 23700500,
        "X_test": 17392953,
        "y_train": 9747483,
        "y_test": 12402522
      }
    },
    {
      "raw": "# evaluate_linear_regression(linear_model, X_train, y_train, X_test, y_test)",
      "total-ns": 713495,
      "vars": {},
      "p2m": {
        "df": 28830320,
        "distinct_counts_df": 7442221,
        "X_train": 27123092,
        "X_test": 23117177,
        "y_train": 13963236,
        "y_test": 10947661
      },
      "m2p": {
        "df": 23351741,
        "distinct_counts_df": 5516567,
        "X_train": 25476687,
        "X_test": 13689630,
        "y_train": 8389038,
        "y_test": 10635240
      }
    },
    {
      "raw": "# plot_coefficients(linear_model)",
      "total-ns": 611891,
      "vars": {},
      "p2m": {
        "df": 18442865,
        "distinct_counts_df": 4949697,
        "X_train": 19381360,
        "X_test": 16671105,
        "y_train": 15651533,
        "y_test": 12827130
      },
      "m2p": {
        "df": 17086688,
        "distinct_counts_df": 5735574,
        "X_train": 21969157,
        "X_test": 16282489,
        "y_train": 10488588,
        "y_test": 11162312
      }
    },
    {
      "raw": "# from sklearn.model_selection import GridSearchCV\n# from sklearn.linear_model import Ridge\n\n# ridge_model = Ridge()\n\n# # Define a range of alpha values to search\n# param_grid = {'alpha': [0.001, 0.01, 0.05, 0.1, 0.2, 0.3, 0.4, 0.5, \n#                         0.6, 0.7, 0.8, 0.9, 1.0, 2.0, 3.0, 4.0, 5.0, \n#                         6.0, 7.0, 8.0, 9.0, 10.0, 20, 50, 100, 500, 1000]}\n\n# # Perform hyperparameter tuning with GridSearchCV\n# grid_search = GridSearchCV(ridge_model, param_grid, cv=5, scoring='neg_mean_squared_error')\n# grid_search.fit(X_train, y_train)\n\n# # Get the best alpha value\n# best_alpha_ridge = grid_search.best_params_['alpha']\n# print(\"Best Parameter (alpha):\", best_alpha_ridge)",
      "total-ns": 857106,
      "vars": {},
      "p2m": {
        "df": 18425481,
        "distinct_counts_df": 4330705,
        "X_train": 16639314,
        "X_test": 15533376,
        "y_train": 10005775,
        "y_test": 10051339
      },
      "m2p": {
        "df": 20756031,
        "distinct_counts_df": 3983627,
        "X_train": 23089227,
        "X_test": 13767246,
        "y_train": 9911778,
        "y_test": 9696531
      }
    },
    {
      "raw": "# # Fitting the Model\n# ridge_model = Ridge(alpha=best_alpha_ridge)\n# ridge_model.fit(X_train, y_train)\n\n# # Predicttion\n# ridge_train_pred = ridge_model.predict(X_train)\n# ridge_test_pred = ridge_model.predict(X_test)",
      "total-ns": 652796,
      "vars": {},
      "p2m": {
        "df": 16650579,
        "distinct_counts_df": 6514058,
        "X_train": 16687988,
        "X_test": 17894892,
        "y_train": 12070175,
        "y_test": 9874614
      },
      "m2p": {
        "df": 17128611,
        "distinct_counts_df": 5295011,
        "X_train": 21530940,
        "X_test": 13770950,
        "y_train": 13239430,
        "y_test": 13293188
      }
    },
    {
      "raw": "# evaluate_linear_regression(ridge_model, X_train, y_train, X_test, y_test)",
      "total-ns": 621413,
      "vars": {},
      "p2m": {
        "df": 15970438,
        "distinct_counts_df": 5868176,
        "X_train": 22814999,
        "X_test": 15628304,
        "y_train": 9755152,
        "y_test": 8875556
      },
      "m2p": {
        "df": 17528139,
        "distinct_counts_df": 3712580,
        "X_train": 23852811,
        "X_test": 18051407,
        "y_train": 10920339,
        "y_test": 15436629
      }
    },
    {
      "raw": "# plot_coefficients(ridge_model)",
      "total-ns": 619590,
      "vars": {},
      "p2m": {
        "df": 19849688,
        "distinct_counts_df": 3506983,
        "X_train": 18684118,
        "X_test": 14774499,
        "y_train": 9674025,
        "y_test": 16276805
      },
      "m2p": {
        "df": 19008247,
        "distinct_counts_df": 3640320,
        "X_train": 19143842,
        "X_test": 14908678,
        "y_train": 18306786,
        "y_test": 12731966
      }
    },
    {
      "raw": "# from sklearn.linear_model import Lasso\n# from sklearn.model_selection import GridSearchCV\n# lasso_model = Lasso()\n# param_grid = {'alpha': [0.001, 0.01, 0.05, 0.1, \n#  0.2, 0.3, 0.4, 0.5, 0.6, 0.7, 0.8, 0.9, 1.0, 2.0, 3.0, \n#  4.0, 5.0, 6.0, 7.0, 8.0, 9.0, 10.0, 20, 50, 100, 500, 1000 ]}\n\n# grid_search = GridSearchCV(lasso_model, param_grid, cv=5,scoring='neg_mean_squared_error')\n# grid_search.fit(X_train, y_train)\n\n# best_alpha_lasso = grid_search.best_params_['alpha']\n# print(\"Best Parameter (alpha):\", best_alpha_lasso)",
      "total-ns": 863985,
      "vars": {},
      "p2m": {
        "df": 19077035,
        "distinct_counts_df": 4591629,
        "X_train": 26989375,
        "X_test": 13370130,
        "y_train": 12553068,
        "y_test": 11112865
      },
      "m2p": {
        "df": 22349057,
        "distinct_counts_df": 4381080,
        "X_train": 20806967,
        "X_test": 20426677,
        "y_train": 10501660,
        "y_test": 13040239
      }
    },
    {
      "raw": "# lasso_model = Lasso(alpha=best_alpha_lasso)\n# lasso_model.fit(X_train, y_train)",
      "total-ns": 635771,
      "vars": {},
      "p2m": {
        "df": 26258696,
        "distinct_counts_df": 4434242,
        "X_train": 26810861,
        "X_test": 27538477,
        "y_train": 14216990,
        "y_test": 8251900
      },
      "m2p": {
        "df": 21697607,
        "distinct_counts_df": 3378291,
        "X_train": 27469047,
        "X_test": 22015336,
        "y_train": 12467874,
        "y_test": 16194275
      }
    },
    {
      "raw": "# # Evaluate linar Regression\n# lasso_train_pred = lasso_model.predict(X_train)\n# lasso_test_pred = lasso_model.predict(X_test)",
      "total-ns": 573508,
      "vars": {},
      "p2m": {
        "df": 16646294,
        "distinct_counts_df": 5070293,
        "X_train": 18338880,
        "X_test": 15846521,
        "y_train": 9604085,
        "y_test": 11346718
      },
      "m2p": {
        "df": 16294050,
        "distinct_counts_df": 3280147,
        "X_train": 17113034,
        "X_test": 17535769,
        "y_train": 20690957,
        "y_test": 17922657
      }
    },
    {
      "raw": "# evaluate_linear_regression(lasso_model, X_train, y_train, X_test, y_test)",
      "total-ns": 620408,
      "vars": {},
      "p2m": {
        "df": 18725250,
        "distinct_counts_df": 7076597,
        "X_train": 17870379,
        "X_test": 16943259,
        "y_train": 10717051,
        "y_test": 9585681
      },
      "m2p": {
        "df": 19271052,
        "distinct_counts_df": 3966561,
        "X_train": 23712041,
        "X_test": 15903365,
        "y_train": 11371005,
        "y_test": 15593657
      }
    },
    {
      "raw": "# plot_coefficients(lasso_model)",
      "total-ns": 666259,
      "vars": {},
      "p2m": {
        "df": 18962992,
        "distinct_counts_df": 5324534,
        "X_train": 22349635,
        "X_test": 15521468,
        "y_train": 10401539,
        "y_test": 11845635
      },
      "m2p": {
        "df": 17801244,
        "distinct_counts_df": 4370061,
        "X_train": 20389729,
        "X_test": 25353804,
        "y_train": 12360116,
        "y_test": 12976674
      }
    },
    {
      "raw": "# feature_names = X_train.columns # Defining the Feature Names\n# coefficients_df = pd.DataFrame()\n\n# # Create DataFrames for each model's coefficients and feature names\n# linear_coefficients = pd.DataFrame({'Feature': feature_names, 'Linear Coefficient': linear_model.coef_.ravel()})\n# ridge_coefficients = pd.DataFrame({'Feature': feature_names, 'Ridge Coefficient': ridge_model.coef_.ravel()})\n# lasso_coefficients = pd.DataFrame({'Feature': feature_names, 'Lasso Coefficient': lasso_model.coef_.ravel()})\n\n# # Merge the DataFrames based on the 'Feature' column\n# coefficients_df = linear_coefficients.merge(ridge_coefficients, on='Feature').merge(lasso_coefficients, on='Feature')\n# ticks = range(len(feature_names))  \n# labels = feature_names  \n\n# # Create a line plot for the coefficients\n# plt.figure(figsize=(15, 9))\n# plt.plot(ticks, coefficients_df['Linear Coefficient'], marker='o', label='Linear Coefficient')\n# plt.plot(ticks, coefficients_df['Ridge Coefficient'], marker='x', label='Ridge Coefficient')\n# plt.plot(ticks, coefficients_df['Lasso Coefficient'], marker='*', label='Lasso Coefficient')\n# plt.xticks(ticks, labels, rotation=90, fontsize=15)\n# plt.xlabel('Feature',fontsize=12)\n# plt.ylabel('Coefficient',fontsize=12)\n# plt.title('Regression Coefficients',fontsize=15)\n# plt.tight_layout()\n# plt.legend(loc='upper left',fontsize=14,labelspacing=1.5)  \n\n# # Add a horizontal red line at zero\n# plt.axhline(0, color='red', linestyle='--', linewidth=1.7)\n# plt.show()",
      "total-ns": 886554,
      "vars": {},
      "p2m": {
        "df": 24265406,
        "distinct_counts_df": 4757514,
        "X_train": 21504020,
        "X_test": 27054335,
        "y_train": 26640248,
        "y_test": 10088022
      },
      "m2p": {
        "df": 20418567,
        "distinct_counts_df": 5774256,
        "X_train": 18850355,
        "X_test": 17563960,
        "y_train": 16646696,
        "y_test": 20993556
      }
    }
  ]
}