{
  "cells": [
    {
      "raw": "import os\nimport pandas as pd\nimport numpy as np\nimport matplotlib.pyplot as plt\nimport seaborn as sns",
      "total-ns": 899226519,
      "vars": {},
      "p2m": {},
      "m2p": {}
    },
    {
      "raw": "course = pd.read_csv(\"../input/course-reviews-university-of-waterloo/course_data_clean.csv\")",
      "total-ns": 97756228,
      "vars": {
        "course": 10523391
      },
      "p2m": {},
      "m2p": {}
    },
    {
      "raw": "df = course\nintended_df_size_in_MB = 256\nfactor = intended_df_size_in_MB*(2**20)/df.memory_usage(index=True).sum()\nif int(factor) > 0:\n    df = pd.concat([df]*int(factor), ignore_index=True)\nelse:\n    rowCount = int(df.shape[0]*factor)\n    df = df[0:rowCount]\ncourse = df\ncourse.info()",
      "total-ns": 731866621,
      "vars": {
        "course": 2378253966,
        "df": 2378253966
      },
      "p2m": {},
      "m2p": {}
    },
    {
      "raw": "course.shape",
      "total-ns": 716020,
      "vars": {
        "course": 2378253966,
        "df": 2378253966
      },
      "p2m": {},
      "m2p": {}
    },
    {
      "raw": "course.head(10)",
      "total-ns": 929719,
      "vars": {
        "course": 2378253966,
        "df": 2378253966
      },
      "p2m": {},
      "m2p": {}
    },
    {
      "raw": "course.tail(10)",
      "total-ns": 594870,
      "vars": {
        "course": 2378253966,
        "df": 2378253966
      },
      "p2m": {},
      "m2p": {}
    },
    {
      "raw": "course.describe()",
      "total-ns": 247290097,
      "vars": {
        "course": 2378253966,
        "df": 2378253966
      },
      "p2m": {},
      "m2p": {}
    },
    {
      "raw": "course.info()",
      "total-ns": 3674010,
      "vars": {
        "course": 2378253966,
        "df": 2378253966
      },
      "p2m": {},
      "m2p": {}
    },
    {
      "raw": "course = course.dropna()",
      "total-ns": 3259956720,
      "vars": {
        "course": 2371446944,
        "df": 2378253966
      },
      "p2m": {},
      "m2p": {}
    },
    {
      "raw": "course[[\"course_unit\", \"course_num\"]] = course[\"course_code\"].str.split(\" \", expand=True)",
      "total-ns": 5916694278,
      "vars": {
        "course": 2769333278,
        "df": 2378253966
      },
      "p2m": {},
      "m2p": {}
    },
    {
      "raw": "course",
      "total-ns": 600030,
      "vars": {
        "course": 2769333278,
        "df": 2378253966
      },
      "p2m": {},
      "m2p": {}
    },
    {
      "raw": "course[course[\"num_reviews\"] < 10].index",
      "total-ns": 1171909386,
      "vars": {
        "course": 2769333278,
        "df": 2378253966
      },
      "p2m": {},
      "m2p": {}
    },
    {
      "raw": "course.drop(course[course[\"num_reviews\"] < 10].index, inplace=True)",
      "total-ns": 887618299,
      "vars": {
        "course": 1894320490,
        "df": 2378253966
      },
      "p2m": {},
      "m2p": {}
    },
    {
      "raw": "course",
      "total-ns": 685120,
      "vars": {
        "course": 1894320490,
        "df": 2378253966
      },
      "p2m": {},
      "m2p": {}
    },
    {
      "raw": "for i in [\"useful\", \"easy\", \"liked\"]:\n    course[i] = course[i].str.replace(\"%\", \"\")\n    course[i] = course[i].astype(\"int\")",
      "total-ns": 2662411978,
      "vars": {
        "course": 1539150868,
        "df": 2378253966
      },
      "p2m": {},
      "m2p": {}
    },
    {
      "raw": "course.set_index(\"course_unit\", inplace=True)",
      "total-ns": 1600830,
      "vars": {
        "course": 1520935268,
        "df": 2378253966
      },
      "p2m": {},
      "m2p": {}
    },
    {
      "raw": "course",
      "total-ns": 411470,
      "vars": {
        "course": 1520935268,
        "df": 2378253966
      },
      "p2m": {},
      "m2p": {}
    },
    {
      "raw": "course.drop([\"course_title\", \"reviews\", \"course_rating\"], axis=1, inplace=True)",
      "total-ns": 142872249,
      "vars": {
        "course": 530487556,
        "df": 2378253966
      },
      "p2m": {},
      "m2p": {}
    },
    {
      "raw": "course",
      "total-ns": 603480,
      "vars": {
        "course": 530487556,
        "df": 2378253966
      },
      "p2m": {},
      "m2p": {}
    },
    {
      "raw": "course.info()",
      "total-ns": 4486980,
      "vars": {
        "course": 530487556,
        "df": 2378253966
      },
      "p2m": {},
      "m2p": {}
    },
    {
      "raw": "course_gp = course.groupby(\"course_unit\").mean()",
      "total-ns": 241693957,
      "vars": {
        "course": 530487556,
        "df": 2378253966,
        "course_gp": 7520
      },
      "p2m": {},
      "m2p": {}
    },
    {
      "raw": "course_gp",
      "total-ns": 559460,
      "vars": {
        "course": 530487556,
        "df": 2378253966,
        "course_gp": 7520
      },
      "p2m": {},
      "m2p": {}
    },
    {
      "raw": "# STEFANOS-DISABLE-FOR-MODIN: Modin seems to fail in the LHS, giving an error that \"course_rating_mean\" is\n# not in the DF. Of course, it's valid code because we're creating this column here.\n# The problem we cannot just disable this code because follow-up code depends on this column. So, we will create\n# the column before the loop so that indexing in the LHS does not fail.\n\n###### ORIGINAL CODE ###########\n# for i in course_gp.index:\n#     course.loc[i, \"course_rating_mean\"] = course_gp.loc[i, \"course_rating_int\"]\n\n###### CODE THAT MODIN CAN RUN ########\ncourse[\"course_rating_mean\"] = None\nfor i in course_gp.index:\n    course.loc[i, \"course_rating_mean\"] = course_gp.loc[i, \"course_rating_int\"]",
      "total-ns": 4366044548,
      "vars": {
        "course": 655382172,
        "df": 2378253966,
        "course_gp": 9624
      },
      "p2m": {},
      "m2p": {}
    },
    {
      "raw": "course",
      "total-ns": 391610,
      "vars": {
        "course": 655382172,
        "df": 2378253966,
        "course_gp": 9624
      },
      "p2m": {},
      "m2p": {}
    },
    {
      "raw": "course.reset_index(inplace=True)",
      "total-ns": 80812439,
      "vars": {
        "course": 621565684,
        "df": 2378253966,
        "course_gp": 9624
      },
      "p2m": {},
      "m2p": {}
    },
    {
      "raw": "course",
      "total-ns": 429490,
      "vars": {
        "course": 621565684,
        "df": 2378253966,
        "course_gp": 9624
      },
      "p2m": {},
      "m2p": {}
    },
    {
      "raw": "course.groupby(\"course_unit\").mean()[\"course_rating_int\"]",
      "total-ns": 317955426,
      "vars": {
        "course": 621565684,
        "df": 2378253966,
        "course_gp": 9624
      },
      "p2m": {},
      "m2p": {}
    },
    {
      "raw": "course[course[\"course_code\"].str.startswith(\"CS\")].value_counts()",
      "total-ns": 1104794297,
      "vars": {
        "course": 621565684,
        "df": 2378253966,
        "course_gp": 9624
      },
      "p2m": {},
      "m2p": {}
    },
    {
      "raw": "course",
      "total-ns": 432410,
      "vars": {
        "course": 621565684,
        "df": 2378253966,
        "course_gp": 9624
      },
      "p2m": {},
      "m2p": {}
    },
    {
      "raw": "# STEFANOS: Disable plotting\n# plt.figure(figsize=(25,20))\n# sns.pairplot(data=course)\n# plt.show()",
      "total-ns": 393870,
      "vars": {
        "course": 621565684,
        "df": 2378253966,
        "course_gp": 9624
      },
      "p2m": {},
      "m2p": {}
    },
    {
      "raw": "# STEFANOS: Disable plotting\n# plt.figure(figsize=(12,10))\n# sns.scatterplot(x=\"num_ratings\", y=\"course_rating_mean\", data=course)\n# plt.show()",
      "total-ns": 373960,
      "vars": {
        "course": 621565684,
        "df": 2378253966,
        "course_gp": 9624
      },
      "p2m": {},
      "m2p": {}
    },
    {
      "raw": "# STEFANOS: Disable plotting\n# plt.figure(figsize=(12,10))\n# sns.scatterplot(x=\"num_reviews\", y=\"course_rating_mean\", data=course)\n# plt.show()",
      "total-ns": 377880,
      "vars": {
        "course": 621565684,
        "df": 2378253966,
        "course_gp": 9624
      },
      "p2m": {},
      "m2p": {}
    },
    {
      "raw": "# STEFANOS: Disable plotting\n# plt.figure(figsize=(25,20))\n# sns.scatterplot(x=\"useful\", y=\"course_rating_mean\", hue=\"course_unit\", data=course)\n# plt.xlabel(\"useful\", fontsize = 20)\n# plt.ylabel(\"Course Rating Mean\", fontsize = 20)\n# plt.show()",
      "total-ns": 312700,
      "vars": {
        "course": 621565684,
        "df": 2378253966,
        "course_gp": 9624
      },
      "p2m": {},
      "m2p": {}
    },
    {
      "raw": "# STEFANOS: Disable plotting\n# plt.figure(figsize=(25,20))\n# sns.scatterplot(x=\"easy\", y=\"course_rating_mean\", hue=\"course_unit\", data=course)\n# plt.xlabel(\"easy\", fontsize = 20)\n# plt.ylabel(\"Course Rating Mean\", fontsize = 20)\n# plt.show()",
      "total-ns": 281060,
      "vars": {
        "course": 621565684,
        "df": 2378253966,
        "course_gp": 9624
      },
      "p2m": {},
      "m2p": {}
    },
    {
      "raw": "# STEFANOS: Disable plotting\n# plt.figure(figsize=(25,20))\n# sns.scatterplot(x=\"liked\", y=\"course_rating_mean\", hue=\"course_unit\", data=course)\n# plt.xlabel(\"liked\", fontsize = 20)\n# plt.ylabel(\"Course Rating Mean\", fontsize = 20)\n# plt.show()",
      "total-ns": 403480,
      "vars": {
        "course": 621565684,
        "df": 2378253966,
        "course_gp": 9624
      },
      "p2m": {},
      "m2p": {}
    },
    {
      "raw": "course.sort_values(\"course_rating_mean\", ascending=False, inplace=True)\n\n# STEFANOS: Disable plotting\n# plt.figure(figsize=(25,20))\n# sns.set_palette(\"Pastel1\")\n# sns.barplot(x=\"course_rating_mean\", y=\"course_unit\", data=course)\n# plt.xlabel(\"Course Rating Mean\", fontsize = 20)\n# plt.ylabel(\"Course Unit\", fontsize = 20)\n# plt.show()",
      "total-ns": 2276466172,
      "vars": {
        "course": 639781156,
        "df": 2378253966,
        "course_gp": 9624
      },
      "p2m": {},
      "m2p": {}
    },
    {
      "raw": "course.reset_index(inplace=True)",
      "total-ns": 2685090,
      "vars": {
        "course": 639781284,
        "df": 2378253966,
        "course_gp": 9624
      },
      "p2m": {},
      "m2p": {}
    },
    {
      "raw": "course.set_index(\"course_unit\", inplace=True)",
      "total-ns": 1500410,
      "vars": {
        "course": 639781156,
        "df": 2378253966,
        "course_gp": 9624
      },
      "p2m": {},
      "m2p": {}
    },
    {
      "raw": "course.loc[\"KOREA\", \"course_rating_mean\"].value_counts()",
      "total-ns": 480849444,
      "vars": {
        "course": 673597772,
        "df": 2378253966,
        "course_gp": 9624
      },
      "p2m": {},
      "m2p": {}
    },
    {
      "raw": "KOREA = course.loc[\"KOREA\", :]",
      "total-ns": 159119788,
      "vars": {
        "course": 673597772,
        "df": 2378253966,
        "course_gp": 9624,
        "KOREA": 1098828
      },
      "p2m": {},
      "m2p": {}
    },
    {
      "raw": "# STEFANOS: Disable plotting\n# plt.figure(figsize=(10,10))\n# sns.barplot(x=\"course_code\", y=\"course_rating_mean\", data=KOREA)\n# plt.xlabel(\"KOREA course\", fontsize = 20)\n# plt.ylabel(\"Course Rating Mean\", fontsize = 20)\n# plt.show()",
      "total-ns": 305650,
      "vars": {
        "course": 673597772,
        "df": 2378253966,
        "course_gp": 9624,
        "KOREA": 1098828
      },
      "p2m": {},
      "m2p": {}
    },
    {
      "raw": "course.loc[\"CHINA\", \"course_rating_mean\"].value_counts()",
      "total-ns": 157164558,
      "vars": {
        "course": 673597772,
        "df": 2378253966,
        "course_gp": 9624,
        "KOREA": 1098828
      },
      "p2m": {},
      "m2p": {}
    },
    {
      "raw": "china = course.loc[\"CHINA\", :]",
      "total-ns": 104069899,
      "vars": {
        "course": 673597772,
        "df": 2378253966,
        "course_gp": 9624,
        "KOREA": 1098828,
        "china": 711012
      },
      "p2m": {},
      "m2p": {}
    },
    {
      "raw": "# STEFANOS: Disable plotting\n# plt.figure(figsize=(10,10))\n# sns.barplot(x=\"course_code\", y=\"course_rating_mean\", data=china)\n# plt.xlabel(\"CHINA course\", fontsize = 20)\n# plt.ylabel(\"Course Rating Mean\", fontsize = 20)\n# plt.show()",
      "total-ns": 304870,
      "vars": {
        "course": 673597772,
        "df": 2378253966,
        "course_gp": 9624,
        "KOREA": 1098828,
        "china": 711012
      },
      "p2m": {},
      "m2p": {}
    },
    {
      "raw": "course.loc[\"CHINA\", \"course_rating_mean\"].value_counts()",
      "total-ns": 161904548,
      "vars": {
        "course": 673597772,
        "df": 2378253966,
        "course_gp": 9624,
        "KOREA": 1098828,
        "china": 711012
      },
      "p2m": {},
      "m2p": {}
    },
    {
      "raw": "span = course.loc[\"SPAN\", :]\n\n# STEFANOS: Disable plotting\n# plt.figure(figsize=(10,10))\n# sns.barplot(x=\"course_code\", y=\"course_rating_mean\", data=span)\n# plt.xlabel(\"SPANISH course\", fontsize = 20)\n# plt.ylabel(\"Course Rating Mean\", fontsize = 20)\n# plt.show()",
      "total-ns": 161091528,
      "vars": {
        "course": 673597772,
        "df": 2378253966,
        "course_gp": 9624,
        "KOREA": 1098828,
        "china": 711012,
        "span": 1402120
      },
      "p2m": {},
      "m2p": {}
    },
    {
      "raw": "course.loc[\"CS\", \"course_rating_mean\"].value_counts()",
      "total-ns": 227847917,
      "vars": {
        "course": 673597772,
        "df": 2378253966,
        "course_gp": 9624,
        "KOREA": 1098828,
        "china": 711012,
        "span": 1402120
      },
      "p2m": {},
      "m2p": {}
    },
    {
      "raw": "cs = course.loc[\"CS\", :]\ncs",
      "total-ns": 204579288,
      "vars": {
        "course": 673597772,
        "df": 2378253966,
        "course_gp": 9624,
        "KOREA": 1098828,
        "china": 711012,
        "span": 1402120,
        "cs": 99840488
      },
      "p2m": {},
      "m2p": {}
    },
    {
      "raw": "cs_mean = cs.groupby(\"course_code\").mean().sort_values(\"course_rating_int\", ascending=False)\ncs_mean",
      "total-ns": 23343200,
      "vars": {
        "course": 673597772,
        "df": 2378253966,
        "course_gp": 9624,
        "KOREA": 1098828,
        "china": 711012,
        "span": 1402120,
        "cs": 99840488,
        "cs_mean": 4301
      },
      "p2m": {},
      "m2p": {}
    },
    {
      "raw": "# STEFANOS: Disable plotting\n# plt.figure(figsize=(15,10))\n# sns.barplot(x=\"course_rating_int\", y=cs_mean.index, data=cs_mean)\n# plt.xlabel(\"Course Rating Mean\", fontsize = 20)\n# plt.ylabel(\"CS Course\", fontsize = 20)\n# plt.show()",
      "total-ns": 401480,
      "vars": {
        "course": 673597772,
        "df": 2378253966,
        "course_gp": 9624,
        "KOREA": 1098828,
        "china": 711012,
        "span": 1402120,
        "cs": 99840488,
        "cs_mean": 4301
      },
      "p2m": {},
      "m2p": {}
    },
    {
      "raw": "course.loc[\"WKRPT\", \"course_rating_mean\"].value_counts()",
      "total-ns": 110485738,
      "vars": {
        "course": 673597772,
        "df": 2378253966,
        "course_gp": 9624,
        "KOREA": 1098828,
        "china": 711012,
        "span": 1402120,
        "cs": 99840488,
        "cs_mean": 4301
      },
      "p2m": {},
      "m2p": {}
    },
    {
      "raw": "wkrpt = course.loc[\"WKRPT\", :]\nwkrpt",
      "total-ns": 107086238,
      "vars": {
        "course": 673597772,
        "df": 2378253966,
        "course_gp": 9624,
        "KOREA": 1098828,
        "china": 711012,
        "span": 1402120,
        "cs": 99840488,
        "cs_mean": 4301,
        "wkrpt": 1732984
      },
      "p2m": {},
      "m2p": {}
    },
    {
      "raw": "wkrpt_mean = wkrpt.groupby(\"course_code\").mean().sort_values(\"course_rating_int\", ascending=False)\nwkrpt_mean",
      "total-ns": 3339040,
      "vars": {
        "course": 673597772,
        "df": 2378253966,
        "course_gp": 9624,
        "KOREA": 1098828,
        "china": 711012,
        "span": 1402120,
        "cs": 99840488,
        "cs_mean": 4301,
        "wkrpt": 1732984,
        "wkrpt_mean": 260
      },
      "p2m": {},
      "m2p": {}
    },
    {
      "raw": "# STEFANOS: Disable plotting\n# plt.figure(figsize=(15,10))\n# sns.barplot(x=\"course_rating_int\", y=wkrpt_mean.index, data=wkrpt_mean)\n# plt.xlabel(\"Course Rating Mean\", fontsize = 20)\n# plt.ylabel(\"WKRPT Course\", fontsize = 20)\n# plt.show()",
      "total-ns": 382530,
      "vars": {
        "course": 673597772,
        "df": 2378253966,
        "course_gp": 9624,
        "KOREA": 1098828,
        "china": 711012,
        "span": 1402120,
        "cs": 99840488,
        "cs_mean": 4301,
        "wkrpt": 1732984,
        "wkrpt_mean": 260
      },
      "p2m": {},
      "m2p": {}
    },
    {
      "raw": "course.loc[\"PD\", \"course_rating_mean\"].value_counts()",
      "total-ns": 168924608,
      "vars": {
        "course": 673597772,
        "df": 2378253966,
        "course_gp": 9624,
        "KOREA": 1098828,
        "china": 711012,
        "span": 1402120,
        "cs": 99840488,
        "cs_mean": 4301,
        "wkrpt": 1732984,
        "wkrpt_mean": 260
      },
      "p2m": {},
      "m2p": {}
    },
    {
      "raw": "pd = course.loc[\"PD\", :]\npd",
      "total-ns": 170063657,
      "vars": {
        "pd": 12532620,
        "course": 673597772,
        "df": 2378253966,
        "course_gp": 9624,
        "KOREA": 1098828,
        "china": 711012,
        "span": 1402120,
        "cs": 99840488,
        "cs_mean": 4301,
        "wkrpt": 1732984,
        "wkrpt_mean": 260
      },
      "p2m": {},
      "m2p": {}
    },
    {
      "raw": "pd_mean = pd.groupby(\"course_code\").mean().sort_values(\"course_rating_int\", ascending=False)\npd_mean",
      "total-ns": 4793029,
      "vars": {
        "pd": 12532620,
        "course": 673597772,
        "df": 2378253966,
        "course_gp": 9624,
        "KOREA": 1098828,
        "china": 711012,
        "span": 1402120,
        "cs": 99840488,
        "cs_mean": 4301,
        "wkrpt": 1732984,
        "wkrpt_mean": 260,
        "pd_mean": 721
      },
      "p2m": {},
      "m2p": {}
    },
    {
      "raw": "# STEFANOS: Disable plotting\n# plt.figure(figsize=(15,10))\n# sns.barplot(x=\"course_rating_int\", y=pd_mean.index, data=pd_mean)\n# plt.xlabel(\"Course Rating Mean\", fontsize = 20)\n# plt.ylabel(\"PD Course\", fontsize = 20)\n# plt.show()",
      "total-ns": 287910,
      "vars": {
        "pd": 12532620,
        "course": 673597772,
        "df": 2378253966,
        "course_gp": 9624,
        "KOREA": 1098828,
        "china": 711012,
        "span": 1402120,
        "cs": 99840488,
        "cs_mean": 4301,
        "wkrpt": 1732984,
        "wkrpt_mean": 260,
        "pd_mean": 721
      },
      "p2m": {},
      "m2p": {}
    }
  ]
}