{
  "cells": [
    {
      "raw": "import numpy as np # linear algebra\nimport pandas as pd\nimport os\nfor dirname, _, filenames in os.walk('../input'):\n    for filename in filenames:\n        print(os.path.join(dirname, filename))\n",
      "total-ns": 3436790,
      "vars": {},
      "p2m": {},
      "m2p": {}
    },
    {
      "raw": "df=pd.read_csv(\"../input/Airline Dataset Updated.csv\", parse_dates=[\"Departure Date\"])",
      "total-ns": 327890227,
      "vars": {
        "df": 84824189
      },
      "p2m": {},
      "m2p": {}
    },
    {
      "raw": "df = df\nintended_df_size_in_MB = 256\nfactor = intended_df_size_in_MB*(2**20)/df.memory_usage(index=True).sum()\nif int(factor) > 0:\n    df = pd.concat([df]*int(factor), ignore_index=True)\nelse:\n    rowCount = int(df.shape[0]*factor)\n    df = df[0:rowCount]\ndf = df\ndf.info()",
      "total-ns": 600638473,
      "vars": {
        "df": 1866129134
      },
      "p2m": {},
      "m2p": {}
    },
    {
      "raw": "df.head(11)",
      "total-ns": 704820,
      "vars": {
        "df": 1866129134
      },
      "p2m": {},
      "m2p": {}
    },
    {
      "raw": "df.info() ",
      "total-ns": 3575380,
      "vars": {
        "df": 1866129134
      },
      "p2m": {},
      "m2p": {}
    },
    {
      "raw": "df.nunique()",
      "total-ns": 1479226442,
      "vars": {
        "df": 1870219550
      },
      "p2m": {},
      "m2p": {}
    },
    {
      "raw": "df.isnull().sum().sum() #Checking if Null value is present",
      "total-ns": 2441951821,
      "vars": {
        "df": 1870219550
      },
      "p2m": {},
      "m2p": {}
    },
    {
      "raw": "df['Gender']=df['Gender'].astype('category')\ndf['Gender'].unique()",
      "total-ns": 166919418,
      "vars": {
        "df": 1737885778
      },
      "p2m": {},
      "m2p": {}
    },
    {
      "raw": "df['Age']=df['Age'].astype(int)",
      "total-ns": 14446229,
      "vars": {
        "df": 1737885778
      },
      "p2m": {},
      "m2p": {}
    },
    {
      "raw": "columns = [key for key, value in df.nunique().to_dict().items() if value < 10]",
      "total-ns": 1351018985,
      "vars": {
        "df": 1737885778
      },
      "p2m": {},
      "m2p": {}
    },
    {
      "raw": "count_1 = df['Gender'].value_counts()\ncount_1",
      "total-ns": 11159800,
      "vars": {
        "df": 1737885778,
        "count_1": 266
      },
      "p2m": {},
      "m2p": {}
    },
    {
      "raw": "count_2 = df['Country Name'].value_counts()",
      "total-ns": 81925359,
      "vars": {
        "df": 1737885778,
        "count_1": 266,
        "count_2": 17954
      },
      "p2m": {},
      "m2p": {}
    },
    {
      "raw": "df_c= pd.DataFrame(count_2).reset_index().rename(columns={\"index\": \"value\", 0: \"count\"})",
      "total-ns": 2321489,
      "vars": {
        "df": 1737885778,
        "count_1": 266,
        "count_2": 17954,
        "df_c": 18082
      },
      "p2m": {},
      "m2p": {}
    },
    {
      "raw": "con=df.loc[:,['Country Name','Continents']]\ncon=con.drop_duplicates()\n#new_df=pd.merge_ordered(df_c,con, fill_method= 'ffill', on= 'Country Name')",
      "total-ns": 268886667,
      "vars": {
        "df": 1737885778,
        "count_1": 266,
        "count_2": 17954,
        "df_c": 18082,
        "con": 33455
      },
      "p2m": {},
      "m2p": {}
    },
    {
      "raw": "nationality = pd.DataFrame(df['Nationality'].value_counts()).reset_index()",
      "total-ns": 81958778,
      "vars": {
        "df": 1737885778,
        "count_1": 266,
        "count_2": 17954,
        "df_c": 18082,
        "con": 33455,
        "nationality": 18023
      },
      "p2m": {},
      "m2p": {}
    },
    {
      "raw": "nationality = nationality.head(20)",
      "total-ns": 584630,
      "vars": {
        "df": 1737885778,
        "count_1": 266,
        "count_2": 17954,
        "df_c": 18082,
        "con": 33455,
        "nationality": 1593
      },
      "p2m": {},
      "m2p": {}
    },
    {
      "raw": "nationality.sort_values(by='Nationality', ascending=False, inplace=True)",
      "total-ns": 954830,
      "vars": {
        "df": 1737885778,
        "count_1": 266,
        "count_2": 17954,
        "df_c": 18082,
        "con": 33455,
        "nationality": 1625
      },
      "p2m": {},
      "m2p": {}
    },
    {
      "raw": "fl_stat = pd.DataFrame(df['Flight Status'].value_counts()).reset_index()",
      "total-ns": 82809759,
      "vars": {
        "df": 1737885778,
        "count_1": 266,
        "count_2": 17954,
        "df_c": 18082,
        "con": 33455,
        "nationality": 1625,
        "fl_stat": 362
      },
      "p2m": {},
      "m2p": {}
    },
    {
      "raw": "",
      "total-ns": 207890,
      "vars": {
        "df": 1737885778,
        "count_1": 266,
        "count_2": 17954,
        "df_c": 18082,
        "con": 33455,
        "nationality": 1625,
        "fl_stat": 362
      },
      "p2m": {},
      "m2p": {}
    }
  ]
}