{
  "cells": [
    {
      "raw": "# This Python 3 environment comes with many helpful analytics libraries installed\n# It is defined by the kaggle/python Docker image: https://github.com/kaggle/docker-python\n# For example, here's several helpful packages to load\n\nimport numpy as np # linear algebra\nimport pandas as pd\nimport seaborn as sns \nimport matplotlib.pyplot as plt\n\n# Input data files are available in the read-only \"../input/\" directory\n# For example, running this (by clicking run or pressing Shift+Enter) will list all files under the input directory\n\nimport os\nfor dirname, _, filenames in os.walk('/kaggle/input'):\n    for filename in filenames:\n        print(os.path.join(dirname, filename))\n\n# You can write up to 20GB to the current directory (/kaggle/working/) that gets preserved as output when you create a version using \"Save & Run All\" \n# You can also write temporary files to /kaggle/temp/, but they won't be saved outside of the current session",
      "total-ns": 841613790,
      "vars": {},
      "p2m": {},
      "m2p": {}
    },
    {
      "raw": "data = pd.read_csv(\"../input/Billionaires Statistics Dataset.csv\", index_col=\"rank\")",
      "total-ns": 17910369,
      "vars": {
        "data": 3218009
      },
      "p2m": {},
      "m2p": {}
    },
    {
      "raw": "df = data\nintended_df_size_in_MB = 256\nfactor = intended_df_size_in_MB*(2**20)/df.memory_usage(index=True).sum()\nif int(factor) > 0:\n    df = pd.concat([df]*int(factor), ignore_index=True)\nelse:\n    rowCount = int(df.shape[0]*factor)\n    df = df[0:rowCount]\ndata = df\ndata.info()",
      "total-ns": 2037104405,
      "vars": {
        "data": 1189236900,
        "df": 1189236900
      },
      "p2m": {},
      "m2p": {}
    },
    {
      "raw": "data.head(5)",
      "total-ns": 806230,
      "vars": {
        "data": 1189236900,
        "df": 1189236900
      },
      "p2m": {},
      "m2p": {}
    },
    {
      "raw": "data.describe()",
      "total-ns": 704610611,
      "vars": {
        "data": 1189236900,
        "df": 1189236900
      },
      "p2m": {},
      "m2p": {}
    },
    {
      "raw": "country_names =data[\"country\"].value_counts() #List of how many billionaires there are in the country",
      "total-ns": 34114290,
      "vars": {
        "data": 1189236900,
        "df": 1189236900,
        "country_names": 5736
      },
      "p2m": {},
      "m2p": {}
    },
    {
      "raw": "country_names ",
      "total-ns": 669241,
      "vars": {
        "data": 1189236900,
        "df": 1189236900,
        "country_names": 5736
      },
      "p2m": {},
      "m2p": {}
    },
    {
      "raw": "data_100 = data.loc[:100,[\"finalWorth\",\"category\",\"country\"]]\n",
      "total-ns": 1624190,
      "vars": {
        "data": 1189236900,
        "df": 1189236900,
        "country_names": 5736,
        "data_100": 14812
      },
      "p2m": {},
      "m2p": {}
    },
    {
      "raw": "data_100_category = data_100[\"category\"].value_counts()",
      "total-ns": 1082920,
      "vars": {
        "data": 1189236900,
        "df": 1189236900,
        "country_names": 5736,
        "data_100": 14812,
        "data_100_category": 1256
      },
      "p2m": {},
      "m2p": {}
    },
    {
      "raw": "data_usa = data[data[\"country\"]== \"United States\"] #We focus on billionaires based in United States\n",
      "total-ns": 488430684,
      "vars": {
        "data": 1189236900,
        "df": 1189236900,
        "country_names": 5736,
        "data_100": 14812,
        "data_100_category": 1256,
        "data_usa": 363623692
      },
      "p2m": {},
      "m2p": {}
    },
    {
      "raw": "data_usa_category = data_usa[\"category\"].value_counts()\ndata_usa_category",
      "total-ns": 10440770,
      "vars": {
        "data": 1189236900,
        "df": 1189236900,
        "country_names": 5736,
        "data_100": 14812,
        "data_100_category": 1256,
        "data_usa": 363623692,
        "data_usa_category": 1418
      },
      "p2m": {},
      "m2p": {}
    },
    {
      "raw": "data_usa_city = data_usa[\"city\"].value_counts()\nprint(data_usa_city)\ndata_usa_city.info()",
      "total-ns": 14309090,
      "vars": {
        "data": 1189236900,
        "df": 1189236900,
        "country_names": 5736,
        "data_100": 14812,
        "data_100_category": 1256,
        "data_usa": 363623692,
        "data_usa_category": 1418,
        "data_usa_city": 19981
      },
      "p2m": {},
      "m2p": {}
    },
    {
      "raw": "data.head(5)",
      "total-ns": 864380,
      "vars": {
        "data": 1189236900,
        "df": 1189236900,
        "country_names": 5736,
        "data_100": 14812,
        "data_100_category": 1256,
        "data_usa": 363623692,
        "data_usa_category": 1418,
        "data_usa_city": 19981
      },
      "p2m": {},
      "m2p": {}
    },
    {
      "raw": "category_list = list(data.category.unique())\ncategory_list",
      "total-ns": 38867680,
      "vars": {
        "data": 1189236900,
        "df": 1189236900,
        "country_names": 5736,
        "data_100": 14812,
        "data_100_category": 1256,
        "data_usa": 363623692,
        "data_usa_category": 1418,
        "data_usa_city": 19981
      },
      "p2m": {},
      "m2p": {}
    },
    {
      "raw": "data.finalWorth = data.finalWorth.astype(float)\nworth_average = []\nfor i in category_list:\n    x = data[data['category']==i]\n    worth_ratio = sum(x.finalWorth)/len(x)\n    worth_average.append(worth_ratio)\ndata2 = pd.DataFrame({'category_list': category_list,'worth_average':worth_average})\nnew_index = (data2['worth_average'].sort_values(ascending=False)).index.values\nnew_data = data2.reindex(new_index)",
      "total-ns": 1296364314,
      "vars": {
        "data": 1189236900,
        "df": 1189236900,
        "country_names": 5736,
        "data_100": 14812,
        "data_100_category": 1256,
        "data_usa": 363623692,
        "data_usa_category": 1418,
        "data_usa_city": 19981,
        "x": 18385744,
        "data2": 1546,
        "new_data": 1562
      },
      "p2m": {},
      "m2p": {}
    },
    {
      "raw": "data3 =data.dropna(axis=\"index\",how=\"any\",inplace=False) # \u0131 created new df because so many nan values was exist",
      "total-ns": 1529310791,
      "vars": {
        "data": 1189236900,
        "df": 1189236900,
        "country_names": 5736,
        "data_100": 14812,
        "data_100_category": 1256,
        "data_usa": 363623692,
        "data_usa_category": 1418,
        "data_usa_city": 19981,
        "x": 18385744,
        "data2": 1546,
        "new_data": 1562,
        "data3": 119604712
      },
      "p2m": {},
      "m2p": {}
    },
    {
      "raw": "data3.head() ",
      "total-ns": 739920,
      "vars": {
        "data": 1189236900,
        "df": 1189236900,
        "country_names": 5736,
        "data_100": 14812,
        "data_100_category": 1256,
        "data_usa": 363623692,
        "data_usa_category": 1418,
        "data_usa_city": 19981,
        "x": 18385744,
        "data2": 1546,
        "new_data": 1562,
        "data3": 119604712
      },
      "p2m": {},
      "m2p": {}
    },
    {
      "raw": "data3.info() #in the new df we have 238 rows for each column",
      "total-ns": 146315578,
      "vars": {
        "data": 1189236900,
        "df": 1189236900,
        "country_names": 5736,
        "data_100": 14812,
        "data_100_category": 1256,
        "data_usa": 363623692,
        "data_usa_category": 1418,
        "data_usa_city": 19981,
        "x": 18385744,
        "data2": 1546,
        "new_data": 1562,
        "data3": 119604712
      },
      "p2m": {},
      "m2p": {}
    },
    {
      "raw": "data3.country.unique()  # and 238 billionaires in usa, others deleted.",
      "total-ns": 3333950,
      "vars": {
        "data": 1189236900,
        "df": 1189236900,
        "country_names": 5736,
        "data_100": 14812,
        "data_100_category": 1256,
        "data_usa": 363623692,
        "data_usa_category": 1418,
        "data_usa_city": 19981,
        "x": 18385744,
        "data2": 1546,
        "new_data": 1562,
        "data3": 119604712
      },
      "p2m": {},
      "m2p": {}
    }
  ]
}