{
  "cells": [
    {
      "raw": "# This Python 3 environment comes with many helpful analytics libraries installed\n# It is defined by the kaggle/python Docker image: https://github.com/kaggle/docker-python\n# For example, here's several helpful packages to load\n\nimport numpy as np # linear algebra\nimport pandas as pd\n# Input data files are available in the read-only \"../input/\" directory\n# For example, running this (by clicking run or pressing Shift+Enter) will list all files under the input directory\n\nimport os\nfor dirname, _, filenames in os.walk('/kaggle/input'):\n    for filename in filenames:\n        print(os.path.join(dirname, filename))\n\n# You can write up to 20GB to the current directory (/kaggle/working/) that gets preserved as output when you create a version using \"Save & Run All\" \n# You can also write temporary files to /kaggle/temp/, but they won't be saved outside of the current session",
      "total-ns": 3373180,
      "vars": {},
      "p2m": {},
      "m2p": {}
    },
    {
      "raw": "df = pd.read_csv(\"../input/shopping_trends_updated.csv\")\ndf.head()",
      "total-ns": 14428090,
      "vars": {
        "df": 3340224
      },
      "p2m": {},
      "m2p": {}
    },
    {
      "raw": "df = df\nintended_df_size_in_MB = 256\nfactor = intended_df_size_in_MB*(2**20)/df.memory_usage(index=True).sum()\nif int(factor) > 0:\n    df = pd.concat([df]*int(factor), ignore_index=True)\nelse:\n    rowCount = int(df.shape[0]*factor)\n    df = df[0:rowCount]\ndf = df\ndf.info()",
      "total-ns": 580463402,
      "vars": {
        "df": 1593218304
      },
      "p2m": {},
      "m2p": {}
    },
    {
      "raw": "df.shape",
      "total-ns": 724570,
      "vars": {
        "df": 1593218304
      },
      "p2m": {},
      "m2p": {}
    },
    {
      "raw": "df.columns",
      "total-ns": 648950,
      "vars": {
        "df": 1593218304
      },
      "p2m": {},
      "m2p": {}
    },
    {
      "raw": "df.info()",
      "total-ns": 4415810,
      "vars": {
        "df": 1593218304
      },
      "p2m": {},
      "m2p": {}
    },
    {
      "raw": "df.isnull().sum()",
      "total-ns": 2106816544,
      "vars": {
        "df": 1593218304
      },
      "p2m": {},
      "m2p": {}
    },
    {
      "raw": "df.duplicated().sum()",
      "total-ns": 1056552747,
      "vars": {
        "df": 1593218304
      },
      "p2m": {},
      "m2p": {}
    },
    {
      "raw": "df.describe()",
      "total-ns": 235876257,
      "vars": {
        "df": 1593218304
      },
      "p2m": {},
      "m2p": {}
    },
    {
      "raw": "gender_counts = df['Gender'].value_counts()",
      "total-ns": 61162839,
      "vars": {
        "df": 1593218304,
        "gender_counts": 156
      },
      "p2m": {},
      "m2p": {}
    },
    {
      "raw": "category_data = df['Category'].value_counts()",
      "total-ns": 61915939,
      "vars": {
        "df": 1593218304,
        "gender_counts": 156,
        "category_data": 312
      },
      "p2m": {},
      "m2p": {}
    },
    {
      "raw": "df.columns",
      "total-ns": 580279,
      "vars": {
        "df": 1593218304,
        "gender_counts": 156,
        "category_data": 312
      },
      "p2m": {},
      "m2p": {}
    },
    {
      "raw": "sold_items = df['Item Purchased'].value_counts().sort_values(ascending = False)\n",
      "total-ns": 62672850,
      "vars": {
        "df": 1593218304,
        "gender_counts": 156,
        "category_data": 312,
        "sold_items": 1788
      },
      "p2m": {},
      "m2p": {}
    },
    {
      "raw": "var = df.groupby(['Item Purchased', 'Gender']).size().reset_index(name='Customer Count')\nsorted_var = var.sort_values(by='Item Purchased', ascending=False)",
      "total-ns": 201715507,
      "vars": {
        "df": 1593218304,
        "gender_counts": 156,
        "category_data": 312,
        "sold_items": 1788,
        "var": 6788,
        "sorted_var": 7060
      },
      "p2m": {},
      "m2p": {}
    },
    {
      "raw": "var = df.groupby('Category')['Purchase Amount (USD)'].sum().reset_index().sort_values(by='Purchase Amount (USD)',ascending=False)",
      "total-ns": 100666939,
      "vars": {
        "df": 1593218304,
        "gender_counts": 156,
        "category_data": 312,
        "sold_items": 1788,
        "var": 344,
        "sorted_var": 7060
      },
      "p2m": {},
      "m2p": {}
    },
    {
      "raw": "var = df.groupby('Location')['Purchase Amount (USD)'].sum().reset_index().sort_values(by='Purchase Amount (USD)',ascending=False).head(10)",
      "total-ns": 91010909,
      "vars": {
        "df": 1593218304,
        "gender_counts": 156,
        "category_data": 312,
        "sold_items": 1788,
        "var": 830,
        "sorted_var": 7060
      },
      "p2m": {},
      "m2p": {}
    },
    {
      "raw": "size_count = df['Size'].value_counts()",
      "total-ns": 61965699,
      "vars": {
        "df": 1593218304,
        "gender_counts": 156,
        "category_data": 312,
        "sold_items": 1788,
        "var": 830,
        "sorted_var": 7060,
        "size_count": 281
      },
      "p2m": {},
      "m2p": {}
    },
    {
      "raw": "color_count = df['Color'].value_counts().head(10)",
      "total-ns": 62832460,
      "vars": {
        "df": 1593218304,
        "gender_counts": 156,
        "category_data": 312,
        "sold_items": 1788,
        "var": 830,
        "sorted_var": 7060,
        "size_count": 281,
        "color_count": 717
      },
      "p2m": {},
      "m2p": {}
    },
    {
      "raw": "df.columns",
      "total-ns": 627530,
      "vars": {
        "df": 1593218304,
        "gender_counts": 156,
        "category_data": 312,
        "sold_items": 1788,
        "var": 830,
        "sorted_var": 7060,
        "size_count": 281,
        "color_count": 717
      },
      "p2m": {},
      "m2p": {}
    },
    {
      "raw": "season_data = df['Season'].value_counts()",
      "total-ns": 62114930,
      "vars": {
        "df": 1593218304,
        "gender_counts": 156,
        "category_data": 312,
        "sold_items": 1788,
        "var": 830,
        "sorted_var": 7060,
        "size_count": 281,
        "color_count": 717,
        "season_data": 298
      },
      "p2m": {},
      "m2p": {}
    },
    {
      "raw": "subs_count = df['Subscription Status'].value_counts()",
      "total-ns": 62249089,
      "vars": {
        "df": 1593218304,
        "gender_counts": 156,
        "category_data": 312,
        "sold_items": 1788,
        "var": 830,
        "sorted_var": 7060,
        "size_count": 281,
        "color_count": 717,
        "season_data": 298,
        "subs_count": 151
      },
      "p2m": {},
      "m2p": {}
    },
    {
      "raw": "shipping_count = df['Shipping Type'].value_counts()",
      "total-ns": 61444280,
      "vars": {
        "df": 1593218304,
        "gender_counts": 156,
        "category_data": 312,
        "sold_items": 1788,
        "var": 830,
        "sorted_var": 7060,
        "size_count": 281,
        "color_count": 717,
        "season_data": 298,
        "subs_count": 151,
        "shipping_count": 472
      },
      "p2m": {},
      "m2p": {}
    },
    {
      "raw": "disc_count = df['Discount Applied'].value_counts()",
      "total-ns": 60950209,
      "vars": {
        "df": 1593218304,
        "gender_counts": 156,
        "category_data": 312,
        "sold_items": 1788,
        "var": 830,
        "sorted_var": 7060,
        "size_count": 281,
        "color_count": 717,
        "season_data": 298,
        "subs_count": 151,
        "shipping_count": 472,
        "disc_count": 151
      },
      "p2m": {},
      "m2p": {}
    },
    {
      "raw": "df.columns",
      "total-ns": 497250,
      "vars": {
        "df": 1593218304,
        "gender_counts": 156,
        "category_data": 312,
        "sold_items": 1788,
        "var": 830,
        "sorted_var": 7060,
        "size_count": 281,
        "color_count": 717,
        "season_data": 298,
        "subs_count": 151,
        "shipping_count": 472,
        "disc_count": 151
      },
      "p2m": {},
      "m2p": {}
    },
    {
      "raw": "df['Promo Code Used'].value_counts()",
      "total-ns": 61657119,
      "vars": {
        "df": 1593218304,
        "gender_counts": 156,
        "category_data": 312,
        "sold_items": 1788,
        "var": 830,
        "sorted_var": 7060,
        "size_count": 281,
        "color_count": 717,
        "season_data": 298,
        "subs_count": 151,
        "shipping_count": 472,
        "disc_count": 151
      },
      "p2m": {},
      "m2p": {}
    }
  ]
}