{
  "cells": [
    {
      "raw": "import pandas as pd\ndf = pd.read_csv(filepath_or_buffer='../input/Airline Dataset.csv', parse_dates=['Departure Date'])\ndf.head()",
      "total-ns": 318959566,
      "vars": {
        "df": 79400144
      },
      "p2m": {},
      "m2p": {}
    },
    {
      "raw": "df = df\nintended_df_size_in_MB = 256\nfactor = intended_df_size_in_MB*(2**20)/df.memory_usage(index=True).sum()\nif int(factor) > 0:\n    df = pd.concat([df]*int(factor), ignore_index=True)\nelse:\n    rowCount = int(df.shape[0]*factor)\n    df = df[0:rowCount]\ndf = df\ndf.info()",
      "total-ns": 432889804,
      "vars": {
        "df": 1746800144
      },
      "p2m": {},
      "m2p": {}
    },
    {
      "raw": "df.info()",
      "total-ns": 3743340,
      "vars": {
        "df": 1746800144
      },
      "p2m": {},
      "m2p": {}
    },
    {
      "raw": "df.nunique()",
      "total-ns": 1462648302,
      "vars": {
        "df": 1750890560
      },
      "p2m": {},
      "m2p": {}
    },
    {
      "raw": "df['Departure Date'].dt.year.value_counts()",
      "total-ns": 103942278,
      "vars": {
        "df": 1750890560
      },
      "p2m": {},
      "m2p": {}
    },
    {
      "raw": "df['Last Name'].value_counts().nlargest(n=10)",
      "total-ns": 194421827,
      "vars": {
        "df": 1750890560
      },
      "p2m": {},
      "m2p": {}
    }
  ]
}