{
  "cells": [
    {
      "raw": "import warnings\nwarnings.filterwarnings('ignore')\nimport numpy as np\nimport pandas as pd\n",
      "total-ns": 3034040,
      "vars": {},
      "p2m": {},
      "m2p": {}
    },
    {
      "raw": "df=pd.read_csv(r'../input/churn-bigml-80.csv')",
      "total-ns": 10470290,
      "vars": {
        "df": 816943
      },
      "p2m": {},
      "m2p": {}
    },
    {
      "raw": "df = df\nintended_df_size_in_MB = 256\nfactor = intended_df_size_in_MB*(2**20)/df.memory_usage(index=True).sum()\nif int(factor) > 0:\n    df = pd.concat([df]*int(factor), ignore_index=True)\nelse:\n    rowCount = int(df.shape[0]*factor)\n    df = df[0:rowCount]\ndf = df\ndf.info()",
      "total-ns": 575893253,
      "vars": {
        "df": 536637087
      },
      "p2m": {},
      "m2p": {}
    },
    {
      "raw": "df.head()",
      "total-ns": 603080,
      "vars": {
        "df": 536637087
      },
      "p2m": {},
      "m2p": {}
    },
    {
      "raw": "df.shape",
      "total-ns": 455530,
      "vars": {
        "df": 536637087
      },
      "p2m": {},
      "m2p": {}
    },
    {
      "raw": "df.columns",
      "total-ns": 410660,
      "vars": {
        "df": 536637087
      },
      "p2m": {},
      "m2p": {}
    },
    {
      "raw": "df.nunique()",
      "total-ns": 353237606,
      "vars": {
        "df": 536637087
      },
      "p2m": {},
      "m2p": {}
    },
    {
      "raw": "df.info()",
      "total-ns": 4145110,
      "vars": {
        "df": 536637087
      },
      "p2m": {},
      "m2p": {}
    },
    {
      "raw": "df[\"Churn\"] = df[\"Churn\"].astype(\"int64\")",
      "total-ns": 7248110,
      "vars": {
        "df": 548898021
      },
      "p2m": {},
      "m2p": {}
    },
    {
      "raw": "df.info()",
      "total-ns": 3610610,
      "vars": {
        "df": 548898021
      },
      "p2m": {},
      "m2p": {}
    },
    {
      "raw": "df.describe().T",
      "total-ns": 869490030,
      "vars": {
        "df": 548898021
      },
      "p2m": {},
      "m2p": {}
    },
    {
      "raw": "df.describe(include=[\"object\"]).T",
      "total-ns": 482294554,
      "vars": {
        "df": 548898021
      },
      "p2m": {},
      "m2p": {}
    },
    {
      "raw": "df[\"Churn\"].value_counts()",
      "total-ns": 8354640,
      "vars": {
        "df": 548898021
      },
      "p2m": {},
      "m2p": {}
    },
    {
      "raw": "df[\"Churn\"].value_counts(normalize=True)",
      "total-ns": 12262600,
      "vars": {
        "df": 548898021
      },
      "p2m": {},
      "m2p": {}
    },
    {
      "raw": "df.sort_values(by=\"Total day charge\", ascending=False).head()",
      "total-ns": 847603570,
      "vars": {
        "df": 548898021
      },
      "p2m": {},
      "m2p": {}
    },
    {
      "raw": "df.sort_values(by=[\"Total day charge\", 'Total day calls'], ascending=[True, False]).head()",
      "total-ns": 628062682,
      "vars": {
        "df": 548898021
      },
      "p2m": {},
      "m2p": {}
    },
    {
      "raw": "df.loc[0:5, \"State\":\"Area code\"]",
      "total-ns": 3951250,
      "vars": {
        "df": 548898021
      },
      "p2m": {},
      "m2p": {}
    },
    {
      "raw": "df.iloc[0:5, 0:3]",
      "total-ns": 1179620,
      "vars": {
        "df": 548898021
      },
      "p2m": {},
      "m2p": {}
    },
    {
      "raw": "df.groupby(\"Churn\")[\"Total day minutes\"].mean()",
      "total-ns": 29637770,
      "vars": {
        "df": 548898021
      },
      "p2m": {},
      "m2p": {}
    },
    {
      "raw": "columns_to_show = [\"Total day minutes\", \"Total eve minutes\", \"Total night minutes\"]\n\ndf.groupby([\"Churn\"])[columns_to_show].agg(['mean', 'std', 'max', 'min'])",
      "total-ns": 293416157,
      "vars": {
        "df": 548898021
      },
      "p2m": {},
      "m2p": {}
    },
    {
      "raw": "df.apply(np.max)",
      "total-ns": 294211546,
      "vars": {
        "df": 548898021
      },
      "p2m": {},
      "m2p": {}
    },
    {
      "raw": "df[ (df[\"Churn\"] == 0) & (df[\"International plan\"] == \"No\") ][\"Total intl minutes\"].max()",
      "total-ns": 216842708,
      "vars": {
        "df": 548898021
      },
      "p2m": {},
      "m2p": {}
    },
    {
      "raw": "pd.crosstab(df[\"Churn\"], df[\"International plan\"])",
      "total-ns": 173644268,
      "vars": {
        "df": 548898021
      },
      "p2m": {},
      "m2p": {}
    },
    {
      "raw": "pd.crosstab(df[\"Churn\"], df[\"International plan\"], normalize=True)",
      "total-ns": 171396188,
      "vars": {
        "df": 548898021
      },
      "p2m": {},
      "m2p": {}
    },
    {
      "raw": "total_calls = (\n    df[\"Total day calls\"]\n    + df[\"Total eve calls\"]\n    + df[\"Total night calls\"]\n    + df[\"Total intl calls\"]\n)\n\ndf.insert(loc=len(df.columns), column=\"Total calls\", value=total_calls)",
      "total-ns": 7716621,
      "vars": {
        "df": 562910517,
        "total_calls": 14012640
      },
      "p2m": {},
      "m2p": {}
    },
    {
      "raw": "d = {\"No\": 0, \"Yes\": 1}",
      "total-ns": 628760,
      "vars": {
        "df": 562910517,
        "total_calls": 14012640
      },
      "p2m": {},
      "m2p": {}
    },
    {
      "raw": "df[\"International plan\"] = df[\"International plan\"].map(d)",
      "total-ns": 97569600,
      "vars": {
        "df": 473403465,
        "total_calls": 14012640
      },
      "p2m": {},
      "m2p": {}
    },
    {
      "raw": "df = df.replace({\"Voice mail plan\": d})",
      "total-ns": 552741233,
      "vars": {
        "df": 383592222,
        "total_calls": 14012640
      },
      "p2m": {},
      "m2p": {}
    },
    {
      "raw": "df.head()",
      "total-ns": 518600,
      "vars": {
        "df": 383592222,
        "total_calls": 14012640
      },
      "p2m": {},
      "m2p": {}
    },
    {
      "raw": "df[\"Total charge\"] =df[\"Total day charge\"] + df[\"Total eve charge\"] + df[\"Total night charge\"] + df[\"Total intl charge\"]",
      "total-ns": 7802279,
      "vars": {
        "df": 397604718,
        "total_calls": 14012640
      },
      "p2m": {},
      "m2p": {}
    },
    {
      "raw": "df.head()",
      "total-ns": 576180,
      "vars": {
        "df": 397604718,
        "total_calls": 14012640
      },
      "p2m": {},
      "m2p": {}
    },
    {
      "raw": "df.drop([\"Total charge\", \"Total day calls\"], axis=1, inplace=True)",
      "total-ns": 61296289,
      "vars": {
        "df": 369579726,
        "total_calls": 14012640
      },
      "p2m": {},
      "m2p": {}
    },
    {
      "raw": "df.head()",
      "total-ns": 713980,
      "vars": {
        "df": 369579726,
        "total_calls": 14012640
      },
      "p2m": {},
      "m2p": {}
    },
    {
      "raw": "",
      "total-ns": 254420,
      "vars": {
        "df": 369579726,
        "total_calls": 14012640
      },
      "p2m": {},
      "m2p": {}
    },
    {
      "raw": "",
      "total-ns": 257411,
      "vars": {
        "df": 369579726,
        "total_calls": 14012640
      },
      "p2m": {},
      "m2p": {}
    },
    {
      "raw": "",
      "total-ns": 246540,
      "vars": {
        "df": 369579726,
        "total_calls": 14012640
      },
      "p2m": {},
      "m2p": {}
    },
    {
      "raw": "",
      "total-ns": 383300,
      "vars": {
        "df": 369579726,
        "total_calls": 14012640
      },
      "p2m": {},
      "m2p": {}
    }
  ]
}