{
  "cells": [
    {
      "raw": "import pandas as pd\nimport numpy as np\n",
      "total-ns": 3894291,
      "vars": {},
      "p2m": {},
      "m2p": {}
    },
    {
      "raw": "df = pd.read_csv(\"../input/student_data.csv\")",
      "total-ns": 493674988,
      "vars": {
        "df": 67014636
      },
      "p2m": {},
      "m2p": {}
    },
    {
      "raw": "df = df\nintended_df_size_in_MB = 256\nfactor = intended_df_size_in_MB*(2**20)/df.memory_usage(index=True).sum()\nif int(factor) > 0:\n    df = pd.concat([df]*int(factor), ignore_index=True)\nelse:\n    rowCount = int(df.shape[0]*factor)\n    df = df[0:rowCount]\ndf = df\ndf.info()",
      "total-ns": 515306423,
      "vars": {
        "df": 1072232016
      },
      "p2m": {},
      "m2p": {}
    },
    {
      "raw": "df.head()",
      "total-ns": 822527,
      "vars": {
        "df": 1072232016
      },
      "p2m": {},
      "m2p": {}
    },
    {
      "raw": "df.columns =['student_id','student_name', 'DOB', 'field_of_study', 'year_of_admission', 'expected_graduation', 'current_sem', 'specialization', 'fees', 'discount']\ndf.describe()",
      "total-ns": 1072428767,
      "vars": {
        "df": 1072232016
      },
      "p2m": {},
      "m2p": {}
    },
    {
      "raw": "#Check for missing values \ndf.isna().any()",
      "total-ns": 1895411674,
      "vars": {
        "df": 1072232016
      },
      "p2m": {},
      "m2p": {}
    },
    {
      "raw": "#Check for duplicated rows\ndf.duplicated().value_counts()",
      "total-ns": 2280030429,
      "vars": {
        "df": 1072232016
      },
      "p2m": {},
      "m2p": {}
    },
    {
      "raw": "df.info()",
      "total-ns": 4975296,
      "vars": {
        "df": 1072232016
      },
      "p2m": {},
      "m2p": {}
    },
    {
      "raw": "cross_tab = pd.crosstab(df['field_of_study'], df['specialization'])\ncross_tab",
      "total-ns": 1075991919,
      "vars": {
        "df": 1072232016,
        "cross_tab": 598
      },
      "p2m": {},
      "m2p": {}
    },
    {
      "raw": "#Distribution of students across different 'field_of_study'\ncounts = df['field_of_study'].value_counts()\n",
      "total-ns": 215883950,
      "vars": {
        "df": 1072232016,
        "cross_tab": 598,
        "counts": 438
      },
      "p2m": {},
      "m2p": {}
    },
    {
      "raw": "#Students enrolled in each specialization\ndf['specialization'].value_counts()",
      "total-ns": 214050388,
      "vars": {
        "df": 1072232016,
        "cross_tab": 598,
        "counts": 438
      },
      "p2m": {},
      "m2p": {}
    },
    {
      "raw": "#Exploring any relationship between the field of study and the average age of the students\ndf['DOB'] = pd.to_datetime(df['DOB'])\ndf['age'] = (pd.to_datetime('today') - df['DOB'])\n\n#Calculate the age based on current date\ncurrent_year = pd.to_datetime('today').year\ndf['age'] = current_year - df['DOB'].dt.year\n\ndf.groupby('field_of_study')['age'].mean()",
      "total-ns": 1419999122,
      "vars": {
        "df": 909032016,
        "cross_tab": 598,
        "counts": 438
      },
      "p2m": {},
      "m2p": {}
    },
    {
      "raw": "#Students admitted each year\nadmission_counts = df['year_of_admission'].value_counts().sort_index()\nprint(admission_counts)",
      "total-ns": 24604051,
      "vars": {
        "df": 909032016,
        "cross_tab": 598,
        "counts": 438,
        "admission_counts": 128
      },
      "p2m": {},
      "m2p": {}
    },
    {
      "raw": "#Current semester distribution among the students\nsemester_counts = df['current_sem'].value_counts().sort_index()",
      "total-ns": 22629141,
      "vars": {
        "df": 909032016,
        "cross_tab": 598,
        "counts": 438,
        "admission_counts": 128,
        "semester_counts": 80
      },
      "p2m": {},
      "m2p": {}
    },
    {
      "raw": "#Exploring the correlation between the field of study and the fees paid\nselected_columns = df[['field_of_study','fees']]\n\n#Converting the values in 'field_of_study' to numerical values\nfield_map = {'Chemical Engineering' : 0, 'Civil Engineering' : 1, 'Computer Science' : 2, 'Electrical Engineering' :3, 'Mechanical Engineering' :4}\nselected_columns['field_of_study'] = selected_columns['field_of_study'].map(field_map)\n\ncorr_matrix = selected_columns.corr()",
      "total-ns": 894526649,
      "vars": {
        "df": 909032016,
        "cross_tab": 598,
        "counts": 438,
        "admission_counts": 128,
        "semester_counts": 80,
        "selected_columns": 51200144,
        "corr_matrix": 288
      },
      "p2m": {},
      "m2p": {}
    },
    {
      "raw": "#Exploring the correlation between fees and the discount on the fees\ncorrelation_matrix = df[['fees','discount']].corr()",
      "total-ns": 174478425,
      "vars": {
        "df": 909032016,
        "cross_tab": 598,
        "counts": 438,
        "admission_counts": 128,
        "semester_counts": 80,
        "selected_columns": 51200144,
        "corr_matrix": 288,
        "correlation_matrix": 282
      },
      "p2m": {},
      "m2p": {}
    }
  ]
}