{
  "cells": [
    {
      "raw": "# This Python 3 environment comes with many helpful analytics libraries installed\n# It is defined by the kaggle/python Docker image: https://github.com/kaggle/docker-python\n# For example, here's several helpful packages to load\n\nimport numpy as np # linear algebra\nimport pandas as pd # data processing, CSV file I/O (e.g. pd.read_csv)\n\n# Input data files are available in the read-only \"../input/\" directory\n# For example, running this (by clicking run or pressing Shift+Enter) will list all files under the input directory\n\nimport os\nfor dirname, _, filenames in os.walk('../input'):\n    for filename in filenames:\n        print(os.path.join(dirname, filename))\n\n# You can write up to 20GB to the current directory (/kaggle/working/) that gets preserved as output when you create a version using \"Save & Run All\" \n# You can also write temporary files to /kaggle/temp/, but they won't be saved outside of the current session",
      "total-ns": 3228451,
      "vars": {},
      "p2m": {},
      "m2p": {}
    },
    {
      "raw": "import pandas as pd\ndf = pd.read_csv('../input/Electric_Vehicle_Population_Data.csv')",
      "total-ns": 414874025,
      "vars": {
        "df": 122908784
      },
      "p2m": {},
      "m2p": {}
    },
    {
      "raw": "df = df\nintended_df_size_in_MB = 256\nfactor = intended_df_size_in_MB*(2**20)/df.memory_usage(index=True).sum()\nif int(factor) > 0:\n    df = pd.concat([df]*int(factor), ignore_index=True)\nelse:\n    rowCount = int(df.shape[0]*factor)\n    df = df[0:rowCount]\ndf = df\ndf.info()",
      "total-ns": 313947227,
      "vars": {
        "df": 1597812464
      },
      "p2m": {},
      "m2p": {}
    },
    {
      "raw": "# Display the first few rows of the dataset\nprint(df.head())\n\n# Get information about the dataset\nprint(df.info())",
      "total-ns": 16692000,
      "vars": {
        "df": 1597812464
      },
      "p2m": {},
      "m2p": {}
    },
    {
      "raw": "df['Model Year'].hist()",
      "total-ns": 547951414,
      "vars": {
        "df": 1597812464
      },
      "p2m": {},
      "m2p": {}
    },
    {
      "raw": "avg_range = df['Electric Range'].mean()\nmedian_price = df['Base MSRP'].median()",
      "total-ns": 20636820,
      "vars": {
        "df": 1597812464
      },
      "p2m": {},
      "m2p": {}
    },
    {
      "raw": "ev_2020 = df[df['Model Year'] == 2020]",
      "total-ns": 421328925,
      "vars": {
        "df": 1597812464,
        "ev_2020": 119630670
      },
      "p2m": {},
      "m2p": {}
    },
    {
      "raw": "groupby_make = df.groupby('Make')['Electric Range'].mean()",
      "total-ns": 106468269,
      "vars": {
        "df": 1597812464,
        "ev_2020": 119630670,
        "groupby_make": 2678
      },
      "p2m": {},
      "m2p": {}
    },
    {
      "raw": "# Select only numeric columns from the DataFrame\nnumeric_df = df.select_dtypes(include=['float64', 'int64'])\n",
      "total-ns": 18739479,
      "vars": {
        "df": 1597812464,
        "ev_2020": 119630670,
        "groupby_make": 2678,
        "numeric_df": 109551040
      },
      "p2m": {},
      "m2p": {}
    }
  ]
}