{
  "cells": [
    {
      "raw": "\nimport matplotlib.pyplot as plt\nimport seaborn as sns\nimport os\nimport pandas as pd\n",
      "total-ns": 818053190,
      "vars": {},
      "p2m": {},
      "m2p": {}
    },
    {
      "raw": "data=pd.read_csv(\"../input/superstore/SampleSuperstore.csv\")",
      "total-ns": 21912311,
      "vars": {
        "data": 5730025
      },
      "p2m": {},
      "m2p": {}
    },
    {
      "raw": "df = data\nintended_df_size_in_MB = 256\nfactor = intended_df_size_in_MB*(2**20)/df.memory_usage(index=True).sum()\nif int(factor) > 0:\n    df = pd.concat([df]*int(factor), ignore_index=True)\nelse:\n    rowCount = int(df.shape[0]*factor)\n    df = df[0:rowCount]\ndata = df\ndata.info()",
      "total-ns": 418016805,
      "vars": {
        "data": 1478309442,
        "df": 1478309442
      },
      "p2m": {},
      "m2p": {}
    },
    {
      "raw": "data.head()",
      "total-ns": 616080,
      "vars": {
        "data": 1478309442,
        "df": 1478309442
      },
      "p2m": {},
      "m2p": {}
    },
    {
      "raw": "data.info()",
      "total-ns": 3857740,
      "vars": {
        "data": 1478309442,
        "df": 1478309442
      },
      "p2m": {},
      "m2p": {}
    },
    {
      "raw": "data.duplicated().sum()",
      "total-ns": 1240809195,
      "vars": {
        "data": 1478309442,
        "df": 1478309442
      },
      "p2m": {},
      "m2p": {}
    },
    {
      "raw": "data.drop_duplicates(inplace= True)",
      "total-ns": 1782945648,
      "vars": {
        "data": 5799968,
        "df": 5799968
      },
      "p2m": {},
      "m2p": {}
    },
    {
      "raw": "data.info()",
      "total-ns": 11872280,
      "vars": {
        "data": 5799968,
        "df": 5799968
      },
      "p2m": {},
      "m2p": {}
    },
    {
      "raw": "data.drop([\"Postal Code\"], axis=1,inplace= True)",
      "total-ns": 1661790,
      "vars": {
        "data": 5720152,
        "df": 5720152
      },
      "p2m": {},
      "m2p": {}
    },
    {
      "raw": "data.info()",
      "total-ns": 11875300,
      "vars": {
        "data": 5720152,
        "df": 5720152
      },
      "p2m": {},
      "m2p": {}
    },
    {
      "raw": "data.corr()",
      "total-ns": 1535380,
      "vars": {
        "data": 5720152,
        "df": 5720152
      },
      "p2m": {},
      "m2p": {}
    },
    {
      "raw": "# sns.heatmap(data.corr(), annot=True)\n_ = data.corr()",
      "total-ns": 1385100,
      "vars": {
        "_": 571,
        "data": 5720152,
        "df": 5720152
      },
      "p2m": {},
      "m2p": {}
    },
    {
      "raw": "data[\"Ship Mode\"].value_counts()",
      "total-ns": 1680360,
      "vars": {
        "_": 571,
        "data": 5720152,
        "df": 5720152
      },
      "p2m": {},
      "m2p": {}
    },
    {
      "raw": "# STEFANOS: Disable plotting\n# sns.countplot(x= data['Ship Mode'])",
      "total-ns": 315540,
      "vars": {
        "_": 571,
        "data": 5720152,
        "df": 5720152
      },
      "p2m": {},
      "m2p": {}
    },
    {
      "raw": "data[\"Segment\"].value_counts()",
      "total-ns": 1404350,
      "vars": {
        "_": 571,
        "data": 5720152,
        "df": 5720152
      },
      "p2m": {},
      "m2p": {}
    },
    {
      "raw": "# STEFANOS: Disable plotting\n# sns.countplot(x= data['Segment'])",
      "total-ns": 380640,
      "vars": {
        "_": 571,
        "data": 5720152,
        "df": 5720152
      },
      "p2m": {},
      "m2p": {}
    },
    {
      "raw": "data[\"Category\"].value_counts()",
      "total-ns": 1466760,
      "vars": {
        "_": 571,
        "data": 5720152,
        "df": 5720152
      },
      "p2m": {},
      "m2p": {}
    },
    {
      "raw": "# STEFANOS: Disable plotting\n# sns.countplot(x= data['Category'])",
      "total-ns": 352950,
      "vars": {
        "_": 571,
        "data": 5720152,
        "df": 5720152
      },
      "p2m": {},
      "m2p": {}
    },
    {
      "raw": "data[\"Sub-Category\"].value_counts()\n",
      "total-ns": 1384000,
      "vars": {
        "_": 571,
        "data": 5720152,
        "df": 5720152
      },
      "p2m": {},
      "m2p": {}
    },
    {
      "raw": "# STEFANOS: Disable plotting\n# plt.figure(figsize=(15,15))\n# plt.pie(data[\"Sub-Category\"].value_counts(), labels= data[\"Sub-Category\"].value_counts().index, autopct =\"%2f\")\n# plt.show()",
      "total-ns": 307340,
      "vars": {
        "_": 571,
        "data": 5720152,
        "df": 5720152
      },
      "p2m": {},
      "m2p": {}
    },
    {
      "raw": "st_profit=data.groupby([\"State\"])[\"Profit\"].sum().nlargest(20)",
      "total-ns": 3129860,
      "vars": {
        "_": 571,
        "data": 5720152,
        "df": 5720152,
        "st_profit": 1493
      },
      "p2m": {},
      "m2p": {}
    },
    {
      "raw": "st_profit",
      "total-ns": 614430,
      "vars": {
        "_": 571,
        "data": 5720152,
        "df": 5720152,
        "st_profit": 1493
      },
      "p2m": {},
      "m2p": {}
    },
    {
      "raw": "# STEFANOS: Disable plotting\n# plt.figure(figsize=(15,8))\n# st_profit.plot.bar()",
      "total-ns": 271230,
      "vars": {
        "_": 571,
        "data": 5720152,
        "df": 5720152,
        "st_profit": 1493
      },
      "p2m": {},
      "m2p": {}
    },
    {
      "raw": "# STEFANOS: Disable plotting\n# sns.lineplot(data=data, x=\"Discount\", y= \"Profit\")",
      "total-ns": 291070,
      "vars": {
        "_": 571,
        "data": 5720152,
        "df": 5720152,
        "st_profit": 1493
      },
      "p2m": {},
      "m2p": {}
    },
    {
      "raw": "# STEFANOS: Disable plotting\n# data.plot(kind=\"scatter\",x=\"Sales\",y=\"Profit\", c=\"Discount\", colormap=\"Set1\",figsize=(10,10))",
      "total-ns": 268960,
      "vars": {
        "_": 571,
        "data": 5720152,
        "df": 5720152,
        "st_profit": 1493
      },
      "p2m": {},
      "m2p": {}
    },
    {
      "raw": "data1= data.groupby(\"State\")[[\"Sales\",\"Profit\"]].sum().sort_values(by=\"Sales\", ascending=False)\n# STEFANOS: Disable plotting\n# data1[:].plot.bar(color = [\"Green\",\"Red\"], figsize=(20,12))\n# plt.title(\"Profit-Loss and Sales across States\")\n# plt.show()",
      "total-ns": 3371739,
      "vars": {
        "_": 571,
        "data": 5720152,
        "df": 5720152,
        "st_profit": 1493,
        "data1": 4023
      },
      "p2m": {},
      "m2p": {}
    },
    {
      "raw": "\ndata1= data.groupby(\"Region\")[[\"Sales\",\"Profit\"]].sum().sort_values(by=\"Sales\", ascending=False)\n# STEFANOS: Disable plotting\n# data1[:].plot.bar(color = [\"Blue\",\"Red\"], figsize=(10,7))\n# plt.title(\"Profit-Loss and Sales across Region\")\n# plt.show()\n",
      "total-ns": 2939899,
      "vars": {
        "_": 571,
        "data": 5720152,
        "df": 5720152,
        "st_profit": 1493,
        "data1": 328
      },
      "p2m": {},
      "m2p": {}
    }
  ]
}