{
  "cells": [
    {
      "raw": "#Import required libraries\nimport pandas as pd\nimport numpy as np",
      "total-ns": 4231680,
      "vars": {},
      "p2m": {},
      "m2p": {}
    },
    {
      "raw": "#load bitcoin data\nbtc_master = pd.read_csv('../input/gemini_BTCUSD_2020_1min.csv')\n\n#load ethereum data\neth_master = pd.read_csv('../input/gemini_ETHUSD_2020_1min.csv')\n\n#load litecoin data\nltc_master = pd.read_csv('../input/gemini_LTCUSD_2020_1min.csv')",
      "total-ns": 2667848437,
      "vars": {
        "btc_master": 120079851,
        "eth_master": 120078762,
        "ltc_master": 120070042
      },
      "p2m": {},
      "m2p": {}
    },
    {
      "raw": "df = btc_master\nintended_df_size_in_MB = 256\nfactor = intended_df_size_in_MB*(2**20)/(btc_master.memory_usage(index=True).sum()+eth_master.memory_usage(index=True).sum()+ltc_master.memory_usage(index=True).sum())\nif int(factor) > 0:\n    df = pd.concat([df]*int(factor), ignore_index=True)\nelse:\n    rowCount = int(df.shape[0]*factor)\n    df = df[0:rowCount]\nbtc_master = df\n\ndf = eth_master\nif int(factor) > 0:\n    df = pd.concat([df]*int(factor), ignore_index=True)\nelse:\n    rowCount = int(df.shape[0]*factor)\n    df = df[0:rowCount]\neth_master = df\n\ndf = ltc_master\nif int(factor) > 0:\n    df = pd.concat([df]*int(factor), ignore_index=True)\nelse:\n    rowCount = int(df.shape[0]*factor)\n    df = df[0:rowCount]\nltc_master = df\n    \nbtc_master.info()\neth_master.info()\nltc_master.info()",
      "total-ns": 937566338,
      "vars": {
        "btc_master": 240159558,
        "eth_master": 240157380,
        "ltc_master": 240139940,
        "df": 240139940
      },
      "p2m": {},
      "m2p": {}
    },
    {
      "raw": "#Check the data dimensions for bitcoin\nbtc_master.head()",
      "total-ns": 713680,
      "vars": {
        "btc_master": 240159558,
        "eth_master": 240157380,
        "ltc_master": 240139940,
        "df": 240139940
      },
      "p2m": {},
      "m2p": {}
    },
    {
      "raw": "btc_master.info()",
      "total-ns": 249399397,
      "vars": {
        "btc_master": 240159558,
        "eth_master": 240157380,
        "ltc_master": 240139940,
        "df": 240139940
      },
      "p2m": {},
      "m2p": {}
    },
    {
      "raw": "#Check the data dimensions for ethereum\neth_master.shape",
      "total-ns": 513750,
      "vars": {
        "btc_master": 240159558,
        "eth_master": 240157380,
        "ltc_master": 240139940,
        "df": 240139940
      },
      "p2m": {},
      "m2p": {}
    },
    {
      "raw": "eth_master.info()",
      "total-ns": 245696847,
      "vars": {
        "btc_master": 240159558,
        "eth_master": 240157380,
        "ltc_master": 240139940,
        "df": 240139940
      },
      "p2m": {},
      "m2p": {}
    },
    {
      "raw": "#Check the data dimensions for litecoin\nltc_master.shape",
      "total-ns": 392100,
      "vars": {
        "btc_master": 240159558,
        "eth_master": 240157380,
        "ltc_master": 240139940,
        "df": 240139940
      },
      "p2m": {},
      "m2p": {}
    },
    {
      "raw": "ltc_master.info()",
      "total-ns": 239897558,
      "vars": {
        "btc_master": 240159558,
        "eth_master": 240157380,
        "ltc_master": 240139940,
        "df": 240139940
      },
      "p2m": {},
      "m2p": {}
    },
    {
      "raw": "#Convert the object type Date column to datetime type\nbtc_master['Date'] = pd.to_datetime(btc_master['Date'], format='%m/%d/%Y %H:%M')\neth_master['Date'] = pd.to_datetime(eth_master['Date'], format='%m/%d/%Y %H:%M')\nltc_master['Date'] = pd.to_datetime(ltc_master['Date'], format='%m/%d/%Y %H:%M')",
      "total-ns": 7574270046,
      "vars": {
        "btc_master": 156619614,
        "eth_master": 156618186,
        "ltc_master": 156606762,
        "df": 156606762
      },
      "p2m": {},
      "m2p": {}
    },
    {
      "raw": "#drop from bitcoin\nbtc_master.drop(['Unix Timestamp','Symbol','Open', 'High','Low'], axis = 1, inplace = True)\n#drop from ethereum \neth_master.drop(['Unix Timestamp','Symbol','Open', 'High','Low'], axis = 1, inplace = True)\n#drop from litecoin\nltc_master.drop(['Unix Timestamp','Symbol','Open', 'High','Low'], axis = 1, inplace = True)\n\nltc_master.columns",
      "total-ns": 18540309,
      "vars": {
        "btc_master": 31587264,
        "eth_master": 31586976,
        "ltc_master": 31584672,
        "df": 31584672
      },
      "p2m": {},
      "m2p": {}
    },
    {
      "raw": "#get all the records in bitcoin dataset but not in ethereum dataset\nbtc_master[~(btc_master['Date'].isin(eth_master[\"Date\"]))]",
      "total-ns": 65118289,
      "vars": {
        "btc_master": 31587264,
        "eth_master": 31586976,
        "ltc_master": 31584672,
        "df": 31584672
      },
      "p2m": {},
      "m2p": {}
    },
    {
      "raw": "#get all the records in ethereum dataset but not in bitcoin dataset\neth_master[~(eth_master['Date'].isin(btc_master[\"Date\"]))]",
      "total-ns": 66693740,
      "vars": {
        "btc_master": 31587264,
        "eth_master": 31586976,
        "ltc_master": 31584672,
        "df": 31584672
      },
      "p2m": {},
      "m2p": {}
    },
    {
      "raw": "#get all the records in litecoin dataset but not in bitcoin dataset\nltc_master[~(ltc_master['Date'].isin(btc_master[\"Date\"]))].count()",
      "total-ns": 62095340,
      "vars": {
        "btc_master": 31587264,
        "eth_master": 31586976,
        "ltc_master": 31584672,
        "df": 31584672
      },
      "p2m": {},
      "m2p": {}
    },
    {
      "raw": "#get all the records in litecoin dataset but not in ethereum dataset\nltc_master[~(ltc_master['Date'].isin(eth_master[\"Date\"]))].count()",
      "total-ns": 62502579,
      "vars": {
        "btc_master": 31587264,
        "eth_master": 31586976,
        "ltc_master": 31584672,
        "df": 31584672
      },
      "p2m": {},
      "m2p": {}
    },
    {
      "raw": "#Loose the time information\nbtc_master['Date'] = btc_master['Date'].dt.date\n\n#Aggregate by date\nbtc_grouped = pd.pivot_table(btc_master, values=['Close', 'Volume'], index=['Date'],\n                    aggfunc={'Close': np.mean,\n                             'Volume': np.sum})\n\nbtc_grouped.head()",
      "total-ns": 327938726,
      "vars": {
        "btc_master": 73703424,
        "eth_master": 31586976,
        "ltc_master": 31584672,
        "df": 31584672,
        "btc_grouped": 26672
      },
      "p2m": {},
      "m2p": {}
    },
    {
      "raw": "btc_grouped.shape",
      "total-ns": 421260,
      "vars": {
        "btc_master": 73703424,
        "eth_master": 31586976,
        "ltc_master": 31584672,
        "df": 31584672,
        "btc_grouped": 26672
      },
      "p2m": {},
      "m2p": {}
    },
    {
      "raw": "#Loose the time information\neth_master['Date'] = eth_master['Date'].dt.date\n\n#Aggregate by date\neth_grouped = pd.pivot_table(eth_master, values=['Close', 'Volume'], index=['Date'],\n                    aggfunc={'Close': np.mean,\n                             'Volume': np.sum})\neth_grouped.head()",
      "total-ns": 331805657,
      "vars": {
        "btc_master": 73703424,
        "eth_master": 73702752,
        "ltc_master": 31584672,
        "df": 31584672,
        "btc_grouped": 26672,
        "eth_grouped": 26672
      },
      "p2m": {},
      "m2p": {}
    },
    {
      "raw": "eth_grouped.shape",
      "total-ns": 589270,
      "vars": {
        "btc_master": 73703424,
        "eth_master": 73702752,
        "ltc_master": 31584672,
        "df": 31584672,
        "btc_grouped": 26672,
        "eth_grouped": 26672
      },
      "p2m": {},
      "m2p": {}
    },
    {
      "raw": "#Loose the time information\nltc_master['Date'] = ltc_master['Date'].dt.date\n\n#Aggregate by date\nltc_grouped = pd.pivot_table(ltc_master, values=['Close', 'Volume'], index=['Date'],\n                    aggfunc={'Close': np.mean,\n                             'Volume': np.sum})\nltc_grouped.head()",
      "total-ns": 380131886,
      "vars": {
        "btc_master": 73703424,
        "eth_master": 73702752,
        "ltc_master": 73697376,
        "df": 73697376,
        "btc_grouped": 26672,
        "eth_grouped": 26672,
        "ltc_grouped": 26672
      },
      "p2m": {},
      "m2p": {}
    },
    {
      "raw": "ltc_grouped.shape",
      "total-ns": 696629,
      "vars": {
        "btc_master": 73703424,
        "eth_master": 73702752,
        "ltc_master": 73697376,
        "df": 73697376,
        "btc_grouped": 26672,
        "eth_grouped": 26672,
        "ltc_grouped": 26672
      },
      "p2m": {},
      "m2p": {}
    },
    {
      "raw": "btc = btc_grouped['Close'].max()\neth = eth_grouped['Close'].max()\nltc = ltc_grouped['Close'].max()\n\n#What is the highest closing value of Bitcoin and when\nprint(\"Highest average value of BTC \", btc,\"was recorded on \",btc_grouped[btc_grouped['Close'] == btc].index.values[0])\n\n#What is the highest closing value of Ethereum and when\nprint(\"Highest average value of ETH \", eth,\"was recorded on \",eth_grouped[eth_grouped['Close'] == eth].index.values[0])\n\n#What is the highest closing value of Litecoin and when\nprint(\"Highest average value of LTC \", ltc,\"was recorded on \",ltc_grouped[ltc_grouped['Close'] == ltc].index.values[0])\n",
      "total-ns": 2575530,
      "vars": {
        "btc_master": 73703424,
        "eth_master": 73702752,
        "ltc_master": 73697376,
        "df": 73697376,
        "btc_grouped": 26672,
        "eth_grouped": 26672,
        "ltc_grouped": 26672
      },
      "p2m": {},
      "m2p": {}
    },
    {
      "raw": "btc = btc_grouped['Volume'].max()\neth = eth_grouped['Volume'].max()\nltc = ltc_grouped['Volume'].max()\n\n\n#What is the highest closing volume of Bitcoin and when\nprint(\"Highest volume of BTC \", btc,\"was recorded on \",\n      btc_grouped[btc_grouped['Volume'] == btc].index.values[0])\n\n#What is the highest closing volume of Ethereum and when\nprint(\"Highest volume of ETH \", eth,\"was recorded on \",\n     eth_grouped[eth_grouped['Volume'] == eth].index.values[0])\n\n#What is the highest closing volume of Litecoin and when\nprint(\"Highest volume of LTC \", ltc,\"was recorded on \",\n     ltc_grouped[ltc_grouped['Volume'] == ltc].index.values[0])",
      "total-ns": 2551529,
      "vars": {
        "btc_master": 73703424,
        "eth_master": 73702752,
        "ltc_master": 73697376,
        "df": 73697376,
        "btc_grouped": 26672,
        "eth_grouped": 26672,
        "ltc_grouped": 26672
      },
      "p2m": {},
      "m2p": {}
    },
    {
      "raw": "btc = btc_grouped[btc_grouped['Volume'] == btc_grouped['Volume'].max()]['Close'].values[0]\neth = eth_grouped[eth_grouped['Volume'] == eth_grouped['Volume'].max()]['Close'].values[0]\nltc = ltc_grouped[ltc_grouped['Volume'] == ltc_grouped['Volume'].max()]['Close'].values[0]\n\n#What is the closing value of Bitcoin and when the highest volume was transacted \nprint(\"Highest volume of BTC was\", btc_grouped['Volume'].max(),\"and mean closing value on that day was\",btc)\n\n#What is the highest closing volume of Ethereum and when\nprint(\"Highest volume of ETH \", eth_grouped['Volume'].max(),\"and mean closing value on that day was \",eth)\n\n#What is the highest closing volume of Litecoin and when\nprint(\"Highest volume of LTC \", ltc_grouped['Volume'].max(),\"and mean closing value on that day was \",ltc)\n",
      "total-ns": 2873080,
      "vars": {
        "btc_master": 73703424,
        "eth_master": 73702752,
        "ltc_master": 73697376,
        "df": 73697376,
        "btc_grouped": 26672,
        "eth_grouped": 26672,
        "ltc_grouped": 26672
      },
      "p2m": {},
      "m2p": {}
    },
    {
      "raw": "#What is the closing value of Bitcoin and when the highest volume was transacted \nprint(\"Lowest average closing value of BTC \", btc_grouped['Close'].min())\n\n#What is the closing value of Bitcoin and when the highest volume was transacted \nprint(\"Lowest average closing value of ETH \", eth_grouped['Close'].min())\n\n#What is the closing value of Bitcoin and when the highest volume was transacted \nprint(\"Lowest average closing value of LTC \", ltc_grouped['Close'].min())",
      "total-ns": 1091360,
      "vars": {
        "btc_master": 73703424,
        "eth_master": 73702752,
        "ltc_master": 73697376,
        "df": 73697376,
        "btc_grouped": 26672,
        "eth_grouped": 26672,
        "ltc_grouped": 26672
      },
      "p2m": {},
      "m2p": {}
    },
    {
      "raw": "#Merge bitcoin and ethereum data\nbtc_eth = pd.merge(btc_grouped, eth_grouped, suffixes=('_btc', '_eth'), left_index=True, right_index=True)\nbtc_eth.head()",
      "total-ns": 2030330,
      "vars": {
        "btc_master": 73703424,
        "eth_master": 73702752,
        "ltc_master": 73697376,
        "df": 73697376,
        "btc_grouped": 43224,
        "eth_grouped": 43224,
        "ltc_grouped": 26672,
        "btc_eth": 50840
      },
      "p2m": {},
      "m2p": {}
    },
    {
      "raw": "#Merge litecoin with other two\nbtc_eth_ltc = pd.merge(btc_eth, ltc_grouped, left_index=True, right_index=True)\nbtc_eth_ltc.rename(columns={\"Close\": \"Close_ltc\", \"Volume\": \"Volume_ltc\"}, inplace=True)\nbtc_eth_ltc.head()",
      "total-ns": 2371481,
      "vars": {
        "btc_master": 73703424,
        "eth_master": 73702752,
        "ltc_master": 73697376,
        "df": 73697376,
        "btc_grouped": 43224,
        "eth_grouped": 43224,
        "ltc_grouped": 43224,
        "btc_eth": 50840,
        "btc_eth_ltc": 58456
      },
      "p2m": {},
      "m2p": {}
    },
    {
      "raw": "#Corelation between the currencies\nbtc_eth_ltc.corr()",
      "total-ns": 943229,
      "vars": {
        "btc_master": 73703424,
        "eth_master": 73702752,
        "ltc_master": 73697376,
        "df": 73697376,
        "btc_grouped": 43224,
        "eth_grouped": 43224,
        "ltc_grouped": 43224,
        "btc_eth": 50840,
        "btc_eth_ltc": 58456
      },
      "p2m": {},
      "m2p": {}
    }
  ]
}