{
  "cells": [
    {
      "raw": "# This Python 3 environment comes with many helpful analytics libraries installed\n# It is defined by the kaggle/python Docker image: https://github.com/kaggle/docker-python\n# For example, here's several helpful packages to load\n\nimport numpy as np # linear algebra\n\nimport pandas as pd\nimport functools\n\nimport os\nos.environ[\"MODIN_ENGINE\"] = \"ray\"\nimport ray\nos.environ['MODIN_CPUS'] = \"4\"\nray.init(num_cpus=4, runtime_env={'env_vars': {'__MODIN_AUTOIMPORT_PANDAS__': '1'}})\nimport modin.pandas as modin_pd\n\n\nos.environ[\"USE_MODIN\"]=\"True\"\n\nfrom typing import Dict, List, Optional, Tuple, Any, Literal, Callable\nfrom pandas._typing import AggFuncType, Axis, IndexLabel, Suffixes\n\n_CS598_save_DataFrame_apply = pd.DataFrame.apply\n_CS598_save_DataFrame_merge = pd.DataFrame.merge\n_CS598_save_Series_apply = pd.Series.apply\n_CS598_save_to_datetime = pd.to_datetime\n\ndef _CS598_Series_apply(self, func: AggFuncType, convert_dtype: bool = True,\n                        args: tuple[Any, ...] = (), **kwargs):\n  default_call = functools.partial(_CS598_save_Series_apply, self, func, convert_dtype, args, **kwargs)\n  assert isinstance(self, pd.Series)\n  \n  if os.environ[\"USE_MODIN\"] == \"True\":\n    modin_ser = modin_pd.Series(self)\n    # TODO: We need a generic way to deal with this.\n    # Problem: pd.numeric is passed which doesn't work on a modin dataframe.\n    if func == pd.to_numeric:\n      assert false\n      func = modin_pd.to_numeric\n    modin_res = modin_ser.apply(func, convert_dtype, args, **kwargs)\n    return modin_res._to_pandas()\n  return default_call()\n\ndef _CS598_DataFrame_apply(\n    self,\n    func: AggFuncType,\n    axis: Axis = 0,\n    raw: bool = False,\n    result_type: Literal[\"expand\", \"reduce\", \"broadcast\"] | None = None,\n    args=(),\n    **kwargs,\n):\n  default_call = functools.partial(_CS598_save_DataFrame_apply, self, func, axis, raw, result_type, args, **kwargs)\n  assert isinstance(self, pd.DataFrame)\n  \n  if os.environ[\"USE_MODIN\"] == \"True\":\n    modin_df = modin_pd.DataFrame(self)\n    modin_res = modin_df.apply(func, axis, raw, result_type, args, **kwargs)\n    return modin_res._to_pandas()\n  return default_call()\n\ndef _CS598_DataFrame_merge(\n    self,\n    right: pd.DataFrame | pd.Series,\n    how: str = \"inner\",\n    on: IndexLabel | None = None,\n    left_on: IndexLabel | None = None,\n    right_on: IndexLabel | None = None,\n    left_index: bool = False,\n    right_index: bool = False,\n    sort: bool = False,\n    suffixes: Suffixes = (\"_x\", \"_y\"),\n    copy: bool = True,\n    indicator: bool = False,\n    validate: str | None = None,\n) -> pd.DataFrame:\n  assert isinstance(self, pd.DataFrame)        \n  default_call = functools.partial(_CS598_save_DataFrame_merge, self, right, how, on, \n      left_on, right_on, left_index, right_index, sort, suffixes, copy, indicator, validate)\n  \n  if os.environ[\"USE_MODIN\"] == \"True\":\n    modin_df = modin_pd.DataFrame(self)\n    modin_res = modin_df.merge(right, how, on, \n      left_on, right_on, left_index, right_index, sort, suffixes, copy, indicator, validate)\n    return modin_res._to_pandas()\n  return default_call()\n\n\ndef _CS598_to_datetime(\n    arg,\n    errors = \"raise\",\n    dayfirst: bool = False,\n    yearfirst: bool = False,\n    utc: bool | None = None,\n    format: str | None = None,\n    exact: bool = True,\n    unit: str | None = None,\n    infer_datetime_format: bool = False,\n    origin=\"unix\",\n    cache: bool = True,\n):\n  default_call = functools.partial(_CS598_save_to_datetime, arg, errors, dayfirst,\n      yearfirst, utc, format, exact, unit,infer_datetime_format, origin, cache)\n  \n  if os.environ[\"USE_MODIN\"] == \"True\":\n    if type(arg) == pd.DataFrame:\n      arg = modin_pd.DataFrame(arg)\n    elif type(arg) == pd.Series:\n      arg = modin_pd.Series(arg)\n\n    modin_res = modin_pd.to_datetime(arg, errors, dayfirst,\n      yearfirst, utc, format, exact, unit,infer_datetime_format, origin, cache)\n    return modin_res._to_pandas()\n  return default_call()\n\nassert pd.Series.apply != _CS598_Series_apply\nassert pd.DataFrame.apply != _CS598_DataFrame_apply\nassert pd.DataFrame.merge != _CS598_DataFrame_merge\nassert pd.to_datetime != _CS598_to_datetime\n# Overwriting is not trivial. Thanks to:\n# https://github.com/lux-org/lux/blob/550a2eca90b26c944ebe8600df7a51907bc851be/lux/core/__init__.py#L27\npd.Series.apply = pd.core.frame.Series.apply = pd.core.series.Series.apply = _CS598_Series_apply\npd.DataFrame.apply = pd.core.frame.DataFrame.apply = _CS598_DataFrame_apply\npd.DataFrame.merge = pd.core.frame.DataFrame.merge = _CS598_save_DataFrame_merge\npd.to_datetime = _CS598_to_datetime\n# Input data files are available in the read-only \"../input/\" directory\n# For example, running this (by clicking run or pressing Shift+Enter) will list all files under the input directory\n\nimport os\nfor dirname, _, filenames in os.walk('/kaggle/input'):\n    for filename in filenames:\n        print(os.path.join(dirname, filename))\n\n# You can write up to 20GB to the current directory (/kaggle/working/) that gets preserved as output when you create a version using \"Save & Run All\" \n# You can also write temporary files to /kaggle/temp/, but they won't be saved outside of the current session",
      "total-ns": 2672536463,
      "vars": {},
      "p2m": {},
      "m2p": {}
    },
    {
      "raw": "df = pd.read_csv(\"../input/shopping_trends_updated.csv\")\ndf.head()",
      "total-ns": 40362021,
      "vars": {
        "df": 3340224
      },
      "p2m": {},
      "m2p": {}
    },
    {
      "raw": "df = df\nintended_df_size_in_MB = 1024\nfactor = intended_df_size_in_MB*(2**20)/df.memory_usage(index=True).sum()\nif int(factor) > 0:\n    df = pd.concat([df]*int(factor), ignore_index=True)\nelse:\n    rowCount = int(df.shape[0]*factor)\n    df = df[0:rowCount]\ndf = df\ndf.info()",
      "total-ns": 2887198506,
      "vars": {
        "df": 6382893024
      },
      "p2m": {},
      "m2p": {}
    },
    {
      "raw": "df.shape",
      "total-ns": 554850,
      "vars": {
        "df": 6382893024
      },
      "p2m": {},
      "m2p": {}
    },
    {
      "raw": "df.columns",
      "total-ns": 424070,
      "vars": {
        "df": 6382893024
      },
      "p2m": {},
      "m2p": {}
    },
    {
      "raw": "df.info()",
      "total-ns": 4373500,
      "vars": {
        "df": 6382893024
      },
      "p2m": {},
      "m2p": {}
    },
    {
      "raw": "df.isnull().sum()",
      "total-ns": 8710582829,
      "vars": {
        "df": 6382893024
      },
      "p2m": {},
      "m2p": {}
    },
    {
      "raw": "df.duplicated().sum()",
      "total-ns": 5303196914,
      "vars": {
        "df": 6382893024
      },
      "p2m": {},
      "m2p": {}
    },
    {
      "raw": "df.describe()",
      "total-ns": 1030129006,
      "vars": {
        "df": 6382893024
      },
      "p2m": {},
      "m2p": {}
    },
    {
      "raw": "gender_counts = df['Gender'].value_counts()",
      "total-ns": 251858104,
      "vars": {
        "df": 6382893024,
        "gender_counts": 156
      },
      "p2m": {},
      "m2p": {}
    },
    {
      "raw": "category_data = df['Category'].value_counts()",
      "total-ns": 251977094,
      "vars": {
        "df": 6382893024,
        "gender_counts": 156,
        "category_data": 312
      },
      "p2m": {},
      "m2p": {}
    },
    {
      "raw": "df.columns",
      "total-ns": 439920,
      "vars": {
        "df": 6382893024,
        "gender_counts": 156,
        "category_data": 312
      },
      "p2m": {},
      "m2p": {}
    },
    {
      "raw": "sold_items = df['Item Purchased'].value_counts().sort_values(ascending = False)\n",
      "total-ns": 251589473,
      "vars": {
        "df": 6382893024,
        "gender_counts": 156,
        "category_data": 312,
        "sold_items": 1788
      },
      "p2m": {},
      "m2p": {}
    },
    {
      "raw": "var = df.groupby(['Item Purchased', 'Gender']).size().reset_index(name='Customer Count')\nsorted_var = var.sort_values(by='Item Purchased', ascending=False)",
      "total-ns": 758342313,
      "vars": {
        "df": 6382893024,
        "gender_counts": 156,
        "category_data": 312,
        "sold_items": 1788,
        "var": 6788,
        "sorted_var": 7060
      },
      "p2m": {},
      "m2p": {}
    },
    {
      "raw": "var = df.groupby('Category')['Purchase Amount (USD)'].sum().reset_index().sort_values(by='Purchase Amount (USD)',ascending=False)",
      "total-ns": 381827217,
      "vars": {
        "df": 6382893024,
        "gender_counts": 156,
        "category_data": 312,
        "sold_items": 1788,
        "var": 344,
        "sorted_var": 7060
      },
      "p2m": {},
      "m2p": {}
    },
    {
      "raw": "var = df.groupby('Location')['Purchase Amount (USD)'].sum().reset_index().sort_values(by='Purchase Amount (USD)',ascending=False).head(10)",
      "total-ns": 366253076,
      "vars": {
        "df": 6382893024,
        "gender_counts": 156,
        "category_data": 312,
        "sold_items": 1788,
        "var": 830,
        "sorted_var": 7060
      },
      "p2m": {},
      "m2p": {}
    },
    {
      "raw": "size_count = df['Size'].value_counts()",
      "total-ns": 258380455,
      "vars": {
        "df": 6382893024,
        "gender_counts": 156,
        "category_data": 312,
        "sold_items": 1788,
        "var": 830,
        "sorted_var": 7060,
        "size_count": 281
      },
      "p2m": {},
      "m2p": {}
    },
    {
      "raw": "color_count = df['Color'].value_counts().head(10)",
      "total-ns": 251118114,
      "vars": {
        "df": 6382893024,
        "gender_counts": 156,
        "category_data": 312,
        "sold_items": 1788,
        "var": 830,
        "sorted_var": 7060,
        "size_count": 281,
        "color_count": 717
      },
      "p2m": {},
      "m2p": {}
    },
    {
      "raw": "df.columns",
      "total-ns": 429700,
      "vars": {
        "df": 6382893024,
        "gender_counts": 156,
        "category_data": 312,
        "sold_items": 1788,
        "var": 830,
        "sorted_var": 7060,
        "size_count": 281,
        "color_count": 717
      },
      "p2m": {},
      "m2p": {}
    },
    {
      "raw": "season_data = df['Season'].value_counts()",
      "total-ns": 250626824,
      "vars": {
        "df": 6382893024,
        "gender_counts": 156,
        "category_data": 312,
        "sold_items": 1788,
        "var": 830,
        "sorted_var": 7060,
        "size_count": 281,
        "color_count": 717,
        "season_data": 298
      },
      "p2m": {},
      "m2p": {}
    },
    {
      "raw": "subs_count = df['Subscription Status'].value_counts()",
      "total-ns": 251582634,
      "vars": {
        "df": 6382893024,
        "gender_counts": 156,
        "category_data": 312,
        "sold_items": 1788,
        "var": 830,
        "sorted_var": 7060,
        "size_count": 281,
        "color_count": 717,
        "season_data": 298,
        "subs_count": 151
      },
      "p2m": {},
      "m2p": {}
    },
    {
      "raw": "shipping_count = df['Shipping Type'].value_counts()",
      "total-ns": 252434184,
      "vars": {
        "df": 6382893024,
        "gender_counts": 156,
        "category_data": 312,
        "sold_items": 1788,
        "var": 830,
        "sorted_var": 7060,
        "size_count": 281,
        "color_count": 717,
        "season_data": 298,
        "subs_count": 151,
        "shipping_count": 472
      },
      "p2m": {},
      "m2p": {}
    },
    {
      "raw": "disc_count = df['Discount Applied'].value_counts()",
      "total-ns": 247167914,
      "vars": {
        "df": 6382893024,
        "gender_counts": 156,
        "category_data": 312,
        "sold_items": 1788,
        "var": 830,
        "sorted_var": 7060,
        "size_count": 281,
        "color_count": 717,
        "season_data": 298,
        "subs_count": 151,
        "shipping_count": 472,
        "disc_count": 151
      },
      "p2m": {},
      "m2p": {}
    },
    {
      "raw": "df.columns",
      "total-ns": 634760,
      "vars": {
        "df": 6382893024,
        "gender_counts": 156,
        "category_data": 312,
        "sold_items": 1788,
        "var": 830,
        "sorted_var": 7060,
        "size_count": 281,
        "color_count": 717,
        "season_data": 298,
        "subs_count": 151,
        "shipping_count": 472,
        "disc_count": 151
      },
      "p2m": {},
      "m2p": {}
    },
    {
      "raw": "df['Promo Code Used'].value_counts()",
      "total-ns": 252740245,
      "vars": {
        "df": 6382893024,
        "gender_counts": 156,
        "category_data": 312,
        "sold_items": 1788,
        "var": 830,
        "sorted_var": 7060,
        "size_count": 281,
        "color_count": 717,
        "season_data": 298,
        "subs_count": 151,
        "shipping_count": 472,
        "disc_count": 151
      },
      "p2m": {},
      "m2p": {}
    }
  ]
}