{
  "cells": [
    {
      "raw": "import warnings\nwarnings.filterwarnings('ignore')\nimport numpy as np\n\nimport pandas as pd\nimport functools\n\nimport os\nos.environ[\"MODIN_ENGINE\"] = \"ray\"\nimport ray\nos.environ['MODIN_CPUS'] = \"4\"\nray.init(num_cpus=4, runtime_env={'env_vars': {'__MODIN_AUTOIMPORT_PANDAS__': '1'}})\nimport modin.pandas as modin_pd\n\n\nos.environ[\"USE_MODIN\"]=\"True\"\n\nfrom typing import Dict, List, Optional, Tuple, Any, Literal, Callable\nfrom pandas._typing import AggFuncType, Axis, IndexLabel, Suffixes\n\n_CS598_save_DataFrame_apply = pd.DataFrame.apply\n_CS598_save_DataFrame_merge = pd.DataFrame.merge\n_CS598_save_Series_apply = pd.Series.apply\n_CS598_save_to_datetime = pd.to_datetime\n\ndef _CS598_Series_apply(self, func: AggFuncType, convert_dtype: bool = True,\n                        args: tuple[Any, ...] = (), **kwargs):\n  default_call = functools.partial(_CS598_save_Series_apply, self, func, convert_dtype, args, **kwargs)\n  assert isinstance(self, pd.Series)\n  \n  if os.environ[\"USE_MODIN\"] == \"True\":\n    modin_ser = modin_pd.Series(self)\n    # TODO: We need a generic way to deal with this.\n    # Problem: pd.numeric is passed which doesn't work on a modin dataframe.\n    if func == pd.to_numeric:\n      assert false\n      func = modin_pd.to_numeric\n    modin_res = modin_ser.apply(func, convert_dtype, args, **kwargs)\n    return modin_res._to_pandas()\n  return default_call()\n\ndef _CS598_DataFrame_apply(\n    self,\n    func: AggFuncType,\n    axis: Axis = 0,\n    raw: bool = False,\n    result_type: Literal[\"expand\", \"reduce\", \"broadcast\"] | None = None,\n    args=(),\n    **kwargs,\n):\n  default_call = functools.partial(_CS598_save_DataFrame_apply, self, func, axis, raw, result_type, args, **kwargs)\n  assert isinstance(self, pd.DataFrame)\n  \n  if os.environ[\"USE_MODIN\"] == \"True\":\n    modin_df = modin_pd.DataFrame(self)\n    modin_res = modin_df.apply(func, axis, raw, result_type, args, **kwargs)\n    return modin_res._to_pandas()\n  return default_call()\n\ndef _CS598_DataFrame_merge(\n    self,\n    right: pd.DataFrame | pd.Series,\n    how: str = \"inner\",\n    on: IndexLabel | None = None,\n    left_on: IndexLabel | None = None,\n    right_on: IndexLabel | None = None,\n    left_index: bool = False,\n    right_index: bool = False,\n    sort: bool = False,\n    suffixes: Suffixes = (\"_x\", \"_y\"),\n    copy: bool = True,\n    indicator: bool = False,\n    validate: str | None = None,\n) -> pd.DataFrame:\n  assert isinstance(self, pd.DataFrame)        \n  default_call = functools.partial(_CS598_save_DataFrame_merge, self, right, how, on, \n      left_on, right_on, left_index, right_index, sort, suffixes, copy, indicator, validate)\n  \n  if os.environ[\"USE_MODIN\"] == \"True\":\n    modin_df = modin_pd.DataFrame(self)\n    modin_res = modin_df.merge(right, how, on, \n      left_on, right_on, left_index, right_index, sort, suffixes, copy, indicator, validate)\n    return modin_res._to_pandas()\n  return default_call()\n\n\ndef _CS598_to_datetime(\n    arg,\n    errors = \"raise\",\n    dayfirst: bool = False,\n    yearfirst: bool = False,\n    utc: bool | None = None,\n    format: str | None = None,\n    exact: bool = True,\n    unit: str | None = None,\n    infer_datetime_format: bool = False,\n    origin=\"unix\",\n    cache: bool = True,\n):\n  default_call = functools.partial(_CS598_save_to_datetime, arg, errors, dayfirst,\n      yearfirst, utc, format, exact, unit,infer_datetime_format, origin, cache)\n  \n  if os.environ[\"USE_MODIN\"] == \"True\":\n    if type(arg) == pd.DataFrame:\n      arg = modin_pd.DataFrame(arg)\n    elif type(arg) == pd.Series:\n      arg = modin_pd.Series(arg)\n\n    modin_res = modin_pd.to_datetime(arg, errors, dayfirst,\n      yearfirst, utc, format, exact, unit,infer_datetime_format, origin, cache)\n    return modin_res._to_pandas()\n  return default_call()\n\nassert pd.Series.apply != _CS598_Series_apply\nassert pd.DataFrame.apply != _CS598_DataFrame_apply\nassert pd.DataFrame.merge != _CS598_DataFrame_merge\nassert pd.to_datetime != _CS598_to_datetime\n# Overwriting is not trivial. Thanks to:\n# https://github.com/lux-org/lux/blob/550a2eca90b26c944ebe8600df7a51907bc851be/lux/core/__init__.py#L27\npd.Series.apply = pd.core.frame.Series.apply = pd.core.series.Series.apply = _CS598_Series_apply\npd.DataFrame.apply = pd.core.frame.DataFrame.apply = _CS598_DataFrame_apply\npd.DataFrame.merge = pd.core.frame.DataFrame.merge = _CS598_save_DataFrame_merge\npd.to_datetime = _CS598_to_datetime\n",
      "total-ns": 2752160989,
      "vars": {},
      "p2m": {},
      "m2p": {}
    },
    {
      "raw": "df=pd.read_csv(r'../input/churn-bigml-80.csv')",
      "total-ns": 29687831,
      "vars": {
        "df": 816943
      },
      "p2m": {},
      "m2p": {}
    },
    {
      "raw": "df = df\nintended_df_size_in_MB = 1024\nfactor = intended_df_size_in_MB*(2**20)/df.memory_usage(index=True).sum()\nif int(factor) > 0:\n    df = pd.concat([df]*int(factor), ignore_index=True)\nelse:\n    rowCount = int(df.shape[0]*factor)\n    df = df[0:rowCount]\ndf = df\ndf.info()",
      "total-ns": 2342679097,
      "vars": {
        "df": 2148998313
      },
      "p2m": {},
      "m2p": {}
    },
    {
      "raw": "df.head()",
      "total-ns": 601980,
      "vars": {
        "df": 2148998313
      },
      "p2m": {},
      "m2p": {}
    },
    {
      "raw": "df.shape",
      "total-ns": 495021,
      "vars": {
        "df": 2148998313
      },
      "p2m": {},
      "m2p": {}
    },
    {
      "raw": "df.columns",
      "total-ns": 457940,
      "vars": {
        "df": 2148998313
      },
      "p2m": {},
      "m2p": {}
    },
    {
      "raw": "df.nunique()",
      "total-ns": 6517382970,
      "vars": {
        "df": 2148998313
      },
      "p2m": {},
      "m2p": {}
    },
    {
      "raw": "df.info()",
      "total-ns": 5161950,
      "vars": {
        "df": 2148998313
      },
      "p2m": {},
      "m2p": {}
    },
    {
      "raw": "df[\"Churn\"] = df[\"Churn\"].astype(\"int64\")",
      "total-ns": 20817051,
      "vars": {
        "df": 2198098035
      },
      "p2m": {},
      "m2p": {}
    },
    {
      "raw": "df.info()",
      "total-ns": 4528871,
      "vars": {
        "df": 2198098035
      },
      "p2m": {},
      "m2p": {}
    },
    {
      "raw": "df.describe().T",
      "total-ns": 3739976390,
      "vars": {
        "df": 2198098035
      },
      "p2m": {},
      "m2p": {}
    },
    {
      "raw": "df.describe(include=[\"object\"]).T",
      "total-ns": 2038904292,
      "vars": {
        "df": 2198098035
      },
      "p2m": {},
      "m2p": {}
    },
    {
      "raw": "df[\"Churn\"].value_counts()",
      "total-ns": 30727860,
      "vars": {
        "df": 2198098035
      },
      "p2m": {},
      "m2p": {}
    },
    {
      "raw": "df[\"Churn\"].value_counts(normalize=True)",
      "total-ns": 30108201,
      "vars": {
        "df": 2198098035
      },
      "p2m": {},
      "m2p": {}
    },
    {
      "raw": "df.sort_values(by=\"Total day charge\", ascending=False).head()",
      "total-ns": 5215621433,
      "vars": {
        "df": 2198098035
      },
      "p2m": {},
      "m2p": {}
    },
    {
      "raw": "df.sort_values(by=[\"Total day charge\", 'Total day calls'], ascending=[True, False]).head()",
      "total-ns": 2534251050,
      "vars": {
        "df": 2198098035
      },
      "p2m": {},
      "m2p": {}
    },
    {
      "raw": "df.loc[0:5, \"State\":\"Area code\"]",
      "total-ns": 3198020,
      "vars": {
        "df": 2198098035
      },
      "p2m": {},
      "m2p": {}
    },
    {
      "raw": "df.iloc[0:5, 0:3]",
      "total-ns": 1043870,
      "vars": {
        "df": 2198098035
      },
      "p2m": {},
      "m2p": {}
    },
    {
      "raw": "df.groupby(\"Churn\")[\"Total day minutes\"].mean()",
      "total-ns": 99615821,
      "vars": {
        "df": 2198098035
      },
      "p2m": {},
      "m2p": {}
    },
    {
      "raw": "columns_to_show = [\"Total day minutes\", \"Total eve minutes\", \"Total night minutes\"]\n\ndf.groupby([\"Churn\"])[columns_to_show].agg(['mean', 'std', 'max', 'min'])",
      "total-ns": 1289700851,
      "vars": {
        "df": 2198098035
      },
      "p2m": {},
      "m2p": {}
    },
    {
      "raw": "df.apply(np.max)",
      "total-ns": 4540029253,
      "vars": {
        "df": 2198098035
      },
      "p2m": {},
      "m2p": {}
    },
    {
      "raw": "df[ (df[\"Churn\"] == 0) & (df[\"International plan\"] == \"No\") ][\"Total intl minutes\"].max()",
      "total-ns": 769483022,
      "vars": {
        "df": 2198098035
      },
      "p2m": {},
      "m2p": {}
    },
    {
      "raw": "pd.crosstab(df[\"Churn\"], df[\"International plan\"])",
      "total-ns": 743021302,
      "vars": {
        "df": 2198098035
      },
      "p2m": {},
      "m2p": {}
    },
    {
      "raw": "pd.crosstab(df[\"Churn\"], df[\"International plan\"], normalize=True)",
      "total-ns": 744187782,
      "vars": {
        "df": 2198098035
      },
      "p2m": {},
      "m2p": {}
    },
    {
      "raw": "total_calls = (\n    df[\"Total day calls\"]\n    + df[\"Total eve calls\"]\n    + df[\"Total night calls\"]\n    + df[\"Total intl calls\"]\n)\n\ndf.insert(loc=len(df.columns), column=\"Total calls\", value=total_calls)",
      "total-ns": 48025661,
      "vars": {
        "df": 2254212003,
        "total_calls": 56114112
      },
      "p2m": {},
      "m2p": {}
    },
    {
      "raw": "d = {\"No\": 0, \"Yes\": 1}",
      "total-ns": 477900,
      "vars": {
        "df": 2254212003,
        "total_calls": 56114112
      },
      "p2m": {},
      "m2p": {}
    },
    {
      "raw": "df[\"International plan\"] = df[\"International plan\"].map(d)",
      "total-ns": 368497886,
      "vars": {
        "df": 1895775087,
        "total_calls": 56114112
      },
      "p2m": {},
      "m2p": {}
    },
    {
      "raw": "df = df.replace({\"Voice mail plan\": d})",
      "total-ns": 2414496969,
      "vars": {
        "df": 1536120018,
        "total_calls": 56114112
      },
      "p2m": {},
      "m2p": {}
    },
    {
      "raw": "df.head()",
      "total-ns": 627420,
      "vars": {
        "df": 1536120018,
        "total_calls": 56114112
      },
      "p2m": {},
      "m2p": {}
    },
    {
      "raw": "df[\"Total charge\"] =df[\"Total day charge\"] + df[\"Total eve charge\"] + df[\"Total night charge\"] + df[\"Total intl charge\"]",
      "total-ns": 47577291,
      "vars": {
        "df": 1592233986,
        "total_calls": 56114112
      },
      "p2m": {},
      "m2p": {}
    },
    {
      "raw": "df.head()",
      "total-ns": 602610,
      "vars": {
        "df": 1592233986,
        "total_calls": 56114112
      },
      "p2m": {},
      "m2p": {}
    },
    {
      "raw": "df.drop([\"Total charge\", \"Total day calls\"], axis=1, inplace=True)",
      "total-ns": 288222915,
      "vars": {
        "df": 1480006050,
        "total_calls": 56114112
      },
      "p2m": {},
      "m2p": {}
    },
    {
      "raw": "df.head()",
      "total-ns": 616710,
      "vars": {
        "df": 1480006050,
        "total_calls": 56114112
      },
      "p2m": {},
      "m2p": {}
    },
    {
      "raw": "",
      "total-ns": 178250,
      "vars": {
        "df": 1480006050,
        "total_calls": 56114112
      },
      "p2m": {},
      "m2p": {}
    },
    {
      "raw": "",
      "total-ns": 172220,
      "vars": {
        "df": 1480006050,
        "total_calls": 56114112
      },
      "p2m": {},
      "m2p": {}
    },
    {
      "raw": "",
      "total-ns": 171120,
      "vars": {
        "df": 1480006050,
        "total_calls": 56114112
      },
      "p2m": {},
      "m2p": {}
    },
    {
      "raw": "",
      "total-ns": 296110,
      "vars": {
        "df": 1480006050,
        "total_calls": 56114112
      },
      "p2m": {},
      "m2p": {}
    }
  ]
}