{
  "cells": [
    {
      "raw": "import pandas as pd\nimport numpy as np",
      "total-ns": 1172565197
    },
    {
      "raw": "df = pd.read_csv('../input/annex1.csv')\ndf.head()",
      "total-ns": 22226253
    },
    {
      "raw": "df1 = pd.read_csv('../input/annex2.csv')\ndf1.head()",
      "total-ns": 3580993849
    },
    {
      "raw": "# Join the both DataFrames\n\nmerge = pd.merge(df, df1, on ='Item Code')\nmerge.head()",
      "total-ns": 1145995877
    },
    {
      "raw": "df = merge\nintended_df_size_in_MB = 1024\nfactor = intended_df_size_in_MB*(2**20)/df.memory_usage(index=True).sum()\nif int(factor) > 0:\n    df = pd.concat([df]*int(factor), ignore_index=True)\nelse:\n    rowCount = int(df.shape[0]*factor)\n    df = df[0:rowCount]\nmerge = df\nmerge.info()",
      "total-ns": 2542861650
    },
    {
      "raw": "# Rename Columns\nmerge = merge.rename(columns={'Quantity Sold (kilo)':'Quantity Sold', 'Unit Selling Price (RMB/kg)':'Unit Selling Price','Discount (Yes/No)':'Discount'})",
      "total-ns": 7184072473
    },
    {
      "raw": "#Change datatype of date column.\n\nmerge['Date'] = pd.to_datetime(merge['Date'])",
      "total-ns": 2586920768
    },
    {
      "raw": "merge.isnull().sum()",
      "total-ns": 9702312872
    },
    {
      "raw": "Category_count = merge['Category Name'].value_counts()\nCategory_count",
      "total-ns": 564541339
    },
    {
      "raw": "top_10_products = merge['Item Name'].value_counts()[:10]\ntop_10_products",
      "total-ns": 568142999
    },
    {
      "raw": "# Creating sales column\n\nmerge['Sales'] = merge['Unit Selling Price'] * merge['Quantity Sold']",
      "total-ns": 100112766
    },
    {
      "raw": "Item_sales = merge.groupby('Item Name',as_index=False)['Sales'].sum().sort_values(by='Sales',ascending=False).head(10)\nItem_sales",
      "total-ns": 1226508152
    },
    {
      "raw": "#Add year column in dataframe\nmerge['Year'] = merge['Date'].dt.year",
      "total-ns": 1154540961
    },
    {
      "raw": "Year_wise_sales=merge.groupby('Year')['Sales'].sum()\nYear_wise_sales",
      "total-ns": 299754457
    },
    {
      "raw": "Sale_Or_Return = merge['Sale or Return'].value_counts()\nSale_Or_Return = pd.DataFrame(Sale_Or_Return)\nSale_Or_Return",
      "total-ns": 788513914
    },
    {
      "raw": "Discount = merge['Discount'].value_counts()\nDiscount = pd.DataFrame(Discount)\nDiscount",
      "total-ns": 789760390
    },
    {
      "raw": "",
      "total-ns": 186132
    }
  ]
}