{
  "cells": [
    {
      "raw": "# This Python 3 environment comes with many helpful analytics libraries installed\n# It is defined by the kaggle/python Docker image: https://github.com/kaggle/docker-python\n# For example, here's several helpful packages to load\n\nimport numpy as np # linear algebra\nimport pandas as pd\n# Input data files are available in the read-only \"../input/\" directory\n# For example, running this (by clicking run or pressing Shift+Enter) will list all files under the input directory\n\nimport os\nfor dirname, _, filenames in os.walk('/kaggle/input'):\n    for filename in filenames:\n        print(os.path.join(dirname, filename))\n\n# You can write up to 20GB to the current directory (/kaggle/working/) that gets preserved as output when you create a version using \"Save & Run All\" \n# You can also write temporary files to /kaggle/temp/, but they won't be saved outside of the current session",
      "total-ns": 416069360
    },
    {
      "raw": "df = pd.read_csv(\"../input/shopping_trends_updated.csv\")\ndf.head()",
      "total-ns": 20310105
    },
    {
      "raw": "df = df\nintended_df_size_in_MB = 1024\nfactor = intended_df_size_in_MB*(2**20)/df.memory_usage(index=True).sum()\nif int(factor) > 0:\n    df = pd.concat([df]*int(factor), ignore_index=True)\nelse:\n    rowCount = int(df.shape[0]*factor)\n    df = df[0:rowCount]\ndf = df\ndf.info()",
      "total-ns": 3378186973
    },
    {
      "raw": "df.shape",
      "total-ns": 630564
    },
    {
      "raw": "df.columns",
      "total-ns": 253539
    },
    {
      "raw": "df.info()",
      "total-ns": 5199638
    },
    {
      "raw": "df.isnull().sum()",
      "total-ns": 13290693631
    },
    {
      "raw": "df.duplicated().sum()",
      "total-ns": 8349498394
    },
    {
      "raw": "df.describe()",
      "total-ns": 1938020142
    },
    {
      "raw": "gender_counts = df['Gender'].value_counts()",
      "total-ns": 366794687
    },
    {
      "raw": "category_data = df['Category'].value_counts()",
      "total-ns": 361565135
    },
    {
      "raw": "df.columns",
      "total-ns": 559420
    },
    {
      "raw": "sold_items = df['Item Purchased'].value_counts().sort_values(ascending = False)\n",
      "total-ns": 364789468
    },
    {
      "raw": "var = df.groupby(['Item Purchased', 'Gender']).size().reset_index(name='Customer Count')\nsorted_var = var.sort_values(by='Item Purchased', ascending=False)",
      "total-ns": 1367498146
    },
    {
      "raw": "var = df.groupby('Category')['Purchase Amount (USD)'].sum().reset_index().sort_values(by='Purchase Amount (USD)',ascending=False)",
      "total-ns": 562415755
    },
    {
      "raw": "var = df.groupby('Location')['Purchase Amount (USD)'].sum().reset_index().sort_values(by='Purchase Amount (USD)',ascending=False).head(10)",
      "total-ns": 634312486
    },
    {
      "raw": "size_count = df['Size'].value_counts()",
      "total-ns": 362186459
    },
    {
      "raw": "color_count = df['Color'].value_counts().head(10)",
      "total-ns": 364700777
    },
    {
      "raw": "df.columns",
      "total-ns": 567942
    },
    {
      "raw": "season_data = df['Season'].value_counts()",
      "total-ns": 363693052
    },
    {
      "raw": "subs_count = df['Subscription Status'].value_counts()",
      "total-ns": 364419597
    },
    {
      "raw": "shipping_count = df['Shipping Type'].value_counts()",
      "total-ns": 362331561
    },
    {
      "raw": "disc_count = df['Discount Applied'].value_counts()",
      "total-ns": 370876617
    },
    {
      "raw": "df.columns",
      "total-ns": 463368
    },
    {
      "raw": "df['Promo Code Used'].value_counts()",
      "total-ns": 378417368
    }
  ]
}