{
  "cells": [
    {
      "raw": "import warnings\nwarnings.filterwarnings('ignore')\nimport numpy as np\nimport pandas as pd",
      "total-ns": 456802307
    },
    {
      "raw": "df=pd.read_csv(r'../input/churn-bigml-80.csv')",
      "total-ns": 17787070
    },
    {
      "raw": "df = df\nintended_df_size_in_MB = 1024\nfactor = intended_df_size_in_MB*(2**20)/df.memory_usage(index=True).sum()\nif int(factor) > 0:\n    df = pd.concat([df]*int(factor), ignore_index=True)\nelse:\n    rowCount = int(df.shape[0]*factor)\n    df = df[0:rowCount]\ndf = df\ndf.info()",
      "total-ns": 3077473155
    },
    {
      "raw": "df.head()",
      "total-ns": 738797
    },
    {
      "raw": "df.shape",
      "total-ns": 331695
    },
    {
      "raw": "df.columns",
      "total-ns": 205075
    },
    {
      "raw": "df.nunique()",
      "total-ns": 1946388822
    },
    {
      "raw": "df.info()",
      "total-ns": 5887643
    },
    {
      "raw": "df[\"Churn\"] = df[\"Churn\"].astype(\"int64\")",
      "total-ns": 48307092
    },
    {
      "raw": "df.info()",
      "total-ns": 6067105
    },
    {
      "raw": "df.describe().T",
      "total-ns": 7334111172
    },
    {
      "raw": "df.describe(include=[\"object\"]).T",
      "total-ns": 3139815185
    },
    {
      "raw": "df[\"Churn\"].value_counts()",
      "total-ns": 45741516
    },
    {
      "raw": "df[\"Churn\"].value_counts(normalize=True)",
      "total-ns": 45587122
    },
    {
      "raw": "df.sort_values(by=\"Total day charge\", ascending=False).head()",
      "total-ns": 11816485392
    },
    {
      "raw": "df.sort_values(by=[\"Total day charge\", 'Total day calls'], ascending=[True, False]).head()",
      "total-ns": 12327709898
    },
    {
      "raw": "df.loc[0:5, \"State\":\"Area code\"]",
      "total-ns": 4401583
    },
    {
      "raw": "df.iloc[0:5, 0:3]",
      "total-ns": 1451592
    },
    {
      "raw": "df.groupby(\"Churn\")[\"Total day minutes\"].mean()",
      "total-ns": 226055748
    },
    {
      "raw": "columns_to_show = [\"Total day minutes\", \"Total eve minutes\", \"Total night minutes\"]\n\ndf.groupby([\"Churn\"])[columns_to_show].agg(['mean', 'std', 'max', 'min'])",
      "total-ns": 3432709918
    },
    {
      "raw": "df.apply(np.max)",
      "total-ns": 3330744499
    },
    {
      "raw": "df[ (df[\"Churn\"] == 0) & (df[\"International plan\"] == \"No\") ][\"Total intl minutes\"].max()",
      "total-ns": 1852742836
    },
    {
      "raw": "pd.crosstab(df[\"Churn\"], df[\"International plan\"])",
      "total-ns": 1892476729
    },
    {
      "raw": "pd.crosstab(df[\"Churn\"], df[\"International plan\"], normalize=True)",
      "total-ns": 1861430518
    },
    {
      "raw": "total_calls = (\n    df[\"Total day calls\"]\n    + df[\"Total eve calls\"]\n    + df[\"Total night calls\"]\n    + df[\"Total intl calls\"]\n)\n\ndf.insert(loc=len(df.columns), column=\"Total calls\", value=total_calls)",
      "total-ns": 184896573
    },
    {
      "raw": "d = {\"No\": 0, \"Yes\": 1}",
      "total-ns": 857033
    },
    {
      "raw": "df[\"International plan\"] = df[\"International plan\"].map(d)",
      "total-ns": 974446613
    },
    {
      "raw": "df = df.replace({\"Voice mail plan\": d})",
      "total-ns": 4599505738
    },
    {
      "raw": "df.head()",
      "total-ns": 862766
    },
    {
      "raw": "df[\"Total charge\"] =df[\"Total day charge\"] + df[\"Total eve charge\"] + df[\"Total night charge\"] + df[\"Total intl charge\"]",
      "total-ns": 162934359
    },
    {
      "raw": "df.head()",
      "total-ns": 772274
    },
    {
      "raw": "df.drop([\"Total charge\", \"Total day calls\"], axis=1, inplace=True)",
      "total-ns": 812292804
    },
    {
      "raw": "df.head()",
      "total-ns": 786058
    },
    {
      "raw": "",
      "total-ns": 102708
    },
    {
      "raw": "",
      "total-ns": 70025
    },
    {
      "raw": "",
      "total-ns": 52580
    },
    {
      "raw": "",
      "total-ns": 50623
    }
  ]
}