{
  "cells": [
    {
      "raw": "import os\nimport pandas as pd\nimport seaborn as sns \nimport matplotlib.pyplot as plt ",
      "total-ns": 1849128667
    },
    {
      "raw": "data = pd.read_csv('../input/nfl-big-data-bowl-2023/week1.csv')\nscout = pd.read_csv('../input/nfl-big-data-bowl-2023/pffScoutingData.csv')\nplays = pd.read_csv('../input/nfl-big-data-bowl-2023/plays.csv')\nplayers = pd.read_csv('../input/nfl-big-data-bowl-2023/players.csv')\n\n# Let's merge these data into one set \ndata = data.merge(scout, how='left')\ndata.shape",
      "total-ns": 4006669976
    },
    {
      "raw": "df = data\nintended_df_size_in_MB = 1024\nfactor = intended_df_size_in_MB*(2**20)/df.memory_usage(index=True).sum()\nif int(factor) > 0:\n    df = pd.concat([df]*int(factor), ignore_index=True)\nelse:\n    rowCount = int(df.shape[0]*factor)\n    df = df[0:rowCount]\ndata = df\ndata.info()",
      "total-ns": 946879921
    },
    {
      "raw": "# get ball snap indicies \n_idxs = (data\n         .loc[data['event']=='ball_snap', \n              'frameId']\n         .index\n         .values)\n\n# to get 500ms of movement after snap, get 5 rows (each row is 100ms of info)\nx = [(_idxs+x).tolist() for x in range(0,6)]\nidxs = [item for sublist in x for item in sublist] #the output x is a list of lists, so this is just to flatten the list\n\n# filter for snap + 500ms of data only using our selected indicies\n_df = data.loc[idxs]",
      "total-ns": 1116478034
    },
    {
      "raw": "gid = 2021090900\npid = 97 \nnid = 25511 \n_df.loc[(_df['gameId']==gid) & (_df['playId']==pid) & (_df['nflId']==nid)]",
      "total-ns": 299937033
    },
    {
      "raw": "# get line of scrimmage info to compute block/rush depth relative to LOS\n_los = (data\n        .loc[(data['team']=='football') & \n             (data['frameId']==1), \n             ['gameId', 'playId', 'x']]\n        .rename(columns={'x':'los'}))\n\n# merge LOS info back to subsetted data\n_df = _df.merge(_los)",
      "total-ns": 3053501397
    },
    {
      "raw": "_df.loc[(_df['gameId']==gid) & (_df['playId']==pid) & (_df['nflId']==nid)]",
      "total-ns": 1202417392
    },
    {
      "raw": "# get difference from LOS for all frames and players \n_df['los_diff'] = _df['x'].sub(_df['los'])\n\n# multiply by -1 for plays going the \"left\" direction \n# this is so pass block is monotonic in the same direction (as well as pass rush)\n_df.loc[_df['playDirection']=='left', 'los_diff'] = _df.loc[_df['playDirection']=='left', 'los_diff'].mul(-1)\n\n# merge onto play info to get possession team (could do this anywhere, i do it here for no real optimal reason)\n_df = plays.loc[:, ['gameId', 'playId', 'possessionTeam']].merge(_df)",
      "total-ns": 2731959328
    },
    {
      "raw": "_df.loc[(_df['gameId']==gid) & (_df['playId']==pid) & (_df['nflId']==nid)]",
      "total-ns": 1010926617
    },
    {
      "raw": "# indicate if a player is on the possession team (1), the defensive team (0), or neither aka the football (-1)\n_df['posTeam'] = 0\n_df.loc[_df['possessionTeam']==_df['team'], 'posTeam'] = 1 \n_df.loc[_df['team']=='football', 'posTeam'] = -1\n\n# create initial snap speed dataframe (mean of speed and acceleration per player)\nsnap_speed = (_df\n              .loc[:, ['nflId','s','a']]\n              .groupby('nflId', \n                       as_index=False)\n              .mean())",
      "total-ns": 506250030
    },
    {
      "raw": "snap_speed.head()",
      "total-ns": 856168
    },
    {
      "raw": "# given whether a offense player or defense player, aggregate by maxmimum or minimum LOS difference, respectively. \n# e.g. if o-lineman has more a negative LOS diff, they allow more pass rush penetration \n_off = _df.loc[_df['posTeam']==1, ['gameId', 'playId', 'nflId', 'los_diff']].groupby(['gameId', 'playId', 'nflId'], as_index=False).max()\n_def = _df.loc[_df['posTeam']==0, ['gameId', 'playId', 'nflId', 'los_diff']].groupby(['gameId', 'playId', 'nflId'], as_index=False).min()\nlos_diff = _off.append(_def)\nlos_diff = (los_diff\n            .loc[:, ['nflId', 'los_diff']]\n            .groupby('nflId', \n                     as_index=False)\n            .mean())\n\n# merge LOS diff data back onto snap speed\nsnap_speed = snap_speed.merge(los_diff)\nsnap_speed = snap_speed.rename(columns={'s':'snap_s', 'a':'snap_a', 'los_diff':'snap_los_diff'})\n",
      "total-ns": 1084542608
    },
    {
      "raw": "snap_speed.head()",
      "total-ns": 580297
    },
    {
      "raw": "df_plt = players.loc[:, ['nflId', 'officialPosition', 'displayName']].merge(snap_speed)\n# STEFANOS: Disable plotting\n# sns.scatterplot(data=df_plt.loc[df_plt['officialPosition'].isin(['T','G','C','DT','NT','DE'])], x='snap_s', y='snap_los_diff', hue='officialPosition')\n# plt.axhline(0, ls=':', lw=2, c='k')\n# plt.legend(bbox_to_anchor=(1.02,1), loc=2)\n# sns.despine()\n# plt.show()",
      "total-ns": 4606539
    },
    {
      "raw": "df_plt.loc[(df_plt['officialPosition']=='DE') & (df_plt['snap_los_diff']<0)].sort_values('snap_los_diff')",
      "total-ns": 1973504
    }
  ]
}