{
  "cells": [
    {
      "raw": "\nimport matplotlib.pyplot as plt\nimport seaborn as sns\nimport os\nimport pandas as pd\n",
      "total-ns": 1763759322
    },
    {
      "raw": "data=pd.read_csv(\"../input/superstore/SampleSuperstore.csv\")",
      "total-ns": 35487399
    },
    {
      "raw": "df = data\nintended_df_size_in_MB = 1024\nfactor = intended_df_size_in_MB*(2**20)/df.memory_usage(index=True).sum()\nif int(factor) > 0:\n    df = pd.concat([df]*int(factor), ignore_index=True)\nelse:\n    rowCount = int(df.shape[0]*factor)\n    df = df[0:rowCount]\ndata = df\ndata.info()",
      "total-ns": 3364642842
    },
    {
      "raw": "data.head()",
      "total-ns": 727628
    },
    {
      "raw": "data.info()",
      "total-ns": 4611994
    },
    {
      "raw": "data.duplicated().sum()",
      "total-ns": 8539079822
    },
    {
      "raw": "data.drop_duplicates(inplace= True)",
      "total-ns": 11791105956
    },
    {
      "raw": "data.info()",
      "total-ns": 19245510
    },
    {
      "raw": "data.drop([\"Postal Code\"], axis=1,inplace= True)",
      "total-ns": 2396074
    },
    {
      "raw": "data.info()",
      "total-ns": 18681818
    },
    {
      "raw": "data.corr()",
      "total-ns": 2190574
    },
    {
      "raw": "# sns.heatmap(data.corr(), annot=True)\n_ = data.corr()",
      "total-ns": 1756538
    },
    {
      "raw": "data[\"Ship Mode\"].value_counts()",
      "total-ns": 1674397
    },
    {
      "raw": "# STEFANOS: Disable plotting\n# sns.countplot(x= data['Ship Mode'])",
      "total-ns": 217740
    },
    {
      "raw": "data[\"Segment\"].value_counts()",
      "total-ns": 1399490
    },
    {
      "raw": "# STEFANOS: Disable plotting\n# sns.countplot(x= data['Segment'])",
      "total-ns": 224136
    },
    {
      "raw": "data[\"Category\"].value_counts()",
      "total-ns": 1308148
    },
    {
      "raw": "# STEFANOS: Disable plotting\n# sns.countplot(x= data['Category'])",
      "total-ns": 153474
    },
    {
      "raw": "data[\"Sub-Category\"].value_counts()\n",
      "total-ns": 1412314
    },
    {
      "raw": "# STEFANOS: Disable plotting\n# plt.figure(figsize=(15,15))\n# plt.pie(data[\"Sub-Category\"].value_counts(), labels= data[\"Sub-Category\"].value_counts().index, autopct =\"%2f\")\n# plt.show()",
      "total-ns": 169206
    },
    {
      "raw": "st_profit=data.groupby([\"State\"])[\"Profit\"].sum().nlargest(20)",
      "total-ns": 5014474
    },
    {
      "raw": "st_profit",
      "total-ns": 421823
    },
    {
      "raw": "# STEFANOS: Disable plotting\n# plt.figure(figsize=(15,8))\n# st_profit.plot.bar()",
      "total-ns": 137802
    },
    {
      "raw": "# STEFANOS: Disable plotting\n# sns.lineplot(data=data, x=\"Discount\", y= \"Profit\")",
      "total-ns": 308330
    },
    {
      "raw": "# STEFANOS: Disable plotting\n# data.plot(kind=\"scatter\",x=\"Sales\",y=\"Profit\", c=\"Discount\", colormap=\"Set1\",figsize=(10,10))",
      "total-ns": 150775
    },
    {
      "raw": "data1= data.groupby(\"State\")[[\"Sales\",\"Profit\"]].sum().sort_values(by=\"Sales\", ascending=False)\n# STEFANOS: Disable plotting\n# data1[:].plot.bar(color = [\"Green\",\"Red\"], figsize=(20,12))\n# plt.title(\"Profit-Loss and Sales across States\")\n# plt.show()",
      "total-ns": 4463962
    },
    {
      "raw": "\ndata1= data.groupby(\"Region\")[[\"Sales\",\"Profit\"]].sum().sort_values(by=\"Sales\", ascending=False)\n# STEFANOS: Disable plotting\n# data1[:].plot.bar(color = [\"Blue\",\"Red\"], figsize=(10,7))\n# plt.title(\"Profit-Loss and Sales across Region\")\n# plt.show()\n",
      "total-ns": 3918644
    }
  ]
}