{
  "cells": [
    {
      "raw": "# Import the necessary libraries\n\nimport pandas as pd\nimport functools\n\nimport os\nos.environ[\"MODIN_ENGINE\"] = \"ray\"\nimport ray\nos.environ['MODIN_CPUS'] = \"4\"\nray.init(num_cpus=4, runtime_env={'env_vars': {'__MODIN_AUTOIMPORT_PANDAS__': '1'}})\nimport modin.pandas as modin_pd\n\n\nos.environ[\"USE_MODIN\"]=\"True\"\n\nfrom typing import Dict, List, Optional, Tuple, Any, Literal, Callable\nfrom pandas._typing import AggFuncType, Axis, IndexLabel, Suffixes\n\n_CS598_save_DataFrame_apply = pd.DataFrame.apply\n_CS598_save_DataFrame_merge = pd.DataFrame.merge\n_CS598_save_Series_apply = pd.Series.apply\n_CS598_save_to_datetime = pd.to_datetime\n\ndef _CS598_Series_apply(self, func: AggFuncType, convert_dtype: bool = True,\n                        args: tuple[Any, ...] = (), **kwargs):\n  default_call = functools.partial(_CS598_save_Series_apply, self, func, convert_dtype, args, **kwargs)\n  assert isinstance(self, pd.Series)\n  \n  if os.environ[\"USE_MODIN\"] == \"True\":\n    modin_ser = modin_pd.Series(self)\n    # TODO: We need a generic way to deal with this.\n    # Problem: pd.numeric is passed which doesn't work on a modin dataframe.\n    if func == pd.to_numeric:\n      assert false\n      func = modin_pd.to_numeric\n    modin_res = modin_ser.apply(func, convert_dtype, args, **kwargs)\n    return modin_res._to_pandas()\n  return default_call()\n\ndef _CS598_DataFrame_apply(\n    self,\n    func: AggFuncType,\n    axis: Axis = 0,\n    raw: bool = False,\n    result_type: Literal[\"expand\", \"reduce\", \"broadcast\"] | None = None,\n    args=(),\n    **kwargs,\n):\n  default_call = functools.partial(_CS598_save_DataFrame_apply, self, func, axis, raw, result_type, args, **kwargs)\n  assert isinstance(self, pd.DataFrame)\n  \n  if os.environ[\"USE_MODIN\"] == \"True\":\n    modin_df = modin_pd.DataFrame(self)\n    modin_res = modin_df.apply(func, axis, raw, result_type, args, **kwargs)\n    return modin_res._to_pandas()\n  return default_call()\n\ndef _CS598_DataFrame_merge(\n    self,\n    right: pd.DataFrame | pd.Series,\n    how: str = \"inner\",\n    on: IndexLabel | None = None,\n    left_on: IndexLabel | None = None,\n    right_on: IndexLabel | None = None,\n    left_index: bool = False,\n    right_index: bool = False,\n    sort: bool = False,\n    suffixes: Suffixes = (\"_x\", \"_y\"),\n    copy: bool = True,\n    indicator: bool = False,\n    validate: str | None = None,\n) -> pd.DataFrame:\n  assert isinstance(self, pd.DataFrame)        \n  default_call = functools.partial(_CS598_save_DataFrame_merge, self, right, how, on, \n      left_on, right_on, left_index, right_index, sort, suffixes, copy, indicator, validate)\n  \n  if os.environ[\"USE_MODIN\"] == \"True\":\n    modin_df = modin_pd.DataFrame(self)\n    modin_res = modin_df.merge(right, how, on, \n      left_on, right_on, left_index, right_index, sort, suffixes, copy, indicator, validate)\n    return modin_res._to_pandas()\n  return default_call()\n\n\ndef _CS598_to_datetime(\n    arg,\n    errors = \"raise\",\n    dayfirst: bool = False,\n    yearfirst: bool = False,\n    utc: bool | None = None,\n    format: str | None = None,\n    exact: bool = True,\n    unit: str | None = None,\n    infer_datetime_format: bool = False,\n    origin=\"unix\",\n    cache: bool = True,\n):\n  default_call = functools.partial(_CS598_save_to_datetime, arg, errors, dayfirst,\n      yearfirst, utc, format, exact, unit,infer_datetime_format, origin, cache)\n  \n  if os.environ[\"USE_MODIN\"] == \"True\":\n    if type(arg) == pd.DataFrame:\n      arg = modin_pd.DataFrame(arg)\n    elif type(arg) == pd.Series:\n      arg = modin_pd.Series(arg)\n\n    modin_res = modin_pd.to_datetime(arg, errors, dayfirst,\n      yearfirst, utc, format, exact, unit,infer_datetime_format, origin, cache)\n    return modin_res._to_pandas()\n  return default_call()\n\nassert pd.Series.apply != _CS598_Series_apply\nassert pd.DataFrame.apply != _CS598_DataFrame_apply\nassert pd.DataFrame.merge != _CS598_DataFrame_merge\nassert pd.to_datetime != _CS598_to_datetime\n# Overwriting is not trivial. Thanks to:\n# https://github.com/lux-org/lux/blob/550a2eca90b26c944ebe8600df7a51907bc851be/lux/core/__init__.py#L27\npd.Series.apply = pd.core.frame.Series.apply = pd.core.series.Series.apply = _CS598_Series_apply\npd.DataFrame.apply = pd.core.frame.DataFrame.apply = _CS598_DataFrame_apply\npd.DataFrame.merge = pd.core.frame.DataFrame.merge = _CS598_save_DataFrame_merge\npd.to_datetime = _CS598_to_datetime\nimport numpy as np\nfrom datetime import datetime\n#import zipfile\n#import kaggle",
      "total-ns": 3153766242
    },
    {
      "raw": "# Uncomment the import to extract the file from Kaggle with your key\n#!kaggle datasets download -d rashikrahmanpritom/data-science-job-posting-on-glassdoor",
      "total-ns": 321670
    },
    {
      "raw": "# Extract the files from the ZIP file\n#zip_name = 'data-science-job-posting-on-glassdoor.zip'\n#with zipfile.ZipFile(zip_name,'r') as file:\n#    file.extractall()",
      "total-ns": 164910
    },
    {
      "raw": "# Read the .csv file as a pandas dataframe\njob_data = pd.read_csv(\"../input/Uncleaned_DS_jobs.csv\")",
      "total-ns": 52789049
    },
    {
      "raw": "job_data.info()",
      "total-ns": 9841090
    },
    {
      "raw": "# Explore the data\njob_data.info()",
      "total-ns": 6545010
    },
    {
      "raw": "job_data.shape",
      "total-ns": 394740
    },
    {
      "raw": "# Check the information structure\njob_data.head()",
      "total-ns": 294300
    },
    {
      "raw": "# Drop the index column\njob_data.drop('index',axis=1,inplace=True)",
      "total-ns": 1235040
    },
    {
      "raw": "# Check for duplicates\njob_data[job_data.duplicated()].shape\njob_data[job_data.duplicated()]",
      "total-ns": 18379010
    },
    {
      "raw": "# Drop duplicates\njob_data.drop_duplicates(inplace=True)",
      "total-ns": 8832430
    },
    {
      "raw": "# Check the shape again\njob_data.shape",
      "total-ns": 294340
    },
    {
      "raw": "# Set appropiate column names in the form of lowercase words separated by '_'\njob_data.rename(columns= lambda header: header.lower().replace(\" \",\"_\"), inplace= True)",
      "total-ns": 915210
    },
    {
      "raw": "# Inspect the Job title column\njob_data[\"job_title\"][:150]",
      "total-ns": 848890
    },
    {
      "raw": "# Make the replacement\njob_data[\"job_title\"]=job_data.loc[:,\"job_title\"].str.replace(\"(Sr.)\",\"sr.\")",
      "total-ns": 1892210
    },
    {
      "raw": "# Delete the rest of the instances using a regex\njob_data[\"job_title\"]=job_data.loc[:,\"job_title\"].str.extract('([^()]+)')",
      "total-ns": 2551430
    },
    {
      "raw": "#Replace the special characters with an empty value by defining a regex pattern\njob_data['job_title'] = job_data['job_title'].str.replace(r'[^a-zA-Z0-9-,/\\s]','',regex=True)",
      "total-ns": 1601389
    },
    {
      "raw": "#Inspect the salary estimate column\njob_data['salary_estimate'][100:200]",
      "total-ns": 571810
    },
    {
      "raw": "# Define a function to extract the salary limits\ndef extract_values(text):\n    extracted_integer = ''\n    modified_string = ''\n    \n    for i in range(len(text)):\n        if i+1 < len(text):\n            if text[i].isdigit():\n                extracted_integer += text[i]\n                if not text[i+1].isdigit():\n                    break\n        if i == len(text) - 1 and text[i].isdigit():\n            extracted_integer += text[i]\n    \n    if extracted_integer:\n        modified_string = text[:text.find(extracted_integer)] + text[text.find(extracted_integer) + len(extracted_integer):]\n        extracted_integer = int(extracted_integer)\n    \n    return extracted_integer, modified_string",
      "total-ns": 1454720
    },
    {
      "raw": "#Obtain the minimum salary in the range\njob_data['min_salary_K$'], job_data['salary_estimate'] = zip(*job_data['salary_estimate'].apply(extract_values))",
      "total-ns": 13494673685
    },
    {
      "raw": "#Obtain the maximum salary in the range\njob_data['max_salary_K$'], job_data['salary_estimate'] = zip(*job_data['salary_estimate'].apply(extract_values))",
      "total-ns": 10149311486
    },
    {
      "raw": "#Drop the old salary range column\njob_data.drop('salary_estimate', axis=1, inplace=True)",
      "total-ns": 1067120
    },
    {
      "raw": "#Let's obtain the average of these ranges\njob_data['avg_salary_estimate'] = (np.round((job_data['min_salary_K$'] + job_data['max_salary_K$'])/2,decimals=0)).astype(int)\njob_data.head()",
      "total-ns": 1273420
    },
    {
      "raw": "#Inspect the job description column\njob_data['job_description'][:150]",
      "total-ns": 498790
    },
    {
      "raw": "job_data.loc[:,\"job_description\"]\njob_data.loc[job_data.loc[:,\"job_description\"]==\"-1\"]",
      "total-ns": 1016350
    },
    {
      "raw": "#Inspect the rating column\njob_data['rating'][:150]",
      "total-ns": 428730
    },
    {
      "raw": "job_data['rating'].unique()",
      "total-ns": 352860
    },
    {
      "raw": "# Replace rating mising values with NaN across the entire column\njob_data['rating'].replace(-1.0,np.nan,inplace=True)",
      "total-ns": 571160
    },
    {
      "raw": "job_data['rating'].unique()",
      "total-ns": 329510
    },
    {
      "raw": "# Inspect the company name column\njob_data['company_name'][:10]",
      "total-ns": 374480
    },
    {
      "raw": "job_data['company_name'] = job_data.loc[:,'company_name'].str.replace(r\"\\n\\d+(\\.\\d+)?\",'',regex=True)\njob_data.loc[:,\"company_name\"][:10]",
      "total-ns": 1626740
    },
    {
      "raw": "# Inspect the location column\njob_data['location'][:10]",
      "total-ns": 364460
    },
    {
      "raw": "# Check the counts of each unique location state\njob_data.loc[:,\"location\"].apply(lambda x: x.split(\",\")[-1]).value_counts()",
      "total-ns": 8768916162
    },
    {
      "raw": "# Create the state column\njob_data['location_state'] = job_data['location'].apply(lambda x: x.split(',')[-1].strip())",
      "total-ns": 8653451034
    },
    {
      "raw": "# Replace the inconsistencies with their correct state abbreviation\ndef clean_location(jobs):\n    return (\n        jobs.loc[:, \"location_state\"]\n        .replace(\"California\",\"CA\")\n        .replace(\"Texas\",\"TX\")\n        .replace(\"Utah\",\"UT\")\n        .replace(\"New Jersey\",\"NJ\")\n        .replace(\"Remote\",\"n/a\")\n        .replace(\"United States\",\"n/a\")\n    )\n\njob_data = job_data.assign(\n    location_state = clean_location\n)",
      "total-ns": 2546390
    },
    {
      "raw": "job_data[\"location_state\"].value_counts()",
      "total-ns": 923900
    },
    {
      "raw": "# Check if the location of the job and the HQ are in the place\njob_data['same_state'] = (job_data['location'] == job_data['headquarters']).astype(int)",
      "total-ns": 953120
    },
    {
      "raw": "job_data.head()",
      "total-ns": 333570
    },
    {
      "raw": "# Inspect the headquarters column\njob_data['headquarters'].value_counts()",
      "total-ns": 696390
    },
    {
      "raw": "job_data['headquarters'] = job_data['headquarters'].apply(lambda x: x.replace('-1','n/a'))\njob_data[\"headquarters\"].value_counts()",
      "total-ns": 8688944164
    },
    {
      "raw": "# Inspect the size column\nprint(job_data['size'][:100])\njob_data['size'].unique()",
      "total-ns": 1958539
    },
    {
      "raw": "# Handle the missing values correctly\ndef size_cleaning(jobs):\n    return (\n        jobs.loc[:, \"size\"]\n        .replace(\"-1\",\"n/a\")\n        .replace(\"Unknown\",\"n/a\")\n    )\n\njob_data = job_data.assign(\n    size = size_cleaning\n)",
      "total-ns": 1728569
    },
    {
      "raw": "job_data['size'].unique()",
      "total-ns": 579730
    },
    {
      "raw": "# Inspect the founded column\njob_data['founded'][:100]",
      "total-ns": 482099
    },
    {
      "raw": "#Clean the missing values\njob_data['founded'].replace(-1,np.nan,inplace=True)\njob_data['founded'].unique()",
      "total-ns": 882250
    },
    {
      "raw": "# obtain the years the company has been in the market and drop the founed column\ncurrent_year = datetime.now().year\njob_data['years_in_market'] = current_year - job_data['founded']\njob_data.drop('founded',axis=1,inplace=True)\njob_data.head()",
      "total-ns": 1641361
    },
    {
      "raw": "# Inspect the Type of ownership column\njob_data['type_of_ownership'][:100]",
      "total-ns": 457770
    },
    {
      "raw": "job_data['type_of_ownership'].unique()",
      "total-ns": 379560
    },
    {
      "raw": "def ownership(jobs):\n    return (\n        jobs.loc[:, \"type_of_ownership\"]\n        .replace(\"Nonprofit Organization\",\"Nonprofit\")\n        .replace(\"-1\",\"n/a\")\n        .replace(\"Unknown\",\"n/a\")\n        .replace(\"Company - Public\",\"Public\")\n        .replace(\"Company - Private\",\"Private\")\n        .replace(\"Other Organization\",\"Other\")   \n    )\n\njob_data = job_data.assign(\n    type_of_ownership = ownership\n)",
      "total-ns": 2177480
    },
    {
      "raw": "job_data['type_of_ownership'].unique()",
      "total-ns": 393330
    },
    {
      "raw": "# Inspect the industry column\njob_data['industry'].value_counts()",
      "total-ns": 625360
    },
    {
      "raw": "job_data[\"industry\"] = job_data[\"industry\"].apply(lambda x: x.replace(\"-1\",\"n/a\"))\njob_data['industry'].unique()",
      "total-ns": 8514242225
    },
    {
      "raw": "# Inspect the sector column\njob_data['sector'].value_counts()",
      "total-ns": 759900
    },
    {
      "raw": "job_data['sector'] = job_data['sector'].apply(lambda x: x.replace(\"-1\",\"n/a\"))\njob_data['sector'].unique()",
      "total-ns": 8673326304
    },
    {
      "raw": "# Inspect the revenue column\njob_data['revenue'].value_counts()",
      "total-ns": 951780
    },
    {
      "raw": "def revenue_cleanup(jobs):\n    return (\n        jobs.loc[:, \"revenue\"]\n        .replace(\"-1\",\"n/a\")\n        .replace(\"Unknown / Non-Applicable\",\"n/a\")\n    )\n\njob_data = job_data.assign(\n    revenue = revenue_cleanup\n)",
      "total-ns": 1834520
    },
    {
      "raw": "job_data['revenue']=job_data.loc[:,'revenue'].str.extract('([^()]+)')\njob_data['revenue'].value_counts()",
      "total-ns": 2660640
    },
    {
      "raw": "# Finally inspect the competitors column\njob_data['competitors'].value_counts()\n",
      "total-ns": 733600
    },
    {
      "raw": "np.round((488/659)*100,decimals=2)",
      "total-ns": 408310
    },
    {
      "raw": "#The percentage is too high so we drop this column\njob_data.drop('competitors',axis=1,inplace=True)",
      "total-ns": 873290
    },
    {
      "raw": "job_data.head()",
      "total-ns": 292950
    },
    {
      "raw": "# Check if we have any '-1' as missing values\njob_data[job_data.eq('-1').any(axis = 1)]",
      "total-ns": 1512210
    },
    {
      "raw": "# Check if we have a numerical missing value in any column \njob_data[job_data.eq(-1).any(axis = 1)]",
      "total-ns": 1221781
    },
    {
      "raw": "# Define a simplification function\n\ndef role_defining(title): \n    if any(keyword in title.lower() for keyword in ['data scientist', 'data science']):\n        return 'Data Scientist'\n    elif any(keyword in title.lower() for keyword in ['data analyst', 'analyst']):\n        return 'Data Analyst'\n    elif 'data engineer' in title.lower():\n        return 'Data Engineer'\n    elif any(keyword in title.lower() for keyword in ['machine learning', 'ai']):\n        return 'Machine Learning Engineer'\n    else:\n        return 'Other'",
      "total-ns": 862889
    },
    {
      "raw": "# Apply the function to the new column\njob_data['job_role']= job_data['job_title'].apply(role_defining)\njob_data['job_role'].value_counts()",
      "total-ns": 9026219019
    },
    {
      "raw": "def seniority_defining(title,description):\n    if any(keyword in title.lower() for keyword in ['jr.','jr','junior']) or any(keyword in description.lower() for keyword in ['jr.','jr','junior']):\n        return 'Jr'\n    elif any(keyword in title.lower() for keyword in ['sr.','sr','vp','senior']) or any(keyword in description.lower() for keyword in ['sr.','sr','vp','senior']):\n        return 'Sr'\n    else:\n        return 'Mid-Level'\n    \n\njob_data['job_seniority'] = job_data.apply(lambda row: seniority_defining(row['job_title'], row['job_description']), axis=1)\njob_data['job_seniority'].value_counts()",
      "total-ns": 161261138
    },
    {
      "raw": "job_data.head()",
      "total-ns": 515340
    },
    {
      "raw": "# Create dummy columns for each of the skill considered.\njob_data['excel'] = job_data.apply(lambda x: 1 if 'excel' in x.job_description.lower() else 0, axis=1)\njob_data['sql'] = job_data.apply(lambda x: 1 if 'sql' in x.job_description.lower() else 0, axis=1)\njob_data['python'] = job_data.apply(lambda x: 1 if 'python' in x.job_description.lower() else 0, axis=1)\njob_data['power_bi'] = job_data.apply(lambda x: 1 if 'power bi' in x.job_description.lower() else 0, axis=1)\njob_data['tableau'] = job_data.apply(lambda x: 1 if 'tableau' in x.job_description.lower() else 0, axis=1)\njob_data['scikit'] = job_data.apply(lambda x: 1 if 'scikit' in x.job_description.lower() else 0, axis=1)\njob_data['spark'] = job_data.apply(lambda x: 1 if 'spark' in x.job_description.lower() else 0, axis=1)",
      "total-ns": 575899153
    },
    {
      "raw": "print(job_data['excel'].value_counts())\nprint(job_data['sql'].value_counts())\nprint(job_data['python'].value_counts())\nprint(job_data['power_bi'].value_counts())\nprint(job_data['tableau'].value_counts())\nprint(job_data['scikit'].value_counts())\nprint(job_data['spark'].value_counts())",
      "total-ns": 4377800
    },
    {
      "raw": "job_data.head()",
      "total-ns": 368260
    },
    {
      "raw": "# job_data.to_csv('Cleaned_Job_Data.csv',index= False)\n# job_data.to_excel('Cleaned_Job_Data.xlsx',index=False)",
      "total-ns": 107400
    },
    {
      "raw": "# Include the necessary packages fro analysisi and visualization\nimport matplotlib.pyplot as plt\nimport seaborn as sns\n%matplotlib inline",
      "total-ns": 917210988
    },
    {
      "raw": "# Obtain the basic statistics of the data frame\njob_data.describe()",
      "total-ns": 21298850
    },
    {
      "raw": "#Obtain the relationships between columns\n# sns.pairplot(job_data)",
      "total-ns": 188490
    },
    {
      "raw": "industry_salary = [\n    round(job_data.loc[job_data[\"industry\"]==\"Biotech & Pharmaceuticals\",\"avg_salary_estimate\"].mean(), 2),\n    round(job_data.loc[job_data[\"industry\"]==\"IT Services\",\"avg_salary_estimate\"].mean(), 2),\n    round(job_data.loc[job_data[\"industry\"]==\"Computer Hardware & Software\",\"avg_salary_estimate\"].mean(), 2),\n    round(job_data.loc[job_data[\"industry\"]==\"Aerospace & Defense\",\"avg_salary_estimate\"].mean(), 2),\n    round(job_data.loc[job_data[\"industry\"]==\"Enterprise Software & Network Solutions\",\"avg_salary_estimate\"].mean(), 2)\n]\n\ntop_paying_industries = [\n    \"Biotech & Pharmaceuticals\",\n    \"IT Services\",\n    \"Computer Hardware & Software\",\n    \"Aerospace & Defense\",\n    \"Enterprise Software & Network Solutions\"\n]\n\n# plt.bar(top_paying_industries, industry_salary)\n# plt.ylim(110, 140)\n# plt.xlabel(\"Job Industry\")\n# plt.ylabel(\"Average Salary\")\n\n# # Rotate the x-axis labels by 70 degrees\n# plt.xticks(rotation=70)\n\n# plt.show()",
      "total-ns": 3443429
    },
    {
      "raw": "# Let's start by analyzing the average salary for job postings\n# sns.boxplot(x=job_data['avg_salary_estimate'])",
      "total-ns": 124970
    },
    {
      "raw": "# We can define a new data frame to fit in better inside the avg. salary range\ndf = job_data[(job_data.avg_salary_estimate > 50) & (job_data.avg_salary_estimate < 200)] ",
      "total-ns": 1481020
    },
    {
      "raw": "df.shape",
      "total-ns": 251370
    },
    {
      "raw": "# Make a comparison between the years the company has been in the market and the avg. salary.\n# sns.lmplot(x='years_in_market',y='avg_salary_estimate',data=df)\n",
      "total-ns": 100570
    },
    {
      "raw": "# Generate a heatmap based on the numerical columns of the dataframe\n# fig, ax = plt.subplots(figsize=(10,10)) \nmatrix = np.triu(df.select_dtypes(include=[np.number]).corr())\n# sns.heatmap(df.select_dtypes(include=[np.number]).corr(),annot=True, fmt='.1g', vmin=-1, vmax=1, center= 0,  ax=ax)",
      "total-ns": 981560
    },
    {
      "raw": "# # Check the sector values\n# fig, ax = plt.subplots(figsize=(10,10)) \n# chart = sns.barplot(x=df.sector.value_counts().index, y=df.sector.value_counts())\n# _= chart.set_xticklabels(chart.get_xticklabels(), rotation=75)",
      "total-ns": 127730
    },
    {
      "raw": "# Set a simpler name\ndf.rename(columns={'avg_salary_estimate':'avg_salary'}, inplace= True)",
      "total-ns": 696660
    },
    {
      "raw": "# Obtain the avg. salary for each type of role\npd.pivot_table(df,index='job_role', values='avg_salary')",
      "total-ns": 3571080
    },
    {
      "raw": "# Obtain the avg. salary based on the seniority of the roles\npd.pivot_table(df, index=['job_role','job_seniority'], values='avg_salary').sort_values('avg_salary', ascending =False)",
      "total-ns": 4534059
    },
    {
      "raw": "df.head()",
      "total-ns": 324900
    },
    {
      "raw": "\n# Define a custom aggregation function to get the percentage of descriptions that include certain skill.\ndef ones_percentage(x):\n    return round((sum(1 for value in x if value == 1)/len(x))*100,2)\n\n# Create the pivot table with the custom aggregation function\npivot_table = pd.pivot_table(df, index='job_role', values=['excel', 'sql', 'python', 'power_bi', 'tableau', 'scikit', 'spark'], aggfunc=ones_percentage)\n\nprint(pivot_table)",
      "total-ns": 70753312574
    }
  ]
}