{
  "cells": [
    {
      "raw": "\nimport pandas as pd\nimport functools\n\nimport os\nos.environ[\"MODIN_ENGINE\"] = \"ray\"\nimport ray\nos.environ['MODIN_CPUS'] = \"4\"\nray.init(num_cpus=4, runtime_env={'env_vars': {'__MODIN_AUTOIMPORT_PANDAS__': '1'}})\nimport modin.pandas as modin_pd\n\n\nos.environ[\"USE_MODIN\"]=\"True\"\n\nfrom typing import Dict, List, Optional, Tuple, Any, Literal, Callable\nfrom pandas._typing import AggFuncType, Axis, IndexLabel, Suffixes\n\n_CS598_save_DataFrame_apply = pd.DataFrame.apply\n_CS598_save_DataFrame_merge = pd.DataFrame.merge\n_CS598_save_Series_apply = pd.Series.apply\n_CS598_save_to_datetime = pd.to_datetime\n\ndef _CS598_Series_apply(self, func: AggFuncType, convert_dtype: bool = True,\n                        args: tuple[Any, ...] = (), **kwargs):\n  default_call = functools.partial(_CS598_save_Series_apply, self, func, convert_dtype, args, **kwargs)\n  assert isinstance(self, pd.Series)\n  \n  if os.environ[\"USE_MODIN\"] == \"True\":\n    modin_ser = modin_pd.Series(self)\n    # TODO: We need a generic way to deal with this.\n    # Problem: pd.numeric is passed which doesn't work on a modin dataframe.\n    if func == pd.to_numeric:\n      assert false\n      func = modin_pd.to_numeric\n    modin_res = modin_ser.apply(func, convert_dtype, args, **kwargs)\n    return modin_res._to_pandas()\n  return default_call()\n\ndef _CS598_DataFrame_apply(\n    self,\n    func: AggFuncType,\n    axis: Axis = 0,\n    raw: bool = False,\n    result_type: Literal[\"expand\", \"reduce\", \"broadcast\"] | None = None,\n    args=(),\n    **kwargs,\n):\n  default_call = functools.partial(_CS598_save_DataFrame_apply, self, func, axis, raw, result_type, args, **kwargs)\n  assert isinstance(self, pd.DataFrame)\n  \n  if os.environ[\"USE_MODIN\"] == \"True\":\n    modin_df = modin_pd.DataFrame(self)\n    modin_res = modin_df.apply(func, axis, raw, result_type, args, **kwargs)\n    return modin_res._to_pandas()\n  return default_call()\n\ndef _CS598_DataFrame_merge(\n    self,\n    right: pd.DataFrame | pd.Series,\n    how: str = \"inner\",\n    on: IndexLabel | None = None,\n    left_on: IndexLabel | None = None,\n    right_on: IndexLabel | None = None,\n    left_index: bool = False,\n    right_index: bool = False,\n    sort: bool = False,\n    suffixes: Suffixes = (\"_x\", \"_y\"),\n    copy: bool = True,\n    indicator: bool = False,\n    validate: str | None = None,\n) -> pd.DataFrame:\n  assert isinstance(self, pd.DataFrame)        \n  default_call = functools.partial(_CS598_save_DataFrame_merge, self, right, how, on, \n      left_on, right_on, left_index, right_index, sort, suffixes, copy, indicator, validate)\n  \n  if os.environ[\"USE_MODIN\"] == \"True\":\n    modin_df = modin_pd.DataFrame(self)\n    modin_res = modin_df.merge(right, how, on, \n      left_on, right_on, left_index, right_index, sort, suffixes, copy, indicator, validate)\n    return modin_res._to_pandas()\n  return default_call()\n\n\ndef _CS598_to_datetime(\n    arg,\n    errors = \"raise\",\n    dayfirst: bool = False,\n    yearfirst: bool = False,\n    utc: bool | None = None,\n    format: str | None = None,\n    exact: bool = True,\n    unit: str | None = None,\n    infer_datetime_format: bool = False,\n    origin=\"unix\",\n    cache: bool = True,\n):\n  default_call = functools.partial(_CS598_save_to_datetime, arg, errors, dayfirst,\n      yearfirst, utc, format, exact, unit,infer_datetime_format, origin, cache)\n  \n  if os.environ[\"USE_MODIN\"] == \"True\":\n    if type(arg) == pd.DataFrame:\n      arg = modin_pd.DataFrame(arg)\n    elif type(arg) == pd.Series:\n      arg = modin_pd.Series(arg)\n\n    modin_res = modin_pd.to_datetime(arg, errors, dayfirst,\n      yearfirst, utc, format, exact, unit,infer_datetime_format, origin, cache)\n    return modin_res._to_pandas()\n  return default_call()\n\nassert pd.Series.apply != _CS598_Series_apply\nassert pd.DataFrame.apply != _CS598_DataFrame_apply\nassert pd.DataFrame.merge != _CS598_DataFrame_merge\nassert pd.to_datetime != _CS598_to_datetime\n# Overwriting is not trivial. Thanks to:\n# https://github.com/lux-org/lux/blob/550a2eca90b26c944ebe8600df7a51907bc851be/lux/core/__init__.py#L27\npd.Series.apply = pd.core.frame.Series.apply = pd.core.series.Series.apply = _CS598_Series_apply\npd.DataFrame.apply = pd.core.frame.DataFrame.apply = _CS598_DataFrame_apply\npd.DataFrame.merge = pd.core.frame.DataFrame.merge = _CS598_save_DataFrame_merge\npd.to_datetime = _CS598_to_datetime\nimport numpy as np",
      "total-ns": 2150527254
    },
    {
      "raw": "#load dataset\nproteins = pd.read_csv(\"../input/train_proteins.csv\")\npeptides = pd.read_csv(\"../input/train_peptides.csv\")\nclinical = pd.read_csv(\"../input/train_clinical_data.csv\")",
      "total-ns": 1279954214
    },
    {
      "raw": "clinical.info()",
      "total-ns": 6154320
    },
    {
      "raw": "print('proteins shape:             ', proteins.shape)\nprint('peptides shape:             ', peptides.shape)\nprint('clinical shape:             ', clinical.shape)",
      "total-ns": 479390
    },
    {
      "raw": "proteins[proteins['patient_id'] == 55]['visit_month'].value_counts()",
      "total-ns": 1530640
    },
    {
      "raw": "peptides[peptides['patient_id'] == 55]['visit_month'].value_counts()",
      "total-ns": 3128200
    },
    {
      "raw": "# merge proteins and peptides dataset based on 'visit_id' and 'UniPort'\ndf_all = proteins.merge(peptides[['visit_id', 'UniProt', 'Peptide','PeptideAbundance']], on = ['visit_id','UniProt'], how = 'left')",
      "total-ns": 315690826
    },
    {
      "raw": "def summary(df):\n    print(f'data shape: {df.shape}')\n    summ = pd.DataFrame(df.dtypes, columns=['data type'])\n    summ['#missing'] = df.isnull().sum().values * 100\n    summ['%missing'] = df.isnull().sum().values / len(df)\n    summ['#unique'] = df.nunique().values\n    desc = pd.DataFrame(df.describe(include='all').transpose())\n    summ['min'] = desc['min'].values\n    summ['max'] = desc['max'].values\n    summ['first value'] = df.loc[0].values\n    summ['second value'] = df.loc[1].values\n    summ['third value'] = df.loc[2].values\n    \n    return summ",
      "total-ns": 1219620
    },
    {
      "raw": "summary(df_all).style.background_gradient(cmap='YlOrBr')",
      "total-ns": 5250010006
    },
    {
      "raw": "# group by uniprot\ndf_by_uniprot = df_all.groupby(['visit_id','UniProt'])['NPX'].mean().reset_index()",
      "total-ns": 187936908
    },
    {
      "raw": "# group by peptides\ndf_by_peptide = df_all.groupby(['visit_id','Peptide'])['PeptideAbundance'].mean().reset_index()",
      "total-ns": 334693716
    },
    {
      "raw": "# pivot groupby table for uniprot dataset\ndf_uniprot = df_by_uniprot.pivot(index='visit_id',columns = 'UniProt', values = 'NPX').rename_axis(columns=None).reset_index()",
      "total-ns": 36602010
    },
    {
      "raw": "# pivot groupby table for pepdite dataset\ndf_peptide = df_by_peptide.pivot(index='visit_id',columns = 'Peptide', values = 'PeptideAbundance').rename_axis(columns=None).reset_index()",
      "total-ns": 213446587
    },
    {
      "raw": "### let's see how these talbe looks like",
      "total-ns": 299300
    },
    {
      "raw": "df_uniprot.sample(5)",
      "total-ns": 1062361
    },
    {
      "raw": "df_peptide.sample(5)",
      "total-ns": 476430
    },
    {
      "raw": "# add patient id and visit month\ndf_uniprot[['patient_id','visit_month']] = df_uniprot.visit_id.str.split(\"_\", expand=True)\ndf_peptide[['patient_id','visit_month']] = df_peptide.visit_id.str.split(\"_\", expand=True)",
      "total-ns": 4758810
    },
    {
      "raw": "clinical.head(5)",
      "total-ns": 342350
    },
    {
      "raw": "clinical.melt(id_vars=['visit_id', 'patient_id', 'visit_month', 'upd23b_clinical_state_on_medication'], \n                   var_name='updrs', value_name='rating')",
      "total-ns": 3076670
    },
    {
      "raw": "# to be continued....",
      "total-ns": 159550
    },
    {
      "raw": "",
      "total-ns": 48820
    },
    {
      "raw": "",
      "total-ns": 41650
    },
    {
      "raw": "",
      "total-ns": 38530
    }
  ]
}