{
  "cells": [
    {
      "raw": "import warnings\nwarnings.filterwarnings('ignore')\nimport numpy as np\nimport pandas as pd",
      "total-ns": 271615757
    },
    {
      "raw": "df=pd.read_csv(r'../input/churn-bigml-80.csv')",
      "total-ns": 9950260
    },
    {
      "raw": "df.info()",
      "total-ns": 33642599
    },
    {
      "raw": "df.head()",
      "total-ns": 401630
    },
    {
      "raw": "df.shape",
      "total-ns": 214230
    },
    {
      "raw": "df.columns",
      "total-ns": 151670
    },
    {
      "raw": "df.nunique()",
      "total-ns": 2521100
    },
    {
      "raw": "df.info()",
      "total-ns": 4511610
    },
    {
      "raw": "df[\"Churn\"] = df[\"Churn\"].astype(\"int64\")",
      "total-ns": 561210
    },
    {
      "raw": "df.info()",
      "total-ns": 4668280
    },
    {
      "raw": "df.describe().T",
      "total-ns": 26695160
    },
    {
      "raw": "df.describe(include=[\"object\"]).T",
      "total-ns": 4518680
    },
    {
      "raw": "df[\"Churn\"].value_counts()",
      "total-ns": 686810
    },
    {
      "raw": "df[\"Churn\"].value_counts(normalize=True)",
      "total-ns": 728300
    },
    {
      "raw": "df.sort_values(by=\"Total day charge\", ascending=False).head()",
      "total-ns": 1159780
    },
    {
      "raw": "df.sort_values(by=[\"Total day charge\", 'Total day calls'], ascending=[True, False]).head()",
      "total-ns": 2193700
    },
    {
      "raw": "df.loc[0:5, \"State\":\"Area code\"]",
      "total-ns": 1540720
    },
    {
      "raw": "df.iloc[0:5, 0:3]",
      "total-ns": 488770
    },
    {
      "raw": "df.groupby(\"Churn\")[\"Total day minutes\"].mean()",
      "total-ns": 826671
    },
    {
      "raw": "columns_to_show = [\"Total day minutes\", \"Total eve minutes\", \"Total night minutes\"]\n\ndf.groupby([\"Churn\"])[columns_to_show].agg(['mean', 'std', 'max', 'min'])",
      "total-ns": 5454610
    },
    {
      "raw": "df.apply(np.max)",
      "total-ns": 2625440
    },
    {
      "raw": "df[ (df[\"Churn\"] == 0) & (df[\"International plan\"] == \"No\") ][\"Total intl minutes\"].max()",
      "total-ns": 1363299
    },
    {
      "raw": "pd.crosstab(df[\"Churn\"], df[\"International plan\"])",
      "total-ns": 6537371
    },
    {
      "raw": "pd.crosstab(df[\"Churn\"], df[\"International plan\"], normalize=True)",
      "total-ns": 5710699
    },
    {
      "raw": "total_calls = (\n    df[\"Total day calls\"]\n    + df[\"Total eve calls\"]\n    + df[\"Total night calls\"]\n    + df[\"Total intl calls\"]\n)\n\ndf.insert(loc=len(df.columns), column=\"Total calls\", value=total_calls)",
      "total-ns": 1008720
    },
    {
      "raw": "d = {\"No\": 0, \"Yes\": 1}",
      "total-ns": 267620
    },
    {
      "raw": "df[\"International plan\"] = df[\"International plan\"].map(d)",
      "total-ns": 1002860
    },
    {
      "raw": "df = df.replace({\"Voice mail plan\": d})",
      "total-ns": 1768820
    },
    {
      "raw": "df.head()",
      "total-ns": 282090
    },
    {
      "raw": "df[\"Total charge\"] =df[\"Total day charge\"] + df[\"Total eve charge\"] + df[\"Total night charge\"] + df[\"Total intl charge\"]",
      "total-ns": 903320
    },
    {
      "raw": "df.head()",
      "total-ns": 241221
    },
    {
      "raw": "df.drop([\"Total charge\", \"Total day calls\"], axis=1, inplace=True)",
      "total-ns": 786749
    },
    {
      "raw": "df.head()",
      "total-ns": 227220
    },
    {
      "raw": "",
      "total-ns": 53271
    },
    {
      "raw": "",
      "total-ns": 39309
    },
    {
      "raw": "",
      "total-ns": 37269
    },
    {
      "raw": "",
      "total-ns": 34271
    }
  ]
}