{
  "cells": [
    {
      "raw": "import numpy as np\nimport os\n\nimport pandas as pd\nimport functools\n\nimport os\nos.environ[\"MODIN_ENGINE\"] = \"ray\"\nimport ray\nos.environ['MODIN_CPUS'] = \"4\"\nray.init(num_cpus=4, runtime_env={'env_vars': {'__MODIN_AUTOIMPORT_PANDAS__': '1'}})\nimport modin.pandas as modin_pd\n\n\nos.environ[\"USE_MODIN\"]=\"True\"\n\nfrom typing import Dict, List, Optional, Tuple, Any, Literal, Callable\nfrom pandas._typing import AggFuncType, Axis, IndexLabel, Suffixes\n\n_CS598_save_DataFrame_apply = pd.DataFrame.apply\n_CS598_save_DataFrame_merge = pd.DataFrame.merge\n_CS598_save_Series_apply = pd.Series.apply\n_CS598_save_to_datetime = pd.to_datetime\n\ndef _CS598_Series_apply(self, func: AggFuncType, convert_dtype: bool = True,\n                        args: tuple[Any, ...] = (), **kwargs):\n  default_call = functools.partial(_CS598_save_Series_apply, self, func, convert_dtype, args, **kwargs)\n  assert isinstance(self, pd.Series)\n  \n  if os.environ[\"USE_MODIN\"] == \"True\":\n    modin_ser = modin_pd.Series(self)\n    # TODO: We need a generic way to deal with this.\n    # Problem: pd.numeric is passed which doesn't work on a modin dataframe.\n    if func == pd.to_numeric:\n      assert false\n      func = modin_pd.to_numeric\n    modin_res = modin_ser.apply(func, convert_dtype, args, **kwargs)\n    return modin_res._to_pandas()\n  return default_call()\n\ndef _CS598_DataFrame_apply(\n    self,\n    func: AggFuncType,\n    axis: Axis = 0,\n    raw: bool = False,\n    result_type: Literal[\"expand\", \"reduce\", \"broadcast\"] | None = None,\n    args=(),\n    **kwargs,\n):\n  default_call = functools.partial(_CS598_save_DataFrame_apply, self, func, axis, raw, result_type, args, **kwargs)\n  assert isinstance(self, pd.DataFrame)\n  \n  if os.environ[\"USE_MODIN\"] == \"True\":\n    modin_df = modin_pd.DataFrame(self)\n    modin_res = modin_df.apply(func, axis, raw, result_type, args, **kwargs)\n    return modin_res._to_pandas()\n  return default_call()\n\ndef _CS598_DataFrame_merge(\n    self,\n    right: pd.DataFrame | pd.Series,\n    how: str = \"inner\",\n    on: IndexLabel | None = None,\n    left_on: IndexLabel | None = None,\n    right_on: IndexLabel | None = None,\n    left_index: bool = False,\n    right_index: bool = False,\n    sort: bool = False,\n    suffixes: Suffixes = (\"_x\", \"_y\"),\n    copy: bool = True,\n    indicator: bool = False,\n    validate: str | None = None,\n) -> pd.DataFrame:\n  assert isinstance(self, pd.DataFrame)        \n  default_call = functools.partial(_CS598_save_DataFrame_merge, self, right, how, on, \n      left_on, right_on, left_index, right_index, sort, suffixes, copy, indicator, validate)\n  \n  if os.environ[\"USE_MODIN\"] == \"True\":\n    modin_df = modin_pd.DataFrame(self)\n    modin_res = modin_df.merge(right, how, on, \n      left_on, right_on, left_index, right_index, sort, suffixes, copy, indicator, validate)\n    return modin_res._to_pandas()\n  return default_call()\n\n\ndef _CS598_to_datetime(\n    arg,\n    errors = \"raise\",\n    dayfirst: bool = False,\n    yearfirst: bool = False,\n    utc: bool | None = None,\n    format: str | None = None,\n    exact: bool = True,\n    unit: str | None = None,\n    infer_datetime_format: bool = False,\n    origin=\"unix\",\n    cache: bool = True,\n):\n  default_call = functools.partial(_CS598_save_to_datetime, arg, errors, dayfirst,\n      yearfirst, utc, format, exact, unit,infer_datetime_format, origin, cache)\n  \n  if os.environ[\"USE_MODIN\"] == \"True\":\n    if type(arg) == pd.DataFrame:\n      arg = modin_pd.DataFrame(arg)\n    elif type(arg) == pd.Series:\n      arg = modin_pd.Series(arg)\n\n    modin_res = modin_pd.to_datetime(arg, errors, dayfirst,\n      yearfirst, utc, format, exact, unit,infer_datetime_format, origin, cache)\n    return modin_res._to_pandas()\n  return default_call()\n\nassert pd.Series.apply != _CS598_Series_apply\nassert pd.DataFrame.apply != _CS598_DataFrame_apply\nassert pd.DataFrame.merge != _CS598_DataFrame_merge\nassert pd.to_datetime != _CS598_to_datetime\n# Overwriting is not trivial. Thanks to:\n# https://github.com/lux-org/lux/blob/550a2eca90b26c944ebe8600df7a51907bc851be/lux/core/__init__.py#L27\npd.Series.apply = pd.core.frame.Series.apply = pd.core.series.Series.apply = _CS598_Series_apply\npd.DataFrame.apply = pd.core.frame.DataFrame.apply = _CS598_DataFrame_apply\npd.DataFrame.merge = pd.core.frame.DataFrame.merge = _CS598_save_DataFrame_merge\npd.to_datetime = _CS598_to_datetime\nimport seaborn as sns\nimport matplotlib.pyplot as plt",
      "total-ns": 3706073040
    },
    {
      "raw": "passmark = 40",
      "total-ns": 328150
    },
    {
      "raw": "df = pd.read_csv(\"../input/StudentsPerformance.csv\")",
      "total-ns": 4757850
    },
    {
      "raw": "df.info()",
      "total-ns": 5671780
    },
    {
      "raw": "df.head()",
      "total-ns": 358870
    },
    {
      "raw": "print (df.shape)",
      "total-ns": 211540
    },
    {
      "raw": "df.describe()",
      "total-ns": 6092240
    },
    {
      "raw": "df.isnull().sum()",
      "total-ns": 1403030
    },
    {
      "raw": "# STEFANOS: Disable plotting\n# p = sns.countplot(x=\"math score\", data = df, palette=\"muted\")\n# _ = plt.setp(p.get_xticklabels(), rotation=90) ",
      "total-ns": 119690
    },
    {
      "raw": "df['Math_PassStatus'] = np.where(df['math score']<passmark, 'F', 'P')\ndf.Math_PassStatus.value_counts()",
      "total-ns": 1265500
    },
    {
      "raw": "# STEFANOS: Disable plotting\n# p = sns.countplot(x='parental level of education', data = df, hue='Math_PassStatus', palette='bright')\n# _ = plt.setp(p.get_xticklabels(), rotation=90) ",
      "total-ns": 113900
    },
    {
      "raw": "# STEFANOS: Disable plotting\n# sns.countplot(x=\"reading score\", data = df, palette=\"muted\")\n# plt.show()",
      "total-ns": 80800
    },
    {
      "raw": "df['Reading_PassStatus'] = np.where(df['reading score']<passmark, 'F', 'P')\ndf.Reading_PassStatus.value_counts()",
      "total-ns": 1006470
    },
    {
      "raw": "# STEFANOS: Disable plotting\n# p = sns.countplot(x='parental level of education', data = df, hue='Reading_PassStatus', palette='bright')\n# _ = plt.setp(p.get_xticklabels(), rotation=90) ",
      "total-ns": 107170
    },
    {
      "raw": "# STEFANOS: Disable plotting\n# p = sns.countplot(x=\"writing score\", data = df, palette=\"muted\")\n# _ = plt.setp(p.get_xticklabels(), rotation=90) ",
      "total-ns": 79140
    },
    {
      "raw": "df['Writing_PassStatus'] = np.where(df['writing score']<passmark, 'F', 'P')\ndf.Writing_PassStatus.value_counts()",
      "total-ns": 991570
    },
    {
      "raw": "# STEFANOS: Disable plotting\n# p = sns.countplot(x='parental level of education', data = df, hue='Writing_PassStatus', palette='bright')\n# _ = plt.setp(p.get_xticklabels(), rotation=90) ",
      "total-ns": 113050
    },
    {
      "raw": "df['OverAll_PassStatus'] = df.apply(lambda x : 'F' if x['Math_PassStatus'] == 'F' or \n                                    x['Reading_PassStatus'] == 'F' or x['Writing_PassStatus'] == 'F' else 'P', axis =1)\n\ndf.OverAll_PassStatus.value_counts()",
      "total-ns": 4474495921
    },
    {
      "raw": "# STEFANOS: Disable plotting\n# p = sns.countplot(x='parental level of education', data = df, hue='OverAll_PassStatus', palette='bright')\n# _ = plt.setp(p.get_xticklabels(), rotation=90) ",
      "total-ns": 355200
    },
    {
      "raw": "df['Total_Marks'] = df['math score']+df['reading score']+df['writing score']\ndf['Percentage'] = df['Total_Marks']/3",
      "total-ns": 1824070
    },
    {
      "raw": "# STEFANOS: Disable plotting\n# p = sns.countplot(x=\"Percentage\", data = df, palette=\"muted\")\n# _ = plt.setp(p.get_xticklabels(), rotation=0) ",
      "total-ns": 141390
    },
    {
      "raw": "def GetGrade(Percentage, OverAll_PassStatus):\n    if ( OverAll_PassStatus == 'F'):\n        return 'F'    \n    if ( Percentage >= 80 ):\n        return 'A'\n    if ( Percentage >= 70):\n        return 'B'\n    if ( Percentage >= 60):\n        return 'C'\n    if ( Percentage >= 50):\n        return 'D'\n    if ( Percentage >= 40):\n        return 'E'\n    else: \n        return 'F'\n\ndf['Grade'] = df.apply(lambda x : GetGrade(x['Percentage'], x['OverAll_PassStatus']), axis=1)\n\ndf.Grade.value_counts()",
      "total-ns": 78153199
    },
    {
      "raw": "# STEFANOS: Disable plotting\n# sns.countplot(x=\"Grade\", data = df, order=['A','B','C','D','E','F'],  palette=\"muted\")\n# plt.show()",
      "total-ns": 241070
    },
    {
      "raw": "# STEFANOS: Disable plotting\n# p = sns.countplot(x='parental level of education', data = df, hue='Grade', palette='bright')\n# _ = plt.setp(p.get_xticklabels(), rotation=90) ",
      "total-ns": 114100
    }
  ]
}